0.000000000000000000e+00
2.802095806336192041e+00
4.044261988526462126e+00
3.052454881816401233e+00
3.755386132203143434e-01
-2.445815583537432225e+00
-3.832419693889362211e+00
-2.985050515340960331e+00
-3.659094180095370796e-01
2.561365926066759613e+00
4.179070721477344819e+00
3.591689813619929783e+00
1.126615839660943141e+00
-1.800659504415353496e+00
-3.543543837566043297e+00
-3.110230053081065371e+00
-7.318188360190741593e-01
2.272490069743440699e+00
4.227216697531231304e+00
4.053891183737239778e+00
1.848805480469239981e+00
-1.116986644450165933e+00
-3.187263614767283482e+00
-3.177634419556506273e+00
-1.088099058817833864e+00
1.925839042155458314e+00
4.179070721477344819e+00
4.429429796957554011e+00
2.532478340434427544e+00
-4.236845892742008290e-01
-2.782837415914637180e+00
-3.196892809978060690e+00
-1.434750086405816472e+00
1.531042038513589443e+00
4.044261988526462126e+00
4.699047262859318508e+00
3.148746833924174204e+00
2.599882706909868446e-01
-2.330265241008104393e+00
-3.158376029134951857e+00
-1.762142723572244440e+00
1.097728254028611294e+00
3.813161303467807350e+00
4.872372776653309145e+00
3.687981765727702754e+00
9.244027402346199906e-01
-1.848805480469239981e+00
-3.081342467448733302e+00
-2.070276970317117549e+00
6.162684934897466604e-01
3.485768666301379604e+00
4.920518752707195631e+00
4.130924745423458333e+00
1.559929624145921290e+00
-1.348087329508820709e+00
-2.956162929708628706e+00
-2.359152826640436462e+00
1.155503425293274988e-01
3.071713272237956094e+00
4.862743581442532381e+00
4.477575773011440496e+00
2.147310532003336103e+00
-8.377399833376243388e-01
-2.782837415914637180e+00
-2.609511902120646099e+00
-4.140553940634235097e-01
2.580624316488314030e+00
4.679788872437764091e+00
4.718305653280872924e+00
2.667287073385309792e+00
-3.273926371664279134e-01
-2.580624316488314030e+00
-2.840612587179300874e+00
-9.532903258669518376e-01
2.022130994263231063e+00
4.400542211325221942e+00
4.843485191020977965e+00
3.119859248291842579e+00
1.636963185832139567e-01
-2.349523631429659254e+00
-3.023567296184069608e+00
-1.482896062459702957e+00
1.396233305562707194e+00
4.005745207683353293e+00
4.862743581442532381e+00
3.485768666301379604e+00
6.451560791220785074e-01
-2.079906165527894757e+00
-3.168005224345729065e+00
-2.002872603841676646e+00
7.318188360190741593e-01
3.514656251933711228e+00
4.766451629334759410e+00
3.774644522624698517e+00
1.088099058817833864e+00
-1.791030309204576287e+00
-3.254667981242724384e+00
-2.503590754802095919e+00
3.851678084310916628e-02
2.936904539287073845e+00
4.554609334697659051e+00
3.967228426840244015e+00
1.502154452881257374e+00
-1.473266867248925527e+00
-3.302813957296610869e+00
-2.965792124919405914e+00
-6.644144695436331460e-01
2.291748460164995560e+00
4.246475087952785721e+00
4.073149574158794195e+00
1.868063870890794620e+00
-1.145874230082497780e+00
-3.283555566875056453e+00
-3.370218323772052216e+00
-1.367345719930375347e+00
1.598446404989030345e+00
3.842048889100139419e+00
4.092407964580348612e+00
2.195456508057222589e+00
-7.992232024945151725e-01
-3.216151200399615551e+00
-3.726498546570812032e+00
-2.041389384684785924e+00
8.666275689699562967e-01
3.350959933350497355e+00
4.015374402894130945e+00
2.474703169169763850e+00
-4.333137844849781484e-01
-3.081342467448733302e+00
-4.005745207683353293e+00
-2.686545463806864209e+00
1.059211473185502073e-01
2.802095806336192041e+00
3.870936474732471044e+00
2.696174659017641417e+00
-6.740436647544104098e-02
-2.888758563233187360e+00
-4.198329111898899235e+00
-3.273926371664279245e+00
-6.451560791220785074e-01
2.195456508057222589e+00
3.639835789673816269e+00
2.869500172811632943e+00
2.985050515340960109e-01
-2.638399487752977723e+00
-4.313879454428226623e+00
-3.793902913046252934e+00
-1.386604110351929986e+00
1.550300428935143859e+00
3.350959933350497355e+00
2.994679710551737539e+00
6.740436647544103543e-01
-2.330265241008104393e+00
-4.333137844849781040e+00
-4.227216697531231304e+00
-2.089535360738672409e+00
8.762567641807335050e-01
2.994679710551737539e+00
3.062084077027178886e+00
1.039953082763947378e+00
-1.954726627787790161e+00
-4.256104283163562485e+00
-4.564238529908435815e+00
-2.734691439860750695e+00
2.022130994263231230e-01
2.599882706909868890e+00
3.090971662659510510e+00
1.396233305562707194e+00
-1.540671233724366651e+00
-4.073149574158794195e+00
-4.804968410177868243e+00
-3.312443152507388078e+00
-4.525721749065326760e-01
2.166568922424890520e+00
3.071713272237956094e+00
1.742884333150689802e+00
-1.068840668396279447e+00
-3.803532108257030142e+00
-4.920518752707195631e+00
-3.813161303467807350e+00
-1.088099058817833864e+00
1.704367552307580524e+00
3.004308905762514748e+00
2.070276970317117549e+00
-5.681225174358601748e-01
-3.437622690247493118e+00
-4.930147947917973283e+00
-4.207958307109675999e+00
-1.685109161886026108e+00
1.222907791768716113e+00
2.888758563233187360e+00
2.378411217061990879e+00
-2.888758563233187471e-02
-2.985050515340960331e+00
-4.824226800599422660e+00
-4.516092553854549330e+00
-2.233973288900331866e+00
7.414480312298514786e-01
2.744320635071527903e+00
2.648028682963755376e+00
5.199765413819736892e-01
-2.455444778748209433e+00
-4.593126115540767884e+00
-4.708676458070095272e+00
-2.715433049439196278e+00
2.696174659017641639e-01
2.561365926066759613e+00
2.888758563233187360e+00
1.078469863607056656e+00
-1.858434675680017190e+00
-4.265733478374340137e+00
-4.785710019756313827e+00
-3.119859248291842579e+00
-2.022130994263231230e-01
2.339894436218882046e+00
3.090971662659510510e+00
1.627333990621362192e+00
-1.213278596557938682e+00
-3.832419693889362211e+00
-4.756822434123981758e+00
-3.447251885458270326e+00
-6.451560791220785074e-01
2.099164555949449618e+00
3.245038786031947176e+00
2.166568922424890520e+00
-5.199765413819736892e-01
-3.302813957296610869e+00
-4.612384505962322301e+00
-3.697610960938479963e+00
-1.059211473185502017e+00
1.819917894836908134e+00
3.350959933350497355e+00
2.676916268596087001e+00
1.925839042155458314e-01
-2.705803854228419070e+00
-4.362025430482113109e+00
-3.851678084310916628e+00
-1.444379281616593680e+00
1.521412843302812012e+00
3.399105909404383841e+00
3.139117638713396996e+00
9.051443498130653520e-01
-2.041389384684785924e+00
-4.025003598104907709e+00
-3.928711645997134738e+00
-1.791030309204576287e+00
1.203649401347161474e+00
3.379847518982829424e+00
3.543543837566043297e+00
1.608075600199807775e+00
-1.328828939087266292e+00
-3.601319008830706991e+00
-3.919082450786357530e+00
-2.099164555949449618e+00
8.569983737591789774e-01
3.312443152507388078e+00
3.890194865154025905e+00
2.282119264954217908e+00
-5.873809078574148135e-01
-3.100600857870287719e+00
-3.832419693889362211e+00
-2.359152826640436462e+00
5.007181509604191616e-01
3.168005224345729065e+00
4.150183135845012750e+00
2.908016953654742220e+00
1.636963185832139567e-01
-2.542107535645205196e+00
-3.668723375306147894e+00
-2.570995121277536821e+00
1.348087329508820820e-01
2.956162929708628706e+00
4.323508649639004275e+00
3.476139471090602395e+00
9.051443498130653520e-01
-1.935468237366235522e+00
-3.437622690247493118e+00
-2.744320635071527903e+00
-2.407298802694322892e-01
2.686545463806864209e+00
4.410171406535999594e+00
3.967228426840244015e+00
1.617704795410584984e+00
-1.299941353454934445e+00
-3.148746833924174204e+00
-2.869500172811632943e+00
-6.162684934897466604e-01
2.359152826640436462e+00
4.390913016114445178e+00
4.362025430482113109e+00
2.291748460164995560e+00
-6.547852743328558267e-01
-2.802095806336192041e+00
-2.946533734497851054e+00
-1.001436301920838323e+00
1.964355822998567369e+00
4.275362673585117790e+00
4.660530482016208786e+00
2.898387758443964568e+00
-0.000000000000000000e+00
-2.416927997905100156e+00
-2.985050515340960331e+00
-1.376974915141152778e+00
1.511783648092034804e+00
4.063520378948017431e+00
4.853114386231754729e+00
3.437622690247493118e+00
6.258976887005239798e-01
-2.002872603841676646e+00
-2.975421320130183123e+00
-1.733255137939912593e+00
1.020694692342392962e+00
3.755386132203143656e+00
4.930147947917973283e+00
3.890194865154025905e+00
1.222907791768716113e+00
-1.569558819356698498e+00
-2.927275344076296637e+00
-2.079906165527894757e+00
4.910889557496418423e-01
3.350959933350497355e+00
4.882001971864086798e+00
4.246475087952785721e+00
1.781401113993798857e+00
-1.126615839660943141e+00
-2.840612587179300874e+00
-2.407298802694322948e+00
-6.740436647544104098e-02
2.859870977600855735e+00
4.727934848491650577e+00
4.496834163432994913e+00
2.282119264954217908e+00
-6.740436647544103543e-01
-2.705803854228419070e+00
-2.696174659017641417e+00
-6.451560791220785074e-01
2.291748460164995560e+00
4.458317382589886080e+00
4.641272091594654370e+00
2.715433049439196278e+00
-2.214714898478777061e-01
-2.542107535645205196e+00
-2.956162929708628706e+00
-1.222907791768716113e+00
1.665850771464471469e+00
4.082778769369571847e+00
4.670159677226986439e+00
3.081342467448733302e+00
2.118422946371004145e-01
-2.349523631429659254e+00
-3.168005224345729065e+00
-1.791030309204576287e+00
9.918071067100610039e-01
3.620577399252261408e+00
4.593126115540767884e+00
3.370218323772052216e+00
6.258976887005239798e-01
-2.118422946371004034e+00
-3.331701542928942938e+00
-2.330265241008104393e+00
2.888758563233187471e-01
3.062084077027178886e+00
4.419800601746777247e+00
3.582060618409152575e+00
1.011065497131615532e+00
-1.858434675680017190e+00
-3.437622690247493118e+00
-2.840612587179300874e+00
-4.333137844849781484e-01
2.436186388326654573e+00
4.140553940634235097e+00
3.707240156149257171e+00
1.367345719930375347e+00
-1.569558819356698498e+00
-3.485768666301379604e+00
-3.302813957296610869e+00
-1.145874230082497780e+00
1.762142723572244440e+00
3.774644522624698517e+00
3.755386132203143656e+00
1.694738357096803316e+00
-1.261424572611825168e+00
-3.466510275879825187e+00
-3.697610960938479963e+00
-1.848805480469239981e+00
1.049582277974724809e+00
3.331701542928942938e+00
3.726498546570812032e+00
1.983614213420122008e+00
-9.244027402346199906e-01
-3.379847518982829424e+00
-4.025003598104907709e+00
-2.503590754802095919e+00
3.081342467448733302e-01
2.830983391968523666e+00
3.620577399252261408e+00
2.233973288900331866e+00
-5.681225174358601748e-01
-3.225780395610392759e+00
-4.265733478374340137e+00
-3.110230053081065371e+00
-4.236845892742008290e-01
2.272490069743440699e+00
3.456881080669047535e+00
2.445815583537432225e+00
-1.925839042155458314e-01
-3.004308905762514748e+00
-4.410171406535999594e+00
-3.649464984884593477e+00
-1.145874230082497780e+00
1.675479966675248678e+00
3.225780395610392759e+00
2.619141097331423307e+00
1.829547090047685398e-01
-2.715433049439196278e+00
-4.467946577800663732e+00
-4.102037159791126264e+00
-1.829547090047685343e+00
1.059211473185502017e+00
2.936904539287073845e+00
2.744320635071527903e+00
5.777517126466374942e-01
-2.359152826640436462e+00
-4.419800601746777247e+00
-4.458317382589886080e+00
-2.465073973958986642e+00
4.333137844849781484e-01
2.609511902120646099e+00
2.830983391968523666e+00
9.725487162885064762e-01
-1.935468237366235522e+00
-4.265733478374340137e+00
-4.708676458070095272e+00
-3.033196491394846817e+00
-1.733255137939912482e-01
2.253231679321886283e+00
2.879129368022410151e+00
1.357716524719598139e+00
-1.463637672038148319e+00
-4.005745207683353293e+00
-4.853114386231754729e+00
-3.524285447144488881e+00
-7.703356168621833255e-01
1.858434675680017190e+00
2.888758563233187360e+00
1.742884333150689802e+00
-9.436611306561746293e-01
-3.659094180095370685e+00
-4.882001971864086798e+00
-3.919082450786357530e+00
-1.328828939087266292e+00
1.454008476827371110e+00
2.859870977600855735e+00
2.099164555949449618e+00
-3.947970036418689821e-01
-3.216151200399615551e+00
-4.785710019756313827e+00
-4.227216697531231304e+00
-1.839176285258462773e+00
1.039953082763947378e+00
2.792466611125414389e+00
2.436186388326654573e+00
1.925839042155458314e-01
-2.696174659017641417e+00
-4.583496920329991120e+00
-4.429429796957554011e+00
-2.291748460164995560e+00
6.162684934897466604e-01
2.686545463806864209e+00
2.744320635071527903e+00
7.799648120729606449e-01
-2.099164555949449618e+00
-4.275362673585117790e+00
-4.516092553854549330e+00
-2.686545463806864209e+00
2.022130994263231230e-01
2.542107535645205196e+00
3.013938100973292400e+00
1.376974915141152778e+00
-1.454008476827371110e+00
-3.870936474732471044e+00
-4.506463358643772565e+00
-3.004308905762514748e+00
-1.925839042155458314e-01
2.359152826640436462e+00
3.235409590821169967e+00
1.945097432577012952e+00
-7.607064216514060062e-01
-3.370218323772052216e+00
-4.390913016114445178e+00
-3.254667981242724384e+00
-5.777517126466374942e-01
2.147310532003336103e+00
3.399105909404383841e+00
2.493961559591318711e+00
-4.814597605388645785e-02
-2.792466611125414389e+00
-4.188699916688121583e+00
-3.427993495036715910e+00
-9.436611306561746293e-01
1.896951456523126467e+00
3.514656251933711228e+00
3.004308905762514748e+00
6.740436647544103543e-01
-2.156939727214113312e+00
-3.880565669943248697e+00
-3.533914642355266089e+00
-1.280682963033379806e+00
1.617704795410584984e+00
3.553173032776820506e+00
3.456881080669047535e+00
1.386604110351929986e+00
-1.473266867248925527e+00
-3.505027056722934020e+00
-3.553173032776820506e+00
-1.588817209778253137e+00
1.319199743876488862e+00
3.533914642355266089e+00
3.832419693889362211e+00
2.070276970317117549e+00
-7.607064216514060062e-01
-3.052454881816401233e+00
-3.505027056722934020e+00
-1.858434675680017190e+00
9.821779114992836845e-01
3.437622690247493118e+00
4.130924745423458333e+00
2.705803854228419070e+00
-3.851678084310916628e-02
-2.551736730855982405e+00
-3.399105909404383841e+00
-2.099164555949449618e+00
6.258976887005239798e-01
3.264297176453502036e+00
4.352396235271335456e+00
3.283555566875056453e+00
6.740436647544103543e-01
-2.002872603841676646e+00
-3.225780395610392759e+00
-2.311006850586549977e+00
2.503590754802095808e-01
3.023567296184069608e+00
4.467946577800663732e+00
3.784273717835475725e+00
1.357716524719598139e+00
-1.425120891195039263e+00
-3.004308905762514748e+00
-2.484332364380541058e+00
-1.444379281616593735e-01
2.705803854228419070e+00
4.477575773011440496e+00
4.188699916688121583e+00
2.012501799052453855e+00
-8.377399833376243388e-01
-2.734691439860750695e+00
-2.619141097331423307e+00
-5.488641270143056472e-01
2.320636045797327185e+00
4.390913016114445178e+00
4.506463358643772565e+00
2.599882706909868890e+00
-2.407298802694322892e-01
-2.426557193115877364e+00
-2.715433049439196278e+00
-9.532903258669518376e-01
1.877693066101571828e+00
4.198329111898899235e+00
4.708676458070095272e+00
3.119859248291842579e+00
3.273926371664279134e-01
-2.089535360738672409e+00
-2.782837415914637180e+00
-1.357716524719598139e+00
1.386604110351929986e+00
3.909453255575580322e+00
4.795339214967091479e+00
3.553173032776820506e+00
8.762567641807335050e-01
-1.733255137939912593e+00
-2.811725001546969249e+00
-1.752513528361467010e+00
8.473691785484016581e-01
3.524285447144488881e+00
4.776080824545536174e+00
3.909453255575580322e+00
1.396233305562707194e+00
-1.357716524719598139e+00
-2.792466611125414389e+00
-2.128052141581781243e+00
2.696174659017641639e-01
3.042825686605624025e+00
4.641272091594654370e+00
4.159812331055789514e+00
1.858434675680017190e+00
-9.725487162885064762e-01
-2.744320635071527903e+00
-2.484332364380541058e+00
-3.273926371664279134e-01
2.493961559591318711e+00
4.400542211325221942e+00
4.304250259217448971e+00
2.262860874532663491e+00
-5.873809078574148135e-01
-2.657657878174532584e+00
-2.802095806336192041e+00
-9.340319354453973100e-01
1.877693066101571828e+00
4.053891183737239778e+00
4.352396235271335456e+00
2.609511902120646099e+00
-2.118422946371004145e-01
-2.532478340434427544e+00
-3.071713272237956094e+00
-1.531042038513589443e+00
1.213278596557938682e+00
3.610948204041484200e+00
4.304250259217448971e+00
2.898387758443964568e+00
1.636963185832139567e-01
-2.378411217061990879e+00
-3.302813957296610869e+00
-2.108793751160226826e+00
5.103473461711964809e-01
3.090971662659510510e+00
4.159812331055789514e+00
3.110230053081065371e+00
5.199765413819736892e-01
-2.176198117635667728e+00
-3.466510275879825187e+00
-2.657657878174532584e+00
-2.022130994263231230e-01
2.503590754802095919e+00
3.919082450786357530e+00
3.254667981242724384e+00
8.569983737591789774e-01
-1.935468237366235522e+00
-3.572431423198375366e+00
-3.148746833924174204e+00
-9.147735450238426713e-01
1.858434675680017190e+00
3.601319008830706991e+00
3.322072347718165730e+00
1.165132620504052197e+00
-1.665850771464471469e+00
-3.610948204041484200e+00
-3.582060618409152575e+00
-1.608075600199807775e+00
1.174761815714829627e+00
3.216151200399615551e+00
3.331701542928942938e+00
1.463637672038148319e+00
-1.367345719930375347e+00
-3.572431423198375366e+00
-3.938340841207912391e+00
-2.272490069743440699e+00
4.814597605388645785e-01
2.763579025493082764e+00
3.273926371664279245e+00
1.723625942729135163e+00
-1.030323887553170170e+00
-3.466510275879825187e+00
-4.217587502320453652e+00
-2.879129368022410151e+00
-2.118422946371004145e-01
2.262860874532663491e+00
3.168005224345729065e+00
1.964355822998567369e+00
-6.740436647544103543e-01
-3.273926371664279245e+00
-4.390913016114445178e+00
-3.418364299825938701e+00
-8.955151546022881437e-01
1.733255137939912593e+00
3.004308905762514748e+00
2.176198117635667728e+00
-2.888758563233187471e-01
-3.004308905762514748e+00
-4.477575773011440496e+00
-3.870936474732471044e+00
-1.550300428935143859e+00
1.184391010925606835e+00
2.792466611125414389e+00
2.349523631429659254e+00
1.155503425293274988e-01
-2.667287073385309792e+00
-4.458317382589886080e+00
-4.236845892742008068e+00
-2.147310532003336103e+00
6.258976887005239798e-01
2.532478340434427544e+00
2.503590754802095919e+00
5.296057365927510086e-01
-2.262860874532663491e+00
-4.323508649639004275e+00
-4.496834163432994913e+00
-2.696174659017641417e+00
7.703356168621833255e-02
2.253231679321886283e+00
2.609511902120646099e+00
9.532903258669518376e-01
-1.800659504415353496e+00
-4.092407964580348612e+00
-4.650901286805432022e+00
-3.158376029134951857e+00
-4.525721749065326760e-01
1.945097432577012952e+00
2.696174659017641417e+00
1.367345719930375347e+00
-1.280682963033379806e+00
-3.765015327413920865e+00
-4.699047262859318508e+00
-3.543543837566043297e+00
-9.532903258669518376e-01
1.617704795410584984e+00
2.734691439860750695e+00
1.781401113993798857e+00
-7.221896408082968399e-01
-3.341330738139720147e+00
-4.631642896383877606e+00
-3.842048889100139419e+00
-1.425120891195039263e+00
1.271053767822602598e+00
2.744320635071527903e+00
2.166568922424890520e+00
-1.251795377401047904e-01
-2.840612587179300874e+00
-4.448688187379108427e+00
-4.044261988526462126e+00
-1.839176285258462773e+00
9.244027402346199906e-01
2.715433049439196278e+00
2.522849145223650336e+00
4.814597605388645785e-01
-2.262860874532663491e+00
-4.169441526266567166e+00
-4.140553940634235097e+00
-2.205085703267999797e+00
5.777517126466374942e-01
2.648028682963755376e+00
2.850241782390078527e+00
1.097728254028611294e+00
-1.636963185832139622e+00
-3.784273717835475725e+00
-4.150183135845012750e+00
-2.503590754802095919e+00
2.311006850586549977e-01
2.542107535645205196e+00
3.129488443502619788e+00
1.694738357096803316e+00
-9.629195210777291569e-01
-3.322072347718165730e+00
-4.063520378948017431e+00
-2.753949830282305555e+00
-1.059211473185502073e-01
2.388040412272768087e+00
3.360589128561274563e+00
2.262860874532663491e+00
-2.599882706909868446e-01
-2.782837415914637180e+00
-3.890194865154025905e+00
-2.927275344076296637e+00
-4.333137844849781484e-01
2.205085703267999797e+00
3.524285447144488881e+00
2.802095806336192041e+00
4.525721749065326760e-01
-2.195456508057222589e+00
-3.630206594463039060e+00
-3.042825686605624025e+00
-7.510772264406286869e-01
1.973985018209344799e+00
3.620577399252261408e+00
3.273926371664279245e+00
1.145874230082497780e+00
-1.550300428935143859e+00
-3.302813957296610869e+00
-3.100600857870287719e+00
-1.049582277974724809e+00
1.704367552307580524e+00
3.649464984884593477e+00
3.687981765727702754e+00
1.819917894836908134e+00
-8.858859593915108244e-01
-2.908016953654742220e+00
-3.100600857870287719e+00
-1.328828939087266292e+00
1.405862500773484625e+00
3.591689813619929783e+00
4.015374402894130945e+00
2.445815583537432225e+00
-2.118422946371004145e-01
-2.465073973958986642e+00
-3.033196491394846817e+00
-1.588817209778253137e+00
1.068840668396279447e+00
3.466510275879825187e+00
4.256104283163562485e+00
3.013938100973292400e+00
4.525721749065326760e-01
-1.983614213420122008e+00
-2.927275344076296637e+00
-1.829547090047685343e+00
7.029312503867423123e-01
3.254667981242724384e+00
4.400542211325221942e+00
3.514656251933711228e+00
1.097728254028611294e+00
-1.482896062459702957e+00
-2.773208220703859972e+00
-2.041389384684785924e+00
3.081342467448733302e-01
2.965792124919405914e+00
4.439058992168331663e+00
3.919082450786357530e+00
1.704367552307580524e+00
-9.629195210777291569e-01
-2.580624316488314030e+00
-2.224344093689554214e+00
-1.059211473185502073e-01
2.599882706909868890e+00
4.381283820903667525e+00
4.236845892742008068e+00
2.253231679321886283e+00
-4.429429796957554122e-01
-2.349523631429659254e+00
-2.388040412272768087e+00
-5.296057365927510086e-01
2.176198117635667728e+00
4.217587502320453652e+00
4.448688187379108427e+00
2.744320635071527903e+00
5.777517126466374942e-02
-2.089535360738672409e+00
-2.513219950012873127e+00
-9.629195210777291569e-01
1.685109161886026108e+00
3.947970036418689599e+00
4.554609334697659051e+00
3.158376029134951857e+00
5.488641270143056472e-01
-1.819917894836908134e+00
-2.609511902120646099e+00
-1.396233305562707194e+00
1.145874230082497780e+00
3.582060618409152575e+00
4.544980139486881399e+00
3.485768666301379604e+00
1.001436301920838323e+00
-1.521412843302812012e+00
-2.667287073385309792e+00
-1.810288699626130704e+00
5.681225174358601748e-01
3.129488443502619788e+00
4.429429796957554011e+00
3.726498546570812032e+00
1.415491695984261833e+00
-1.213278596557938682e+00
-2.696174659017641417e+00
-2.205085703267999797e+00
-2.888758563233187471e-02
2.599882706909868890e+00
4.207958307109675999e+00
3.880565669943248697e+00
1.791030309204576287e+00
-9.051443498130653520e-01
-2.686545463806864209e+00
-2.580624316488314030e+00
-6.451560791220785074e-01
2.012501799052453855e+00
3.899824060364803113e+00
3.938340841207912391e+00
2.108793751160226826e+00
-5.873809078574148135e-01
-2.628770292542200515e+00
-2.908016953654742220e+00
-1.261424572611825168e+00
1.367345719930375347e+00
3.495397861512156812e+00
3.909453255575580322e+00
2.368782021851213671e+00
-2.696174659017641639e-01
-2.542107535645205196e+00
-3.187263614767283482e+00
-1.848805480469239981e+00
6.933020551759649930e-01
3.013938100973292400e+00
3.784273717835475725e+00
2.580624316488314030e+00
3.851678084310916628e-02
-2.407298802694322948e+00
-3.408735104615161049e+00
-2.416927997905100156e+00
0.000000000000000000e+00
2.465073973958986642e+00
3.591689813619929783e+00
2.725062244649973486e+00
3.466510275879824965e-01
-2.224344093689554214e+00
-3.562802227987597714e+00
-2.927275344076296637e+00
-6.933020551759649930e-01
1.877693066101571828e+00
3.322072347718165730e+00
2.821354196757746458e+00
6.451560791220785074e-01
-2.002872603841676646e+00
-3.649464984884593477e+00
-3.379847518982829424e+00
-1.367345719930375347e+00
1.251795377401047960e+00
2.985050515340960331e+00
2.859870977600855735e+00
9.244027402346199906e-01
-1.742884333150689802e+00
-3.659094180095370685e+00
-3.765015327413920865e+00
-2.012501799052453855e+00
6.066392982789693411e-01
2.599882706909868890e+00
2.850241782390078527e+00
1.203649401347161474e+00
-1.434750086405816472e+00
-3.582060618409152575e+00
-4.053891183737239778e+00
-2.599882706909868890e+00
-3.851678084310916628e-02
2.176198117635667728e+00
2.792466611125414389e+00
1.454008476827371110e+00
-1.088099058817833864e+00
-3.427993495036715910e+00
-4.256104283163562485e+00
-3.119859248291842579e+00
-6.644144695436331460e-01
1.723625942729135163e+00
2.686545463806864209e+00
1.694738357096803316e+00
-7.221896408082968399e-01
-3.196892809978060690e+00
-4.362025430482113109e+00
-3.572431423198375366e+00
-1.261424572611825168e+00
1.242166182190270529e+00
2.551736730855982405e+00
1.906580651733903675e+00
-3.177634419556506495e-01
-2.888758563233187360e+00
-4.362025430482113109e+00
-3.928711645997134738e+00
-1.819917894836908134e+00
7.607064216514060062e-01
2.378411217061990879e+00
2.108793751160226826e+00
1.059211473185502073e-01
-2.503590754802095919e+00
-4.265733478374340137e+00
-4.188699916688121583e+00
-2.320636045797327185e+00
2.888758563233187471e-01
2.176198117635667728e+00
2.282119264954217908e+00
5.392349318035283279e-01
-2.051018579895563132e+00
-4.063520378948017431e+00
-4.342767040060558692e+00
-2.753949830282305555e+00
-1.733255137939912482e-01
1.945097432577012952e+00
2.426557193115877364e+00
9.821779114992836845e-01
-1.550300428935143859e+00
-3.755386132203143656e+00
-4.400542211325221942e+00
-3.110230053081065371e+00
-6.066392982789693411e-01
1.704367552307580524e+00
2.532478340434427544e+00
1.425120891195039263e+00
-9.918071067100610039e-01
-3.360589128561274563e+00
-4.342767040060558692e+00
-3.379847518982829424e+00
-1.011065497131615532e+00
1.444379281616593680e+00
2.619141097331423307e+00
1.848805480469239981e+00
-4.044261988526462459e-01
-2.888758563233187360e+00
-4.188699916688121583e+00
-3.572431423198375366e+00
-1.376974915141152778e+00
1.174761815714829627e+00
2.657657878174532584e+00
2.253231679321886283e+00
2.022130994263231230e-01
-2.339894436218882046e+00
-3.928711645997134738e+00
-3.678352570516925546e+00
-1.704367552307580524e+00
8.955151546022881437e-01
2.657657878174532584e+00
2.628770292542200515e+00
8.184815929160698111e-01
-1.733255137939912593e+00
-3.591689813619929783e+00
-3.697610960938479963e+00
-1.973985018209344799e+00
6.066392982789693411e-01
2.619141097331423307e+00
2.946533734497851054e+00
1.425120891195039263e+00
-1.097728254028611294e+00
-3.168005224345729065e+00
-3.630206594463039060e+00
-2.205085703267999797e+00
3.177634419556506495e-01
2.542107535645205196e+00
3.225780395610392759e+00
2.002872603841676646e+00
-4.236845892742008290e-01
-2.676916268596087001e+00
-3.485768666301379604e+00
-2.378411217061990879e+00
3.851678084310916628e-02
2.416927997905100156e+00
3.437622690247493118e+00
2.542107535645205196e+00
2.503590754802095808e-01
-2.137681336792558895e+00
-3.273926371664279245e+00
-2.503590754802095919e+00
-2.503590754802095808e-01
2.243602484111109074e+00
3.582060618409152575e+00
3.033196491394846817e+00
9.244027402346199906e-01
-1.559929624145921290e+00
-2.994679710551737539e+00
-2.580624316488314030e+00
-5.296057365927510086e-01
2.022130994263231063e+00
3.649464984884593477e+00
3.456881080669047535e+00
1.569558819356698498e+00
-9.532903258669518376e-01
-2.667287073385309792e+00
-2.609511902120646099e+00
-7.992232024945151725e-01
1.752513528361467010e+00
3.639835789673816269e+00
3.803532108257030142e+00
2.166568922424890520e+00
-3.370218323772051772e-01
-2.291748460164995560e+00
-2.599882706909868890e+00
-1.068840668396279447e+00
1.444379281616593680e+00
3.543543837566043297e+00
4.063520378948017431e+00
2.715433049439196278e+00
2.696174659017641639e-01
-1.887322261312349259e+00
-2.542107535645205196e+00
-1.319199743876488862e+00
1.097728254028611294e+00
3.370218323772052216e+00
4.217587502320453652e+00
3.187263614767283482e+00
8.473691785484016581e-01
-1.463637672038148319e+00
-2.455444778748209433e+00
-1.569558819356698498e+00
7.221896408082968399e-01
3.110230053081065371e+00
4.284991868795894554e+00
3.582060618409152575e+00
1.396233305562707194e+00
-1.030323887553170170e+00
-2.339894436218882046e+00
-1.791030309204576287e+00
3.081342467448733302e-01
2.782837415914637180e+00
4.246475087952785721e+00
3.880565669943248697e+00
1.896951456523126467e+00
-5.873809078574148135e-01
-2.185827312846445381e+00
-1.993243408630899438e+00
-1.251795377401047904e-01
2.378411217061990879e+00
4.102037159791126264e+00
4.092407964580348612e+00
2.339894436218882046e+00
-1.636963185832139567e-01
-2.012501799052453855e+00
-2.185827312846445381e+00
-5.681225174358601748e-01
1.906580651733903675e+00
3.861307279521693836e+00
4.188699916688121583e+00
2.715433049439196278e+00
2.503590754802095808e-01
-1.819917894836908134e+00
-2.339894436218882046e+00
-1.020694692342392962e+00
1.386604110351929986e+00
3.524285447144488881e+00
4.198329111898899235e+00
3.013938100973292400e+00
6.355268839113012991e-01
-1.608075600199807775e+00
-2.465073973958986642e+00
-1.473266867248925527e+00
8.184815929160698111e-01
3.110230053081065371e+00
4.102037159791126264e+00
3.235409590821169967e+00
9.918071067100610039e-01
-1.386604110351929986e+00
-2.561365926066759613e+00
-1.896951456523126467e+00
2.311006850586549977e-01
2.609511902120646099e+00
3.909453255575580322e+00
3.370218323772052216e+00
1.309570548665711653e+00
-1.145874230082497780e+00
-2.619141097331423307e+00
-2.301377655375772768e+00
-3.851678084310916628e-01
2.051018579895563132e+00
3.620577399252261408e+00
3.437622690247493118e+00
1.588817209778253137e+00
-9.051443498130653520e-01
-2.638399487752977723e+00
-2.667287073385309792e+00
-9.918071067100610039e-01
1.444379281616593680e+00
3.264297176453502036e+00
3.418364299825938701e+00
1.819917894836908134e+00
-6.451560791220785074e-01
-2.609511902120646099e+00
-2.985050515340960331e+00
-1.579188014567475928e+00
8.088523977052924918e-01
2.830983391968523666e+00
3.322072347718165730e+00
2.012501799052453855e+00
-3.851678084310916628e-01
-2.542107535645205196e+00
-3.254667981242724384e+00
-2.137681336792558895e+00
1.540671233724366651e-01
2.339894436218882046e+00
3.168005224345729065e+00
2.156939727214113312e+00
-1.251795377401047904e-01
-2.416927997905100156e+00
-3.447251885458270326e+00
-2.657657878174532584e+00
-5.007181509604191616e-01
1.800659504415353496e+00
2.946533734497851054e+00
2.272490069743440699e+00
1.444379281616593735e-01
-2.243602484111109074e+00
-3.582060618409152575e+00
-3.119859248291842579e+00
-1.136245034871720350e+00
1.242166182190270529e+00
2.667287073385309792e+00
2.330265241008104393e+00
4.140553940634235097e-01
-2.022130994263231063e+00
-3.630206594463039060e+00
-3.505027056722934020e+00
-1.733255137939912593e+00
6.644144695436331460e-01
2.349523631429659254e+00
2.359152826640436462e+00
6.836728599651876737e-01
-1.752513528361467010e+00
-3.591689813619929783e+00
-3.803532108257030142e+00
-2.291748460164995560e+00
9.629195210777291569e-02
2.002872603841676646e+00
2.349523631429659254e+00
9.436611306561746293e-01
-1.444379281616593680e+00
-3.476139471090602395e+00
-4.025003598104907709e+00
-2.782837415914637180e+00
-4.718305653280873146e-01
1.627333990621362192e+00
2.311006850586549977e+00
1.194020206136384044e+00
-1.088099058817833864e+00
-3.273926371664279245e+00
-4.140553940634235097e+00
-3.206522005188837898e+00
-1.001436301920838323e+00
1.232536986979493321e+00
2.233973288900331866e+00
1.444379281616593680e+00
-7.029312503867423123e-01
-2.994679710551737539e+00
-4.159812331055789514e+00
-3.543543837566043297e+00
-1.492525257670480165e+00
8.377399833376243388e-01
2.137681336792558895e+00
1.685109161886026108e+00
-2.792466611125414833e-01
-2.638399487752977723e+00
-4.082778769369571847e+00
-3.793902913046252934e+00
-1.935468237366235522e+00
4.429429796957554122e-01
2.012501799052453855e+00
1.896951456523126467e+00
1.636963185832139567e-01
-2.214714898478777005e+00
-3.899824060364803113e+00
-3.938340841207912391e+00
-2.320636045797327185e+00
6.740436647544104098e-02
1.877693066101571828e+00
2.099164555949449618e+00
6.162684934897466604e-01
-1.733255137939912593e+00
-3.620577399252261408e+00
-3.996116012472576084e+00
-2.628770292542200515e+00
-2.888758563233187471e-01
1.713996747518357955e+00
2.272490069743440699e+00
1.068840668396279447e+00
-1.203649401347161474e+00
-3.264297176453502036e+00
-3.947970036418689599e+00
-2.879129368022410151e+00
-6.258976887005239798e-01
1.540671233724366651e+00
2.416927997905100156e+00
1.521412843302812012e+00
-6.258976887005239798e-01
-2.821354196757746458e+00
-3.813161303467807350e+00
-3.042825686605624025e+00
-9.340319354453973100e-01
1.348087329508820709e+00
2.522849145223650336e+00
1.954726627787790161e+00
-3.851678084310916628e-02
-2.311006850586549977e+00
-3.591689813619929783e+00
-3.139117638713396996e+00
-1.203649401347161474e+00
1.136245034871720350e+00
2.590253511699091238e+00
2.349523631429659254e+00
5.584933222250829665e-01
-1.752513528361467010e+00
-3.283555566875056453e+00
-3.158376029134951857e+00
-1.444379281616593680e+00
9.244027402346199906e-01
2.619141097331423307e+00
2.705803854228419070e+00
1.155503425293274988e+00
-1.155503425293274988e+00
-2.908016953654742220e+00
-3.110230053081065371e+00
-1.646592381042916831e+00
6.933020551759649930e-01
2.599882706909868890e+00
3.013938100973292400e+00
1.733255137939912593e+00
-5.296057365927510086e-01
-2.474703169169763850e+00
-3.004308905762514748e+00
-1.800659504415353496e+00
4.622013701173099953e-01
2.532478340434427544e+00
3.264297176453502036e+00
2.262860874532663491e+00
1.059211473185502073e-01
-1.993243408630899438e+00
-2.830983391968523666e+00
-1.935468237366235522e+00
2.118422946371004145e-01
2.407298802694322948e+00
3.447251885458270326e+00
2.744320635071527903e+00
7.221896408082968399e-01
-1.473266867248925527e+00
-2.609511902120646099e+00
-2.022130994263231063e+00
-3.851678084310916628e-02
2.233973288900331866e+00
3.553173032776820506e+00
3.168005224345729065e+00
1.319199743876488862e+00
-9.436611306561746293e-01
-2.339894436218882046e+00
-2.079906165527894757e+00
-2.985050515340960109e-01
2.012501799052453855e+00
3.572431423198375366e+00
3.514656251933711228e+00
1.877693066101571828e+00
-4.044261988526462459e-01
-2.041389384684785924e+00
-2.108793751160226826e+00
-5.584933222250829665e-01
1.742884333150689802e+00
3.514656251933711228e+00
3.774644522624698517e+00
2.378411217061990879e+00
1.251795377401047904e-01
-1.713996747518357955e+00
-2.108793751160226826e+00
-8.281107881268470194e-01
1.425120891195039263e+00
3.370218323772052216e+00
3.947970036418689599e+00
2.821354196757746458e+00
6.355268839113012991e-01
-1.376974915141152778e+00
-2.079906165527894757e+00
-1.088099058817833864e+00
1.059211473185502017e+00
3.148746833924174204e+00
4.015374402894130945e+00
3.187263614767283482e+00
1.116986644450165933e+00
-1.020694692342392962e+00
-2.031760189474008715e+00
-1.338458134298043500e+00
6.644144695436331460e-01
2.850241782390078527e+00
3.996116012472576084e+00
3.466510275879825187e+00
1.550300428935143859e+00
-6.740436647544103543e-01
-1.954726627787790161e+00
-1.579188014567475928e+00
2.311006850586549977e-01
2.474703169169763850e+00
3.870936474732471044e+00
3.649464984884593477e+00
1.925839042155458314e+00
-3.273926371664279134e-01
-1.868063870890794620e+00
-1.810288699626130704e+00
-2.118422946371004145e-01
2.031760189474008715e+00
3.659094180095370685e+00
3.745756936992366448e+00
2.253231679321886283e+00
-0.000000000000000000e+00
-1.752513528361467010e+00
-2.022130994263231063e+00
-6.740436647544103543e-01
1.531042038513589443e+00
3.350959933350497355e+00
3.755386132203143656e+00
2.503590754802095919e+00
3.081342467448733302e-01
-1.627333990621362192e+00
-2.205085703267999797e+00
-1.126615839660943141e+00
9.918071067100610039e-01
2.965792124919405914e+00
3.668723375306147894e+00
2.696174659017641417e+00
5.873809078574148135e-01
-1.482896062459702957e+00
-2.359152826640436462e+00
-1.579188014567475928e+00
4.236845892742008290e-01
2.513219950012873127e+00
3.495397861512156812e+00
2.821354196757746458e+00
8.473691785484016581e-01
-1.319199743876488862e+00
-2.484332364380541058e+00
-2.002872603841676646e+00
-1.540671233724366651e-01
2.002872603841676646e+00
3.245038786031947176e+00
2.879129368022410151e+00
1.078469863607056656e+00
-1.145874230082497780e+00
-2.561365926066759613e+00
-2.388040412272768087e+00
-7.414480312298514786e-01
1.444379281616593680e+00
2.927275344076296637e+00
2.859870977600855735e+00
1.280682963033379806e+00
-9.532903258669518376e-01
-2.599882706909868890e+00
-2.734691439860750695e+00
-1.319199743876488862e+00
8.569983737591789774e-01
2.542107535645205196e+00
2.792466611125414389e+00
1.444379281616593680e+00
-7.510772264406286869e-01
-2.580624316488314030e+00
-3.033196491394846817e+00
-1.858434675680017190e+00
2.503590754802095808e-01
2.118422946371004034e+00
2.667287073385309792e+00
1.588817209778253137e+00
-5.296057365927510086e-01
-2.513219950012873127e+00
-3.254667981242724384e+00
-2.359152826640436462e+00
-3.466510275879824965e-01
1.646592381042916831e+00
2.493961559591318711e+00
1.694738357096803316e+00
-2.985050515340960109e-01
-2.388040412272768087e+00
-3.418364299825938701e+00
-2.811725001546969249e+00
-9.340319354453973100e-01
1.155503425293274988e+00
2.272490069743440699e+00
1.781401113993798857e+00
-5.777517126466374942e-02
-2.214714898478777005e+00
-3.495397861512156812e+00
-3.187263614767283482e+00
-1.482896062459702957e+00
6.547852743328558267e-01
2.022130994263231063e+00
1.829547090047685343e+00
1.925839042155458314e-01
-1.983614213420122008e+00
-3.495397861512156812e+00
-3.485768666301379604e+00
-1.983614213420122008e+00
1.636963185832139567e-01
1.742884333150689802e+00
1.868063870890794620e+00
4.525721749065326760e-01
-1.704367552307580524e+00
-3.408735104615161049e+00
-3.707240156149257171e+00
-2.436186388326654573e+00
-3.177634419556506495e-01
1.454008476827371110e+00
1.877693066101571828e+00
7.221896408082968399e-01
-1.376974915141152778e+00
-3.235409590821169967e+00
-3.822790498678584559e+00
-2.811725001546969249e+00
-7.703356168621833255e-01
1.145874230082497780e+00
1.868063870890794620e+00
9.821779114992836845e-01
-1.011065497131615532e+00
-2.994679710551737539e+00
-3.851678084310916628e+00
-3.119859248291842579e+00
-1.194020206136384044e+00
8.377399833376243388e-01
1.839176285258462773e+00
1.242166182190270529e+00
-6.066392982789693411e-01
-2.667287073385309792e+00
-3.784273717835475725e+00
-3.331701542928942938e+00
-1.559929624145921290e+00
5.392349318035283279e-01
1.791030309204576287e+00
1.502154452881257374e+00
-1.733255137939912482e-01
-2.272490069743440699e+00
-3.630206594463039060e+00
-3.466510275879825187e+00
-1.877693066101571828e+00
2.503590754802095808e-01
1.733255137939912593e+00
1.742884333150689802e+00
2.792466611125414833e-01
-1.819917894836908134e+00
-3.379847518982829424e+00
-3.514656251933711228e+00
-2.147310532003336103e+00
-2.888758563233187471e-02
1.646592381042916831e+00
1.964355822998567369e+00
7.414480312298514786e-01
-1.319199743876488862e+00
-3.052454881816401233e+00
-3.476139471090602395e+00
-2.349523631429659254e+00
-2.888758563233187471e-01
1.550300428935143859e+00
2.156939727214113312e+00
1.194020206136384044e+00
-7.799648120729606449e-01
-2.648028682963755376e+00
-3.350959933350497355e+00
-2.484332364380541058e+00
-5.296057365927510086e-01
1.434750086405816472e+00
2.320636045797327185e+00
1.636963185832139622e+00
-2.214714898478777061e-01
-2.185827312846445381e+00
-3.158376029134951857e+00
-2.561365926066759613e+00
-7.414480312298514786e-01
1.309570548665711653e+00
2.445815583537432225e+00
2.051018579895563132e+00
3.562802227987598158e-01
-1.675479966675248678e+00
-2.888758563233187360e+00
-2.580624316488314030e+00
-9.340319354453973100e-01
1.155503425293274988e+00
2.532478340434427544e+00
2.426557193115877364e+00
9.147735450238426713e-01
-1.126615839660943141e+00
-2.551736730855982405e+00
-2.551736730855982405e+00
-1.097728254028611294e+00
9.918071067100610039e-01
2.570995121277536821e+00
2.753949830282305555e+00
1.463637672038148319e+00
-5.584933222250829665e-01
-2.176198117635667728e+00
-2.455444778748209433e+00
-1.242166182190270529e+00
8.088523977052924918e-01
2.551736730855982405e+00
3.023567296184069608e+00
1.973985018209344799e+00
9.629195210777291569e-03
-1.762142723572244440e+00
-2.320636045797327185e+00
-1.357716524719598139e+00
6.066392982789693411e-01
2.484332364380541058e+00
3.225780395610392759e+00
2.436186388326654573e+00
5.681225174358601748e-01
-1.319199743876488862e+00
-2.147310532003336103e+00
-1.454008476827371110e+00
3.851678084310916628e-01
2.359152826640436462e+00
3.360589128561274563e+00
2.840612587179300874e+00
1.107357449239388503e+00
-8.569983737591789774e-01
-1.945097432577012952e+00
-1.531042038513589443e+00
1.540671233724366651e-01
2.176198117635667728e+00
3.408735104615161049e+00
3.168005224345729065e+00
1.608075600199807775e+00
-4.044261988526462459e-01
-1.713996747518357955e+00
-1.588817209778253137e+00
-9.629195210777291569e-02
1.935468237366235522e+00
3.379847518982829424e+00
3.427993495036715910e+00
2.051018579895563132e+00
4.814597605388645785e-02
-1.463637672038148319e+00
-1.636963185832139622e+00
-3.562802227987598158e-01
1.646592381042916831e+00
3.264297176453502036e+00
3.591689813619929783e+00
2.445815583537432225e+00
4.718305653280873146e-01
-1.213278596557938682e+00
-1.665850771464471469e+00
-6.258976887005239798e-01
1.319199743876488862e+00
3.071713272237956094e+00
3.668723375306147894e+00
2.763579025493082764e+00
8.666275689699562967e-01
-9.436611306561746293e-01
-1.675479966675248678e+00
-8.955151546022881437e-01
9.340319354453973100e-01
2.802095806336192041e+00
3.649464984884593477e+00
3.004308905762514748e+00
1.222907791768716113e+00
-6.933020551759649930e-01
-1.665850771464471469e+00
-1.165132620504052197e+00
5.296057365927510086e-01
2.455444778748209433e+00
3.543543837566043297e+00
3.168005224345729065e+00
1.540671233724366651e+00
-4.333137844849781484e-01
-1.646592381042916831e+00
-1.434750086405816472e+00
8.666275689699562412e-02
2.051018579895563132e+00
3.350959933350497355e+00
3.245038786031947176e+00
1.800659504415353496e+00
-1.925839042155458314e-01
-1.617704795410584984e+00
-1.675479966675248678e+00
-3.562802227987598158e-01
1.588817209778253137e+00
3.071713272237956094e+00
3.245038786031947176e+00
2.002872603841676646e+00
3.851678084310916628e-02
-1.569558819356698498e+00
-1.906580651733903675e+00
-8.184815929160698111e-01
1.088099058817833864e+00
2.725062244649973486e+00
3.168005224345729065e+00
2.156939727214113312e+00
2.407298802694322892e-01
-1.502154452881257374e+00
-2.108793751160226826e+00
-1.261424572611825168e+00
5.584933222250829665e-01
2.311006850586549977e+00
3.013938100973292400e+00
2.243602484111109074e+00
4.333137844849781484e-01
-1.415491695984261833e+00
-2.282119264954217908e+00
-1.694738357096803316e+00
9.629195210777291569e-03
1.848805480469239981e+00
2.792466611125414389e+00
2.282119264954217908e+00
6.162684934897466604e-01
-1.309570548665711653e+00
-2.407298802694322948e+00
-2.089535360738672409e+00
-5.488641270143056472e-01
1.348087329508820709e+00
2.503590754802095919e+00
2.272490069743440699e+00
7.703356168621833255e-01
-1.184391010925606835e+00
-2.493961559591318711e+00
-2.445815583537432225e+00
-1.088099058817833864e+00
8.184815929160698111e-01
2.176198117635667728e+00
2.214714898478777005e+00
9.051443498130653520e-01
-1.039953082763947378e+00
-2.532478340434427544e+00
-2.753949830282305555e+00
-1.598446404989030345e+00
2.792466611125414833e-01
1.810288699626130704e+00
2.118422946371004034e+00
1.030323887553170170e+00
-8.666275689699562967e-01
-2.513219950012873127e+00
-2.994679710551737539e+00
-2.070276970317117549e+00
-2.503590754802095808e-01
1.415491695984261833e+00
1.983614213420122008e+00
1.126615839660943141e+00
-6.740436647544103543e-01
-2.436186388326654573e+00
-3.177634419556506273e+00
-2.484332364380541058e+00
-7.703356168621833255e-01
1.001436301920838323e+00
1.819917894836908134e+00
1.222907791768716113e+00
-4.622013701173099953e-01
-2.301377655375772768e+00
-3.273926371664279245e+00
-2.840612587179300874e+00
-1.251795377401047960e+00
5.777517126466374942e-01
1.636963185832139622e+00
1.299941353454934445e+00
-2.311006850586549977e-01
-2.118422946371004034e+00
-3.293184762085833661e+00
-3.119859248291842579e+00
-1.694738357096803316e+00
1.733255137939912482e-01
1.425120891195039263e+00
1.367345719930375347e+00
9.629195210777291569e-03
-1.868063870890794620e+00
-3.235409590821169967e+00
-3.322072347718165730e+00
-2.079906165527894757e+00
-2.214714898478777061e-01
1.213278596557938682e+00
1.415491695984261833e+00
2.792466611125414833e-01
-1.569558819356698498e+00
-3.100600857870287719e+00
-3.437622690247493118e+00
-2.407298802694322948e+00
-5.873809078574148135e-01
1.001436301920838323e+00
1.463637672038148319e+00
5.488641270143056472e-01
-1.232536986979493321e+00
-2.879129368022410151e+00
-3.466510275879825187e+00
-2.667287073385309792e+00
-9.244027402346199906e-01
7.799648120729606449e-01
1.492525257670480165e+00
8.281107881268470194e-01
-8.473691785484016581e-01
-2.590253511699091238e+00
-3.408735104615161049e+00
-2.850241782390078527e+00
-1.222907791768716113e+00
5.681225174358601748e-01
1.521412843302812012e+00
1.107357449239388503e+00
-4.333137844849781484e-01
-2.224344093689554214e+00
-3.264297176453502036e+00
-2.956162929708628706e+00
-1.473266867248925527e+00
3.659094180095370796e-01
1.521412843302812012e+00
1.376974915141152778e+00
0.000000000000000000e+00
-1.810288699626130704e+00
-3.042825686605624025e+00
-2.985050515340960331e+00
-1.675479966675248678e+00
1.733255137939912482e-01
1.521412843302812012e+00
1.627333990621362192e+00
4.525721749065326760e-01
-1.348087329508820709e+00
-2.744320635071527903e+00
-2.946533734497851054e+00
-1.829547090047685343e+00
-9.629195210777291569e-03
1.502154452881257374e+00
1.868063870890794620e+00
8.955151546022881437e-01
-8.473691785484016581e-01
-2.378411217061990879e+00
-2.830983391968523666e+00
-1.925839042155458314e+00
-1.733255137939912482e-01
1.454008476827371110e+00
2.070276970317117549e+00
1.328828939087266292e+00
-3.273926371664279134e-01
-1.964355822998567369e+00
-2.648028682963755376e+00
-1.983614213420122008e+00
-3.273926371664279134e-01
1.396233305562707194e+00
2.243602484111109074e+00
1.742884333150689802e+00
2.022130994263231230e-01
-1.511783648092034804e+00
-2.407298802694322948e+00
-1.993243408630899438e+00
-4.622013701173099953e-01
1.319199743876488862e+00
2.368782021851213671e+00
2.128052141581781243e+00
7.221896408082968399e-01
-1.020694692342392962e+00
-2.128052141581781243e+00
-1.954726627787790161e+00
-5.970101030681920218e-01
1.213278596557938682e+00
2.455444778748209433e+00
2.455444778748209433e+00
1.232536986979493321e+00
-5.199765413819736892e-01
-1.800659504415353496e+00
-1.887322261312349259e+00
-7.029312503867423123e-01
1.078469863607056656e+00
2.484332364380541058e+00
2.734691439860750695e+00
1.704367552307580524e+00
-1.925839042155458314e-02
-1.454008476827371110e+00
-1.781401113993798857e+00
-8.088523977052924918e-01
9.244027402346199906e-01
2.455444778748209433e+00
2.946533734497851054e+00
2.128052141581781243e+00
4.718305653280873146e-01
-1.078469863607056656e+00
-1.656221576253694039e+00
-9.051443498130653520e-01
7.414480312298514786e-01
2.378411217061990879e+00
3.090971662659510510e+00
2.503590754802095919e+00
9.340319354453973100e-01
-7.029312503867423123e-01
-1.502154452881257374e+00
-9.918071067100610039e-01
5.296057365927510086e-01
2.233973288900331866e+00
3.158376029134951857e+00
2.802095806336192041e+00
1.367345719930375347e+00
-3.370218323772051772e-01
-1.338458134298043500e+00
-1.078469863607056656e+00
2.985050515340960109e-01
2.031760189474008715e+00
3.148746833924174204e+00
3.033196491394846817e+00
1.742884333150689802e+00
2.888758563233187471e-02
-1.165132620504052197e+00
-1.155503425293274988e+00
5.777517126466374942e-02
1.781401113993798857e+00
3.062084077027178886e+00
3.177634419556506273e+00
2.070276970317117549e+00
3.659094180095370796e-01
-9.918071067100610039e-01
-1.222907791768716113e+00
-2.118422946371004145e-01
1.473266867248925527e+00
2.898387758443964568e+00
3.245038786031947176e+00
2.339894436218882046e+00
6.740436647544103543e-01
-8.088523977052924918e-01
-1.290312158244157015e+00
-4.910889557496418423e-01
1.126615839660943141e+00
2.657657878174532584e+00
3.235409590821169967e+00
2.532478340434427544e+00
9.436611306561746293e-01
-6.451560791220785074e-01
-1.348087329508820709e+00
-7.703356168621833255e-01
7.414480312298514786e-01
2.339894436218882046e+00
3.129488443502619788e+00
2.657657878174532584e+00
1.174761815714829627e+00
-4.814597605388645785e-01
-1.386604110351929986e+00
-1.059211473185502017e+00
3.273926371664279134e-01
1.973985018209344799e+00
2.956162929708628706e+00
2.705803854228419070e+00
1.367345719930375347e+00
-3.177634419556506495e-01
-1.425120891195039263e+00
-1.328828939087266292e+00
-1.059211473185502073e-01
1.550300428935143859e+00
2.705803854228419070e+00
2.696174659017641417e+00
1.521412843302812012e+00
-1.733255137939912482e-01
-1.444379281616593680e+00
-1.588817209778253137e+00
-5.488641270143056472e-01
1.088099058817833864e+00
2.388040412272768087e+00
2.609511902120646099e+00
1.617704795410584984e+00
-3.851678084310916628e-02
-1.444379281616593680e+00
-1.829547090047685343e+00
-9.821779114992836845e-01
6.066392982789693411e-01
2.022130994263231063e+00
2.465073973958986642e+00
1.675479966675248678e+00
8.666275689699562412e-02
-1.434750086405816472e+00
-2.031760189474008715e+00
-1.396233305562707194e+00
9.629195210777291569e-02
1.608075600199807775e+00
2.272490069743440699e+00
1.694738357096803316e+00
2.022130994263231230e-01
-1.396233305562707194e+00
-2.205085703267999797e+00
-1.791030309204576287e+00
-4.044261988526462459e-01
1.165132620504052197e+00
2.031760189474008715e+00
1.685109161886026108e+00
3.081342467448733302e-01
-1.328828939087266292e+00
-2.330265241008104393e+00
-2.147310532003336103e+00
-8.955151546022881437e-01
7.029312503867423123e-01
1.742884333150689802e+00
1.627333990621362192e+00
4.140553940634235097e-01
-1.242166182190270529e+00
-2.407298802694322948e+00
-2.445815583537432225e+00
-1.357716524719598139e+00
2.407298802694322892e-01
1.434750086405816472e+00
1.550300428935143859e+00
5.103473461711964809e-01
-1.116986644450165933e+00
-2.426557193115877364e+00
-2.696174659017641417e+00
-1.781401113993798857e+00
-2.214714898478777061e-01
1.107357449239388503e+00
1.454008476827371110e+00
6.066392982789693411e-01
-9.725487162885064762e-01
-2.388040412272768087e+00
-2.879129368022410151e+00
-2.166568922424890520e+00
-6.644144695436331460e-01
7.799648120729606449e-01
1.338458134298043500e+00
6.933020551759649930e-01
-7.895940072837379642e-01
-2.301377655375772768e+00
-2.985050515340960331e+00
-2.484332364380541058e+00
-1.068840668396279447e+00
4.429429796957554122e-01
1.203649401347161474e+00
7.895940072837379642e-01
-5.873809078574148135e-01
-2.147310532003336103e+00
-3.023567296184069608e+00
-2.725062244649973486e+00
-1.444379281616593680e+00
1.155503425293274988e-01
1.068840668396279447e+00
8.762567641807335050e-01
-3.562802227987598158e-01
-1.935468237366235522e+00
-2.975421320130183123e+00
-2.908016953654742220e+00
-1.762142723572244440e+00
-1.829547090047685398e-01
9.340319354453973100e-01
9.629195210777291569e-01
-1.059211473185502073e-01
-1.675479966675248678e+00
-2.859870977600855735e+00
-3.004308905762514748e+00
-2.022130994263231063e+00
-4.622013701173099953e-01
7.895940072837379642e-01
1.049582277974724809e+00
1.636963185832139567e-01
-1.357716524719598139e+00
-2.667287073385309792e+00
-3.023567296184069608e+00
-2.224344093689554214e+00
-7.125604455975196316e-01
6.644144695436331460e-01
1.136245034871720350e+00
4.525721749065326760e-01
-1.001436301920838323e+00
-2.407298802694322948e+00
-2.965792124919405914e+00
-2.359152826640436462e+00
-9.244027402346199906e-01
5.392349318035283279e-01
1.213278596557938682e+00
7.414480312298514786e-01
-6.162684934897466604e-01
-2.079906165527894757e+00
-2.830983391968523666e+00
-2.426557193115877364e+00
-1.097728254028611294e+00
4.140553940634235097e-01
1.280682963033379806e+00
1.020694692342392962e+00
-2.022130994263231230e-01
-1.704367552307580524e+00
-2.619141097331423307e+00
-2.436186388326654573e+00
-1.232536986979493321e+00
3.081342467448733302e-01
1.338458134298043500e+00
1.299941353454934445e+00
2.214714898478777061e-01
-1.280682963033379806e+00
-2.349523631429659254e+00
-2.378411217061990879e+00
-1.328828939087266292e+00
2.022130994263231230e-01
1.386604110351929986e+00
1.559929624145921290e+00
6.451560791220785074e-01
-8.281107881268470194e-01
-2.031760189474008715e+00
-2.262860874532663491e+00
-1.386604110351929986e+00
1.059211473185502073e-01
1.415491695984261833e+00
1.800659504415353496e+00
1.068840668396279447e+00
-3.562802227987598158e-01
-1.665850771464471469e+00
-2.099164555949449618e+00
-1.415491695984261833e+00
1.925839042155458314e-02
1.415491695984261833e+00
2.002872603841676646e+00
1.463637672038148319e+00
1.155503425293274988e-01
-1.261424572611825168e+00
-1.887322261312349259e+00
-1.405862500773484625e+00
-6.740436647544104098e-02
1.396233305562707194e+00
2.166568922424890520e+00
1.829547090047685343e+00
5.873809078574148135e-01
-8.377399833376243388e-01
-1.646592381042916831e+00
-1.367345719930375347e+00
-1.444379281616593735e-01
1.348087329508820709e+00
2.282119264954217908e+00
2.147310532003336103e+00
1.039953082763947378e+00
-4.044261988526462459e-01
-1.376974915141152778e+00
-1.309570548665711653e+00
-2.311006850586549977e-01
1.261424572611825168e+00
2.349523631429659254e+00
2.426557193115877364e+00
1.463637672038148319e+00
1.925839042155458314e-02
-1.088099058817833864e+00
-1.232536986979493321e+00
-3.177634419556506495e-01
1.155503425293274988e+00
2.359152826640436462e+00
2.628770292542200515e+00
1.839176285258462773e+00
4.333137844849781484e-01
-7.895940072837379642e-01
-1.136245034871720350e+00
-4.044261988526462459e-01
1.011065497131615532e+00
2.311006850586549977e+00
2.782837415914637180e+00
2.166568922424890520e+00
8.184815929160698111e-01
-5.007181509604191616e-01
-1.039953082763947378e+00
-4.910889557496418423e-01
8.281107881268470194e-01
2.195456508057222589e+00
2.850241782390078527e+00
2.426557193115877364e+00
1.165132620504052197e+00
-2.118422946371004145e-01
-9.340319354453973100e-01
-5.970101030681920218e-01
6.258976887005239798e-01
2.031760189474008715e+00
2.850241782390078527e+00
2.619141097331423307e+00
1.473266867248925527e+00
5.777517126466374942e-02
-8.281107881268470194e-01
-6.933020551759649930e-01
3.947970036418689821e-01
1.810288699626130704e+00
2.773208220703859972e+00
2.744320635071527903e+00
1.733255137939912593e+00
3.081342467448733302e-01
-7.318188360190741593e-01
-7.992232024945151725e-01
1.348087329508820820e-01
1.540671233724366651e+00
2.628770292542200515e+00
2.792466611125414389e+00
1.925839042155458314e+00
5.296057365927510086e-01
-6.355268839113012991e-01
-9.051443498130653520e-01
-1.444379281616593735e-01
1.222907791768716113e+00
2.416927997905100156e+00
2.763579025493082764e+00
2.070276970317117549e+00
7.125604455975196316e-01
-5.392349318035283279e-01
-1.011065497131615532e+00
-4.236845892742008290e-01
8.666275689699562967e-01
2.137681336792558895e+00
2.667287073385309792e+00
2.147310532003336103e+00
8.666275689699562967e-01
-4.622013701173099953e-01
-1.107357449239388503e+00
-7.125604455975196316e-01
4.814597605388645785e-01
1.800659504415353496e+00
2.493961559591318711e+00
2.166568922424890520e+00
9.918071067100610039e-01
-3.851678084310916628e-01
-1.203649401347161474e+00
-1.001436301920838323e+00
7.703356168621833255e-02
1.425120891195039263e+00
2.272490069743440699e+00
2.128052141581781243e+00
1.068840668396279447e+00
-3.177634419556506495e-01
-1.280682963033379806e+00
-1.280682963033379806e+00
-3.370218323772051772e-01
1.011065497131615532e+00
1.983614213420122008e+00
2.041389384684785924e+00
1.126615839660943141e+00
-2.599882706909868446e-01
-1.348087329508820709e+00
-1.540671233724366651e+00
-7.510772264406286869e-01
5.681225174358601748e-01
1.665850771464471469e+00
1.906580651733903675e+00
1.145874230082497780e+00
-2.022130994263231230e-01
-1.386604110351929986e+00
-1.771771918783021649e+00
-1.145874230082497780e+00
1.251795377401047904e-01
1.299941353454934445e+00
1.723625942729135163e+00
1.136245034871720350e+00
-1.444379281616593735e-01
-1.405862500773484625e+00
-1.964355822998567369e+00
-1.511783648092034804e+00
-3.273926371664279134e-01
9.147735450238426713e-01
1.511783648092034804e+00
1.107357449239388503e+00
-7.703356168621833255e-02
-1.396233305562707194e+00
-2.118422946371004034e+00
-1.848805480469239981e+00
-7.607064216514060062e-01
5.296057365927510086e-01
1.271053767822602598e+00
1.059211473185502017e+00
-1.925839042155458314e-02
-1.357716524719598139e+00
-2.224344093689554214e+00
-2.137681336792558895e+00
-1.165132620504052197e+00
1.348087329508820820e-01
1.020694692342392962e+00
9.918071067100610039e-01
5.777517126466374942e-02
-1.280682963033379806e+00
-2.272490069743440699e+00
-2.378411217061990879e+00
-1.540671233724366651e+00
-2.503590754802095808e-01
7.607064216514060062e-01
9.244027402346199906e-01
1.348087329508820820e-01
-1.174761815714829627e+00
-2.262860874532663491e+00
-2.551736730855982405e+00
-1.868063870890794620e+00
-6.066392982789693411e-01
5.007181509604191616e-01
8.473691785484016581e-01
2.214714898478777061e-01
-1.030323887553170170e+00
-2.205085703267999797e+00
-2.657657878174532584e+00
-2.128052141581781243e+00
-9.436611306561746293e-01
2.503590754802095808e-01
7.703356168621833255e-01
3.177634419556506495e-01
-8.473691785484016581e-01
-2.079906165527894757e+00
-2.686545463806864209e+00
-2.339894436218882046e+00
-1.232536986979493321e+00
1.925839042155458314e-02
6.933020551759649930e-01
4.236845892742008290e-01
-6.451560791220785074e-01
-1.906580651733903675e+00
-2.657657878174532584e+00
-2.474703169169763850e+00
-1.473266867248925527e+00
-2.022130994263231230e-01
6.258976887005239798e-01
5.392349318035283279e-01
-4.044261988526462459e-01
-1.675479966675248678e+00
-2.551736730855982405e+00
-2.551736730855982405e+00
-1.665850771464471469e+00
-3.947970036418689821e-01
5.584933222250829665e-01
6.547852743328558267e-01
-1.444379281616593735e-01
-1.386604110351929986e+00
-2.378411217061990879e+00
-2.542107535645205196e+00
-1.800659504415353496e+00
-5.488641270143056472e-01
5.007181509604191616e-01
7.799648120729606449e-01
1.348087329508820820e-01
-1.068840668396279447e+00
-2.137681336792558895e+00
-2.474703169169763850e+00
-1.877693066101571828e+00
-6.836728599651876737e-01
4.525721749065326760e-01
9.051443498130653520e-01
4.236845892742008290e-01
-7.125604455975196316e-01
-1.848805480469239981e+00
-2.339894436218882046e+00
-1.906580651733903675e+00
-7.799648120729606449e-01
4.140553940634235097e-01
1.020694692342392962e+00
7.125604455975196316e-01
-3.370218323772051772e-01
-1.511783648092034804e+00
-2.147310532003336103e+00
-1.887322261312349259e+00
-8.473691785484016581e-01
3.851678084310916628e-01
1.136245034871720350e+00
1.001436301920838323e+00
5.777517126466374942e-02
-1.136245034871720350e+00
-1.906580651733903675e+00
-1.810288699626130704e+00
-8.858859593915108244e-01
3.562802227987598158e-01
1.232536986979493321e+00
1.271053767822602598e+00
4.622013701173099953e-01
-7.318188360190741593e-01
-1.617704795410584984e+00
-1.694738357096803316e+00
-8.955151546022881437e-01
3.273926371664279134e-01
1.309570548665711653e+00
1.521412843302812012e+00
8.473691785484016581e-01
-3.177634419556506495e-01
-1.299941353454934445e+00
-1.540671233724366651e+00
-8.858859593915108244e-01
2.985050515340960109e-01
1.367345719930375347e+00
1.742884333150689802e+00
1.213278596557938682e+00
1.059211473185502073e-01
-9.532903258669518376e-01
-1.348087329508820709e+00
-8.569983737591789774e-01
2.696174659017641639e-01
1.396233305562707194e+00
1.925839042155458314e+00
1.559929624145921290e+00
5.199765413819736892e-01
-5.970101030681920218e-01
-1.145874230082497780e+00
-8.088523977052924918e-01
2.214714898478777061e-01
1.396233305562707194e+00
2.060647775106340340e+00
1.858434675680017190e+00
9.051443498130653520e-01
-2.311006850586549977e-01
-9.244027402346199906e-01
-7.607064216514060062e-01
1.733255137939912482e-01
1.367345719930375347e+00
2.147310532003336103e+00
2.108793751160226826e+00
1.271053767822602598e+00
1.155503425293274988e-01
-6.933020551759649930e-01
-6.933020551759649930e-01
1.155503425293274988e-01
1.290312158244157015e+00
2.185827312846445381e+00
2.301377655375772768e+00
1.588817209778253137e+00
4.525721749065326760e-01
-4.622013701173099953e-01
-6.355268839113012991e-01
3.851678084310916628e-02
1.184391010925606835e+00
2.166568922424890520e+00
2.436186388326654573e+00
1.858434675680017190e+00
7.510772264406286869e-01
-2.503590754802095808e-01
-5.777517126466374942e-01
-5.777517126466374942e-02
1.039953082763947378e+00
2.079906165527894757e+00
2.503590754802095919e+00
2.070276970317117549e+00
1.020694692342392962e+00
-3.851678084310916628e-02
-5.296057365927510086e-01
-1.540671233724366651e-01
8.569983737591789774e-01
1.945097432577012952e+00
2.503590754802095919e+00
2.214714898478777005e+00
1.251795377401047960e+00
1.444379281616593735e-01
-4.814597605388645785e-01
-2.792466611125414833e-01
6.451560791220785074e-01
1.752513528361467010e+00
2.436186388326654573e+00
2.301377655375772768e+00
1.425120891195039263e+00
2.985050515340960109e-01
-4.429429796957554122e-01
-4.044261988526462459e-01
4.044261988526462459e-01
1.511783648092034804e+00
2.301377655375772768e+00
2.320636045797327185e+00
1.559929624145921290e+00
4.333137844849781484e-01
-4.236845892742008290e-01
-5.392349318035283279e-01
1.348087329508820820e-01
1.222907791768716113e+00
2.108793751160226826e+00
2.272490069743440699e+00
1.636963185832139622e+00
5.392349318035283279e-01
-4.044261988526462459e-01
-6.836728599651876737e-01
-1.444379281616593735e-01
9.051443498130653520e-01
1.848805480469239981e+00
2.166568922424890520e+00
1.665850771464471469e+00
6.162684934897466604e-01
-4.044261988526462459e-01
-8.281107881268470194e-01
-4.333137844849781484e-01
5.488641270143056472e-01
1.550300428935143859e+00
2.002872603841676646e+00
1.646592381042916831e+00
6.644144695436331460e-01
-4.044261988526462459e-01
-9.629195210777291569e-01
-7.221896408082968399e-01
1.829547090047685398e-01
1.213278596557938682e+00
1.791030309204576287e+00
1.579188014567475928e+00
6.836728599651876737e-01
-4.044261988526462459e-01
-1.088099058817833864e+00
-1.001436301920838323e+00
-2.022130994263231230e-01
8.473691785484016581e-01
1.540671233724366651e+00
1.473266867248925527e+00
6.836728599651876737e-01
-4.140553940634235097e-01
-1.203649401347161474e+00
-1.261424572611825168e+00
-5.777517126466374942e-01
4.622013701173099953e-01
1.251795377401047960e+00
1.338458134298043500e+00
6.644144695436331460e-01
-4.140553940634235097e-01
-1.290312158244157015e+00
-1.502154452881257374e+00
-9.436611306561746293e-01
6.740436647544104098e-02
9.436611306561746293e-01
1.174761815714829627e+00
6.258976887005239798e-01
-4.044261988526462459e-01
-1.357716524719598139e+00
-1.713996747518357955e+00
-1.280682963033379806e+00
-3.177634419556506495e-01
6.162684934897466604e-01
9.918071067100610039e-01
5.777517126466374942e-01
-3.947970036418689821e-01
-1.396233305562707194e+00
-1.877693066101571828e+00
-1.579188014567475928e+00
-6.933020551759649930e-01
2.888758563233187471e-01
7.895940072837379642e-01
5.296057365927510086e-01
-3.659094180095370796e-01
-1.396233305562707194e+00
-1.993243408630899438e+00
-1.839176285258462773e+00
-1.030323887553170170e+00
-2.888758563233187471e-02
5.873809078574148135e-01
4.718305653280873146e-01
-3.273926371664279134e-01
-1.357716524719598139e+00
-2.070276970317117549e+00
-2.051018579895563132e+00
-1.338458134298043500e+00
-3.370218323772051772e-01
3.947970036418689821e-01
4.236845892742008290e-01
-2.599882706909868446e-01
-1.290312158244157015e+00
-2.079906165527894757e+00
-2.205085703267999797e+00
-1.598446404989030345e+00
-6.162684934897466604e-01
2.022130994263231230e-01
3.755386132203143434e-01
-1.829547090047685398e-01
-1.174761815714829627e+00
-2.041389384684785924e+00
-2.301377655375772768e+00
-1.810288699626130704e+00
-8.569983737591789774e-01
2.888758563233187471e-02
3.466510275879824965e-01
-8.666275689699562412e-02
-1.020694692342392962e+00
-1.945097432577012952e+00
-2.330265241008104393e+00
-1.964355822998567369e+00
-1.068840668396279447e+00
-1.251795377401047904e-01
3.177634419556506495e-01
2.888758563233187471e-02
-8.377399833376243388e-01
-1.791030309204576287e+00
-2.291748460164995560e+00
-2.060647775106340340e+00
-1.232536986979493321e+00
-2.599882706909868446e-01
3.081342467448733302e-01
1.540671233724366651e-01
-6.162684934897466604e-01
-1.588817209778253137e+00
-2.195456508057222589e+00
-2.099164555949449618e+00
-1.348087329508820709e+00
-3.659094180095370796e-01
3.081342467448733302e-01
2.985050515340960109e-01
-3.755386132203143434e-01
-1.338458134298043500e+00
-2.031760189474008715e+00
-2.070276970317117549e+00
-1.415491695984261833e+00
-4.429429796957554122e-01
3.273926371664279134e-01
4.525721749065326760e-01
-1.059211473185502073e-01
-1.039953082763947378e+00
-1.819917894836908134e+00
-1.983614213420122008e+00
-1.444379281616593680e+00
-4.910889557496418423e-01
3.466510275879824965e-01
6.162684934897466604e-01
1.733255137939912482e-01
-7.221896408082968399e-01
-1.550300428935143859e+00
-1.848805480469239981e+00
-1.425120891195039263e+00
-5.199765413819736892e-01
3.755386132203143434e-01
7.703356168621833255e-01
4.525721749065326760e-01
-3.755386132203143434e-01
-1.251795377401047960e+00
-1.656221576253694039e+00
-1.367345719930375347e+00
-5.199765413819736892e-01
4.140553940634235097e-01
9.244027402346199906e-01
7.414480312298514786e-01
-1.925839042155458314e-02
-9.147735450238426713e-01
-1.434750086405816472e+00
-1.271053767822602598e+00
-5.007181509604191616e-01
4.429429796957554122e-01
1.059211473185502017e+00
1.011065497131615532e+00
3.370218323772051772e-01
-5.584933222250829665e-01
-1.174761815714829627e+00
-1.136245034871720350e+00
-4.718305653280873146e-01
4.814597605388645785e-01
1.184391010925606835e+00
1.261424572611825168e+00
6.933020551759649930e-01
-2.022130994263231230e-01
-8.955151546022881437e-01
-9.918071067100610039e-01
-4.236845892742008290e-01
5.007181509604191616e-01
1.280682963033379806e+00
1.492525257670480165e+00
1.020694692342392962e+00
1.636963185832139567e-01
-5.970101030681920218e-01
-8.184815929160698111e-01
-3.659094180095370796e-01
5.199765413819736892e-01
1.348087329508820709e+00
1.675479966675248678e+00
1.328828939087266292e+00
5.103473461711964809e-01
-3.081342467448733302e-01
-6.451560791220785074e-01
-3.081342467448733302e-01
5.199765413819736892e-01
1.386604110351929986e+00
1.819917894836908134e+00
1.588817209778253137e+00
8.377399833376243388e-01
-9.629195210777291569e-03
-4.622013701173099953e-01
-2.599882706909868446e-01
5.007181509604191616e-01
1.386604110351929986e+00
1.925839042155458314e+00
1.810288699626130704e+00
1.126615839660943141e+00
2.599882706909868446e-01
-2.888758563233187471e-01
-2.118422946371004145e-01
4.525721749065326760e-01
1.348087329508820709e+00
1.973985018209344799e+00
1.983614213420122008e+00
1.376974915141152778e+00
5.103473461711964809e-01
-1.251795377401047904e-01
-1.733255137939912482e-01
3.947970036418689821e-01
1.271053767822602598e+00
1.964355822998567369e+00
2.089535360738672409e+00
1.588817209778253137e+00
7.414480312298514786e-01
1.925839042155458314e-02
-1.540671233724366651e-01
3.081342467448733302e-01
1.145874230082497780e+00
1.896951456523126467e+00
2.137681336792558895e+00
1.742884333150689802e+00
9.244027402346199906e-01
1.540671233724366651e-01
-1.444379281616593735e-01
2.022130994263231230e-01
9.918071067100610039e-01
1.781401113993798857e+00
2.128052141581781243e+00
1.839176285258462773e+00
1.068840668396279447e+00
2.599882706909868446e-01
-1.540671233724366651e-01
7.703356168621833255e-02
7.992232024945151725e-01
1.617704795410584984e+00
2.060647775106340340e+00
1.877693066101571828e+00
1.174761815714829627e+00
3.370218323772051772e-01
-1.733255137939912482e-01
-6.740436647544104098e-02
5.777517126466374942e-01
1.396233305562707194e+00
1.925839042155458314e+00
1.858434675680017190e+00
1.232536986979493321e+00
3.851678084310916628e-01
-2.118422946371004145e-01
-2.311006850586549977e-01
3.273926371664279134e-01
1.145874230082497780e+00
1.742884333150689802e+00
1.791030309204576287e+00
1.251795377401047960e+00
4.140553940634235097e-01
-2.599882706909868446e-01
-3.947970036418689821e-01
6.740436647544104098e-02
8.473691785484016581e-01
1.511783648092034804e+00
1.675479966675248678e+00
1.222907791768716113e+00
4.140553940634235097e-01
-3.177634419556506495e-01
-5.681225174358601748e-01
-2.118422946371004145e-01
5.392349318035283279e-01
1.242166182190270529e+00
1.511783648092034804e+00
1.165132620504052197e+00
3.947970036418689821e-01
-3.755386132203143434e-01
-7.414480312298514786e-01
-4.910889557496418423e-01
2.022130994263231230e-01
9.436611306561746293e-01
1.309570548665711653e+00
1.068840668396279447e+00
3.562802227987598158e-01
-4.429429796957554122e-01
-8.955151546022881437e-01
-7.703356168621833255e-01
-1.348087329508820820e-01
6.258976887005239798e-01
1.068840668396279447e+00
9.532903258669518376e-01
3.081342467448733302e-01
-5.103473461711964809e-01
-1.049582277974724809e+00
-1.030323887553170170e+00
-4.718305653280873146e-01
2.888758563233187471e-01
8.184815929160698111e-01
8.088523977052924918e-01
2.503590754802095808e-01
-5.584933222250829665e-01
-1.174761815714829627e+00
-1.261424572611825168e+00
-7.992232024945151725e-01
-4.814597605388645785e-02
5.488641270143056472e-01
6.547852743328558267e-01
1.829547090047685398e-01
-5.970101030681920218e-01
-1.271053767822602598e+00
-1.473266867248925527e+00
-1.088099058817833864e+00
-3.659094180095370796e-01
2.792466611125414833e-01
4.910889557496418423e-01
1.155503425293274988e-01
-6.258976887005239798e-01
-1.338458134298043500e+00
-1.636963185832139622e+00
-1.357716524719598139e+00
-6.740436647544103543e-01
1.925839042155458314e-02
3.273926371664279134e-01
5.777517126466374942e-02
-6.355268839113012991e-01
-1.376974915141152778e+00
-1.762142723572244440e+00
-1.579188014567475928e+00
-9.532903258669518376e-01
-2.311006850586549977e-01
1.636963185832139567e-01
9.629195210777291569e-03
-6.162684934897466604e-01
-1.367345719930375347e+00
-1.829547090047685343e+00
-1.762142723572244440e+00
-1.194020206136384044e+00
-4.622013701173099953e-01
1.925839042155458314e-02
-1.925839042155458314e-02
-5.681225174358601748e-01
-1.319199743876488862e+00
-1.858434675680017190e+00
-1.877693066101571828e+00
-1.386604110351929986e+00
-6.547852743328558267e-01
-1.059211473185502073e-01
-3.851678084310916628e-02
-5.007181509604191616e-01
-1.232536986979493321e+00
-1.829547090047685343e+00
-1.945097432577012952e+00
-1.540671233724366651e+00
-8.184815929160698111e-01
-2.118422946371004145e-01
-3.851678084310916628e-02
-4.044261988526462459e-01
-1.107357449239388503e+00
-1.742884333150689802e+00
-1.954726627787790161e+00
-1.636963185832139622e+00
-9.532903258669518376e-01
-2.888758563233187471e-01
-1.925839042155458314e-02
-2.888758563233187471e-01
-9.436611306561746293e-01
-1.608075600199807775e+00
-1.906580651733903675e+00
-1.675479966675248678e+00
-1.039953082763947378e+00
-3.466510275879824965e-01
1.925839042155458314e-02
-1.444379281616593735e-01
-7.414480312298514786e-01
-1.425120891195039263e+00
-1.810288699626130704e+00
-1.665850771464471469e+00
-1.078469863607056656e+00
-3.755386132203143434e-01
7.703356168621833255e-02
9.629195210777291569e-03
-5.199765413819736892e-01
-1.203649401347161474e+00
-1.656221576253694039e+00
-1.608075600199807775e+00
-1.088099058817833864e+00
-3.755386132203143434e-01
1.444379281616593735e-01
1.829547090047685398e-01
-2.696174659017641639e-01
-9.436611306561746293e-01
-1.454008476827371110e+00
-1.502154452881257374e+00
-1.059211473185502017e+00
-3.562802227987598158e-01
2.214714898478777061e-01
3.659094180095370796e-01
-0.000000000000000000e+00
-6.547852743328558267e-01
-1.213278596557938682e+00
-1.357716524719598139e+00
-9.918071067100610039e-01
-3.081342467448733302e-01
3.177634419556506495e-01
5.488641270143056472e-01
2.696174659017641639e-01
-3.466510275879824965e-01
-9.436611306561746293e-01
-1.165132620504052197e+00
-8.955151546022881437e-01
-2.503590754802095808e-01
4.044261988526462459e-01
7.221896408082968399e-01
5.392349318035283279e-01
-2.888758563233187471e-02
-6.451560791220785074e-01
-9.532903258669518376e-01
-7.703356168621833255e-01
-1.829547090047685398e-01
4.910889557496418423e-01
8.955151546022881437e-01
7.992232024945151725e-01
2.888758563233187471e-01
-3.370218323772051772e-01
-7.221896408082968399e-01
-6.355268839113012991e-01
-1.059211473185502073e-01
5.777517126466374942e-01
1.039953082763947378e+00
1.049582277974724809e+00
5.970101030681920218e-01
-2.888758563233187471e-02
-4.814597605388645785e-01
-4.814597605388645785e-01
-2.888758563233187471e-02
6.451560791220785074e-01
1.165132620504052197e+00
1.261424572611825168e+00
8.858859593915108244e-01
2.696174659017641639e-01
-2.311006850586549977e-01
-3.273926371664279134e-01
4.814597605388645785e-02
6.933020551759649930e-01
1.261424572611825168e+00
1.444379281616593680e+00
1.145874230082497780e+00
5.488641270143056472e-01
9.629195210777291569e-03
-1.733255137939912482e-01
1.155503425293274988e-01
7.318188360190741593e-01
1.328828939087266292e+00
1.588817209778253137e+00
1.367345719930375347e+00
8.088523977052924918e-01
2.311006850586549977e-01
-3.851678084310916628e-02
1.636963185832139567e-01
7.318188360190741593e-01
1.348087329508820709e+00
1.685109161886026108e+00
1.550300428935143859e+00
1.039953082763947378e+00
4.333137844849781484e-01
9.629195210777291569e-02
2.022130994263231230e-01
7.125604455975196316e-01
1.338458134298043500e+00
1.733255137939912593e+00
1.685109161886026108e+00
1.222907791768716113e+00
6.162684934897466604e-01
2.022130994263231230e-01
2.214714898478777061e-01
6.644144695436331460e-01
1.280682963033379806e+00
1.733255137939912593e+00
1.762142723572244440e+00
1.367345719930375347e+00
7.607064216514060062e-01
2.888758563233187471e-01
2.214714898478777061e-01
5.873809078574148135e-01
1.184391010925606835e+00
1.675479966675248678e+00
1.791030309204576287e+00
1.454008476827371110e+00
8.666275689699562967e-01
3.466510275879824965e-01
1.925839042155458314e-01
4.814597605388645785e-01
1.039953082763947378e+00
1.569558819356698498e+00
1.762142723572244440e+00
1.502154452881257374e+00
9.340319354453973100e-01
3.851678084310916628e-01
1.444379281616593735e-01
3.466510275879824965e-01
8.666275689699562967e-01
1.415491695984261833e+00
1.675479966675248678e+00
1.492525257670480165e+00
9.629195210777291569e-01
3.851678084310916628e-01
7.703356168621833255e-02
1.925839042155458314e-01
6.644144695436331460e-01
1.222907791768716113e+00
1.540671233724366651e+00
1.434750086405816472e+00
9.629195210777291569e-01
3.659094180095370796e-01
-9.629195210777291569e-03
1.925839042155458314e-02
4.333137844849781484e-01
9.918071067100610039e-01
1.367345719930375347e+00
1.338458134298043500e+00
9.147735450238426713e-01
3.273926371664279134e-01
-1.155503425293274988e-01
-1.636963185832139567e-01
1.829547090047685398e-01
7.318188360190741593e-01
1.155503425293274988e+00
1.203649401347161474e+00
8.473691785484016581e-01
2.599882706909868446e-01
-2.214714898478777061e-01
-3.562802227987598158e-01
-7.703356168621833255e-02
4.525721749065326760e-01
9.051443498130653520e-01
1.030323887553170170e+00
7.414480312298514786e-01
1.829547090047685398e-01
-3.370218323772051772e-01
-5.488641270143056472e-01
-3.370218323772051772e-01
1.540671233724366651e-01
6.355268839113012991e-01
8.377399833376243388e-01
6.162684934897466604e-01
9.629195210777291569e-02
-4.525721749065326760e-01
-7.318188360190741593e-01
-5.970101030681920218e-01
-1.444379281616593735e-01
3.562802227987598158e-01
6.162684934897466604e-01
4.718305653280873146e-01
-0.000000000000000000e+00
-5.584933222250829665e-01
-8.955151546022881437e-01
-8.377399833376243388e-01
-4.333137844849781484e-01
7.703356168621833255e-02
3.947970036418689821e-01
3.273926371664279134e-01
-9.629195210777291569e-02
-6.547852743328558267e-01
-1.039953082763947378e+00
-1.059211473185502017e+00
-7.125604455975196316e-01
-2.022130994263231230e-01
1.636963185832139567e-01
1.829547090047685398e-01
-1.829547090047685398e-01
-7.318188360190741593e-01
-1.165132620504052197e+00
-1.251795377401047960e+00
-9.629195210777291569e-01
-4.718305653280873146e-01
-5.777517126466374942e-02
2.888758563233187471e-02
-2.599882706909868446e-01
-7.895940072837379642e-01
-1.251795377401047960e+00
-1.415491695984261833e+00
-1.184391010925606835e+00
-7.125604455975196316e-01
-2.599882706909868446e-01
-9.629195210777291569e-02
-3.273926371664279134e-01
-8.184815929160698111e-01
-1.309570548665711653e+00
-1.531042038513589443e+00
-1.367345719930375347e+00
-9.147735450238426713e-01
-4.429429796957554122e-01
-2.214714898478777061e-01
-3.659094180095370796e-01
-8.184815929160698111e-01
-1.319199743876488862e+00
-1.598446404989030345e+00
-1.502154452881257374e+00
-1.088099058817833864e+00
-6.066392982789693411e-01
-3.177634419556506495e-01
-3.947970036418689821e-01
-7.895940072837379642e-01
-1.290312158244157015e+00
-1.617704795410584984e+00
-1.588817209778253137e+00
-1.222907791768716113e+00
-7.318188360190741593e-01
-3.851678084310916628e-01
-3.851678084310916628e-01
-7.318188360190741593e-01
-1.222907791768716113e+00
-1.588817209778253137e+00
-1.627333990621362192e+00
-1.309570548665711653e+00
-8.184815929160698111e-01
-4.333137844849781484e-01
-3.562802227987598158e-01
-6.355268839113012991e-01
-1.107357449239388503e+00
-1.511783648092034804e+00
-1.608075600199807775e+00
-1.348087329508820709e+00
-8.762567641807335050e-01
-4.429429796957554122e-01
-3.081342467448733302e-01
-5.199765413819736892e-01
-9.629195210777291569e-01
-1.386604110351929986e+00
-1.540671233724366651e+00
-1.338458134298043500e+00
-8.858859593915108244e-01
-4.333137844849781484e-01
-2.214714898478777061e-01
-3.755386132203143434e-01
-7.799648120729606449e-01
-1.213278596557938682e+00
-1.425120891195039263e+00
-1.290312158244157015e+00
-8.666275689699562967e-01
-3.947970036418689821e-01
-1.251795377401047904e-01
-2.022130994263231230e-01
-5.681225174358601748e-01
-1.011065497131615532e+00
-1.271053767822602598e+00
-1.194020206136384044e+00
-8.088523977052924918e-01
-3.370218323772051772e-01
-9.629195210777291569e-03
-1.925839042155458314e-02
-3.370218323772051772e-01
-7.799648120729606449e-01
-1.078469863607056656e+00
-1.059211473185502017e+00
-7.221896408082968399e-01
-2.503590754802095808e-01
1.155503425293274988e-01
1.733255137939912482e-01
-9.629195210777291569e-02
-5.199765413819736892e-01
-8.569983737591789774e-01
-8.955151546022881437e-01
-6.162684934897466604e-01
-1.540671233724366651e-01
2.503590754802095808e-01
3.659094180095370796e-01
1.636963185832139567e-01
-2.407298802694322892e-01
-6.066392982789693411e-01
-7.125604455975196316e-01
-4.814597605388645785e-01
-3.851678084310916628e-02
3.851678084310916628e-01
5.584933222250829665e-01
4.140553940634235097e-01
3.851678084310916628e-02
-3.466510275879824965e-01
-5.103473461711964809e-01
-3.370218323772051772e-01
6.740436647544104098e-02
5.103473461711964809e-01
7.414480312298514786e-01
6.547852743328558267e-01
3.081342467448733302e-01
-8.666275689699562412e-02
-2.985050515340960109e-01
-1.925839042155458314e-01
1.829547090047685398e-01
6.258976887005239798e-01
9.051443498130653520e-01
8.762567641807335050e-01
5.681225174358601748e-01
1.733255137939912482e-01
-8.666275689699562412e-02
-3.851678084310916628e-02
2.888758563233187471e-01
7.318188360190741593e-01
1.049582277974724809e+00
1.078469863607056656e+00
8.184815929160698111e-01
4.140553940634235097e-01
1.251795377401047904e-01
1.059211473185502073e-01
3.851678084310916628e-01
8.088523977052924918e-01
1.165132620504052197e+00
1.242166182190270529e+00
1.030323887553170170e+00
6.355268839113012991e-01
3.081342467448733302e-01
2.311006850586549977e-01
4.525721749065326760e-01
8.666275689699562967e-01
1.242166182190270529e+00
1.376974915141152778e+00
1.203649401347161474e+00
8.377399833376243388e-01
4.814597605388645785e-01
3.466510275879824965e-01
5.103473461711964809e-01
8.858859593915108244e-01
1.280682963033379806e+00
1.454008476827371110e+00
1.338458134298043500e+00
9.918071067100610039e-01
6.162684934897466604e-01
4.333137844849781484e-01
5.392349318035283279e-01
8.858859593915108244e-01
1.271053767822602598e+00
1.492525257670480165e+00
1.425120891195039263e+00
1.116986644450165933e+00
7.318188360190741593e-01
4.910889557496418423e-01
5.392349318035283279e-01
8.377399833376243388e-01
1.232536986979493321e+00
1.492525257670480165e+00
1.473266867248925527e+00
1.194020206136384044e+00
7.992232024945151725e-01
5.199765413819736892e-01
5.103473461711964809e-01
7.703356168621833255e-01
1.145874230082497780e+00
1.434750086405816472e+00
1.463637672038148319e+00
1.222907791768716113e+00
8.377399833376243388e-01
5.296057365927510086e-01
4.525721749065326760e-01
6.644144695436331460e-01
1.020694692342392962e+00
1.328828939087266292e+00
1.405862500773484625e+00
1.213278596557938682e+00
8.377399833376243388e-01
5.007181509604191616e-01
3.755386132203143434e-01
5.296057365927510086e-01
8.666275689699562967e-01
1.184391010925606835e+00
1.309570548665711653e+00
1.155503425293274988e+00
8.088523977052924918e-01
4.429429796957554122e-01
2.696174659017641639e-01
3.659094180095370796e-01
6.740436647544103543e-01
1.001436301920838323e+00
1.165132620504052197e+00
1.059211473185502017e+00
7.414480312298514786e-01
3.659094180095370796e-01
1.444379281616593735e-01
1.925839042155458314e-01
4.622013701173099953e-01
7.895940072837379642e-01
9.918071067100610039e-01
9.340319354453973100e-01
6.451560791220785074e-01
2.696174659017641639e-01
9.629195210777291569e-03
-0.000000000000000000e+00
2.311006850586549977e-01
5.584933222250829665e-01
7.895940072837379642e-01
7.799648120729606449e-01
5.199765413819736892e-01
1.444379281616593735e-01
-1.444379281616593735e-01
-2.022130994263231230e-01
-9.629195210777291569e-03
3.081342467448733302e-01
5.584933222250829665e-01
5.970101030681920218e-01
3.851678084310916628e-01
1.925839042155458314e-02
-2.985050515340960109e-01
-4.044261988526462459e-01
-2.599882706909868446e-01
4.814597605388645785e-02
3.177634419556506495e-01
4.044261988526462459e-01
2.311006850586549977e-01
-1.059211473185502073e-01
-4.429429796957554122e-01
-5.970101030681920218e-01
-4.910889557496418423e-01
-2.118422946371004145e-01
7.703356168621833255e-02
2.022130994263231230e-01
7.703356168621833255e-02
-2.407298802694322892e-01
-5.777517126466374942e-01
-7.703356168621833255e-01
-7.221896408082968399e-01
-4.622013701173099953e-01
-1.636963185832139567e-01
-0.000000000000000000e+00
-7.703356168621833255e-02
-3.659094180095370796e-01
-7.029312503867423123e-01
-9.244027402346199906e-01
-9.147735450238426713e-01
-6.933020551759649930e-01
-3.947970036418689821e-01
-1.925839042155458314e-01
-2.214714898478777061e-01
-4.718305653280873146e-01
-8.088523977052924918e-01
-1.059211473185502017e+00
-1.088099058817833864e+00
-8.955151546022881437e-01
-5.970101030681920218e-01
-3.755386132203143434e-01
-3.562802227987598158e-01
-5.584933222250829665e-01
-8.858859593915108244e-01
-1.155503425293274988e+00
-1.222907791768716113e+00
-1.068840668396279447e+00
-7.799648120729606449e-01
-5.296057365927510086e-01
-4.622013701173099953e-01
-6.258976887005239798e-01
-9.340319354453973100e-01
-1.213278596557938682e+00
-1.319199743876488862e+00
-1.203649401347161474e+00
-9.244027402346199906e-01
-6.547852743328558267e-01
-5.392349318035283279e-01
-6.644144695436331460e-01
-9.436611306561746293e-01
-1.232536986979493321e+00
-1.376974915141152778e+00
-1.290312158244157015e+00
-1.030323887553170170e+00
-7.510772264406286869e-01
-5.970101030681920218e-01
-6.740436647544103543e-01
-9.244027402346199906e-01
-1.213278596557938682e+00
-1.386604110351929986e+00
-1.338458134298043500e+00
-1.097728254028611294e+00
-8.088523977052924918e-01
-6.258976887005239798e-01
-6.451560791220785074e-01
-8.666275689699562967e-01
-1.155503425293274988e+00
-1.348087329508820709e+00
-1.338458134298043500e+00
-1.126615839660943141e+00
-8.377399833376243388e-01
-6.162684934897466604e-01
-5.970101030681920218e-01
-7.703356168621833255e-01
-1.049582277974724809e+00
-1.261424572611825168e+00
-1.290312158244157015e+00
-1.107357449239388503e+00
-8.184815929160698111e-01
-5.777517126466374942e-01
-5.103473461711964809e-01
-6.547852743328558267e-01
-9.147735450238426713e-01
-1.145874230082497780e+00
-1.203649401347161474e+00
-1.049582277974724809e+00
-7.703356168621833255e-01
-5.103473461711964809e-01
-4.044261988526462459e-01
-5.007181509604191616e-01
-7.414480312298514786e-01
-9.821779114992836845e-01
-1.068840668396279447e+00
-9.532903258669518376e-01
-6.933020551759649930e-01
-4.140553940634235097e-01
-2.792466611125414833e-01
-3.370218323772051772e-01
-5.488641270143056472e-01
-7.895940072837379642e-01
-9.051443498130653520e-01
-8.281107881268470194e-01
-5.873809078574148135e-01
-2.985050515340960109e-01
-1.251795377401047904e-01
-1.444379281616593735e-01
-3.370218323772051772e-01
-5.681225174358601748e-01
-7.125604455975196316e-01
-6.740436647544103543e-01
-4.525721749065326760e-01
-1.733255137939912482e-01
2.888758563233187471e-02
5.777517126466374942e-02
-1.059211473185502073e-01
-3.370218323772051772e-01
-5.007181509604191616e-01
-5.007181509604191616e-01
-3.081342467448733302e-01
-2.888758563233187471e-02
2.022130994263231230e-01
2.599882706909868446e-01
1.251795377401047904e-01
-9.629195210777291569e-02
-2.792466611125414833e-01
-3.081342467448733302e-01
-1.444379281616593735e-01
1.251795377401047904e-01
3.659094180095370796e-01
4.525721749065326760e-01
3.562802227987598158e-01
1.444379281616593735e-01
-4.814597605388645785e-02
-1.059211473185502073e-01
1.925839042155458314e-02
2.696174659017641639e-01
5.199765413819736892e-01
6.355268839113012991e-01
5.777517126466374942e-01
3.851678084310916628e-01
1.733255137939912482e-01
8.666275689699562412e-02
1.733255137939912482e-01
4.044261988526462459e-01
6.644144695436331460e-01
8.088523977052924918e-01
7.799648120729606449e-01
5.970101030681920218e-01
3.851678084310916628e-01
2.696174659017641639e-01
3.273926371664279134e-01
5.296057365927510086e-01
7.799648120729606449e-01
9.532903258669518376e-01
9.532903258669518376e-01
7.992232024945151725e-01
5.777517126466374942e-01
4.333137844849781484e-01
4.525721749065326760e-01
6.355268839113012991e-01
8.762567641807335050e-01
1.059211473185502017e+00
1.097728254028611294e+00
9.629195210777291569e-01
7.510772264406286869e-01
5.873809078574148135e-01
5.681225174358601748e-01
7.125604455975196316e-01
9.436611306561746293e-01
1.136245034871720350e+00
1.194020206136384044e+00
1.088099058817833864e+00
8.858859593915108244e-01
7.029312503867423123e-01
6.451560791220785074e-01
7.607064216514060062e-01
9.725487162885064762e-01
1.184391010925606835e+00
1.261424572611825168e+00
1.174761815714829627e+00
9.821779114992836845e-01
7.895940072837379642e-01
7.029312503867423123e-01
7.799648120729606449e-01
9.725487162885064762e-01
1.184391010925606835e+00
1.280682963033379806e+00
1.222907791768716113e+00
1.039953082763947378e+00
8.377399833376243388e-01
7.221896408082968399e-01
7.607064216514060062e-01
9.340319354453973100e-01
1.136245034871720350e+00
1.261424572611825168e+00
1.232536986979493321e+00
1.059211473185502017e+00
8.473691785484016581e-01
7.029312503867423123e-01
7.125604455975196316e-01
8.569983737591789774e-01
1.059211473185502017e+00
1.194020206136384044e+00
1.184391010925606835e+00
1.039953082763947378e+00
8.281107881268470194e-01
6.644144695436331460e-01
6.355268839113012991e-01
7.510772264406286869e-01
9.436611306561746293e-01
1.088099058817833864e+00
1.107357449239388503e+00
9.725487162885064762e-01
7.703356168621833255e-01
5.873809078574148135e-01
5.296057365927510086e-01
6.162684934897466604e-01
7.895940072837379642e-01
9.436611306561746293e-01
9.821779114992836845e-01
8.762567641807335050e-01
6.740436647544103543e-01
4.814597605388645785e-01
3.947970036418689821e-01
4.525721749065326760e-01
6.162684934897466604e-01
7.703356168621833255e-01
8.281107881268470194e-01
7.510772264406286869e-01
5.584933222250829665e-01
3.562802227987598158e-01
2.407298802694322892e-01
2.696174659017641639e-01
4.140553940634235097e-01
5.681225174358601748e-01
6.451560791220785074e-01
5.873809078574148135e-01
4.140553940634235097e-01
2.118422946371004145e-01
7.703356168621833255e-02
7.703356168621833255e-02
1.925839042155458314e-01
3.562802227987598158e-01
4.525721749065326760e-01
4.140553940634235097e-01
2.599882706909868446e-01
5.777517126466374942e-02
-9.629195210777291569e-02
-1.251795377401047904e-01
-2.888758563233187471e-02
1.251795377401047904e-01
2.311006850586549977e-01
2.214714898478777061e-01
8.666275689699562412e-02
-1.059211473185502073e-01
-2.696174659017641639e-01
-3.273926371664279134e-01
-2.503590754802095808e-01
-1.059211473185502073e-01
1.925839042155458314e-02
2.888758563233187471e-02
-7.703356168621833255e-02
-2.696174659017641639e-01
-4.429429796957554122e-01
-5.199765413819736892e-01
-4.622013701173099953e-01
-3.273926371664279134e-01
-1.925839042155458314e-01
-1.540671233724366651e-01
-2.503590754802095808e-01
-4.236845892742008290e-01
-5.970101030681920218e-01
-6.933020551759649930e-01
-6.644144695436331460e-01
-5.392349318035283279e-01
-3.947970036418689821e-01
-3.370218323772051772e-01
-4.044261988526462459e-01
-5.584933222250829665e-01
-7.414480312298514786e-01
-8.473691785484016581e-01
-8.377399833376243388e-01
-7.221896408082968399e-01
-5.777517126466374942e-01
-5.007181509604191616e-01
-5.392349318035283279e-01
-6.740436647544103543e-01
-8.473691785484016581e-01
-9.725487162885064762e-01
-9.821779114992836845e-01
-8.762567641807335050e-01
-7.414480312298514786e-01
-6.451560791220785074e-01
-6.547852743328558267e-01
-7.703356168621833255e-01
-9.340319354453973100e-01
-1.059211473185502017e+00
-1.088099058817833864e+00
-1.001436301920838323e+00
-8.666275689699562967e-01
-7.510772264406286869e-01
-7.318188360190741593e-01
-8.281107881268470194e-01
-9.821779114992836845e-01
-1.116986644450165933e+00
-1.165132620504052197e+00
-1.088099058817833864e+00
-9.532903258669518376e-01
-8.281107881268470194e-01
-7.895940072837379642e-01
-8.569983737591789774e-01
-1.001436301920838323e+00
-1.136245034871720350e+00
-1.194020206136384044e+00
-1.136245034871720350e+00
-1.001436301920838323e+00
-8.666275689699562967e-01
-8.088523977052924918e-01
-8.569983737591789774e-01
-9.821779114992836845e-01
-1.107357449239388503e+00
-1.174761815714829627e+00
-1.145874230082497780e+00
-1.020694692342392962e+00
-8.762567641807335050e-01
-7.895940072837379642e-01
-8.088523977052924918e-01
-9.147735450238426713e-01
-1.049582277974724809e+00
-1.126615839660943141e+00
-1.107357449239388503e+00
-9.918071067100610039e-01
-8.473691785484016581e-01
-7.414480312298514786e-01
-7.414480312298514786e-01
-8.281107881268470194e-01
-9.532903258669518376e-01
-1.030323887553170170e+00
-1.020694692342392962e+00
-9.244027402346199906e-01
-7.799648120729606449e-01
-6.644144695436331460e-01
-6.355268839113012991e-01
-7.029312503867423123e-01
-8.184815929160698111e-01
-9.051443498130653520e-01
-9.147735450238426713e-01
-8.184815929160698111e-01
-6.740436647544103543e-01
-5.488641270143056472e-01
-5.007181509604191616e-01
-5.488641270143056472e-01
-6.547852743328558267e-01
-7.414480312298514786e-01
-7.607064216514060062e-01
-6.836728599651876737e-01
-5.488641270143056472e-01
-4.140553940634235097e-01
-3.466510275879824965e-01
-3.755386132203143434e-01
-4.622013701173099953e-01
-5.584933222250829665e-01
-5.873809078574148135e-01
-5.296057365927510086e-01
-4.044261988526462459e-01
-2.599882706909868446e-01
-1.733255137939912482e-01
-1.829547090047685398e-01
-2.599882706909868446e-01
-3.562802227987598158e-01
-3.947970036418689821e-01
-3.562802227987598158e-01
-2.311006850586549977e-01
-9.629195210777291569e-02
0.000000000000000000e+00
1.925839042155458314e-02
-4.814597605388645785e-02
-1.444379281616593735e-01
-1.925839042155458314e-01
-1.636963185832139567e-01
-5.777517126466374942e-02
7.703356168621833255e-02
1.829547090047685398e-01
2.118422946371004145e-01
1.636963185832139567e-01
7.703356168621833255e-02
1.925839042155458314e-02
2.888758563233187471e-02
1.155503425293274988e-01
2.503590754802095808e-01
3.659094180095370796e-01
4.140553940634235097e-01
3.755386132203143434e-01
2.888758563233187471e-01
2.214714898478777061e-01
2.214714898478777061e-01
2.888758563233187471e-01
4.140553940634235097e-01
5.392349318035283279e-01
5.873809078574148135e-01
5.681225174358601748e-01
4.910889557496418423e-01
4.140553940634235097e-01
3.947970036418689821e-01
4.525721749065326760e-01
5.681225174358601748e-01
6.836728599651876737e-01
7.510772264406286869e-01
7.414480312298514786e-01
6.740436647544103543e-01
5.873809078574148135e-01
5.584933222250829665e-01
5.970101030681920218e-01
7.029312503867423123e-01
8.088523977052924918e-01
8.858859593915108244e-01
8.858859593915108244e-01
8.184815929160698111e-01
7.414480312298514786e-01
6.933020551759649930e-01
7.125604455975196316e-01
7.992232024945151725e-01
9.147735450238426713e-01
9.918071067100610039e-01
1.001436301920838323e+00
9.436611306561746293e-01
8.569983737591789774e-01
7.992232024945151725e-01
8.088523977052924918e-01
8.762567641807335050e-01
9.821779114992836845e-01
1.059211473185502017e+00
1.078469863607056656e+00
1.030323887553170170e+00
9.436611306561746293e-01
8.762567641807335050e-01
8.666275689699562967e-01
9.147735450238426713e-01
1.011065497131615532e+00
1.088099058817833864e+00
1.116986644450165933e+00
1.068840668396279447e+00
9.918071067100610039e-01
9.147735450238426713e-01
8.858859593915108244e-01
9.244027402346199906e-01
1.001436301920838323e+00
1.078469863607056656e+00
1.107357449239388503e+00
1.078469863607056656e+00
9.918071067100610039e-01
9.147735450238426713e-01
8.666275689699562967e-01
8.858859593915108244e-01
9.532903258669518376e-01
1.030323887553170170e+00
1.068840668396279447e+00
1.039953082763947378e+00
9.629195210777291569e-01
8.762567641807335050e-01
8.184815929160698111e-01
8.184815929160698111e-01
8.762567641807335050e-01
9.436611306561746293e-01
9.821779114992836845e-01
9.629195210777291569e-01
8.955151546022881437e-01
7.992232024945151725e-01
7.318188360190741593e-01
7.221896408082968399e-01
7.607064216514060062e-01
8.281107881268470194e-01
8.666275689699562967e-01
8.569983737591789774e-01
7.895940072837379642e-01
6.933020551759649930e-01
6.162684934897466604e-01
5.970101030681920218e-01
6.162684934897466604e-01
6.740436647544103543e-01
7.125604455975196316e-01
7.125604455975196316e-01
6.547852743328558267e-01
5.584933222250829665e-01
4.814597605388645785e-01
4.429429796957554122e-01
4.525721749065326760e-01
5.007181509604191616e-01
5.392349318035283279e-01
5.488641270143056472e-01
4.910889557496418423e-01
4.044261988526462459e-01
3.177634419556506495e-01
2.696174659017641639e-01
2.696174659017641639e-01
3.081342467448733302e-01
3.466510275879824965e-01
3.562802227987598158e-01
3.177634419556506495e-01
2.311006850586549977e-01
1.444379281616593735e-01
8.666275689699562412e-02
7.703356168621833255e-02
1.059211473185502073e-01
1.444379281616593735e-01
1.540671233724366651e-01
1.251795377401047904e-01
4.814597605388645785e-02
-3.851678084310916628e-02
-1.059211473185502073e-01
-1.251795377401047904e-01
-1.059211473185502073e-01
-6.740436647544104098e-02
-4.814597605388645785e-02
-6.740436647544104098e-02
-1.348087329508820820e-01
-2.214714898478777061e-01
-2.888758563233187471e-01
-3.177634419556506495e-01
-3.081342467448733302e-01
-2.696174659017641639e-01
-2.407298802694322892e-01
-2.599882706909868446e-01
-3.177634419556506495e-01
-3.947970036418689821e-01
-4.718305653280873146e-01
-5.007181509604191616e-01
-4.910889557496418423e-01
-4.622013701173099953e-01
-4.333137844849781484e-01
-4.333137844849781484e-01
-4.814597605388645785e-01
-5.584933222250829665e-01
-6.355268839113012991e-01
-6.740436647544103543e-01
-6.644144695436331460e-01
-6.355268839113012991e-01
-6.066392982789693411e-01
-5.970101030681920218e-01
-6.355268839113012991e-01
-7.029312503867423123e-01
-7.703356168621833255e-01
-8.088523977052924918e-01
-8.088523977052924918e-01
-7.799648120729606449e-01
-7.510772264406286869e-01
-7.318188360190741593e-01
-7.607064216514060062e-01
-8.184815929160698111e-01
-8.762567641807335050e-01
-9.244027402346199906e-01
-9.244027402346199906e-01
-9.051443498130653520e-01
-8.666275689699562967e-01
-8.377399833376243388e-01
-8.569983737591789774e-01
-9.051443498130653520e-01
-9.629195210777291569e-01
-1.001436301920838323e+00
-1.011065497131615532e+00
-9.821779114992836845e-01
-9.436611306561746293e-01
-9.147735450238426713e-01
-9.147735450238426713e-01
-9.532903258669518376e-01
-1.001436301920838323e+00
-1.039953082763947378e+00
-1.049582277974724809e+00
-1.030323887553170170e+00
-9.821779114992836845e-01
-9.532903258669518376e-01
-9.436611306561746293e-01
-9.629195210777291569e-01
-1.011065497131615532e+00
-1.049582277974724809e+00
-1.059211473185502017e+00
-1.030323887553170170e+00
-9.918071067100610039e-01
-9.436611306561746293e-01
-9.244027402346199906e-01
-9.436611306561746293e-01
-9.725487162885064762e-01
-1.011065497131615532e+00
-1.020694692342392962e+00
-1.001436301920838323e+00
-9.532903258669518376e-01
-9.051443498130653520e-01
-8.762567641807335050e-01
-8.762567641807335050e-01
-9.051443498130653520e-01
-9.340319354453973100e-01
-9.436611306561746293e-01
-9.244027402346199906e-01
-8.858859593915108244e-01
-8.281107881268470194e-01
-7.992232024945151725e-01
-7.895940072837379642e-01
-7.992232024945151725e-01
-8.281107881268470194e-01
-8.377399833376243388e-01
-8.184815929160698111e-01
-7.703356168621833255e-01
-7.221896408082968399e-01
-6.836728599651876737e-01
-6.644144695436331460e-01
-6.644144695436331460e-01
-6.836728599651876737e-01
-6.933020551759649930e-01
-6.836728599651876737e-01
-6.355268839113012991e-01
-5.873809078574148135e-01
-5.392349318035283279e-01
-5.103473461711964809e-01
-5.103473461711964809e-01
-5.199765413819736892e-01
-5.296057365927510086e-01
-5.199765413819736892e-01
-4.718305653280873146e-01
-4.236845892742008290e-01
-3.755386132203143434e-01
-3.370218323772051772e-01
-3.273926371664279134e-01
-3.370218323772051772e-01
-3.466510275879824965e-01
-3.370218323772051772e-01
-2.985050515340960109e-01
-2.407298802694322892e-01
-1.925839042155458314e-01
-1.540671233724366651e-01
-1.444379281616593735e-01
-1.444379281616593735e-01
-1.444379281616593735e-01
-1.348087329508820820e-01
-1.059211473185502073e-01
-5.777517126466374942e-02
-0.000000000000000000e+00
3.851678084310916628e-02
5.777517126466374942e-02
5.777517126466374942e-02
5.777517126466374942e-02
5.777517126466374942e-02
8.666275689699562412e-02
1.348087329508820820e-01
1.829547090047685398e-01
2.311006850586549977e-01
2.503590754802095808e-01
2.599882706909868446e-01
2.503590754802095808e-01
2.599882706909868446e-01
2.792466611125414833e-01
3.177634419556506495e-01
3.755386132203143434e-01
4.140553940634235097e-01
4.333137844849781484e-01
4.429429796957554122e-01
4.429429796957554122e-01
4.429429796957554122e-01
4.622013701173099953e-01
5.007181509604191616e-01
5.392349318035283279e-01
5.777517126466374942e-01
6.066392982789693411e-01
6.162684934897466604e-01
6.162684934897466604e-01
6.066392982789693411e-01
6.258976887005239798e-01
6.547852743328558267e-01
6.933020551759649930e-01
7.318188360190741593e-01
7.510772264406286869e-01
7.607064216514060062e-01
7.607064216514060062e-01
7.510772264406286869e-01
7.607064216514060062e-01
7.799648120729606449e-01
8.184815929160698111e-01
8.473691785484016581e-01
8.762567641807335050e-01
8.762567641807335050e-01
8.762567641807335050e-01
8.666275689699562967e-01
8.666275689699562967e-01
8.858859593915108244e-01
9.051443498130653520e-01
9.340319354453973100e-01
9.532903258669518376e-01
9.629195210777291569e-01
9.532903258669518376e-01
9.436611306561746293e-01
9.436611306561746293e-01
9.436611306561746293e-01
9.629195210777291569e-01
9.918071067100610039e-01
1.011065497131615532e+00
1.011065497131615532e+00
1.001436301920838323e+00
9.918071067100610039e-01
9.821779114992836845e-01
9.821779114992836845e-01
9.918071067100610039e-01
1.001436301920838323e+00
1.020694692342392962e+00
1.020694692342392962e+00
1.011065497131615532e+00
9.918071067100610039e-01
9.725487162885064762e-01
9.725487162885064762e-01
9.725487162885064762e-01
9.821779114992836845e-01
9.918071067100610039e-01
9.918071067100610039e-01
9.725487162885064762e-01
9.532903258669518376e-01
9.340319354453973100e-01
9.244027402346199906e-01
9.244027402346199906e-01
9.244027402346199906e-01
9.244027402346199906e-01
9.244027402346199906e-01
9.051443498130653520e-01
8.858859593915108244e-01
8.569983737591789774e-01
8.377399833376243388e-01
8.281107881268470194e-01
8.281107881268470194e-01
8.281107881268470194e-01
8.184815929160698111e-01
7.992232024945151725e-01
7.799648120729606449e-01
7.510772264406286869e-01
7.221896408082968399e-01
7.125604455975196316e-01
7.029312503867423123e-01
6.933020551759649930e-01
6.836728599651876737e-01
6.644144695436331460e-01
6.355268839113012991e-01
6.066392982789693411e-01
5.873809078574148135e-01
5.584933222250829665e-01
5.488641270143056472e-01
5.392349318035283279e-01
5.296057365927510086e-01
5.007181509604191616e-01
4.814597605388645785e-01
4.429429796957554122e-01
4.140553940634235097e-01
3.947970036418689821e-01
3.755386132203143434e-01
3.659094180095370796e-01
3.466510275879824965e-01
3.273926371664279134e-01
2.985050515340960109e-01
2.696174659017641639e-01
2.311006850586549977e-01
2.118422946371004145e-01
1.829547090047685398e-01
1.733255137939912482e-01
1.540671233724366651e-01
1.348087329508820820e-01
1.059211473185502073e-01
7.703356168621833255e-02
3.851678084310916628e-02
1.925839042155458314e-02
-9.629195210777291569e-03
-2.888758563233187471e-02
-4.814597605388645785e-02
-6.740436647544104098e-02
-8.666275689699562412e-02
-1.251795377401047904e-01
-1.540671233724366651e-01
-1.829547090047685398e-01
-2.022130994263231230e-01
-2.214714898478777061e-01
-2.407298802694322892e-01
-2.599882706909868446e-01
-2.792466611125414833e-01
-3.081342467448733302e-01
-3.370218323772051772e-01
-3.659094180095370796e-01
-3.851678084310916628e-01
-4.044261988526462459e-01
-4.236845892742008290e-01
-4.429429796957554122e-01
-4.622013701173099953e-01
-4.910889557496418423e-01
-5.199765413819736892e-01
-5.392349318035283279e-01
-5.584933222250829665e-01
-5.777517126466374942e-01
-5.970101030681920218e-01
-6.066392982789693411e-01
-6.258976887005239798e-01
-6.451560791220785074e-01
-6.740436647544103543e-01
-6.933020551759649930e-01
-7.125604455975196316e-01
-7.318188360190741593e-01
-7.414480312298514786e-01
-7.510772264406286869e-01
-7.703356168621833255e-01
-7.895940072837379642e-01
-7.992232024945151725e-01
-8.184815929160698111e-01
-8.377399833376243388e-01
-8.473691785484016581e-01
-8.569983737591789774e-01
-8.666275689699562967e-01
-8.762567641807335050e-01
-8.858859593915108244e-01
-9.051443498130653520e-01
-9.147735450238426713e-01
-9.244027402346199906e-01
-9.340319354453973100e-01
-9.436611306561746293e-01
-9.436611306561746293e-01
-9.532903258669518376e-01
-9.629195210777291569e-01
-9.725487162885064762e-01
-9.725487162885064762e-01
-9.821779114992836845e-01
-9.918071067100610039e-01
-9.918071067100610039e-01
-9.918071067100610039e-01
-9.918071067100610039e-01
-9.918071067100610039e-01
-1.001436301920838323e+00
-1.001436301920838323e+00
-1.001436301920838323e+00
-1.001436301920838323e+00
-1.001436301920838323e+00
-1.001436301920838323e+00
-9.918071067100610039e-01
-9.918071067100610039e-01
-9.918071067100610039e-01
-9.821779114992836845e-01
-9.821779114992836845e-01
-9.821779114992836845e-01
-9.725487162885064762e-01
-9.629195210777291569e-01
-9.532903258669518376e-01
-9.436611306561746293e-01
-9.436611306561746293e-01
-9.340319354453973100e-01
-9.244027402346199906e-01
-9.147735450238426713e-01
-9.051443498130653520e-01
-8.955151546022881437e-01
-8.858859593915108244e-01
-8.666275689699562967e-01
-8.569983737591789774e-01
-8.473691785484016581e-01
-8.281107881268470194e-01
-8.184815929160698111e-01
-7.992232024945151725e-01
-7.895940072837379642e-01
-7.703356168621833255e-01
-7.607064216514060062e-01
-7.414480312298514786e-01
-7.221896408082968399e-01
-7.029312503867423123e-01
-6.933020551759649930e-01
-6.740436647544103543e-01
-6.547852743328558267e-01
-6.355268839113012991e-01
-6.162684934897466604e-01
-5.970101030681920218e-01
-5.777517126466374942e-01
-5.584933222250829665e-01
-5.392349318035283279e-01
-5.103473461711964809e-01
-4.910889557496418423e-01
-4.718305653280873146e-01
-4.525721749065326760e-01
-4.236845892742008290e-01
-4.044261988526462459e-01
-3.851678084310916628e-01
-3.562802227987598158e-01
-3.370218323772051772e-01
-3.177634419556506495e-01
-2.888758563233187471e-01
-2.696174659017641639e-01
-2.407298802694322892e-01
-2.214714898478777061e-01
-1.925839042155458314e-01
-1.733255137939912482e-01
-1.444379281616593735e-01
-1.251795377401047904e-01
-9.629195210777291569e-02
-7.703356168621833255e-02
-4.814597605388645785e-02
-2.888758563233187471e-02
-0.000000000000000000e+00
2.888758563233187471e-02
4.814597605388645785e-02
7.703356168621833255e-02
9.629195210777291569e-02
1.251795377401047904e-01
1.444379281616593735e-01
1.733255137939912482e-01
1.925839042155458314e-01
2.214714898478777061e-01
2.407298802694322892e-01
2.696174659017641639e-01
2.888758563233187471e-01
3.177634419556506495e-01
3.370218323772051772e-01
3.562802227987598158e-01
3.851678084310916628e-01
4.044261988526462459e-01
4.236845892742008290e-01
4.525721749065326760e-01
4.718305653280873146e-01
4.910889557496418423e-01
5.103473461711964809e-01
5.392349318035283279e-01
5.584933222250829665e-01
5.777517126466374942e-01
5.970101030681920218e-01
6.162684934897466604e-01
6.355268839113012991e-01
6.547852743328558267e-01
6.740436647544103543e-01
6.933020551759649930e-01
7.029312503867423123e-01
7.221896408082968399e-01
7.414480312298514786e-01
7.607064216514060062e-01
7.703356168621833255e-01
7.895940072837379642e-01
7.992232024945151725e-01
8.184815929160698111e-01
8.281107881268470194e-01
8.473691785484016581e-01
8.569983737591789774e-01
8.666275689699562967e-01
8.858859593915108244e-01
8.955151546022881437e-01
9.051443498130653520e-01
9.147735450238426713e-01
9.244027402346199906e-01
9.340319354453973100e-01
9.436611306561746293e-01
9.436611306561746293e-01
9.532903258669518376e-01
9.629195210777291569e-01
9.725487162885064762e-01
9.821779114992836845e-01
9.821779114992836845e-01
9.821779114992836845e-01
9.918071067100610039e-01
9.918071067100610039e-01
9.918071067100610039e-01
1.001436301920838323e+00
1.001436301920838323e+00
1.001436301920838323e+00
1.001436301920838323e+00
1.001436301920838323e+00
1.001436301920838323e+00
9.918071067100610039e-01
9.918071067100610039e-01
9.918071067100610039e-01
9.918071067100610039e-01
9.918071067100610039e-01
9.821779114992836845e-01
9.725487162885064762e-01
9.725487162885064762e-01
9.629195210777291569e-01
9.532903258669518376e-01
9.436611306561746293e-01
9.436611306561746293e-01
9.340319354453973100e-01
9.244027402346199906e-01
9.147735450238426713e-01
9.051443498130653520e-01
8.858859593915108244e-01
8.762567641807335050e-01
8.666275689699562967e-01
8.569983737591789774e-01
8.473691785484016581e-01
8.377399833376243388e-01
8.184815929160698111e-01
7.992232024945151725e-01
7.895940072837379642e-01
7.703356168621833255e-01
7.510772264406286869e-01
7.414480312298514786e-01
7.318188360190741593e-01
7.125604455975196316e-01
6.933020551759649930e-01
6.740436647544103543e-01
6.451560791220785074e-01
6.258976887005239798e-01
6.066392982789693411e-01
5.970101030681920218e-01
5.777517126466374942e-01
5.584933222250829665e-01
5.392349318035283279e-01
5.199765413819736892e-01
4.910889557496418423e-01
4.622013701173099953e-01
4.429429796957554122e-01
4.236845892742008290e-01
4.044261988526462459e-01
3.851678084310916628e-01
3.659094180095370796e-01
3.370218323772051772e-01
3.081342467448733302e-01
2.792466611125414833e-01
2.599882706909868446e-01
2.407298802694322892e-01
2.214714898478777061e-01
2.022130994263231230e-01
1.829547090047685398e-01
1.540671233724366651e-01
1.251795377401047904e-01
8.666275689699562412e-02
6.740436647544104098e-02
4.814597605388645785e-02
2.888758563233187471e-02
9.629195210777291569e-03
-1.925839042155458314e-02
-3.851678084310916628e-02
-7.703356168621833255e-02
-1.059211473185502073e-01
-1.348087329508820820e-01
-1.540671233724366651e-01
-1.733255137939912482e-01
-1.829547090047685398e-01
-2.118422946371004145e-01
-2.311006850586549977e-01
-2.696174659017641639e-01
-2.985050515340960109e-01
-3.273926371664279134e-01
-3.466510275879824965e-01
-3.659094180095370796e-01
-3.755386132203143434e-01
-3.947970036418689821e-01
-4.140553940634235097e-01
-4.429429796957554122e-01
-4.814597605388645785e-01
-5.007181509604191616e-01
-5.296057365927510086e-01
-5.392349318035283279e-01
-5.488641270143056472e-01
-5.584933222250829665e-01
-5.873809078574148135e-01
-6.066392982789693411e-01
-6.355268839113012991e-01
-6.644144695436331460e-01
-6.836728599651876737e-01
-6.933020551759649930e-01
-7.029312503867423123e-01
-7.125604455975196316e-01
-7.221896408082968399e-01
-7.510772264406286869e-01
-7.799648120729606449e-01
-7.992232024945151725e-01
-8.184815929160698111e-01
-8.281107881268470194e-01
-8.281107881268470194e-01
-8.281107881268470194e-01
-8.377399833376243388e-01
-8.569983737591789774e-01
-8.858859593915108244e-01
-9.051443498130653520e-01
-9.244027402346199906e-01
-9.244027402346199906e-01
-9.244027402346199906e-01
-9.244027402346199906e-01
-9.244027402346199906e-01
-9.340319354453973100e-01
-9.532903258669518376e-01
-9.725487162885064762e-01
-9.918071067100610039e-01
-9.918071067100610039e-01
-9.821779114992836845e-01
-9.725487162885064762e-01
-9.725487162885064762e-01
-9.725487162885064762e-01
-9.918071067100610039e-01
-1.011065497131615532e+00
-1.020694692342392962e+00
-1.020694692342392962e+00
-1.001436301920838323e+00
-9.918071067100610039e-01
-9.821779114992836845e-01
-9.821779114992836845e-01
-9.918071067100610039e-01
-1.001436301920838323e+00
-1.011065497131615532e+00
-1.011065497131615532e+00
-9.918071067100610039e-01
-9.629195210777291569e-01
-9.436611306561746293e-01
-9.436611306561746293e-01
-9.436611306561746293e-01
-9.532903258669518376e-01
-9.629195210777291569e-01
-9.532903258669518376e-01
-9.340319354453973100e-01
-9.051443498130653520e-01
-8.858859593915108244e-01
-8.666275689699562967e-01
-8.666275689699562967e-01
-8.762567641807335050e-01
-8.762567641807335050e-01
-8.762567641807335050e-01
-8.473691785484016581e-01
-8.184815929160698111e-01
-7.799648120729606449e-01
-7.607064216514060062e-01
-7.510772264406286869e-01
-7.607064216514060062e-01
-7.607064216514060062e-01
-7.510772264406286869e-01
-7.318188360190741593e-01
-6.933020551759649930e-01
-6.547852743328558267e-01
-6.258976887005239798e-01
-6.066392982789693411e-01
-6.162684934897466604e-01
-6.162684934897466604e-01
-6.066392982789693411e-01
-5.777517126466374942e-01
-5.392349318035283279e-01
-5.007181509604191616e-01
-4.622013701173099953e-01
-4.429429796957554122e-01
-4.429429796957554122e-01
-4.429429796957554122e-01
-4.333137844849781484e-01
-4.140553940634235097e-01
-3.755386132203143434e-01
-3.177634419556506495e-01
-2.792466611125414833e-01
-2.599882706909868446e-01
-2.503590754802095808e-01
-2.599882706909868446e-01
-2.503590754802095808e-01
-2.311006850586549977e-01
-1.829547090047685398e-01
-1.348087329508820820e-01
-8.666275689699562412e-02
-5.777517126466374942e-02
-5.777517126466374942e-02
-5.777517126466374942e-02
-5.777517126466374942e-02
-3.851678084310916628e-02
0.000000000000000000e+00
5.777517126466374942e-02
1.059211473185502073e-01
1.348087329508820820e-01
1.444379281616593735e-01
1.444379281616593735e-01
1.444379281616593735e-01
1.540671233724366651e-01
1.925839042155458314e-01
2.407298802694322892e-01
2.985050515340960109e-01
3.370218323772051772e-01
3.466510275879824965e-01
3.370218323772051772e-01
3.273926371664279134e-01
3.370218323772051772e-01
3.755386132203143434e-01
4.236845892742008290e-01
4.718305653280873146e-01
5.199765413819736892e-01
5.296057365927510086e-01
5.199765413819736892e-01
5.103473461711964809e-01
5.103473461711964809e-01
5.392349318035283279e-01
5.873809078574148135e-01
6.355268839113012991e-01
6.836728599651876737e-01
6.933020551759649930e-01
6.836728599651876737e-01
6.644144695436331460e-01
6.644144695436331460e-01
6.836728599651876737e-01
7.221896408082968399e-01
7.703356168621833255e-01
8.184815929160698111e-01
8.377399833376243388e-01
8.281107881268470194e-01
7.992232024945151725e-01
7.895940072837379642e-01
7.992232024945151725e-01
8.281107881268470194e-01
8.858859593915108244e-01
9.244027402346199906e-01
9.436611306561746293e-01
9.340319354453973100e-01
9.051443498130653520e-01
8.762567641807335050e-01
8.762567641807335050e-01
9.051443498130653520e-01
9.532903258669518376e-01
1.001436301920838323e+00
1.020694692342392962e+00
1.011065497131615532e+00
9.725487162885064762e-01
9.436611306561746293e-01
9.244027402346199906e-01
9.436611306561746293e-01
9.918071067100610039e-01
1.030323887553170170e+00
1.059211473185502017e+00
1.049582277974724809e+00
1.011065497131615532e+00
9.629195210777291569e-01
9.436611306561746293e-01
9.532903258669518376e-01
9.821779114992836845e-01
1.030323887553170170e+00
1.049582277974724809e+00
1.039953082763947378e+00
1.001436301920838323e+00
9.532903258669518376e-01
9.147735450238426713e-01
9.147735450238426713e-01
9.436611306561746293e-01
9.821779114992836845e-01
1.011065497131615532e+00
1.001436301920838323e+00
9.629195210777291569e-01
9.051443498130653520e-01
8.569983737591789774e-01
8.377399833376243388e-01
8.666275689699562967e-01
9.051443498130653520e-01
9.244027402346199906e-01
9.244027402346199906e-01
8.762567641807335050e-01
8.184815929160698111e-01
7.607064216514060062e-01
7.318188360190741593e-01
7.510772264406286869e-01
7.799648120729606449e-01
8.088523977052924918e-01
8.088523977052924918e-01
7.703356168621833255e-01
7.029312503867423123e-01
6.355268839113012991e-01
5.970101030681920218e-01
6.066392982789693411e-01
6.355268839113012991e-01
6.644144695436331460e-01
6.740436647544103543e-01
6.355268839113012991e-01
5.584933222250829665e-01
4.814597605388645785e-01
4.333137844849781484e-01
4.333137844849781484e-01
4.622013701173099953e-01
4.910889557496418423e-01
5.007181509604191616e-01
4.718305653280873146e-01
3.947970036418689821e-01
3.177634419556506495e-01
2.599882706909868446e-01
2.407298802694322892e-01
2.696174659017641639e-01
3.081342467448733302e-01
3.177634419556506495e-01
2.888758563233187471e-01
2.214714898478777061e-01
1.348087329508820820e-01
6.740436647544104098e-02
4.814597605388645785e-02
6.740436647544104098e-02
1.059211473185502073e-01
1.251795377401047904e-01
1.059211473185502073e-01
3.851678084310916628e-02
-4.814597605388645785e-02
-1.251795377401047904e-01
-1.540671233724366651e-01
-1.444379281616593735e-01
-1.059211473185502073e-01
-7.703356168621833255e-02
-8.666275689699562412e-02
-1.444379281616593735e-01
-2.311006850586549977e-01
-3.177634419556506495e-01
-3.562802227987598158e-01
-3.466510275879824965e-01
-3.081342467448733302e-01
-2.696174659017641639e-01
-2.696174659017641639e-01
-3.177634419556506495e-01
-4.044261988526462459e-01
-4.910889557496418423e-01
-5.488641270143056472e-01
-5.392349318035283279e-01
-5.007181509604191616e-01
-4.525721749065326760e-01
-4.429429796957554122e-01
-4.814597605388645785e-01
-5.584933222250829665e-01
-6.547852743328558267e-01
-7.125604455975196316e-01
-7.125604455975196316e-01
-6.740436647544103543e-01
-6.162684934897466604e-01
-5.970101030681920218e-01
-6.162684934897466604e-01
-6.933020551759649930e-01
-7.895940072837379642e-01
-8.569983737591789774e-01
-8.666275689699562967e-01
-8.281107881268470194e-01
-7.607064216514060062e-01
-7.221896408082968399e-01
-7.318188360190741593e-01
-7.992232024945151725e-01
-8.955151546022881437e-01
-9.629195210777291569e-01
-9.821779114992836845e-01
-9.436611306561746293e-01
-8.762567641807335050e-01
-8.184815929160698111e-01
-8.184815929160698111e-01
-8.762567641807335050e-01
-9.629195210777291569e-01
-1.039953082763947378e+00
-1.068840668396279447e+00
-1.030323887553170170e+00
-9.532903258669518376e-01
-8.858859593915108244e-01
-8.666275689699562967e-01
-9.147735450238426713e-01
-9.918071067100610039e-01
-1.078469863607056656e+00
-1.107357449239388503e+00
-1.078469863607056656e+00
-1.001436301920838323e+00
-9.244027402346199906e-01
-8.858859593915108244e-01
-9.147735450238426713e-01
-9.918071067100610039e-01
-1.068840668396279447e+00
-1.116986644450165933e+00
-1.088099058817833864e+00
-1.011065497131615532e+00
-9.147735450238426713e-01
-8.666275689699562967e-01
-8.762567641807335050e-01
-9.436611306561746293e-01
-1.030323887553170170e+00
-1.078469863607056656e+00
-1.059211473185502017e+00
-9.821779114992836845e-01
-8.762567641807335050e-01
-8.088523977052924918e-01
-7.992232024945151725e-01
-8.569983737591789774e-01
-9.436611306561746293e-01
-1.001436301920838323e+00
-9.918071067100610039e-01
-9.147735450238426713e-01
-7.992232024945151725e-01
-7.125604455975196316e-01
-6.933020551759649930e-01
-7.414480312298514786e-01
-8.184815929160698111e-01
-8.858859593915108244e-01
-8.858859593915108244e-01
-8.088523977052924918e-01
-7.029312503867423123e-01
-5.970101030681920218e-01
-5.584933222250829665e-01
-5.873809078574148135e-01
-6.740436647544103543e-01
-7.414480312298514786e-01
-7.510772264406286869e-01
-6.836728599651876737e-01
-5.681225174358601748e-01
-4.525721749065326760e-01
-3.947970036418689821e-01
-4.140553940634235097e-01
-4.910889557496418423e-01
-5.681225174358601748e-01
-5.873809078574148135e-01
-5.392349318035283279e-01
-4.140553940634235097e-01
-2.888758563233187471e-01
-2.214714898478777061e-01
-2.214714898478777061e-01
-2.888758563233187471e-01
-3.755386132203143434e-01
-4.140553940634235097e-01
-3.659094180095370796e-01
-2.503590754802095808e-01
-1.155503425293274988e-01
-2.888758563233187471e-02
-1.925839042155458314e-02
-7.703356168621833255e-02
-1.636963185832139567e-01
-2.118422946371004145e-01
-1.829547090047685398e-01
-7.703356168621833255e-02
5.777517126466374942e-02
1.636963185832139567e-01
1.925839042155458314e-01
1.444379281616593735e-01
4.814597605388645785e-02
-1.925839042155458314e-02
-0.000000000000000000e+00
9.629195210777291569e-02
2.311006850586549977e-01
3.562802227987598158e-01
3.947970036418689821e-01
3.562802227987598158e-01
2.599882706909868446e-01
1.829547090047685398e-01
1.733255137939912482e-01
2.599882706909868446e-01
4.044261988526462459e-01
5.296057365927510086e-01
5.873809078574148135e-01
5.584933222250829665e-01
4.622013701173099953e-01
3.755386132203143434e-01
3.466510275879824965e-01
4.140553940634235097e-01
5.488641270143056472e-01
6.836728599651876737e-01
7.607064216514060062e-01
7.414480312298514786e-01
6.547852743328558267e-01
5.488641270143056472e-01
5.007181509604191616e-01
5.488641270143056472e-01
6.740436647544103543e-01
8.184815929160698111e-01
9.147735450238426713e-01
9.051443498130653520e-01
8.184815929160698111e-01
7.029312503867423123e-01
6.355268839113012991e-01
6.644144695436331460e-01
7.799648120729606449e-01
9.244027402346199906e-01
1.020694692342392962e+00
1.030323887553170170e+00
9.532903258669518376e-01
8.281107881268470194e-01
7.414480312298514786e-01
7.414480312298514786e-01
8.473691785484016581e-01
9.918071067100610039e-01
1.107357449239388503e+00
1.126615839660943141e+00
1.049582277974724809e+00
9.147735450238426713e-01
8.088523977052924918e-01
7.895940072837379642e-01
8.762567641807335050e-01
1.020694692342392962e+00
1.145874230082497780e+00
1.174761815714829627e+00
1.107357449239388503e+00
9.821779114992836845e-01
8.569983737591789774e-01
8.088523977052924918e-01
8.666275689699562967e-01
1.001436301920838323e+00
1.136245034871720350e+00
1.194020206136384044e+00
1.136245034871720350e+00
1.001436301920838323e+00
8.569983737591789774e-01
7.895940072837379642e-01
8.281107881268470194e-01
9.532903258669518376e-01
1.088099058817833864e+00
1.165132620504052197e+00
1.116986644450165933e+00
9.821779114992836845e-01
8.281107881268470194e-01
7.318188360190741593e-01
7.510772264406286869e-01
8.666275689699562967e-01
1.001436301920838323e+00
1.088099058817833864e+00
1.059211473185502017e+00
9.340319354453973100e-01
7.703356168621833255e-01
6.547852743328558267e-01
6.451560791220785074e-01
7.414480312298514786e-01
8.762567641807335050e-01
9.821779114992836845e-01
9.725487162885064762e-01
8.473691785484016581e-01
6.740436647544103543e-01
5.392349318035283279e-01
5.007181509604191616e-01
5.777517126466374942e-01
7.221896408082968399e-01
8.377399833376243388e-01
8.473691785484016581e-01
7.414480312298514786e-01
5.584933222250829665e-01
4.044261988526462459e-01
3.370218323772051772e-01
3.947970036418689821e-01
5.392349318035283279e-01
6.644144695436331460e-01
6.933020551759649930e-01
5.970101030681920218e-01
4.236845892742008290e-01
2.503590754802095808e-01
1.540671233724366651e-01
1.925839042155458314e-01
3.273926371664279134e-01
4.622013701173099953e-01
5.199765413819736892e-01
4.429429796957554122e-01
2.696174659017641639e-01
7.703356168621833255e-02
-2.888758563233187471e-02
-1.925839042155458314e-02
1.059211473185502073e-01
2.503590754802095808e-01
3.273926371664279134e-01
2.696174659017641639e-01
1.059211473185502073e-01
-8.666275689699562412e-02
-2.214714898478777061e-01
-2.311006850586549977e-01
-1.251795377401047904e-01
2.888758563233187471e-02
1.251795377401047904e-01
9.629195210777291569e-02
-5.777517126466374942e-02
-2.599882706909868446e-01
-4.140553940634235097e-01
-4.525721749065326760e-01
-3.562802227987598158e-01
-1.925839042155458314e-01
-7.703356168621833255e-02
-7.703356168621833255e-02
-2.118422946371004145e-01
-4.140553940634235097e-01
-5.873809078574148135e-01
-6.451560791220785074e-01
-5.681225174358601748e-01
-4.140553940634235097e-01
-2.696174659017641639e-01
-2.407298802694322892e-01
-3.562802227987598158e-01
-5.584933222250829665e-01
-7.510772264406286869e-01
-8.281107881268470194e-01
-7.703356168621833255e-01
-6.162684934897466604e-01
-4.525721749065326760e-01
-3.947970036418689821e-01
-4.814597605388645785e-01
-6.740436647544103543e-01
-8.762567641807335050e-01
-9.821779114992836845e-01
-9.436611306561746293e-01
-7.895940072837379642e-01
-6.162684934897466604e-01
-5.296057365927510086e-01
-5.873809078574148135e-01
-7.703356168621833255e-01
-9.725487162885064762e-01
-1.107357449239388503e+00
-1.088099058817833864e+00
-9.436611306561746293e-01
-7.510772264406286869e-01
-6.355268839113012991e-01
-6.644144695436331460e-01
-8.281107881268470194e-01
-1.039953082763947378e+00
-1.184391010925606835e+00
-1.194020206136384044e+00
-1.059211473185502017e+00
-8.569983737591789774e-01
-7.125604455975196316e-01
-7.029312503867423123e-01
-8.473691785484016581e-01
-1.059211473185502017e+00
-1.232536986979493321e+00
-1.261424572611825168e+00
-1.136245034871720350e+00
-9.340319354453973100e-01
-7.607064216514060062e-01
-7.221896408082968399e-01
-8.377399833376243388e-01
-1.039953082763947378e+00
-1.222907791768716113e+00
-1.280682963033379806e+00
-1.184391010925606835e+00
-9.725487162885064762e-01
-7.799648120729606449e-01
-7.029312503867423123e-01
-7.895940072837379642e-01
-9.821779114992836845e-01
-1.174761815714829627e+00
-1.261424572611825168e+00
-1.184391010925606835e+00
-9.725487162885064762e-01
-7.607064216514060062e-01
-6.451560791220785074e-01
-7.029312503867423123e-01
-8.858859593915108244e-01
-1.088099058817833864e+00
-1.194020206136384044e+00
-1.136245034871720350e+00
-9.436611306561746293e-01
-7.125604455975196316e-01
-5.681225174358601748e-01
-5.873809078574148135e-01
-7.510772264406286869e-01
-9.629195210777291569e-01
-1.097728254028611294e+00
-1.059211473185502017e+00
-8.762567641807335050e-01
-6.355268839113012991e-01
-4.525721749065326760e-01
-4.333137844849781484e-01
-5.777517126466374942e-01
-7.992232024945151725e-01
-9.532903258669518376e-01
-9.532903258669518376e-01
-7.799648120729606449e-01
-5.296057365927510086e-01
-3.273926371664279134e-01
-2.696174659017641639e-01
-3.851678084310916628e-01
-5.970101030681920218e-01
-7.799648120729606449e-01
-8.088523977052924918e-01
-6.644144695436331460e-01
-4.044261988526462459e-01
-1.733255137939912482e-01
-8.666275689699562412e-02
-1.733255137939912482e-01
-3.851678084310916628e-01
-5.777517126466374942e-01
-6.355268839113012991e-01
-5.199765413819736892e-01
-2.696174659017641639e-01
-1.925839042155458314e-02
1.059211473185502073e-01
4.814597605388645785e-02
-1.444379281616593735e-01
-3.562802227987598158e-01
-4.525721749065326760e-01
-3.659094180095370796e-01
-1.251795377401047904e-01
1.444379281616593735e-01
3.081342467448733302e-01
2.792466611125414833e-01
9.629195210777291569e-02
-1.251795377401047904e-01
-2.599882706909868446e-01
-2.022130994263231230e-01
2.888758563233187471e-02
3.081342467448733302e-01
5.007181509604191616e-01
5.007181509604191616e-01
3.370218323772051772e-01
1.059211473185502073e-01
-5.777517126466374942e-02
-2.888758563233187471e-02
1.733255137939912482e-01
4.525721749065326760e-01
6.740436647544103543e-01
7.125604455975196316e-01
5.681225174358601748e-01
3.370218323772051772e-01
1.444379281616593735e-01
1.251795377401047904e-01
2.985050515340960109e-01
5.873809078574148135e-01
8.281107881268470194e-01
9.051443498130653520e-01
7.895940072837379642e-01
5.488641270143056472e-01
3.370218323772051772e-01
2.792466611125414833e-01
4.140553940634235097e-01
6.933020551759649930e-01
9.532903258669518376e-01
1.068840668396279447e+00
9.821779114992836845e-01
7.414480312298514786e-01
5.007181509604191616e-01
4.044261988526462459e-01
5.103473461711964809e-01
7.703356168621833255e-01
1.049582277974724809e+00
1.203649401347161474e+00
1.145874230082497780e+00
9.147735450238426713e-01
6.547852743328558267e-01
5.103473461711964809e-01
5.777517126466374942e-01
8.184815929160698111e-01
1.107357449239388503e+00
1.290312158244157015e+00
1.261424572611825168e+00
1.049582277974724809e+00
7.703356168621833255e-01
5.970101030681920218e-01
6.162684934897466604e-01
8.377399833376243388e-01
1.126615839660943141e+00
1.338458134298043500e+00
1.348087329508820709e+00
1.155503425293274988e+00
8.666275689699562967e-01
6.451560791220785074e-01
6.258976887005239798e-01
8.088523977052924918e-01
1.097728254028611294e+00
1.338458134298043500e+00
1.386604110351929986e+00
1.213278596557938682e+00
9.244027402346199906e-01
6.740436647544103543e-01
5.970101030681920218e-01
7.510772264406286869e-01
1.030323887553170170e+00
1.290312158244157015e+00
1.376974915141152778e+00
1.232536986979493321e+00
9.436611306561746293e-01
6.644144695436331460e-01
5.392349318035283279e-01
6.547852743328558267e-01
9.244027402346199906e-01
1.203649401347161474e+00
1.319199743876488862e+00
1.213278596557938682e+00
9.340319354453973100e-01
6.258976887005239798e-01
4.622013701173099953e-01
5.296057365927510086e-01
7.799648120729606449e-01
1.068840668396279447e+00
1.222907791768716113e+00
1.155503425293274988e+00
8.858859593915108244e-01
5.584933222250829665e-01
3.562802227987598158e-01
3.755386132203143434e-01
5.970101030681920218e-01
8.955151546022881437e-01
1.088099058817833864e+00
1.059211473185502017e+00
8.088523977052924918e-01
4.718305653280873146e-01
2.214714898478777061e-01
1.925839042155458314e-01
3.947970036418689821e-01
6.933020551759649930e-01
9.147735450238426713e-01
9.244027402346199906e-01
7.029312503867423123e-01
3.659094180095370796e-01
7.703356168621833255e-02
0.000000000000000000e+00
1.636963185832139567e-01
4.622013701173099953e-01
7.221896408082968399e-01
7.703356168621833255e-01
5.777517126466374942e-01
2.407298802694322892e-01
-7.703356168621833255e-02
-2.022130994263231230e-01
-7.703356168621833255e-02
2.118422946371004145e-01
4.910889557496418423e-01
5.970101030681920218e-01
4.429429796957554122e-01
1.059211473185502073e-01
-2.311006850586549977e-01
-4.044261988526462459e-01
-3.177634419556506495e-01
-4.814597605388645785e-02
2.599882706909868446e-01
4.044261988526462459e-01
2.985050515340960109e-01
-1.925839042155458314e-02
-3.851678084310916628e-01
-5.970101030681920218e-01
-5.584933222250829665e-01
-3.081342467448733302e-01
9.629195210777291569e-03
2.022130994263231230e-01
1.444379281616593735e-01
-1.444379281616593735e-01
-5.199765413819736892e-01
-7.799648120729606449e-01
-7.895940072837379642e-01
-5.584933222250829665e-01
-2.311006850586549977e-01
0.000000000000000000e+00
-9.629195210777291569e-03
-2.696174659017641639e-01
-6.451560791220785074e-01
-9.340319354453973100e-01
-9.918071067100610039e-01
-7.895940072837379642e-01
-4.622013701173099953e-01
-1.925839042155458314e-01
-1.444379281616593735e-01
-3.659094180095370796e-01
-7.414480312298514786e-01
-1.059211473185502017e+00
-1.165132620504052197e+00
-1.001436301920838323e+00
-6.740436647544103543e-01
-3.659094180095370796e-01
-2.696174659017641639e-01
-4.429429796957554122e-01
-8.088523977052924918e-01
-1.155503425293274988e+00
-1.309570548665711653e+00
-1.184391010925606835e+00
-8.666275689699562967e-01
-5.296057365927510086e-01
-3.755386132203143434e-01
-5.007181509604191616e-01
-8.377399833376243388e-01
-1.213278596557938682e+00
-1.405862500773484625e+00
-1.328828939087266292e+00
-1.020694692342392962e+00
-6.644144695436331460e-01
-4.525721749065326760e-01
-5.296057365927510086e-01
-8.377399833376243388e-01
-1.222907791768716113e+00
-1.463637672038148319e+00
-1.434750086405816472e+00
-1.145874230082497780e+00
-7.703356168621833255e-01
-5.103473461711964809e-01
-5.199765413819736892e-01
-7.992232024945151725e-01
-1.194020206136384044e+00
-1.473266867248925527e+00
-1.492525257670480165e+00
-1.232536986979493321e+00
-8.377399833376243388e-01
-5.392349318035283279e-01
-4.910889557496418423e-01
-7.318188360190741593e-01
-1.116986644450165933e+00
-1.425120891195039263e+00
-1.492525257670480165e+00
-1.271053767822602598e+00
-8.858859593915108244e-01
-5.392349318035283279e-01
-4.333137844849781484e-01
-6.162684934897466604e-01
-9.918071067100610039e-01
-1.338458134298043500e+00
-1.454008476827371110e+00
-1.280682963033379806e+00
-8.858859593915108244e-01
-5.103473461711964809e-01
-3.466510275879824965e-01
-4.814597605388645785e-01
-8.377399833376243388e-01
-1.203649401347161474e+00
-1.376974915141152778e+00
-1.242166182190270529e+00
-8.666275689699562967e-01
-4.525721749065326760e-01
-2.311006850586549977e-01
-3.081342467448733302e-01
-6.355268839113012991e-01
-1.030323887553170170e+00
-1.242166182190270529e+00
-1.165132620504052197e+00
-8.088523977052924918e-01
-3.851678084310916628e-01
-1.059211473185502073e-01
-1.251795377401047904e-01
-4.140553940634235097e-01
-8.184815929160698111e-01
-1.078469863607056656e+00
-1.049582277974724809e+00
-7.318188360190741593e-01
-2.888758563233187471e-01
3.851678084310916628e-02
8.666275689699562412e-02
-1.733255137939912482e-01
-5.681225174358601748e-01
-8.762567641807335050e-01
-9.051443498130653520e-01
-6.258976887005239798e-01
-1.829547090047685398e-01
1.925839042155458314e-01
2.985050515340960109e-01
8.666275689699562412e-02
-3.081342467448733302e-01
-6.547852743328558267e-01
-7.414480312298514786e-01
-5.103473461711964809e-01
-6.740436647544104098e-02
3.370218323772051772e-01
5.103473461711964809e-01
3.466510275879824965e-01
-3.851678084310916628e-02
-4.140553940634235097e-01
-5.584933222250829665e-01
-3.851678084310916628e-01
3.851678084310916628e-02
4.814597605388645785e-01
7.125604455975196316e-01
6.066392982789693411e-01
2.407298802694322892e-01
-1.636963185832139567e-01
-3.659094180095370796e-01
-2.503590754802095808e-01
1.540671233724366651e-01
6.162684934897466604e-01
8.955151546022881437e-01
8.569983737591789774e-01
5.199765413819736892e-01
9.629195210777291569e-02
-1.733255137939912482e-01
-1.155503425293274988e-01
2.503590754802095808e-01
7.221896408082968399e-01
1.059211473185502017e+00
1.078469863607056656e+00
7.799648120729606449e-01
3.370218323772051772e-01
1.925839042155458314e-02
9.629195210777291569e-03
3.370218323772051772e-01
8.088523977052924918e-01
1.194020206136384044e+00
1.271053767822602598e+00
1.011065497131615532e+00
5.681225174358601748e-01
2.022130994263231230e-01
1.251795377401047904e-01
3.947970036418689821e-01
8.666275689699562967e-01
1.290312158244157015e+00
1.425120891195039263e+00
1.213278596557938682e+00
7.799648120729606449e-01
3.755386132203143434e-01
2.214714898478777061e-01
4.333137844849781484e-01
8.858859593915108244e-01
1.338458134298043500e+00
1.540671233724366651e+00
1.386604110351929986e+00
9.629195210777291569e-01
5.199765413819736892e-01
3.081342467448733302e-01
4.429429796957554122e-01
8.762567641807335050e-01
1.348087329508820709e+00
1.608075600199807775e+00
1.511783648092034804e+00
1.107357449239388503e+00
6.355268839113012991e-01
3.562802227987598158e-01
4.333137844849781484e-01
8.184815929160698111e-01
1.309570548665711653e+00
1.627333990621362192e+00
1.588817209778253137e+00
1.222907791768716113e+00
7.318188360190741593e-01
3.851678084310916628e-01
3.851678084310916628e-01
7.318188360190741593e-01
1.222907791768716113e+00
1.588817209778253137e+00
1.617704795410584984e+00
1.290312158244157015e+00
7.895940072837379642e-01
3.947970036418689821e-01
3.177634419556506495e-01
6.066392982789693411e-01
1.088099058817833864e+00
1.502154452881257374e+00
1.598446404989030345e+00
1.319199743876488862e+00
8.184815929160698111e-01
3.659094180095370796e-01
2.214714898478777061e-01
4.429429796957554122e-01
9.147735450238426713e-01
1.367345719930375347e+00
1.531042038513589443e+00
1.309570548665711653e+00
8.184815929160698111e-01
3.273926371664279134e-01
9.629195210777291569e-02
2.599882706909868446e-01
7.125604455975196316e-01
1.184391010925606835e+00
1.415491695984261833e+00
1.251795377401047960e+00
7.895940072837379642e-01
2.599882706909868446e-01
-2.888758563233187471e-02
5.777517126466374942e-02
4.718305653280873146e-01
9.629195210777291569e-01
1.251795377401047960e+00
1.165132620504052197e+00
7.318188360190741593e-01
1.829547090047685398e-01
-1.829547090047685398e-01
-1.636963185832139567e-01
2.022130994263231230e-01
7.125604455975196316e-01
1.059211473185502017e+00
1.039953082763947378e+00
6.547852743328558267e-01
9.629195210777291569e-02
-3.273926371664279134e-01
-3.947970036418689821e-01
-7.703356168621833255e-02
4.333137844849781484e-01
8.377399833376243388e-01
8.955151546022881437e-01
5.584933222250829665e-01
0.000000000000000000e+00
-4.718305653280873146e-01
-6.162684934897466604e-01
-3.562802227987598158e-01
1.444379281616593735e-01
5.970101030681920218e-01
7.318188360190741593e-01
4.525721749065326760e-01
-9.629195210777291569e-02
-6.162684934897466604e-01
-8.377399833376243388e-01
-6.355268839113012991e-01
-1.540671233724366651e-01
3.370218323772051772e-01
5.488641270143056472e-01
3.370218323772051772e-01
-1.829547090047685398e-01
-7.414480312298514786e-01
-1.030323887553170170e+00
-9.051443498130653520e-01
-4.525721749065326760e-01
7.703356168621833255e-02
3.562802227987598158e-01
2.214714898478777061e-01
-2.599882706909868446e-01
-8.473691785484016581e-01
-1.203649401347161474e+00
-1.155503425293274988e+00
-7.318188360190741593e-01
-1.829547090047685398e-01
1.636963185832139567e-01
1.155503425293274988e-01
-3.273926371664279134e-01
-9.147735450238426713e-01
-1.338458134298043500e+00
-1.367345719930375347e+00
-9.918071067100610039e-01
-4.333137844849781484e-01
-1.925839042155458314e-02
9.629195210777291569e-03
-3.659094180095370796e-01
-9.629195210777291569e-01
-1.434750086405816472e+00
-1.540671233724366651e+00
-1.222907791768716113e+00
-6.644144695436331460e-01
-1.925839042155458314e-01
-7.703356168621833255e-02
-3.851678084310916628e-01
-9.629195210777291569e-01
-1.492525257670480165e+00
-1.675479966675248678e+00
-1.415491695984261833e+00
-8.666275689699562967e-01
-3.466510275879824965e-01
-1.444379281616593735e-01
-3.851678084310916628e-01
-9.340319354453973100e-01
-1.502154452881257374e+00
-1.762142723572244440e+00
-1.569558819356698498e+00
-1.039953082763947378e+00
-4.814597605388645785e-01
-1.925839042155458314e-01
-3.466510275879824965e-01
-8.666275689699562967e-01
-1.454008476827371110e+00
-1.791030309204576287e+00
-1.675479966675248678e+00
-1.184391010925606835e+00
-5.873809078574148135e-01
-2.214714898478777061e-01
-2.888758563233187471e-01
-7.607064216514060062e-01
-1.367345719930375347e+00
-1.762142723572244440e+00
-1.733255137939912593e+00
-1.280682963033379806e+00
-6.644144695436331460e-01
-2.214714898478777061e-01
-2.022130994263231230e-01
-6.162684934897466604e-01
-1.222907791768716113e+00
-1.685109161886026108e+00
-1.733255137939912593e+00
-1.338458134298043500e+00
-7.125604455975196316e-01
-2.022130994263231230e-01
-9.629195210777291569e-02
-4.333137844849781484e-01
-1.039953082763947378e+00
-1.550300428935143859e+00
-1.685109161886026108e+00
-1.348087329508820709e+00
-7.318188360190741593e-01
-1.636963185832139567e-01
3.851678084310916628e-02
-2.311006850586549977e-01
-8.088523977052924918e-01
-1.367345719930375347e+00
-1.588817209778253137e+00
-1.328828939087266292e+00
-7.318188360190741593e-01
-1.155503425293274988e-01
1.733255137939912482e-01
-9.629195210777291569e-03
-5.488641270143056472e-01
-1.145874230082497780e+00
-1.444379281616593680e+00
-1.261424572611825168e+00
-6.933020551759649930e-01
-4.814597605388645785e-02
3.273926371664279134e-01
2.311006850586549977e-01
-2.696174659017641639e-01
-8.858859593915108244e-01
-1.261424572611825168e+00
-1.165132620504052197e+00
-6.451560791220785074e-01
2.888758563233187471e-02
4.814597605388645785e-01
4.814597605388645785e-01
2.888758563233187471e-02
-5.970101030681920218e-01
-1.049582277974724809e+00
-1.039953082763947378e+00
-5.777517126466374942e-01
1.059211473185502073e-01
6.355268839113012991e-01
7.221896408082968399e-01
3.370218323772051772e-01
-2.888758563233187471e-01
-7.992232024945151725e-01
-8.955151546022881437e-01
-4.910889557496418423e-01
1.829547090047685398e-01
7.703356168621833255e-01
9.532903258669518376e-01
6.451560791220785074e-01
2.888758563233187471e-02
-5.392349318035283279e-01
-7.221896408082968399e-01
-4.044261988526462459e-01
2.503590754802095808e-01
8.955151546022881437e-01
1.165132620504052197e+00
9.436611306561746293e-01
3.466510275879824965e-01
-2.696174659017641639e-01
-5.488641270143056472e-01
-3.177634419556506495e-01
3.081342467448733302e-01
9.918071067100610039e-01
1.357716524719598139e+00
1.213278596557938682e+00
6.547852743328558267e-01
0.000000000000000000e+00
-3.659094180095370796e-01
-2.214714898478777061e-01
3.562802227987598158e-01
1.059211473185502017e+00
1.502154452881257374e+00
1.454008476827371110e+00
9.436611306561746293e-01
2.696174659017641639e-01
-1.829547090047685398e-01
-1.444379281616593735e-01
3.755386132203143434e-01
1.088099058817833864e+00
1.608075600199807775e+00
1.656221576253694039e+00
1.203649401347161474e+00
5.199765413819736892e-01
-9.629195210777291569e-03
-7.703356168621833255e-02
3.755386132203143434e-01
1.078469863607056656e+00
1.665850771464471469e+00
1.810288699626130704e+00
1.425120891195039263e+00
7.414480312298514786e-01
1.444379281616593735e-01
-1.925839042155458314e-02
3.466510275879824965e-01
1.039953082763947378e+00
1.675479966675248678e+00
1.906580651733903675e+00
1.608075600199807775e+00
9.436611306561746293e-01
2.888758563233187471e-01
1.925839042155458314e-02
2.888758563233187471e-01
9.532903258669518376e-01
1.636963185832139622e+00
1.954726627787790161e+00
1.742884333150689802e+00
1.107357449239388503e+00
4.044261988526462459e-01
3.851678084310916628e-02
2.118422946371004145e-01
8.184815929160698111e-01
1.540671233724366651e+00
1.945097432577012952e+00
1.829547090047685343e+00
1.232536986979493321e+00
5.007181509604191616e-01
3.851678084310916628e-02
1.059211473185502073e-01
6.547852743328558267e-01
1.386604110351929986e+00
1.877693066101571828e+00
1.858434675680017190e+00
1.319199743876488862e+00
5.681225174358601748e-01
1.925839042155458314e-02
-1.925839042155458314e-02
4.622013701173099953e-01
1.194020206136384044e+00
1.762142723572244440e+00
1.829547090047685343e+00
1.367345719930375347e+00
6.162684934897466604e-01
-9.629195210777291569e-03
-1.636963185832139567e-01
2.311006850586549977e-01
9.532903258669518376e-01
1.579188014567475928e+00
1.762142723572244440e+00
1.376974915141152778e+00
6.355268839113012991e-01
-5.777517126466374942e-02
-3.273926371664279134e-01
-1.925839042155458314e-02
6.740436647544103543e-01
1.357716524719598139e+00
1.636963185832139622e+00
1.338458134298043500e+00
6.258976887005239798e-01
-1.155503425293274988e-01
-4.910889557496418423e-01
-2.792466611125414833e-01
3.659094180095370796e-01
1.088099058817833864e+00
1.473266867248925527e+00
1.271053767822602598e+00
5.970101030681920218e-01
-1.829547090047685398e-01
-6.547852743328558267e-01
-5.488641270143056472e-01
4.814597605388645785e-02
7.992232024945151725e-01
1.261424572611825168e+00
1.174761815714829627e+00
5.584933222250829665e-01
-2.503590754802095808e-01
-8.088523977052924918e-01
-8.184815929160698111e-01
-2.888758563233187471e-01
4.718305653280873146e-01
1.030323887553170170e+00
1.049582277974724809e+00
5.103473461711964809e-01
-3.081342467448733302e-01
-9.532903258669518376e-01
-1.068840668396279447e+00
-6.258976887005239798e-01
1.348087329508820820e-01
7.703356168621833255e-01
8.955151546022881437e-01
4.429429796957554122e-01
-3.562802227987598158e-01
-1.068840668396279447e+00
-1.309570548665711653e+00
-9.436611306561746293e-01
-2.022130994263231230e-01
4.910889557496418423e-01
7.414480312298514786e-01
3.755386132203143434e-01
-3.947970036418689821e-01
-1.165132620504052197e+00
-1.511783648092034804e+00
-1.242166182190270529e+00
-5.392349318035283279e-01
2.118422946371004145e-01
5.681225174358601748e-01
3.177634419556506495e-01
-4.140553940634235097e-01
-1.222907791768716113e+00
-1.675479966675248678e+00
-1.511783648092034804e+00
-8.473691785484016581e-01
-6.740436647544104098e-02
3.947970036418689821e-01
2.599882706909868446e-01
-4.140553940634235097e-01
-1.251795377401047960e+00
-1.791030309204576287e+00
-1.742884333150689802e+00
-1.145874230082497780e+00
-3.273926371664279134e-01
2.311006850586549977e-01
2.118422946371004145e-01
-3.851678084310916628e-01
-1.232536986979493321e+00
-1.858434675680017190e+00
-1.925839042155458314e+00
-1.396233305562707194e+00
-5.777517126466374942e-01
6.740436647544104098e-02
1.733255137939912482e-01
-3.370218323772051772e-01
-1.174761815714829627e+00
-1.877693066101571828e+00
-2.060647775106340340e+00
-1.617704795410584984e+00
-7.992232024945151725e-01
-7.703356168621833255e-02
1.540671233724366651e-01
-2.599882706909868446e-01
-1.068840668396279447e+00
-1.839176285258462773e+00
-2.128052141581781243e+00
-1.781401113993798857e+00
-9.918071067100610039e-01
-2.022130994263231230e-01
1.444379281616593735e-01
-1.540671233724366651e-01
-9.244027402346199906e-01
-1.742884333150689802e+00
-2.137681336792558895e+00
-1.896951456523126467e+00
-1.145874230082497780e+00
-3.081342467448733302e-01
1.540671233724366651e-01
-1.925839042155458314e-02
-7.414480312298514786e-01
-1.588817209778253137e+00
-2.089535360738672409e+00
-1.964355822998567369e+00
-1.271053767822602598e+00
-3.947970036418689821e-01
1.733255137939912482e-01
1.251795377401047904e-01
-5.103473461711964809e-01
-1.376974915141152778e+00
-1.983614213420122008e+00
-1.973985018209344799e+00
-1.348087329508820709e+00
-4.525721749065326760e-01
2.118422946371004145e-01
2.888758563233187471e-01
-2.599882706909868446e-01
-1.126615839660943141e+00
-1.810288699626130704e+00
-1.925839042155458314e+00
-1.386604110351929986e+00
-5.007181509604191616e-01
2.599882706909868446e-01
4.622013701173099953e-01
9.629195210777291569e-03
-8.377399833376243388e-01
-1.588817209778253137e+00
-1.819917894836908134e+00
-1.386604110351929986e+00
-5.199765413819736892e-01
3.081342467448733302e-01
6.451560791220785074e-01
3.081342467448733302e-01
-5.103473461711964809e-01
-1.328828939087266292e+00
-1.675479966675248678e+00
-1.348087329508820709e+00
-5.199765413819736892e-01
3.659094180095370796e-01
8.184815929160698111e-01
5.970101030681920218e-01
-1.636963185832139567e-01
-1.020694692342392962e+00
-1.492525257670480165e+00
-1.280682963033379806e+00
-5.007181509604191616e-01
4.236845892742008290e-01
9.918071067100610039e-01
8.955151546022881437e-01
2.022130994263231230e-01
-6.933020551759649930e-01
-1.261424572611825168e+00
-1.184391010925606835e+00
-4.814597605388645785e-01
4.718305653280873146e-01
1.136245034871720350e+00
1.174761815714829627e+00
5.584933222250829665e-01
-3.370218323772051772e-01
-1.011065497131615532e+00
-1.059211473185502017e+00
-4.429429796957554122e-01
5.007181509604191616e-01
1.271053767822602598e+00
1.434750086405816472e+00
9.147735450238426713e-01
1.925839042155458314e-02
-7.414480312298514786e-01
-9.244027402346199906e-01
-4.140553940634235097e-01
5.199765413819736892e-01
1.367345719930375347e+00
1.656221576253694039e+00
1.251795377401047960e+00
3.755386132203143434e-01
-4.525721749065326760e-01
-7.703356168621833255e-01
-3.755386132203143434e-01
5.199765413819736892e-01
1.425120891195039263e+00
1.848805480469239981e+00
1.550300428935143859e+00
7.221896408082968399e-01
-1.733255137939912482e-01
-6.162684934897466604e-01
-3.466510275879824965e-01
4.910889557496418423e-01
1.444379281616593680e+00
1.983614213420122008e+00
1.819917894836908134e+00
1.039953082763947378e+00
1.059211473185502073e-01
-4.525721749065326760e-01
-3.273926371664279134e-01
4.429429796957554122e-01
1.415491695984261833e+00
2.070276970317117549e+00
2.031760189474008715e+00
1.338458134298043500e+00
3.755386132203143434e-01
-2.985050515340960109e-01
-3.081342467448733302e-01
3.659094180095370796e-01
1.348087329508820709e+00
2.099164555949449618e+00
2.195456508057222589e+00
1.588817209778253137e+00
6.162684934897466604e-01
-1.540671233724366651e-01
-3.081342467448733302e-01
2.599882706909868446e-01
1.232536986979493321e+00
2.060647775106340340e+00
2.291748460164995560e+00
1.791030309204576287e+00
8.377399833376243388e-01
-2.888758563233187471e-02
-3.177634419556506495e-01
1.251795377401047904e-01
1.068840668396279447e+00
1.964355822998567369e+00
2.330265241008104393e+00
1.945097432577012952e+00
1.020694692342392962e+00
8.666275689699562412e-02
-3.466510275879824965e-01
-2.888758563233187471e-02
8.569983737591789774e-01
1.810288699626130704e+00
2.301377655375772768e+00
2.041389384684785924e+00
1.174761815714829627e+00
1.829547090047685398e-01
-3.755386132203143434e-01
-2.022130994263231230e-01
6.162684934897466604e-01
1.598446404989030345e+00
2.205085703267999797e+00
2.079906165527894757e+00
1.290312158244157015e+00
2.599882706909868446e-01
-4.236845892742008290e-01
-3.947970036418689821e-01
3.370218323772051772e-01
1.338458134298043500e+00
2.051018579895563132e+00
2.070276970317117549e+00
1.357716524719598139e+00
3.273926371664279134e-01
-4.718305653280873146e-01
-5.873809078574148135e-01
2.888758563233187471e-02
1.030323887553170170e+00
1.839176285258462773e+00
1.993243408630899438e+00
1.396233305562707194e+00
3.659094180095370796e-01
-5.296057365927510086e-01
-7.895940072837379642e-01
-2.888758563233187471e-01
6.933020551759649930e-01
1.579188014567475928e+00
1.877693066101571828e+00
1.396233305562707194e+00
3.947970036418689821e-01
-5.777517126466374942e-01
-9.918071067100610039e-01
-6.162684934897466604e-01
3.177634419556506495e-01
1.280682963033379806e+00
1.713996747518357955e+00
1.357716524719598139e+00
4.044261988526462459e-01
-6.258976887005239798e-01
-1.174761815714829627e+00
-9.436611306561746293e-01
-6.740436647544104098e-02
9.436611306561746293e-01
1.502154452881257374e+00
1.290312158244157015e+00
4.140553940634235097e-01
-6.644144695436331460e-01
-1.338458134298043500e+00
-1.251795377401047960e+00
-4.622013701173099953e-01
5.777517126466374942e-01
1.261424572611825168e+00
1.203649401347161474e+00
4.140553940634235097e-01
-6.836728599651876737e-01
-1.473266867248925527e+00
-1.540671233724366651e+00
-8.473691785484016581e-01
2.022130994263231230e-01
1.001436301920838323e+00
1.088099058817833864e+00
4.044261988526462459e-01
-6.836728599651876737e-01
-1.579188014567475928e+00
-1.791030309204576287e+00
-1.213278596557938682e+00
-1.829547090047685398e-01
7.221896408082968399e-01
9.629195210777291569e-01
4.044261988526462459e-01
-6.644144695436331460e-01
-1.646592381042916831e+00
-2.002872603841676646e+00
-1.550300428935143859e+00
-5.488641270143056472e-01
4.333137844849781484e-01
8.281107881268470194e-01
4.044261988526462459e-01
-6.162684934897466604e-01
-1.665850771464471469e+00
-2.166568922424890520e+00
-1.848805480469239981e+00
-9.051443498130653520e-01
1.444379281616593735e-01
6.836728599651876737e-01
4.044261988526462459e-01
-5.392349318035283279e-01
-1.636963185832139622e+00
-2.272490069743440699e+00
-2.108793751160226826e+00
-1.222907791768716113e+00
-1.348087329508820820e-01
5.392349318035283279e-01
4.236845892742008290e-01
-4.333137844849781484e-01
-1.559929624145921290e+00
-2.320636045797327185e+00
-2.301377655375772768e+00
-1.511783648092034804e+00
-4.044261988526462459e-01
4.044261988526462459e-01
4.429429796957554122e-01
-2.985050515340960109e-01
-1.425120891195039263e+00
-2.301377655375772768e+00
-2.436186388326654573e+00
-1.752513528361467010e+00
-6.451560791220785074e-01
2.792466611125414833e-01
4.814597605388645785e-01
-1.444379281616593735e-01
-1.251795377401047960e+00
-2.214714898478777005e+00
-2.503590754802095919e+00
-1.945097432577012952e+00
-8.569983737591789774e-01
1.540671233724366651e-01
5.296057365927510086e-01
3.851678084310916628e-02
-1.020694692342392962e+00
-2.070276970317117549e+00
-2.503590754802095919e+00
-2.079906165527894757e+00
-1.039953082763947378e+00
5.777517126466374942e-02
5.777517126466374942e-01
2.503590754802095808e-01
-7.510772264406286869e-01
-1.858434675680017190e+00
-2.436186388326654573e+00
-2.166568922424890520e+00
-1.184391010925606835e+00
-3.851678084310916628e-02
6.355268839113012991e-01
4.622013701173099953e-01
-4.525721749065326760e-01
-1.588817209778253137e+00
-2.301377655375772768e+00
-2.185827312846445381e+00
-1.290312158244157015e+00
-1.155503425293274988e-01
6.933020551759649930e-01
6.933020551759649930e-01
-1.155503425293274988e-01
-1.271053767822602598e+00
-2.108793751160226826e+00
-2.147310532003336103e+00
-1.367345719930375347e+00
-1.733255137939912482e-01
7.607064216514060062e-01
9.244027402346199906e-01
2.311006850586549977e-01
-9.051443498130653520e-01
-1.858434675680017190e+00
-2.060647775106340340e+00
-1.396233305562707194e+00
-2.214714898478777061e-01
8.088523977052924918e-01
1.145874230082497780e+00
5.970101030681920218e-01
-5.199765413819736892e-01
-1.559929624145921290e+00
-1.925839042155458314e+00
-1.396233305562707194e+00
-2.696174659017641639e-01
8.569983737591789774e-01
1.348087329508820709e+00
9.532903258669518376e-01
-1.059211473185502073e-01
-1.213278596557938682e+00
-1.742884333150689802e+00
-1.367345719930375347e+00
-2.985050515340960109e-01
8.858859593915108244e-01
1.540671233724366651e+00
1.299941353454934445e+00
3.177634419556506495e-01
-8.473691785484016581e-01
-1.521412843302812012e+00
-1.309570548665711653e+00
-3.273926371664279134e-01
8.955151546022881437e-01
1.694738357096803316e+00
1.617704795410584984e+00
7.318188360190741593e-01
-4.622013701173099953e-01
-1.271053767822602598e+00
-1.232536986979493321e+00
-3.562802227987598158e-01
8.858859593915108244e-01
1.810288699626130704e+00
1.906580651733903675e+00
1.136245034871720350e+00
-5.777517126466374942e-02
-1.001436301920838323e+00
-1.136245034871720350e+00
-3.851678084310916628e-01
8.473691785484016581e-01
1.887322261312349259e+00
2.147310532003336103e+00
1.511783648092034804e+00
3.370218323772051772e-01
-7.125604455975196316e-01
-1.020694692342392962e+00
-4.140553940634235097e-01
7.799648120729606449e-01
1.906580651733903675e+00
2.339894436218882046e+00
1.848805480469239981e+00
7.125604455975196316e-01
-4.236845892742008290e-01
-9.051443498130653520e-01
-4.525721749065326760e-01
6.836728599651876737e-01
1.877693066101571828e+00
2.474703169169763850e+00
2.137681336792558895e+00
1.068840668396279447e+00
-1.348087329508820820e-01
-7.799648120729606449e-01
-5.007181509604191616e-01
5.488641270143056472e-01
1.800659504415353496e+00
2.542107535645205196e+00
2.378411217061990879e+00
1.386604110351929986e+00
1.444379281616593735e-01
-6.547852743328558267e-01
-5.584933222250829665e-01
3.947970036418689821e-01
1.665850771464471469e+00
2.551736730855982405e+00
2.551736730855982405e+00
1.675479966675248678e+00
4.044261988526462459e-01
-5.392349318035283279e-01
-6.258976887005239798e-01
2.022130994263231230e-01
1.473266867248925527e+00
2.474703169169763850e+00
2.657657878174532584e+00
1.906580651733903675e+00
6.451560791220785074e-01
-4.236845892742008290e-01
-6.933020551759649930e-01
-1.925839042155458314e-02
1.232536986979493321e+00
2.339894436218882046e+00
2.686545463806864209e+00
2.079906165527894757e+00
8.473691785484016581e-01
-3.177634419556506495e-01
-7.703356168621833255e-01
-2.503590754802095808e-01
9.436611306561746293e-01
2.128052141581781243e+00
2.657657878174532584e+00
2.205085703267999797e+00
1.030323887553170170e+00
-2.214714898478777061e-01
-8.473691785484016581e-01
-5.007181509604191616e-01
6.066392982789693411e-01
1.868063870890794620e+00
2.551736730855982405e+00
2.262860874532663491e+00
1.174761815714829627e+00
-1.348087329508820820e-01
-9.244027402346199906e-01
-7.607064216514060062e-01
2.503590754802095808e-01
1.540671233724366651e+00
2.378411217061990879e+00
2.272490069743440699e+00
1.280682963033379806e+00
-5.777517126466374942e-02
-9.918071067100610039e-01
-1.020694692342392962e+00
-1.348087329508820820e-01
1.165132620504052197e+00
2.137681336792558895e+00
2.224344093689554214e+00
1.357716524719598139e+00
1.925839042155458314e-02
-1.059211473185502017e+00
-1.271053767822602598e+00
-5.296057365927510086e-01
7.607064216514060062e-01
1.848805480469239981e+00
2.118422946371004034e+00
1.396233305562707194e+00
7.703356168621833255e-02
-1.107357449239388503e+00
-1.511783648092034804e+00
-9.147735450238426713e-01
3.273926371664279134e-01
1.511783648092034804e+00
1.964355822998567369e+00
1.405862500773484625e+00
1.444379281616593735e-01
-1.136245034871720350e+00
-1.723625942729135163e+00
-1.299941353454934445e+00
-1.251795377401047904e-01
1.145874230082497780e+00
1.771771918783021649e+00
1.386604110351929986e+00
2.022130994263231230e-01
-1.145874230082497780e+00
-1.906580651733903675e+00
-1.665850771464471469e+00
-5.681225174358601748e-01
7.510772264406286869e-01
1.540671233724366651e+00
1.348087329508820709e+00
2.599882706909868446e-01
-1.126615839660943141e+00
-2.041389384684785924e+00
-1.983614213420122008e+00
-1.011065497131615532e+00
3.370218323772051772e-01
1.280682963033379806e+00
1.280682963033379806e+00
3.177634419556506495e-01
-1.068840668396279447e+00
-2.128052141581781243e+00
-2.272490069743440699e+00
-1.425120891195039263e+00
-7.703356168621833255e-02
1.001436301920838323e+00
1.203649401347161474e+00
3.851678084310916628e-01
-9.918071067100610039e-01
-2.166568922424890520e+00
-2.493961559591318711e+00
-1.800659504415353496e+00
-4.814597605388645785e-01
7.125604455975196316e-01
1.107357449239388503e+00
4.622013701173099953e-01
-8.666275689699562967e-01
-2.147310532003336103e+00
-2.667287073385309792e+00
-2.137681336792558895e+00
-8.666275689699562967e-01
4.236845892742008290e-01
1.011065497131615532e+00
5.392349318035283279e-01
-7.125604455975196316e-01
-2.070276970317117549e+00
-2.763579025493082764e+00
-2.416927997905100156e+00
-1.222907791768716113e+00
1.444379281616593735e-01
9.051443498130653520e-01
6.355268839113012991e-01
-5.296057365927510086e-01
-1.925839042155458314e+00
-2.792466611125414389e+00
-2.628770292542200515e+00
-1.540671233724366651e+00
-1.348087329508820820e-01
7.992232024945151725e-01
7.318188360190741593e-01
-3.081342467448733302e-01
-1.733255137939912593e+00
-2.744320635071527903e+00
-2.773208220703859972e+00
-1.810288699626130704e+00
-3.947970036418689821e-01
6.933020551759649930e-01
8.281107881268470194e-01
-5.777517126466374942e-02
-1.473266867248925527e+00
-2.619141097331423307e+00
-2.850241782390078527e+00
-2.031760189474008715e+00
-6.258976887005239798e-01
5.970101030681920218e-01
9.340319354453973100e-01
2.118422946371004145e-01
-1.165132620504052197e+00
-2.426557193115877364e+00
-2.850241782390078527e+00
-2.195456508057222589e+00
-8.281107881268470194e-01
4.910889557496418423e-01
1.039953082763947378e+00
5.007181509604191616e-01
-8.184815929160698111e-01
-2.166568922424890520e+00
-2.782837415914637180e+00
-2.311006850586549977e+00
-1.011065497131615532e+00
4.044261988526462459e-01
1.136245034871720350e+00
7.895940072837379642e-01
-4.333137844849781484e-01
-1.839176285258462773e+00
-2.628770292542200515e+00
-2.359152826640436462e+00
-1.155503425293274988e+00
3.177634419556506495e-01
1.232536986979493321e+00
1.088099058817833864e+00
-1.925839042155458314e-02
-1.463637672038148319e+00
-2.426557193115877364e+00
-2.349523631429659254e+00
-1.261424572611825168e+00
2.311006850586549977e-01
1.309570548665711653e+00
1.376974915141152778e+00
4.044261988526462459e-01
-1.039953082763947378e+00
-2.147310532003336103e+00
-2.282119264954217908e+00
-1.348087329508820709e+00
1.444379281616593735e-01
1.367345719930375347e+00
1.646592381042916831e+00
8.377399833376243388e-01
-5.873809078574148135e-01
-1.829547090047685343e+00
-2.166568922424890520e+00
-1.396233305562707194e+00
6.740436647544104098e-02
1.405862500773484625e+00
1.887322261312349259e+00
1.261424572611825168e+00
-1.155503425293274988e-01
-1.463637672038148319e+00
-2.002872603841676646e+00
-1.415491695984261833e+00
-1.925839042155458314e-02
1.415491695984261833e+00
2.099164555949449618e+00
1.665850771464471469e+00
3.562802227987598158e-01
-1.068840668396279447e+00
-1.800659504415353496e+00
-1.415491695984261833e+00
-1.059211473185502073e-01
1.386604110351929986e+00
2.262860874532663491e+00
2.031760189474008715e+00
8.281107881268470194e-01
-6.451560791220785074e-01
-1.559929624145921290e+00
-1.386604110351929986e+00
-2.022130994263231230e-01
1.328828939087266292e+00
2.378411217061990879e+00
2.349523631429659254e+00
1.280682963033379806e+00
-2.214714898478777061e-01
-1.299941353454934445e+00
-1.338458134298043500e+00
-3.081342467448733302e-01
1.232536986979493321e+00
2.436186388326654573e+00
2.619141097331423307e+00
1.704367552307580524e+00
2.022130994263231230e-01
-1.020694692342392962e+00
-1.280682963033379806e+00
-4.140553940634235097e-01
1.097728254028611294e+00
2.426557193115877364e+00
2.830983391968523666e+00
2.079906165527894757e+00
6.162684934897466604e-01
-7.414480312298514786e-01
-1.213278596557938682e+00
-5.392349318035283279e-01
9.244027402346199906e-01
2.359152826640436462e+00
2.965792124919405914e+00
2.407298802694322948e+00
1.001436301920838323e+00
-4.525721749065326760e-01
-1.136245034871720350e+00
-6.644144695436331460e-01
7.125604455975196316e-01
2.224344093689554214e+00
3.023567296184069608e+00
2.667287073385309792e+00
1.357716524719598139e+00
-1.636963185832139567e-01
-1.049582277974724809e+00
-7.895940072837379642e-01
4.622013701173099953e-01
2.022130994263231063e+00
3.004308905762514748e+00
2.859870977600855735e+00
1.675479966675248678e+00
1.059211473185502073e-01
-9.629195210777291569e-01
-9.340319354453973100e-01
1.829547090047685398e-01
1.762142723572244440e+00
2.908016953654742220e+00
2.975421320130183123e+00
1.935468237366235522e+00
3.562802227987598158e-01
-8.762567641807335050e-01
-1.068840668396279447e+00
-1.155503425293274988e-01
1.444379281616593680e+00
2.725062244649973486e+00
3.023567296184069608e+00
2.147310532003336103e+00
5.873809078574148135e-01
-7.895940072837379642e-01
-1.203649401347161474e+00
-4.429429796957554122e-01
1.068840668396279447e+00
2.484332364380541058e+00
2.985050515340960331e+00
2.301377655375772768e+00
7.895940072837379642e-01
-6.933020551759649930e-01
-1.338458134298043500e+00
-7.799648120729606449e-01
6.644144695436331460e-01
2.166568922424890520e+00
2.879129368022410151e+00
2.388040412272768087e+00
9.725487162885064762e-01
-6.066392982789693411e-01
-1.454008476827371110e+00
-1.107357449239388503e+00
2.214714898478777061e-01
1.781401113993798857e+00
2.696174659017641417e+00
2.426557193115877364e+00
1.116986644450165933e+00
-5.103473461711964809e-01
-1.550300428935143859e+00
-1.434750086405816472e+00
-2.407298802694322892e-01
1.357716524719598139e+00
2.445815583537432225e+00
2.407298802694322948e+00
1.242166182190270529e+00
-4.140553940634235097e-01
-1.627333990621362192e+00
-1.742884333150689802e+00
-7.029312503867423123e-01
8.955151546022881437e-01
2.147310532003336103e+00
2.330265241008104393e+00
1.328828939087266292e+00
-3.081342467448733302e-01
-1.685109161886026108e+00
-2.031760189474008715e+00
-1.165132620504052197e+00
4.044261988526462459e-01
1.791030309204576287e+00
2.205085703267999797e+00
1.396233305562707194e+00
-2.022130994263231230e-01
-1.694738357096803316e+00
-2.272490069743440699e+00
-1.608075600199807775e+00
-9.629195210777291569e-02
1.396233305562707194e+00
2.031760189474008715e+00
1.434750086405816472e+00
-8.666275689699562412e-02
-1.675479966675248678e+00
-2.465073973958986642e+00
-2.022130994263231063e+00
-6.066392982789693411e-01
9.821779114992836845e-01
1.829547090047685343e+00
1.444379281616593680e+00
3.851678084310916628e-02
-1.617704795410584984e+00
-2.609511902120646099e+00
-2.388040412272768087e+00
-1.088099058817833864e+00
5.488641270143056472e-01
1.588817209778253137e+00
1.444379281616593680e+00
1.733255137939912482e-01
-1.521412843302812012e+00
-2.696174659017641417e+00
-2.705803854228419070e+00
-1.550300428935143859e+00
1.059211473185502073e-01
1.328828939087266292e+00
1.425120891195039263e+00
3.177634419556506495e-01
-1.367345719930375347e+00
-2.705803854228419070e+00
-2.956162929708628706e+00
-1.973985018209344799e+00
-3.273926371664279134e-01
1.059211473185502017e+00
1.386604110351929986e+00
4.814597605388645785e-01
-1.174761815714829627e+00
-2.657657878174532584e+00
-3.129488443502619788e+00
-2.339894436218882046e+00
-7.414480312298514786e-01
7.703356168621833255e-01
1.348087329508820709e+00
6.451560791220785074e-01
-9.436611306561746293e-01
-2.532478340434427544e+00
-3.235409590821169967e+00
-2.657657878174532584e+00
-1.126615839660943141e+00
4.910889557496418423e-01
1.290312158244157015e+00
8.088523977052924918e-01
-6.740436647544103543e-01
-2.339894436218882046e+00
-3.245038786031947176e+00
-2.898387758443964568e+00
-1.473266867248925527e+00
2.118422946371004145e-01
1.222907791768716113e+00
9.918071067100610039e-01
-3.659094180095370796e-01
-2.070276970317117549e+00
-3.177634419556506273e+00
-3.062084077027178886e+00
-1.781401113993798857e+00
-5.777517126466374942e-02
1.155503425293274988e+00
1.165132620504052197e+00
-2.888758563233187471e-02
-1.742884333150689802e+00
-3.033196491394846817e+00
-3.148746833924174204e+00
-2.031760189474008715e+00
-2.985050515340960109e-01
1.078469863607056656e+00
1.338458134298043500e+00
3.370218323772051772e-01
-1.367345719930375347e+00
-2.802095806336192041e+00
-3.158376029134951857e+00
-2.233973288900331866e+00
-5.296057365927510086e-01
9.918071067100610039e-01
1.502154452881257374e+00
7.029312503867423123e-01
-9.340319354453973100e-01
-2.503590754802095919e+00
-3.090971662659510510e+00
-2.378411217061990879e+00
-7.414480312298514786e-01
9.051443498130653520e-01
1.656221576253694039e+00
1.078469863607056656e+00
-4.718305653280873146e-01
-2.128052141581781243e+00
-2.946533734497851054e+00
-2.455444778748209433e+00
-9.244027402346199906e-01
8.088523977052924918e-01
1.781401113993798857e+00
1.454008476827371110e+00
1.925839042155458314e-02
-1.704367552307580524e+00
-2.734691439860750695e+00
-2.484332364380541058e+00
-1.078469863607056656e+00
7.029312503867423123e-01
1.887322261312349259e+00
1.800659504415353496e+00
5.199765413819736892e-01
-1.232536986979493321e+00
-2.455444778748209433e+00
-2.455444778748209433e+00
-1.213278596557938682e+00
5.970101030681920218e-01
1.954726627787790161e+00
2.128052141581781243e+00
1.020694692342392962e+00
-7.221896408082968399e-01
-2.128052141581781243e+00
-2.368782021851213671e+00
-1.319199743876488862e+00
4.622013701173099953e-01
1.993243408630899438e+00
2.407298802694322948e+00
1.511783648092034804e+00
-2.022130994263231230e-01
-1.742884333150689802e+00
-2.243602484111109074e+00
-1.396233305562707194e+00
3.273926371664279134e-01
1.983614213420122008e+00
2.648028682963755376e+00
1.964355822998567369e+00
3.273926371664279134e-01
-1.328828939087266292e+00
-2.070276970317117549e+00
-1.454008476827371110e+00
1.733255137939912482e-01
1.925839042155458314e+00
2.830983391968523666e+00
2.378411217061990879e+00
8.473691785484016581e-01
-8.955151546022881437e-01
-1.868063870890794620e+00
-1.502154452881257374e+00
9.629195210777291569e-03
1.829547090047685343e+00
2.946533734497851054e+00
2.744320635071527903e+00
1.348087329508820709e+00
-4.525721749065326760e-01
-1.627333990621362192e+00
-1.521412843302812012e+00
-1.733255137939912482e-01
1.675479966675248678e+00
2.985050515340960331e+00
3.042825686605624025e+00
1.810288699626130704e+00
-0.000000000000000000e+00
-1.376974915141152778e+00
-1.521412843302812012e+00
-3.659094180095370796e-01
1.473266867248925527e+00
2.956162929708628706e+00
3.264297176453502036e+00
2.224344093689554214e+00
4.333137844849781484e-01
-1.107357449239388503e+00
-1.521412843302812012e+00
-5.681225174358601748e-01
1.222907791768716113e+00
2.850241782390078527e+00
3.408735104615161049e+00
2.590253511699091238e+00
8.473691785484016581e-01
-8.281107881268470194e-01
-1.492525257670480165e+00
-7.799648120729606449e-01
9.244027402346199906e-01
2.667287073385309792e+00
3.466510275879825187e+00
2.879129368022410151e+00
1.232536986979493321e+00
-5.488641270143056472e-01
-1.463637672038148319e+00
-1.001436301920838323e+00
5.873809078574148135e-01
2.407298802694322948e+00
3.437622690247493118e+00
3.100600857870287719e+00
1.569558819356698498e+00
-2.792466611125414833e-01
-1.415491695984261833e+00
-1.213278596557938682e+00
2.214714898478777061e-01
2.079906165527894757e+00
3.322072347718165730e+00
3.235409590821169967e+00
1.868063870890794620e+00
-9.629195210777291569e-03
-1.367345719930375347e+00
-1.425120891195039263e+00
-1.733255137939912482e-01
1.694738357096803316e+00
3.119859248291842579e+00
3.293184762085833661e+00
2.118422946371004034e+00
2.311006850586549977e-01
-1.299941353454934445e+00
-1.636963185832139622e+00
-5.777517126466374942e-01
1.251795377401047960e+00
2.840612587179300874e+00
3.273926371664279245e+00
2.301377655375772768e+00
4.622013701173099953e-01
-1.222907791768716113e+00
-1.819917894836908134e+00
-1.001436301920838323e+00
7.703356168621833255e-01
2.484332364380541058e+00
3.177634419556506273e+00
2.436186388326654573e+00
6.740436647544103543e-01
-1.126615839660943141e+00
-1.983614213420122008e+00
-1.415491695984261833e+00
2.503590754802095808e-01
2.070276970317117549e+00
2.994679710551737539e+00
2.513219950012873127e+00
8.666275689699562967e-01
-1.030323887553170170e+00
-2.118422946371004034e+00
-1.810288699626130704e+00
-2.792466611125414833e-01
1.598446404989030345e+00
2.753949830282305555e+00
2.532478340434427544e+00
1.039953082763947378e+00
-9.051443498130653520e-01
-2.214714898478777005e+00
-2.176198117635667728e+00
-8.184815929160698111e-01
1.088099058817833864e+00
2.445815583537432225e+00
2.493961559591318711e+00
1.184391010925606835e+00
-7.703356168621833255e-01
-2.272490069743440699e+00
-2.503590754802095919e+00
-1.348087329508820709e+00
5.488641270143056472e-01
2.089535360738672409e+00
2.407298802694322948e+00
1.309570548665711653e+00
-6.162684934897466604e-01
-2.282119264954217908e+00
-2.792466611125414389e+00
-1.848805480469239981e+00
-9.629195210777291569e-03
1.694738357096803316e+00
2.282119264954217908e+00
1.415491695984261833e+00
-4.333137844849781484e-01
-2.243602484111109074e+00
-3.013938100973292400e+00
-2.311006850586549977e+00
-5.584933222250829665e-01
1.261424572611825168e+00
2.108793751160226826e+00
1.502154452881257374e+00
-2.407298802694322892e-01
-2.156939727214113312e+00
-3.168005224345729065e+00
-2.725062244649973486e+00
-1.088099058817833864e+00
8.184815929160698111e-01
1.906580651733903675e+00
1.569558819356698498e+00
-3.851678084310916628e-02
-2.002872603841676646e+00
-3.245038786031947176e+00
-3.071713272237956094e+00
-1.588817209778253137e+00
3.562802227987598158e-01
1.675479966675248678e+00
1.617704795410584984e+00
1.925839042155458314e-01
-1.800659504415353496e+00
-3.245038786031947176e+00
-3.350959933350497355e+00
-2.051018579895563132e+00
-8.666275689699562412e-02
1.434750086405816472e+00
1.646592381042916831e+00
4.333137844849781484e-01
-1.540671233724366651e+00
-3.168005224345729065e+00
-3.543543837566043297e+00
-2.455444778748209433e+00
-5.296057365927510086e-01
1.165132620504052197e+00
1.665850771464471469e+00
6.933020551759649930e-01
-1.222907791768716113e+00
-3.004308905762514748e+00
-3.649464984884593477e+00
-2.802095806336192041e+00
-9.340319354453973100e-01
8.955151546022881437e-01
1.675479966675248678e+00
9.436611306561746293e-01
-8.666275689699562967e-01
-2.763579025493082764e+00
-3.668723375306147894e+00
-3.071713272237956094e+00
-1.319199743876488862e+00
6.258976887005239798e-01
1.665850771464471469e+00
1.213278596557938682e+00
-4.718305653280873146e-01
-2.445815583537432225e+00
-3.591689813619929783e+00
-3.264297176453502036e+00
-1.646592381042916831e+00
3.562802227987598158e-01
1.636963185832139622e+00
1.463637672038148319e+00
-4.814597605388645785e-02
-2.051018579895563132e+00
-3.427993495036715910e+00
-3.379847518982829424e+00
-1.935468237366235522e+00
9.629195210777291569e-02
1.588817209778253137e+00
1.713996747518357955e+00
4.044261988526462459e-01
-1.608075600199807775e+00
-3.168005224345729065e+00
-3.408735104615161049e+00
-2.176198117635667728e+00
-1.540671233724366651e-01
1.531042038513589443e+00
1.945097432577012952e+00
8.569983737591789774e-01
-1.107357449239388503e+00
-2.840612587179300874e+00
-3.360589128561274563e+00
-2.359152826640436462e+00
-3.851678084310916628e-01
1.454008476827371110e+00
2.147310532003336103e+00
1.319199743876488862e+00
-5.681225174358601748e-01
-2.436186388326654573e+00
-3.225780395610392759e+00
-2.484332364380541058e+00
-6.066392982789693411e-01
1.357716524719598139e+00
2.320636045797327185e+00
1.762142723572244440e+00
-9.629195210777291569e-03
-1.973985018209344799e+00
-3.023567296184069608e+00
-2.551736730855982405e+00
-8.088523977052924918e-01
1.242166182190270529e+00
2.455444778748209433e+00
2.176198117635667728e+00
5.584933222250829665e-01
-1.463637672038148319e+00
-2.753949830282305555e+00
-2.570995121277536821e+00
-9.918071067100610039e-01
1.097728254028611294e+00
2.551736730855982405e+00
2.551736730855982405e+00
1.126615839660943141e+00
-9.147735450238426713e-01
-2.426557193115877364e+00
-2.532478340434427544e+00
-1.155503425293274988e+00
9.340319354453973100e-01
2.580624316488314030e+00
2.888758563233187360e+00
1.675479966675248678e+00
-3.562802227987598158e-01
-2.051018579895563132e+00
-2.445815583537432225e+00
-1.309570548665711653e+00
7.414480312298514786e-01
2.561365926066759613e+00
3.158376029134951857e+00
2.185827312846445381e+00
2.214714898478777061e-01
-1.636963185832139622e+00
-2.320636045797327185e+00
-1.434750086405816472e+00
5.296057365927510086e-01
2.484332364380541058e+00
3.350959933350497355e+00
2.648028682963755376e+00
7.799648120729606449e-01
-1.194020206136384044e+00
-2.156939727214113312e+00
-1.550300428935143859e+00
2.888758563233187471e-01
2.349523631429659254e+00
3.476139471090602395e+00
3.052454881816401233e+00
1.319199743876488862e+00
-7.414480312298514786e-01
-1.964355822998567369e+00
-1.646592381042916831e+00
2.888758563233187471e-02
2.147310532003336103e+00
3.514656251933711228e+00
3.379847518982829424e+00
1.819917894836908134e+00
-2.792466611125414833e-01
-1.742884333150689802e+00
-1.733255137939912593e+00
-2.503590754802095808e-01
1.877693066101571828e+00
3.466510275879825187e+00
3.630206594463039060e+00
2.272490069743440699e+00
1.733255137939912482e-01
-1.502154452881257374e+00
-1.791030309204576287e+00
-5.392349318035283279e-01
1.559929624145921290e+00
3.331701542928942938e+00
3.784273717835475725e+00
2.667287073385309792e+00
6.066392982789693411e-01
-1.242166182190270529e+00
-1.839176285258462773e+00
-8.377399833376243388e-01
1.194020206136384044e+00
3.119859248291842579e+00
3.851678084310916628e+00
2.994679710551737539e+00
1.011065497131615532e+00
-9.821779114992836845e-01
-1.868063870890794620e+00
-1.145874230082497780e+00
7.703356168621833255e-01
2.811725001546969249e+00
3.822790498678584559e+00
3.235409590821169967e+00
1.376974915141152778e+00
-7.221896408082968399e-01
-1.877693066101571828e+00
-1.454008476827371110e+00
3.177634419556506495e-01
2.436186388326654573e+00
3.707240156149257171e+00
3.408735104615161049e+00
1.704367552307580524e+00
-4.525721749065326760e-01
-1.868063870890794620e+00
-1.742884333150689802e+00
-1.636963185832139567e-01
1.983614213420122008e+00
3.485768666301379604e+00
3.495397861512156812e+00
1.983614213420122008e+00
-1.925839042155458314e-01
-1.829547090047685343e+00
-2.022130994263231063e+00
-6.547852743328558267e-01
1.482896062459702957e+00
3.187263614767283482e+00
3.495397861512156812e+00
2.214714898478777005e+00
5.777517126466374942e-02
-1.781401113993798857e+00
-2.272490069743440699e+00
-1.155503425293274988e+00
9.340319354453973100e-01
2.811725001546969249e+00
3.418364299825938701e+00
2.388040412272768087e+00
2.985050515340960109e-01
-1.694738357096803316e+00
-2.493961559591318711e+00
-1.646592381042916831e+00
3.466510275879824965e-01
2.359152826640436462e+00
3.254667981242724384e+00
2.513219950012873127e+00
5.296057365927510086e-01
-1.588817209778253137e+00
-2.667287073385309792e+00
-2.118422946371004034e+00
-2.503590754802095808e-01
1.858434675680017190e+00
3.033196491394846817e+00
2.580624316488314030e+00
7.510772264406286869e-01
-1.444379281616593680e+00
-2.792466611125414389e+00
-2.542107535645205196e+00
-8.569983737591789774e-01
1.319199743876488862e+00
2.734691439860750695e+00
2.599882706909868890e+00
9.532903258669518376e-01
-1.280682963033379806e+00
-2.859870977600855735e+00
-2.927275344076296637e+00
-1.444379281616593680e+00
7.414480312298514786e-01
2.388040412272768087e+00
2.561365926066759613e+00
1.145874230082497780e+00
-1.078469863607056656e+00
-2.879129368022410151e+00
-3.245038786031947176e+00
-2.002872603841676646e+00
1.540671233724366651e-01
2.002872603841676646e+00
2.484332364380541058e+00
1.319199743876488862e+00
-8.473691785484016581e-01
-2.821354196757746458e+00
-3.495397861512156812e+00
-2.513219950012873127e+00
-4.236845892742008290e-01
1.579188014567475928e+00
2.359152826640436462e+00
1.482896062459702957e+00
-5.873809078574148135e-01
-2.696174659017641417e+00
-3.668723375306147894e+00
-2.965792124919405914e+00
-9.918071067100610039e-01
1.126615839660943141e+00
2.205085703267999797e+00
1.627333990621362192e+00
-3.081342467448733302e-01
-2.503590754802095919e+00
-3.755386132203143656e+00
-3.350959933350497355e+00
-1.531042038513589443e+00
6.740436647544103543e-01
2.022130994263231063e+00
1.752513528361467010e+00
0.000000000000000000e+00
-2.253231679321886283e+00
-3.745756936992366448e+00
-3.659094180095370685e+00
-2.031760189474008715e+00
2.118422946371004145e-01
1.810288699626130704e+00
1.868063870890794620e+00
3.273926371664279134e-01
-1.925839042155458314e+00
-3.649464984884593477e+00
-3.870936474732471044e+00
-2.474703169169763850e+00
-2.311006850586549977e-01
1.579188014567475928e+00
1.954726627787790161e+00
6.740436647544103543e-01
-1.550300428935143859e+00
-3.466510275879825187e+00
-3.996116012472576084e+00
-2.850241782390078527e+00
-6.644144695436331460e-01
1.338458134298043500e+00
2.031760189474008715e+00
1.020694692342392962e+00
-1.116986644450165933e+00
-3.187263614767283482e+00
-4.015374402894130945e+00
-3.148746833924174204e+00
-1.059211473185502017e+00
1.088099058817833864e+00
2.079906165527894757e+00
1.376974915141152778e+00
-6.355268839113012991e-01
-2.821354196757746458e+00
-3.947970036418689599e+00
-3.370218323772052216e+00
-1.425120891195039263e+00
8.281107881268470194e-01
2.108793751160226826e+00
1.713996747518357955e+00
-1.251795377401047904e-01
-2.378411217061990879e+00
-3.774644522624698517e+00
-3.514656251933711228e+00
-1.742884333150689802e+00
5.584933222250829665e-01
2.108793751160226826e+00
2.041389384684785924e+00
4.044261988526462459e-01
-1.877693066101571828e+00
-3.514656251933711228e+00
-3.572431423198375366e+00
-2.012501799052453855e+00
2.985050515340960109e-01
2.079906165527894757e+00
2.339894436218882046e+00
9.436611306561746293e-01
-1.319199743876488862e+00
-3.168005224345729065e+00
-3.553173032776820506e+00
-2.233973288900331866e+00
3.851678084310916628e-02
2.022130994263231063e+00
2.609511902120646099e+00
1.473266867248925527e+00
-7.221896408082968399e-01
-2.744320635071527903e+00
-3.447251885458270326e+00
-2.407298802694322948e+00
-2.118422946371004145e-01
1.935468237366235522e+00
2.830983391968523666e+00
1.993243408630899438e+00
-1.059211473185502073e-01
-2.262860874532663491e+00
-3.264297176453502036e+00
-2.532478340434427544e+00
-4.622013701173099953e-01
1.800659504415353496e+00
3.004308905762514748e+00
2.474703169169763850e+00
5.296057365927510086e-01
-1.733255137939912593e+00
-3.013938100973292400e+00
-2.599882706909868890e+00
-6.933020551759649930e-01
1.646592381042916831e+00
3.110230053081065371e+00
2.908016953654742220e+00
1.155503425293274988e+00
-1.155503425293274988e+00
-2.705803854228419070e+00
-2.619141097331423307e+00
-9.244027402346199906e-01
1.444379281616593680e+00
3.158376029134951857e+00
3.283555566875056453e+00
1.752513528361467010e+00
-5.584933222250829665e-01
-2.349523631429659254e+00
-2.590253511699091238e+00
-1.136245034871720350e+00
1.203649401347161474e+00
3.139117638713396996e+00
3.591689813619929783e+00
2.311006850586549977e+00
3.851678084310916628e-02
-1.954726627787790161e+00
-2.522849145223650336e+00
-1.348087329508820709e+00
9.340319354453973100e-01
3.042825686605624025e+00
3.813161303467807350e+00
2.821354196757746458e+00
6.258976887005239798e-01
-1.521412843302812012e+00
-2.416927997905100156e+00
-1.540671233724366651e+00
6.258976887005239798e-01
2.879129368022410151e+00
3.947970036418689599e+00
3.264297176453502036e+00
1.203649401347161474e+00
-1.068840668396279447e+00
-2.272490069743440699e+00
-1.713996747518357955e+00
2.888758563233187471e-01
2.628770292542200515e+00
3.996116012472576084e+00
3.620577399252261408e+00
1.733255137939912593e+00
-6.162684934897466604e-01
-2.099164555949449618e+00
-1.877693066101571828e+00
-6.740436647544104098e-02
2.320636045797327185e+00
3.938340841207912391e+00
3.899824060364803113e+00
2.214714898478777005e+00
-1.636963185832139567e-01
-1.896951456523126467e+00
-2.012501799052453855e+00
-4.429429796957554122e-01
1.935468237366235522e+00
3.793902913046252934e+00
4.082778769369571847e+00
2.638399487752977723e+00
2.792466611125414833e-01
-1.685109161886026108e+00
-2.137681336792558895e+00
-8.377399833376243388e-01
1.492525257670480165e+00
3.543543837566043297e+00
4.159812331055789514e+00
2.994679710551737539e+00
7.029312503867423123e-01
-1.444379281616593680e+00
-2.233973288900331866e+00
-1.232536986979493321e+00
1.001436301920838323e+00
3.206522005188837898e+00
4.140553940634235097e+00
3.273926371664279245e+00
1.088099058817833864e+00
-1.194020206136384044e+00
-2.311006850586549977e+00
-1.627333990621362192e+00
4.718305653280873146e-01
2.782837415914637180e+00
4.025003598104907709e+00
3.476139471090602395e+00
1.444379281616593680e+00
-9.436611306561746293e-01
-2.349523631429659254e+00
-2.002872603841676646e+00
-9.629195210777291569e-02
2.291748460164995560e+00
3.803532108257030142e+00
3.591689813619929783e+00
1.752513528361467010e+00
-6.836728599651876737e-01
-2.359152826640436462e+00
-2.349523631429659254e+00
-6.644144695436331460e-01
1.733255137939912593e+00
3.505027056722934020e+00
3.630206594463039060e+00
2.022130994263231063e+00
-4.140553940634235097e-01
-2.330265241008104393e+00
-2.667287073385309792e+00
-1.242166182190270529e+00
1.136245034871720350e+00
3.119859248291842579e+00
3.582060618409152575e+00
2.243602484111109074e+00
-1.444379281616593735e-01
-2.272490069743440699e+00
-2.946533734497851054e+00
-1.800659504415353496e+00
5.007181509604191616e-01
2.657657878174532584e+00
3.447251885458270326e+00
2.416927997905100156e+00
1.251795377401047904e-01
-2.156939727214113312e+00
-3.168005224345729065e+00
-2.339894436218882046e+00
-1.540671233724366651e-01
2.137681336792558895e+00
3.254667981242724384e+00
2.542107535645205196e+00
3.851678084310916628e-01
-2.012501799052453855e+00
-3.322072347718165730e+00
-2.830983391968523666e+00
-8.088523977052924918e-01
1.579188014567475928e+00
2.985050515340960331e+00
2.609511902120646099e+00
6.451560791220785074e-01
-1.819917894836908134e+00
-3.418364299825938701e+00
-3.264297176453502036e+00
-1.444379281616593680e+00
9.918071067100610039e-01
2.667287073385309792e+00
2.638399487752977723e+00
9.051443498130653520e-01
-1.588817209778253137e+00
-3.437622690247493118e+00
-3.620577399252261408e+00
-2.051018579895563132e+00
3.851678084310916628e-01
2.301377655375772768e+00
2.619141097331423307e+00
1.145874230082497780e+00
-1.309570548665711653e+00
-3.370218323772052216e+00
-3.909453255575580322e+00
-2.609511902120646099e+00
-2.311006850586549977e-01
1.896951456523126467e+00
2.561365926066759613e+00
1.386604110351929986e+00
-9.918071067100610039e-01
-3.235409590821169967e+00
-4.102037159791126264e+00
-3.110230053081065371e+00
-8.184815929160698111e-01
1.473266867248925527e+00
2.465073973958986642e+00
1.608075600199807775e+00
-6.355268839113012991e-01
-3.013938100973292400e+00
-4.198329111898899235e+00
-3.524285447144488881e+00
-1.386604110351929986e+00
1.020694692342392962e+00
2.339894436218882046e+00
1.819917894836908134e+00
-2.503590754802095808e-01
-2.715433049439196278e+00
-4.188699916688121583e+00
-3.861307279521693836e+00
-1.906580651733903675e+00
5.681225174358601748e-01
2.185827312846445381e+00
2.012501799052453855e+00
1.636963185832139567e-01
-2.339894436218882046e+00
-4.092407964580348612e+00
-4.102037159791126264e+00
-2.378411217061990879e+00
1.251795377401047904e-01
1.993243408630899438e+00
2.185827312846445381e+00
5.873809078574148135e-01
-1.896951456523126467e+00
-3.880565669943248697e+00
-4.246475087952785721e+00
-2.782837415914637180e+00
-3.081342467448733302e-01
1.791030309204576287e+00
2.339894436218882046e+00
1.030323887553170170e+00
-1.396233305562707194e+00
-3.582060618409152575e+00
-4.284991868795894554e+00
-3.110230053081065371e+00
-7.221896408082968399e-01
1.569558819356698498e+00
2.455444778748209433e+00
1.463637672038148319e+00
-8.473691785484016581e-01
-3.187263614767283482e+00
-4.217587502320453652e+00
-3.370218323772052216e+00
-1.097728254028611294e+00
1.319199743876488862e+00
2.542107535645205196e+00
1.887322261312349259e+00
-2.696174659017641639e-01
-2.715433049439196278e+00
-4.063520378948017431e+00
-3.543543837566043297e+00
-1.444379281616593680e+00
1.068840668396279447e+00
2.599882706909868890e+00
2.291748460164995560e+00
3.370218323772051772e-01
-2.166568922424890520e+00
-3.803532108257030142e+00
-3.639835789673816269e+00
-1.752513528361467010e+00
7.992232024945151725e-01
2.609511902120646099e+00
2.667287073385309792e+00
9.532903258669518376e-01
-1.569558819356698498e+00
-3.456881080669047535e+00
-3.649464984884593477e+00
-2.022130994263231063e+00
5.296057365927510086e-01
2.580624316488314030e+00
2.994679710551737539e+00
1.559929624145921290e+00
-9.244027402346199906e-01
-3.033196491394846817e+00
-3.582060618409152575e+00
-2.243602484111109074e+00
2.503590754802095808e-01
2.503590754802095919e+00
3.273926371664279245e+00
2.137681336792558895e+00
-2.503590754802095808e-01
-2.542107535645205196e+00
-3.437622690247493118e+00
-2.416927997905100156e+00
-3.851678084310916628e-02
2.378411217061990879e+00
3.485768666301379604e+00
2.676916268596087001e+00
4.236845892742008290e-01
-2.002872603841676646e+00
-3.225780395610392759e+00
-2.542107535645205196e+00
-3.177634419556506495e-01
2.205085703267999797e+00
3.630206594463039060e+00
3.168005224345729065e+00
1.097728254028611294e+00
-1.425120891195039263e+00
-2.946533734497851054e+00
-2.619141097331423307e+00
-6.066392982789693411e-01
1.973985018209344799e+00
3.697610960938479963e+00
3.591689813619929783e+00
1.733255137939912593e+00
-8.184815929160698111e-01
-2.628770292542200515e+00
-2.657657878174532584e+00
-8.955151546022881437e-01
1.704367552307580524e+00
3.678352570516925546e+00
3.928711645997134738e+00
2.339894436218882046e+00
-2.022130994263231230e-01
-2.253231679321886283e+00
-2.657657878174532584e+00
-1.174761815714829627e+00
1.376974915141152778e+00
3.572431423198375366e+00
4.188699916688121583e+00
2.888758563233187360e+00
4.044261988526462459e-01
-1.848805480469239981e+00
-2.619141097331423307e+00
-1.444379281616593680e+00
1.011065497131615532e+00
3.379847518982829424e+00
4.342767040060558692e+00
3.360589128561274563e+00
9.918071067100610039e-01
-1.425120891195039263e+00
-2.532478340434427544e+00
-1.704367552307580524e+00
6.066392982789693411e-01
3.110230053081065371e+00
4.400542211325221942e+00
3.755386132203143656e+00
1.550300428935143859e+00
-9.821779114992836845e-01
-2.426557193115877364e+00
-1.945097432577012952e+00
1.733255137939912482e-01
2.753949830282305555e+00
4.342767040060558692e+00
4.063520378948017431e+00
2.051018579895563132e+00
-5.392349318035283279e-01
-2.282119264954217908e+00
-2.176198117635667728e+00
-2.888758563233187471e-01
2.320636045797327185e+00
4.188699916688121583e+00
4.265733478374340137e+00
2.503590754802095919e+00
-1.059211473185502073e-01
-2.108793751160226826e+00
-2.378411217061990879e+00
-7.607064216514060062e-01
1.819917894836908134e+00
3.928711645997134738e+00
4.362025430482113109e+00
2.888758563233187360e+00
3.177634419556506495e-01
-1.906580651733903675e+00
-2.551736730855982405e+00
-1.242166182190270529e+00
1.261424572611825168e+00
3.572431423198375366e+00
4.362025430482113109e+00
3.196892809978060690e+00
7.221896408082968399e-01
-1.694738357096803316e+00
-2.686545463806864209e+00
-1.723625942729135163e+00
6.644144695436331460e-01
3.119859248291842579e+00
4.256104283163562485e+00
3.427993495036715910e+00
1.088099058817833864e+00
-1.454008476827371110e+00
-2.792466611125414389e+00
-2.176198117635667728e+00
3.851678084310916628e-02
2.599882706909868890e+00
4.053891183737239778e+00
3.582060618409152575e+00
1.434750086405816472e+00
-1.203649401347161474e+00
-2.850241782390078527e+00
-2.599882706909868890e+00
-6.066392982789693411e-01
2.012501799052453855e+00
3.765015327413920865e+00
3.659094180095370685e+00
1.742884333150689802e+00
-9.244027402346199906e-01
-2.859870977600855735e+00
-2.985050515340960331e+00
-1.251795377401047960e+00
1.367345719930375347e+00
3.379847518982829424e+00
3.649464984884593477e+00
2.002872603841676646e+00
-6.451560791220785074e-01
-2.821354196757746458e+00
-3.322072347718165730e+00
-1.877693066101571828e+00
6.933020551759649930e-01
2.927275344076296637e+00
3.562802227987597714e+00
2.224344093689554214e+00
-3.466510275879824965e-01
-2.725062244649973486e+00
-3.591689813619929783e+00
-2.465073973958986642e+00
-0.000000000000000000e+00
2.416927997905100156e+00
3.408735104615161049e+00
2.407298802694322948e+00
-3.851678084310916628e-02
-2.580624316488314030e+00
-3.784273717835475725e+00
-3.013938100973292400e+00
-6.933020551759649930e-01
1.848805480469239981e+00
3.187263614767283482e+00
2.542107535645205196e+00
2.696174659017641639e-01
-2.368782021851213671e+00
-3.909453255575580322e+00
-3.495397861512156812e+00
-1.367345719930375347e+00
1.261424572611825168e+00
2.908016953654742220e+00
2.628770292542200515e+00
5.873809078574148135e-01
-2.108793751160226826e+00
-3.938340841207912391e+00
-3.899824060364803113e+00
-2.012501799052453855e+00
6.451560791220785074e-01
2.580624316488314030e+00
2.686545463806864209e+00
9.051443498130653520e-01
-1.791030309204576287e+00
-3.880565669943248697e+00
-4.207958307109675999e+00
-2.599882706909868890e+00
2.888758563233187471e-02
2.205085703267999797e+00
2.696174659017641417e+00
1.213278596557938682e+00
-1.415491695984261833e+00
-3.726498546570812032e+00
-4.429429796957554011e+00
-3.129488443502619788e+00
-5.681225174358601748e-01
1.810288699626130704e+00
2.667287073385309792e+00
1.521412843302812012e+00
-1.001436301920838323e+00
-3.485768666301379604e+00
-4.544980139486881399e+00
-3.582060618409152575e+00
-1.145874230082497780e+00
1.396233305562707194e+00
2.609511902120646099e+00
1.819917894836908134e+00
-5.488641270143056472e-01
-3.158376029134951857e+00
-4.554609334697659051e+00
-3.947970036418689599e+00
-1.685109161886026108e+00
9.629195210777291569e-01
2.513219950012873127e+00
2.089535360738672409e+00
-5.777517126466374942e-02
-2.744320635071527903e+00
-4.448688187379108427e+00
-4.217587502320453652e+00
-2.176198117635667728e+00
5.296057365927510086e-01
2.388040412272768087e+00
2.349523631429659254e+00
4.429429796957554122e-01
-2.253231679321886283e+00
-4.236845892742008068e+00
-4.381283820903667525e+00
-2.599882706909868890e+00
1.059211473185502073e-01
2.224344093689554214e+00
2.580624316488314030e+00
9.629195210777291569e-01
-1.704367552307580524e+00
-3.919082450786357530e+00
-4.439058992168331663e+00
-2.965792124919405914e+00
-3.081342467448733302e-01
2.041389384684785924e+00
2.773208220703859972e+00
1.482896062459702957e+00
-1.097728254028611294e+00
-3.514656251933711228e+00
-4.400542211325221942e+00
-3.254667981242724384e+00
-7.029312503867423123e-01
1.829547090047685343e+00
2.927275344076296637e+00
1.983614213420122008e+00
-4.525721749065326760e-01
-3.013938100973292400e+00
-4.256104283163562485e+00
-3.466510275879825187e+00
-1.068840668396279447e+00
1.588817209778253137e+00
3.033196491394846817e+00
2.465073973958986642e+00
2.118422946371004145e-01
-2.445815583537432225e+00
-4.015374402894130945e+00
-3.591689813619929783e+00
-1.405862500773484625e+00
1.328828939087266292e+00
3.100600857870287719e+00
2.908016953654742220e+00
8.858859593915108244e-01
-1.819917894836908134e+00
-3.687981765727702754e+00
-3.649464984884593477e+00
-1.704367552307580524e+00
1.049582277974724809e+00
3.100600857870287719e+00
3.302813957296610869e+00
1.550300428935143859e+00
-1.145874230082497780e+00
-3.273926371664279245e+00
-3.620577399252261408e+00
-1.973985018209344799e+00
7.510772264406286869e-01
3.042825686605624025e+00
3.630206594463039060e+00
2.195456508057222589e+00
-4.525721749065326760e-01
-2.802095806336192041e+00
-3.524285447144488881e+00
-2.205085703267999797e+00
4.333137844849781484e-01
2.927275344076296637e+00
3.890194865154025905e+00
2.782837415914637180e+00
2.599882706909868446e-01
-2.262860874532663491e+00
-3.360589128561274563e+00
-2.388040412272768087e+00
1.059211473185502073e-01
2.753949830282305555e+00
4.063520378948017431e+00
3.322072347718165730e+00
9.629195210777291569e-01
-1.694738357096803316e+00
-3.129488443502619788e+00
-2.542107535645205196e+00
-2.311006850586549977e-01
2.503590754802095919e+00
4.150183135845012750e+00
3.784273717835475725e+00
1.636963185832139622e+00
-1.097728254028611294e+00
-2.850241782390078527e+00
-2.648028682963755376e+00
-5.777517126466374942e-01
2.205085703267999797e+00
4.140553940634235097e+00
4.169441526266567166e+00
2.262860874532663491e+00
-4.814597605388645785e-01
-2.522849145223650336e+00
-2.715433049439196278e+00
-9.244027402346199906e-01
1.839176285258462773e+00
4.044261988526462126e+00
4.448688187379108427e+00
2.840612587179300874e+00
1.251795377401047904e-01
-2.166568922424890520e+00
-2.744320635071527903e+00
-1.271053767822602598e+00
1.425120891195039263e+00
3.842048889100139419e+00
4.631642896383877606e+00
3.341330738139720147e+00
7.221896408082968399e-01
-1.781401113993798857e+00
-2.734691439860750695e+00
-1.617704795410584984e+00
9.532903258669518376e-01
3.543543837566043297e+00
4.699047262859318508e+00
3.765015327413920865e+00
1.280682963033379806e+00
-1.367345719930375347e+00
-2.696174659017641417e+00
-1.945097432577012952e+00
4.525721749065326760e-01
3.158376029134951857e+00
4.650901286805432022e+00
4.092407964580348612e+00
1.800659504415353496e+00
-9.532903258669518376e-01
-2.609511902120646099e+00
-2.253231679321886283e+00
-7.703356168621833255e-02
2.696174659017641417e+00
4.496834163432994913e+00
4.323508649639004275e+00
2.262860874532663491e+00
-5.296057365927510086e-01
-2.503590754802095919e+00
-2.532478340434427544e+00
-6.258976887005239798e-01
2.147310532003336103e+00
4.236845892742008068e+00
4.458317382589886080e+00
2.667287073385309792e+00
-1.155503425293274988e-01
-2.349523631429659254e+00
-2.792466611125414389e+00
-1.184391010925606835e+00
1.550300428935143859e+00
3.870936474732471044e+00
4.477575773011440496e+00
3.004308905762514748e+00
2.888758563233187471e-01
-2.176198117635667728e+00
-3.004308905762514748e+00
-1.733255137939912593e+00
8.955151546022881437e-01
3.418364299825938701e+00
4.390913016114445178e+00
3.273926371664279245e+00
6.740436647544103543e-01
-1.964355822998567369e+00
-3.168005224345729065e+00
-2.262860874532663491e+00
2.118422946371004145e-01
2.879129368022410151e+00
4.217587502320453652e+00
3.466510275879825187e+00
1.030323887553170170e+00
-1.723625942729135163e+00
-3.273926371664279245e+00
-2.763579025493082764e+00
-4.814597605388645785e-01
2.272490069743440699e+00
3.938340841207912391e+00
3.572431423198375366e+00
1.367345719930375347e+00
-1.463637672038148319e+00
-3.331701542928942938e+00
-3.216151200399615551e+00
-1.174761815714829627e+00
1.608075600199807775e+00
3.582060618409152575e+00
3.610948204041484200e+00
1.665850771464471469e+00
-1.165132620504052197e+00
-3.322072347718165730e+00
-3.601319008830706991e+00
-1.858434675680017190e+00
9.147735450238426713e-01
3.148746833924174204e+00
3.572431423198375366e+00
1.935468237366235522e+00
-8.569983737591789774e-01
-3.254667981242724384e+00
-3.919082450786357530e+00
-2.503590754802095919e+00
2.022130994263231230e-01
2.657657878174532584e+00
3.466510275879825187e+00
2.176198117635667728e+00
-5.199765413819736892e-01
-3.110230053081065371e+00
-4.159812331055789514e+00
-3.090971662659510510e+00
-5.103473461711964809e-01
2.108793751160226826e+00
3.302813957296610869e+00
2.378411217061990879e+00
-1.636963185832139567e-01
-2.898387758443964568e+00
-4.304250259217448971e+00
-3.610948204041484200e+00
-1.213278596557938682e+00
1.531042038513589443e+00
3.071713272237956094e+00
2.532478340434427544e+00
2.118422946371004145e-01
-2.609511902120646099e+00
-4.352396235271335456e+00
-4.053891183737239778e+00
-1.877693066101571828e+00
9.340319354453973100e-01
2.802095806336192041e+00
2.657657878174532584e+00
5.873809078574148135e-01
-2.262860874532663491e+00
-4.304250259217448971e+00
-4.400542211325221942e+00
-2.493961559591318711e+00
3.273926371664279134e-01
2.484332364380541058e+00
2.744320635071527903e+00
9.725487162885064762e-01
-1.858434675680017190e+00
-4.159812331055789514e+00
-4.641272091594654370e+00
-3.042825686605624025e+00
-2.696174659017641639e-01
2.128052141581781243e+00
2.792466611125414389e+00
1.357716524719598139e+00
-1.396233305562707194e+00
-3.909453255575580322e+00
-4.776080824545536174e+00
-3.524285447144488881e+00
-8.473691785484016581e-01
1.752513528361467010e+00
2.811725001546969249e+00
1.733255137939912593e+00
-8.762567641807335050e-01
-3.553173032776820506e+00
-4.795339214967091479e+00
-3.909453255575580322e+00
-1.386604110351929986e+00
1.357716524719598139e+00
2.782837415914637180e+00
2.089535360738672409e+00
-3.273926371664279134e-01
-3.119859248291842579e+00
-4.708676458070095272e+00
-4.198329111898899235e+00
-1.877693066101571828e+00
9.532903258669518376e-01
2.715433049439196278e+00
2.426557193115877364e+00
2.407298802694322892e-01
-2.599882706909868890e+00
-4.506463358643772565e+00
-4.390913016114445178e+00
-2.320636045797327185e+00
5.488641270143056472e-01
2.619141097331423307e+00
2.734691439860750695e+00
8.377399833376243388e-01
-2.012501799052453855e+00
-4.188699916688121583e+00
-4.477575773011440496e+00
-2.705803854228419070e+00
1.444379281616593735e-01
2.484332364380541058e+00
3.004308905762514748e+00
1.425120891195039263e+00
-1.357716524719598139e+00
-3.784273717835475725e+00
-4.467946577800663732e+00
-3.023567296184069608e+00
-2.503590754802095808e-01
2.311006850586549977e+00
3.225780395610392759e+00
2.002872603841676646e+00
-6.740436647544103543e-01
-3.283555566875056453e+00
-4.352396235271335456e+00
-3.264297176453502036e+00
-6.258976887005239798e-01
2.099164555949449618e+00
3.399105909404383841e+00
2.551736730855982405e+00
3.851678084310916628e-02
-2.705803854228419070e+00
-4.130924745423458333e+00
-3.437622690247493118e+00
-9.821779114992836845e-01
1.858434675680017190e+00
3.505027056722934020e+00
3.052454881816401233e+00
7.607064216514060062e-01
-2.070276970317117549e+00
-3.832419693889362211e+00
-3.533914642355266089e+00
-1.319199743876488862e+00
1.588817209778253137e+00
3.553173032776820506e+00
3.505027056722934020e+00
1.473266867248925527e+00
-1.386604110351929986e+00
-3.456881080669047535e+00
-3.553173032776820506e+00
-1.617704795410584984e+00
1.280682963033379806e+00
3.533914642355266089e+00
3.880565669943248697e+00
2.156939727214113312e+00
-6.740436647544103543e-01
-3.004308905762514748e+00
-3.514656251933711228e+00
-1.896951456523126467e+00
9.436611306561746293e-01
3.427993495036715910e+00
4.188699916688121583e+00
2.792466611125414389e+00
4.814597605388645785e-02
-2.493961559591318711e+00
-3.399105909404383841e+00
-2.147310532003336103e+00
5.777517126466374942e-01
3.254667981242724384e+00
4.390913016114445178e+00
3.370218323772052216e+00
7.607064216514060062e-01
-1.945097432577012952e+00
-3.235409590821169967e+00
-2.359152826640436462e+00
1.925839042155458314e-01
3.004308905762514748e+00
4.506463358643772565e+00
3.870936474732471044e+00
1.454008476827371110e+00
-1.376974915141152778e+00
-3.013938100973292400e+00
-2.542107535645205196e+00
-2.022130994263231230e-01
2.686545463806864209e+00
4.516092553854549330e+00
4.275362673585117790e+00
2.099164555949449618e+00
-7.799648120729606449e-01
-2.744320635071527903e+00
-2.686545463806864209e+00
-6.162684934897466604e-01
2.291748460164995560e+00
4.429429796957554011e+00
4.583496920329991120e+00
2.696174659017641417e+00
-1.925839042155458314e-01
-2.436186388326654573e+00
-2.792466611125414389e+00
-1.039953082763947378e+00
1.839176285258462773e+00
4.227216697531231304e+00
4.785710019756313827e+00
3.216151200399615551e+00
3.947970036418689821e-01
-2.099164555949449618e+00
-2.859870977600855735e+00
-1.454008476827371110e+00
1.328828939087266292e+00
3.919082450786357530e+00
4.882001971864086798e+00
3.659094180095370685e+00
9.436611306561746293e-01
-1.742884333150689802e+00
-2.888758563233187360e+00
-1.858434675680017190e+00
7.703356168621833255e-01
3.524285447144488881e+00
4.853114386231754729e+00
4.005745207683353293e+00
1.463637672038148319e+00
-1.357716524719598139e+00
-2.879129368022410151e+00
-2.253231679321886283e+00
1.733255137939912482e-01
3.033196491394846817e+00
4.708676458070095272e+00
4.265733478374340137e+00
1.935468237366235522e+00
-9.725487162885064762e-01
-2.830983391968523666e+00
-2.609511902120646099e+00
-4.333137844849781484e-01
2.465073973958986642e+00
4.458317382589886080e+00
4.419800601746777247e+00
2.359152826640436462e+00
-5.777517126466374942e-01
-2.744320635071527903e+00
-2.936904539287073845e+00
-1.059211473185502017e+00
1.829547090047685343e+00
4.102037159791126264e+00
4.467946577800663732e+00
2.715433049439196278e+00
-1.829547090047685398e-01
-2.619141097331423307e+00
-3.225780395610392759e+00
-1.675479966675248678e+00
1.145874230082497780e+00
3.649464984884593477e+00
4.410171406535999594e+00
3.004308905762514748e+00
1.925839042155458314e-01
-2.445815583537432225e+00
-3.456881080669047535e+00
-2.272490069743440699e+00
4.236845892742008290e-01
3.110230053081065371e+00
4.265733478374340137e+00
3.225780395610392759e+00
5.681225174358601748e-01
-2.233973288900331866e+00
-3.620577399252261408e+00
-2.830983391968523666e+00
-3.081342467448733302e-01
2.503590754802095919e+00
4.025003598104907709e+00
3.379847518982829424e+00
9.244027402346199906e-01
-1.983614213420122008e+00
-3.726498546570812032e+00
-3.331701542928942938e+00
-1.049582277974724809e+00
1.848805480469239981e+00
3.697610960938479963e+00
3.466510275879825187e+00
1.261424572611825168e+00
-1.694738357096803316e+00
-3.755386132203143656e+00
-3.774644522624698517e+00
-1.762142723572244440e+00
1.145874230082497780e+00
3.302813957296610869e+00
3.485768666301379604e+00
1.569558819356698498e+00
-1.367345719930375347e+00
-3.707240156149257171e+00
-4.140553940634235097e+00
-2.436186388326654573e+00
4.333137844849781484e-01
2.840612587179300874e+00
3.437622690247493118e+00
1.858434675680017190e+00
-1.011065497131615532e+00
-3.582060618409152575e+00
-4.419800601746777247e+00
-3.062084077027178886e+00
-2.888758563233187471e-01
2.330265241008104393e+00
3.331701542928942938e+00
2.118422946371004034e+00
-6.258976887005239798e-01
-3.370218323772052216e+00
-4.593126115540767884e+00
-3.620577399252261408e+00
-9.918071067100610039e-01
1.791030309204576287e+00
3.168005224345729065e+00
2.349523631429659254e+00
-2.118422946371004145e-01
-3.081342467448733302e+00
-4.670159677226986439e+00
-4.082778769369571847e+00
-1.665850771464471469e+00
1.222907791768716113e+00
2.956162929708628706e+00
2.542107535645205196e+00
2.214714898478777061e-01
-2.715433049439196278e+00
-4.641272091594654370e+00
-4.458317382589886080e+00
-2.291748460164995560e+00
6.451560791220785074e-01
2.696174659017641417e+00
2.705803854228419070e+00
6.740436647544103543e-01
-2.282119264954217908e+00
-4.496834163432994913e+00
-4.727934848491650577e+00
-2.859870977600855735e+00
6.740436647544104098e-02
2.407298802694322948e+00
2.840612587179300874e+00
1.126615839660943141e+00
-1.781401113993798857e+00
-4.246475087952785721e+00
-4.882001971864086798e+00
-3.350959933350497355e+00
-4.910889557496418423e-01
2.079906165527894757e+00
2.927275344076296637e+00
1.569558819356698498e+00
-1.222907791768716113e+00
-3.890194865154025905e+00
-4.930147947917973283e+00
-3.755386132203143656e+00
-1.020694692342392962e+00
1.733255137939912593e+00
2.975421320130183123e+00
2.002872603841676646e+00
-6.258976887005239798e-01
-3.437622690247493118e+00
-4.853114386231754729e+00
-4.063520378948017431e+00
-1.511783648092034804e+00
1.376974915141152778e+00
2.985050515340960331e+00
2.416927997905100156e+00
0.000000000000000000e+00
-2.898387758443964568e+00
-4.660530482016208786e+00
-4.275362673585117790e+00
-1.964355822998567369e+00
1.001436301920838323e+00
2.946533734497851054e+00
2.802095806336192041e+00
6.547852743328558267e-01
-2.291748460164995560e+00
-4.362025430482113109e+00
-4.390913016114445178e+00
-2.359152826640436462e+00
6.162684934897466604e-01
2.869500172811632943e+00
3.148746833924174204e+00
1.299941353454934445e+00
-1.617704795410584984e+00
-3.967228426840244015e+00
-4.410171406535999594e+00
-2.686545463806864209e+00
2.407298802694322892e-01
2.744320635071527903e+00
3.437622690247493118e+00
1.935468237366235522e+00
-9.051443498130653520e-01
-3.476139471090602395e+00
-4.323508649639004275e+00
-2.956162929708628706e+00
-1.348087329508820820e-01
2.570995121277536821e+00
3.668723375306147894e+00
2.542107535645205196e+00
-1.636963185832139567e-01
-2.908016953654742220e+00
-4.150183135845012750e+00
-3.168005224345729065e+00
-5.007181509604191616e-01
2.359152826640436462e+00
3.832419693889362211e+00
3.100600857870287719e+00
5.873809078574148135e-01
-2.282119264954217908e+00
-3.890194865154025905e+00
-3.312443152507388078e+00
-8.569983737591789774e-01
2.099164555949449618e+00
3.919082450786357530e+00
3.601319008830706991e+00
1.328828939087266292e+00
-1.608075600199807775e+00
-3.543543837566043297e+00
-3.379847518982829424e+00
-1.203649401347161474e+00
1.791030309204576287e+00
3.928711645997134738e+00
4.025003598104907709e+00
2.041389384684785924e+00
-9.051443498130653520e-01
-3.139117638713396996e+00
-3.399105909404383841e+00
-1.521412843302812012e+00
1.444379281616593680e+00
3.851678084310916628e+00
4.362025430482113109e+00
2.705803854228419070e+00
-1.925839042155458314e-01
-2.676916268596087001e+00
-3.350959933350497355e+00
-1.819917894836908134e+00
1.059211473185502017e+00
3.697610960938479963e+00
4.612384505962322301e+00
3.302813957296610869e+00
5.199765413819736892e-01
-2.166568922424890520e+00
-3.245038786031947176e+00
-2.099164555949449618e+00
6.451560791220785074e-01
3.447251885458270326e+00
4.756822434123981758e+00
3.832419693889362211e+00
1.213278596557938682e+00
-1.627333990621362192e+00
-3.090971662659510510e+00
-2.339894436218882046e+00
2.022130994263231230e-01
3.119859248291842579e+00
4.785710019756313827e+00
4.265733478374340137e+00
1.858434675680017190e+00
-1.078469863607056656e+00
-2.888758563233187360e+00
-2.561365926066759613e+00
-2.696174659017641639e-01
2.715433049439196278e+00
4.708676458070095272e+00
4.593126115540767884e+00
2.455444778748209433e+00
-5.199765413819736892e-01
-2.648028682963755376e+00
-2.744320635071527903e+00
-7.414480312298514786e-01
2.233973288900331866e+00
4.516092553854549330e+00
4.824226800599422660e+00
2.985050515340960331e+00
2.888758563233187471e-02
-2.378411217061990879e+00
-2.888758563233187360e+00
-1.222907791768716113e+00
1.685109161886026108e+00
4.207958307109675999e+00
4.930147947917973283e+00
3.437622690247493118e+00
5.681225174358601748e-01
-2.070276970317117549e+00
-3.004308905762514748e+00
-1.704367552307580524e+00
1.088099058817833864e+00
3.813161303467807350e+00
4.920518752707195631e+00
3.803532108257030142e+00
1.068840668396279447e+00
-1.742884333150689802e+00
-3.071713272237956094e+00
-2.166568922424890520e+00
4.525721749065326760e-01
3.312443152507388078e+00
4.804968410177868243e+00
4.073149574158794195e+00
1.540671233724366651e+00
-1.396233305562707194e+00
-3.090971662659510510e+00
-2.599882706909868890e+00
-2.022130994263231230e-01
2.734691439860750695e+00
4.564238529908435815e+00
4.256104283163562485e+00
1.954726627787790161e+00
-1.039953082763947378e+00
-3.062084077027178886e+00
-2.994679710551737539e+00
-8.762567641807335050e-01
2.089535360738672409e+00
4.227216697531231304e+00
4.333137844849781040e+00
2.330265241008104393e+00
-6.740436647544103543e-01
-2.994679710551737539e+00
-3.350959933350497355e+00
-1.550300428935143859e+00
1.386604110351929986e+00
3.793902913046252934e+00
4.313879454428226623e+00
2.638399487752977723e+00
-2.985050515340960109e-01
-2.869500172811632943e+00
-3.639835789673816269e+00
-2.195456508057222589e+00
6.451560791220785074e-01
3.273926371664279245e+00
4.198329111898899235e+00
2.888758563233187360e+00
6.740436647544104098e-02
-2.696174659017641417e+00
-3.870936474732471044e+00
-2.802095806336192041e+00
-1.059211473185502073e-01
2.686545463806864209e+00
4.005745207683353293e+00
3.081342467448733302e+00
4.333137844849781484e-01
-2.474703169169763850e+00
-4.015374402894130945e+00
-3.350959933350497355e+00
-8.666275689699562967e-01
2.041389384684785924e+00
3.726498546570812032e+00
3.216151200399615551e+00
7.992232024945151725e-01
-2.195456508057222589e+00
-4.092407964580348612e+00
-3.842048889100139419e+00
-1.598446404989030345e+00
1.367345719930375347e+00
3.370218323772052216e+00
3.283555566875056453e+00
1.145874230082497780e+00
-1.868063870890794620e+00
-4.073149574158794195e+00
-4.246475087952785721e+00
-2.291748460164995560e+00
6.644144695436331460e-01
2.965792124919405914e+00
3.302813957296610869e+00
1.473266867248925527e+00
-1.502154452881257374e+00
-3.967228426840244015e+00
-4.554609334697659051e+00
-2.936904539287073845e+00
-3.851678084310916628e-02
2.503590754802095919e+00
3.254667981242724384e+00
1.791030309204576287e+00
-1.088099058817833864e+00
-3.774644522624698517e+00
-4.766451629334759410e+00
-3.514656251933711228e+00
-7.318188360190741593e-01
2.002872603841676646e+00
3.168005224345729065e+00
2.079906165527894757e+00
-6.451560791220785074e-01
-3.485768666301379604e+00
-4.862743581442532381e+00
-4.005745207683353293e+00
-1.396233305562707194e+00
1.482896062459702957e+00
3.023567296184069608e+00
2.349523631429659254e+00
-1.636963185832139567e-01
-3.119859248291842579e+00
-4.843485191020977965e+00
-4.400542211325221942e+00
-2.022130994263231063e+00
9.532903258669518376e-01
2.840612587179300874e+00
2.580624316488314030e+00
3.273926371664279134e-01
-2.667287073385309792e+00
-4.718305653280872924e+00
-4.679788872437764091e+00
-2.580624316488314030e+00
4.140553940634235097e-01
2.609511902120646099e+00
2.782837415914637180e+00
8.377399833376243388e-01
-2.147310532003336103e+00
-4.477575773011440496e+00
-4.862743581442532381e+00
-3.071713272237956094e+00
-1.155503425293274988e-01
2.359152826640436462e+00
2.956162929708628706e+00
1.348087329508820709e+00
-1.559929624145921290e+00
-4.130924745423458333e+00
-4.920518752707195631e+00
-3.485768666301379604e+00
-6.162684934897466604e-01
2.070276970317117549e+00
3.081342467448733302e+00
1.848805480469239981e+00
-9.244027402346199906e-01
-3.687981765727702754e+00
-4.872372776653309145e+00
-3.813161303467807350e+00
-1.097728254028611294e+00
1.762142723572244440e+00
3.158376029134951857e+00
2.330265241008104393e+00
-2.599882706909868446e-01
-3.148746833924174204e+00
-4.699047262859318508e+00
-4.044261988526462126e+00
-1.531042038513589443e+00
1.434750086405816472e+00
3.196892809978060690e+00
2.782837415914637180e+00
4.236845892742008290e-01
-2.532478340434427544e+00
-4.429429796957554011e+00
-4.179070721477344819e+00
-1.925839042155458314e+00
1.088099058817833864e+00
3.177634419556506273e+00
3.187263614767283482e+00
1.116986644450165933e+00
-1.848805480469239981e+00
-4.053891183737239778e+00
-4.227216697531231304e+00
-2.272490069743440699e+00
7.318188360190741593e-01
3.110230053081065371e+00
3.543543837566043297e+00
1.800659504415353496e+00
-1.126615839660943141e+00
-3.591689813619929783e+00
-4.179070721477344819e+00
-2.561365926066759613e+00
3.659094180095370796e-01
2.985050515340960331e+00
3.832419693889362211e+00
2.445815583537432225e+00
-3.755386132203143434e-01
-3.052454881816401233e+00
-4.044261988526462126e+00
-2.802095806336192041e+00
-0.000000000000000000e+00
2.802095806336192041e+00
4.044261988526462126e+00
3.052454881816401233e+00
3.755386132203143434e-01
-2.445815583537432225e+00
-3.832419693889362211e+00
-2.985050515340960331e+00
-3.659094180095370796e-01
2.561365926066759613e+00
4.179070721477344819e+00
3.591689813619929783e+00
1.126615839660943141e+00
-1.800659504415353496e+00
-3.543543837566043297e+00
-3.110230053081065371e+00
-7.318188360190741593e-01
2.272490069743440699e+00
4.227216697531231304e+00
4.053891183737239778e+00
1.848805480469239981e+00
-1.116986644450165933e+00
-3.187263614767283482e+00
-3.177634419556506273e+00
-1.088099058817833864e+00
1.925839042155458314e+00
4.179070721477344819e+00
4.429429796957554011e+00
2.532478340434427544e+00
-4.236845892742008290e-01
-2.782837415914637180e+00
-3.196892809978060690e+00
-1.434750086405816472e+00
1.531042038513589443e+00
4.044261988526462126e+00
4.699047262859318508e+00
3.148746833924174204e+00
2.599882706909868446e-01
-2.330265241008104393e+00
-3.158376029134951857e+00
-1.762142723572244440e+00
1.097728254028611294e+00
3.813161303467807350e+00
4.872372776653309145e+00
3.687981765727702754e+00
9.244027402346199906e-01
-1.848805480469239981e+00
-3.081342467448733302e+00
-2.070276970317117549e+00
6.162684934897466604e-01
3.485768666301379604e+00
4.920518752707195631e+00
4.130924745423458333e+00
1.559929624145921290e+00
-1.348087329508820709e+00
-2.956162929708628706e+00
-2.359152826640436462e+00
1.155503425293274988e-01
3.071713272237956094e+00
4.862743581442532381e+00
4.477575773011440496e+00
2.147310532003336103e+00
-8.377399833376243388e-01
-2.782837415914637180e+00
-2.609511902120646099e+00
-4.140553940634235097e-01
2.580624316488314030e+00
4.679788872437764091e+00
4.718305653280872924e+00
2.667287073385309792e+00
-3.273926371664279134e-01
-2.580624316488314030e+00
-2.840612587179300874e+00
-9.532903258669518376e-01
2.022130994263231063e+00
4.400542211325221942e+00
4.843485191020977965e+00
3.119859248291842579e+00
1.636963185832139567e-01
-2.349523631429659254e+00
-3.023567296184069608e+00
-1.482896062459702957e+00
1.396233305562707194e+00
4.005745207683353293e+00
4.862743581442532381e+00
3.485768666301379604e+00
6.451560791220785074e-01
-2.079906165527894757e+00
-3.168005224345729065e+00
-2.002872603841676646e+00
7.318188360190741593e-01
3.514656251933711228e+00
4.766451629334759410e+00
3.774644522624698517e+00
1.088099058817833864e+00
-1.791030309204576287e+00
-3.254667981242724384e+00
-2.503590754802095919e+00
3.851678084310916628e-02
2.936904539287073845e+00
4.554609334697659051e+00
3.967228426840244015e+00
1.502154452881257374e+00
-1.473266867248925527e+00
-3.302813957296610869e+00
-2.965792124919405914e+00
-6.644144695436331460e-01
2.291748460164995560e+00
4.246475087952785721e+00
4.073149574158794195e+00
1.868063870890794620e+00
-1.145874230082497780e+00
-3.283555566875056453e+00
-3.370218323772052216e+00
-1.367345719930375347e+00
1.598446404989030345e+00
3.842048889100139419e+00
4.092407964580348612e+00
2.195456508057222589e+00
-7.992232024945151725e-01
-3.216151200399615551e+00
-3.726498546570812032e+00
-2.041389384684785924e+00
8.666275689699562967e-01
3.350959933350497355e+00
4.015374402894130945e+00
2.474703169169763850e+00
-4.333137844849781484e-01
-3.081342467448733302e+00
-4.005745207683353293e+00
-2.686545463806864209e+00
1.059211473185502073e-01
2.802095806336192041e+00
3.870936474732471044e+00
2.696174659017641417e+00
-6.740436647544104098e-02
-2.888758563233187360e+00
-4.198329111898899235e+00
-3.273926371664279245e+00
-6.451560791220785074e-01
2.195456508057222589e+00
3.639835789673816269e+00
2.869500172811632943e+00
2.985050515340960109e-01
-2.638399487752977723e+00
-4.313879454428226623e+00
-3.793902913046252934e+00
-1.386604110351929986e+00
1.550300428935143859e+00
3.350959933350497355e+00
2.994679710551737539e+00
6.740436647544103543e-01
-2.330265241008104393e+00
-4.333137844849781040e+00
-4.227216697531231304e+00
-2.089535360738672409e+00
8.762567641807335050e-01
2.994679710551737539e+00
3.062084077027178886e+00
1.039953082763947378e+00
-1.954726627787790161e+00
-4.256104283163562485e+00
-4.564238529908435815e+00
-2.734691439860750695e+00
2.022130994263231230e-01
2.599882706909868890e+00
3.090971662659510510e+00
1.396233305562707194e+00
-1.540671233724366651e+00
-4.073149574158794195e+00
-4.804968410177868243e+00
-3.312443152507388078e+00
-4.525721749065326760e-01
2.166568922424890520e+00
3.071713272237956094e+00
1.742884333150689802e+00
-1.068840668396279447e+00
-3.803532108257030142e+00
-4.920518752707195631e+00
-3.813161303467807350e+00
-1.088099058817833864e+00
1.704367552307580524e+00
3.004308905762514748e+00
2.070276970317117549e+00
-5.681225174358601748e-01
-3.437622690247493118e+00
-4.930147947917973283e+00
-4.207958307109675999e+00
-1.685109161886026108e+00
1.222907791768716113e+00
2.888758563233187360e+00
2.378411217061990879e+00
-2.888758563233187471e-02
-2.985050515340960331e+00
-4.824226800599422660e+00
-4.516092553854549330e+00
-2.233973288900331866e+00
7.414480312298514786e-01
2.744320635071527903e+00
2.648028682963755376e+00
5.199765413819736892e-01
-2.455444778748209433e+00
-4.593126115540767884e+00
-4.708676458070095272e+00
-2.715433049439196278e+00
2.696174659017641639e-01
2.561365926066759613e+00
2.888758563233187360e+00
1.078469863607056656e+00
-1.858434675680017190e+00
-4.265733478374340137e+00
-4.785710019756313827e+00
-3.119859248291842579e+00
-2.022130994263231230e-01
2.339894436218882046e+00
3.090971662659510510e+00
1.627333990621362192e+00
-1.213278596557938682e+00
-3.832419693889362211e+00
-4.756822434123981758e+00
-3.447251885458270326e+00
-6.451560791220785074e-01
2.099164555949449618e+00
3.245038786031947176e+00
2.166568922424890520e+00
-5.199765413819736892e-01
-3.302813957296610869e+00
-4.612384505962322301e+00
-3.697610960938479963e+00
-1.059211473185502017e+00
1.819917894836908134e+00
3.350959933350497355e+00
2.676916268596087001e+00
1.925839042155458314e-01
-2.705803854228419070e+00
-4.362025430482113109e+00
-3.851678084310916628e+00
-1.444379281616593680e+00
1.521412843302812012e+00
3.399105909404383841e+00
3.139117638713396996e+00
9.051443498130653520e-01
-2.041389384684785924e+00
-4.025003598104907709e+00
-3.928711645997134738e+00
-1.791030309204576287e+00
1.203649401347161474e+00
3.379847518982829424e+00
3.543543837566043297e+00
1.608075600199807775e+00
-1.328828939087266292e+00
-3.601319008830706991e+00
-3.919082450786357530e+00
-2.099164555949449618e+00
8.569983737591789774e-01
3.312443152507388078e+00
3.890194865154025905e+00
2.282119264954217908e+00
-5.873809078574148135e-01
-3.100600857870287719e+00
-3.832419693889362211e+00
-2.359152826640436462e+00
5.007181509604191616e-01
3.168005224345729065e+00
4.150183135845012750e+00
2.908016953654742220e+00
1.636963185832139567e-01
-2.542107535645205196e+00
-3.668723375306147894e+00
-2.570995121277536821e+00
1.348087329508820820e-01
2.956162929708628706e+00
4.323508649639004275e+00
3.476139471090602395e+00
9.051443498130653520e-01
-1.935468237366235522e+00
-3.437622690247493118e+00
-2.744320635071527903e+00
-2.407298802694322892e-01
2.686545463806864209e+00
4.410171406535999594e+00
3.967228426840244015e+00
1.617704795410584984e+00
-1.299941353454934445e+00
-3.148746833924174204e+00
-2.869500172811632943e+00
-6.162684934897466604e-01
2.359152826640436462e+00
4.390913016114445178e+00
4.362025430482113109e+00
2.291748460164995560e+00
-6.547852743328558267e-01
-2.802095806336192041e+00
-2.946533734497851054e+00
-1.001436301920838323e+00
1.964355822998567369e+00
4.275362673585117790e+00
4.660530482016208786e+00
2.898387758443964568e+00
-0.000000000000000000e+00
-2.416927997905100156e+00
-2.985050515340960331e+00
-1.376974915141152778e+00
1.511783648092034804e+00
4.063520378948017431e+00
4.853114386231754729e+00
3.437622690247493118e+00
6.258976887005239798e-01
-2.002872603841676646e+00
-2.975421320130183123e+00
-1.733255137939912593e+00
1.020694692342392962e+00
3.755386132203143656e+00
4.930147947917973283e+00
3.890194865154025905e+00
1.222907791768716113e+00
-1.569558819356698498e+00
-2.927275344076296637e+00
-2.079906165527894757e+00
4.910889557496418423e-01
3.350959933350497355e+00
4.882001971864086798e+00
4.246475087952785721e+00
1.781401113993798857e+00
-1.126615839660943141e+00
-2.840612587179300874e+00
-2.407298802694322948e+00
-6.740436647544104098e-02
2.859870977600855735e+00
4.727934848491650577e+00
4.496834163432994913e+00
2.282119264954217908e+00
-6.740436647544103543e-01
-2.705803854228419070e+00
-2.696174659017641417e+00
-6.451560791220785074e-01
2.291748460164995560e+00
4.458317382589886080e+00
4.641272091594654370e+00
2.715433049439196278e+00
-2.214714898478777061e-01
-2.542107535645205196e+00
-2.956162929708628706e+00
-1.222907791768716113e+00
1.665850771464471469e+00
4.082778769369571847e+00
4.670159677226986439e+00
3.081342467448733302e+00
2.118422946371004145e-01
-2.349523631429659254e+00
-3.168005224345729065e+00
-1.791030309204576287e+00
9.918071067100610039e-01
3.620577399252261408e+00
4.593126115540767884e+00
3.370218323772052216e+00
6.258976887005239798e-01
-2.118422946371004034e+00
-3.331701542928942938e+00
-2.330265241008104393e+00
2.888758563233187471e-01
3.062084077027178886e+00
4.419800601746777247e+00
3.582060618409152575e+00
1.011065497131615532e+00
-1.858434675680017190e+00
-3.437622690247493118e+00
-2.840612587179300874e+00
-4.333137844849781484e-01
2.436186388326654573e+00
4.140553940634235097e+00
3.707240156149257171e+00
1.367345719930375347e+00
-1.569558819356698498e+00
-3.485768666301379604e+00
-3.302813957296610869e+00
-1.145874230082497780e+00
1.762142723572244440e+00
3.774644522624698517e+00
3.755386132203143656e+00
1.694738357096803316e+00
-1.261424572611825168e+00
-3.466510275879825187e+00
-3.697610960938479963e+00
-1.848805480469239981e+00
1.049582277974724809e+00
3.331701542928942938e+00
3.726498546570812032e+00
1.983614213420122008e+00
-9.244027402346199906e-01
-3.379847518982829424e+00
-4.025003598104907709e+00
-2.503590754802095919e+00
3.081342467448733302e-01
2.830983391968523666e+00
3.620577399252261408e+00
2.233973288900331866e+00
-5.681225174358601748e-01
-3.225780395610392759e+00
-4.265733478374340137e+00
-3.110230053081065371e+00
-4.236845892742008290e-01
2.272490069743440699e+00
3.456881080669047535e+00
2.445815583537432225e+00
-1.925839042155458314e-01
-3.004308905762514748e+00
-4.410171406535999594e+00
-3.649464984884593477e+00
-1.145874230082497780e+00
1.675479966675248678e+00
3.225780395610392759e+00
2.619141097331423307e+00
1.829547090047685398e-01
-2.715433049439196278e+00
-4.467946577800663732e+00
-4.102037159791126264e+00
-1.829547090047685343e+00
1.059211473185502017e+00
2.936904539287073845e+00
2.744320635071527903e+00
5.777517126466374942e-01
-2.359152826640436462e+00
-4.419800601746777247e+00
-4.458317382589886080e+00
-2.465073973958986642e+00
4.333137844849781484e-01
2.609511902120646099e+00
2.830983391968523666e+00
9.725487162885064762e-01
-1.935468237366235522e+00
-4.265733478374340137e+00
-4.708676458070095272e+00
-3.033196491394846817e+00
-1.733255137939912482e-01
2.253231679321886283e+00
2.879129368022410151e+00
1.357716524719598139e+00
-1.463637672038148319e+00
-4.005745207683353293e+00
-4.853114386231754729e+00
-3.524285447144488881e+00
-7.703356168621833255e-01
1.858434675680017190e+00
2.888758563233187360e+00
1.742884333150689802e+00
-9.436611306561746293e-01
-3.659094180095370685e+00
-4.882001971864086798e+00
-3.919082450786357530e+00
-1.328828939087266292e+00
1.454008476827371110e+00
2.859870977600855735e+00
2.099164555949449618e+00
-3.947970036418689821e-01
-3.216151200399615551e+00
-4.785710019756313827e+00
-4.227216697531231304e+00
-1.839176285258462773e+00
1.039953082763947378e+00
2.792466611125414389e+00
2.436186388326654573e+00
1.925839042155458314e-01
-2.696174659017641417e+00
-4.583496920329991120e+00
-4.429429796957554011e+00
-2.291748460164995560e+00
6.162684934897466604e-01
2.686545463806864209e+00
2.744320635071527903e+00
7.799648120729606449e-01
-2.099164555949449618e+00
-4.275362673585117790e+00
-4.516092553854549330e+00
-2.686545463806864209e+00
2.022130994263231230e-01
2.542107535645205196e+00
3.013938100973292400e+00
1.376974915141152778e+00
-1.454008476827371110e+00
-3.870936474732471044e+00
-4.506463358643772565e+00
-3.004308905762514748e+00
-1.925839042155458314e-01
2.359152826640436462e+00
3.235409590821169967e+00
1.945097432577012952e+00
-7.607064216514060062e-01
-3.370218323772052216e+00
-4.390913016114445178e+00
-3.254667981242724384e+00
-5.777517126466374942e-01
2.147310532003336103e+00
3.399105909404383841e+00
2.493961559591318711e+00
-4.814597605388645785e-02
-2.792466611125414389e+00
-4.188699916688121583e+00
-3.427993495036715910e+00
-9.436611306561746293e-01
1.896951456523126467e+00
3.514656251933711228e+00
3.004308905762514748e+00
6.740436647544103543e-01
-2.156939727214113312e+00
-3.880565669943248697e+00
-3.533914642355266089e+00
-1.280682963033379806e+00
1.617704795410584984e+00
3.553173032776820506e+00
3.456881080669047535e+00
1.386604110351929986e+00
-1.473266867248925527e+00
-3.505027056722934020e+00
-3.553173032776820506e+00
-1.588817209778253137e+00
1.319199743876488862e+00
3.533914642355266089e+00
3.832419693889362211e+00
2.070276970317117549e+00
-7.607064216514060062e-01
-3.052454881816401233e+00
-3.505027056722934020e+00
-1.858434675680017190e+00
9.821779114992836845e-01
3.437622690247493118e+00
4.130924745423458333e+00
2.705803854228419070e+00
-3.851678084310916628e-02
-2.551736730855982405e+00
-3.399105909404383841e+00
-2.099164555949449618e+00
6.258976887005239798e-01
3.264297176453502036e+00
4.352396235271335456e+00
3.283555566875056453e+00
6.740436647544103543e-01
-2.002872603841676646e+00
-3.225780395610392759e+00
-2.311006850586549977e+00
2.503590754802095808e-01
3.023567296184069608e+00
4.467946577800663732e+00
3.784273717835475725e+00
1.357716524719598139e+00
-1.425120891195039263e+00
-3.004308905762514748e+00
-2.484332364380541058e+00
-1.444379281616593735e-01
2.705803854228419070e+00
4.477575773011440496e+00
4.188699916688121583e+00
2.012501799052453855e+00
-8.377399833376243388e-01
-2.734691439860750695e+00
-2.619141097331423307e+00
-5.488641270143056472e-01
2.320636045797327185e+00
4.390913016114445178e+00
4.506463358643772565e+00
2.599882706909868890e+00
-2.407298802694322892e-01
-2.426557193115877364e+00
-2.715433049439196278e+00
-9.532903258669518376e-01
1.877693066101571828e+00
4.198329111898899235e+00
4.708676458070095272e+00
3.119859248291842579e+00
3.273926371664279134e-01
-2.089535360738672409e+00
-2.782837415914637180e+00
-1.357716524719598139e+00
1.386604110351929986e+00
3.909453255575580322e+00
4.795339214967091479e+00
3.553173032776820506e+00
8.762567641807335050e-01
-1.733255137939912593e+00
-2.811725001546969249e+00
-1.752513528361467010e+00
8.473691785484016581e-01
3.524285447144488881e+00
4.776080824545536174e+00
3.909453255575580322e+00
1.396233305562707194e+00
-1.357716524719598139e+00
-2.792466611125414389e+00
-2.128052141581781243e+00
2.696174659017641639e-01
3.042825686605624025e+00
4.641272091594654370e+00
4.159812331055789514e+00
1.858434675680017190e+00
-9.725487162885064762e-01
-2.744320635071527903e+00
-2.484332364380541058e+00
-3.273926371664279134e-01
2.493961559591318711e+00
4.400542211325221942e+00
4.304250259217448971e+00
2.262860874532663491e+00
-5.873809078574148135e-01
-2.657657878174532584e+00
-2.802095806336192041e+00
-9.340319354453973100e-01
1.877693066101571828e+00
4.053891183737239778e+00
4.352396235271335456e+00
2.609511902120646099e+00
-2.118422946371004145e-01
-2.532478340434427544e+00
-3.071713272237956094e+00
-1.531042038513589443e+00
1.213278596557938682e+00
3.610948204041484200e+00
4.304250259217448971e+00
2.898387758443964568e+00
1.636963185832139567e-01
-2.378411217061990879e+00
-3.302813957296610869e+00
-2.108793751160226826e+00
5.103473461711964809e-01
3.090971662659510510e+00
4.159812331055789514e+00
3.110230053081065371e+00
5.199765413819736892e-01
-2.176198117635667728e+00
-3.466510275879825187e+00
-2.657657878174532584e+00
-2.022130994263231230e-01
2.503590754802095919e+00
3.919082450786357530e+00
3.254667981242724384e+00
8.569983737591789774e-01
-1.935468237366235522e+00
-3.572431423198375366e+00
-3.148746833924174204e+00
-9.147735450238426713e-01
1.858434675680017190e+00
3.601319008830706991e+00
3.322072347718165730e+00
1.165132620504052197e+00
-1.665850771464471469e+00
-3.610948204041484200e+00
-3.582060618409152575e+00
-1.608075600199807775e+00
1.174761815714829627e+00
3.216151200399615551e+00
3.331701542928942938e+00
1.463637672038148319e+00
-1.367345719930375347e+00
-3.572431423198375366e+00
-3.938340841207912391e+00
-2.272490069743440699e+00
4.814597605388645785e-01
2.763579025493082764e+00
3.273926371664279245e+00
1.723625942729135163e+00
-1.030323887553170170e+00
-3.466510275879825187e+00
-4.217587502320453652e+00
-2.879129368022410151e+00
-2.118422946371004145e-01
2.262860874532663491e+00
3.168005224345729065e+00
1.964355822998567369e+00
-6.740436647544103543e-01
-3.273926371664279245e+00
-4.390913016114445178e+00
-3.418364299825938701e+00
-8.955151546022881437e-01
1.733255137939912593e+00
3.004308905762514748e+00
2.176198117635667728e+00
-2.888758563233187471e-01
-3.004308905762514748e+00
-4.477575773011440496e+00
-3.870936474732471044e+00
-1.550300428935143859e+00
1.184391010925606835e+00
2.792466611125414389e+00
2.349523631429659254e+00
1.155503425293274988e-01
-2.667287073385309792e+00
-4.458317382589886080e+00
-4.236845892742008068e+00
-2.147310532003336103e+00
6.258976887005239798e-01
2.532478340434427544e+00
2.503590754802095919e+00
5.296057365927510086e-01
-2.262860874532663491e+00
-4.323508649639004275e+00
-4.496834163432994913e+00
-2.696174659017641417e+00
7.703356168621833255e-02
2.253231679321886283e+00
2.609511902120646099e+00
9.532903258669518376e-01
-1.800659504415353496e+00
-4.092407964580348612e+00
-4.650901286805432022e+00
-3.158376029134951857e+00
-4.525721749065326760e-01
1.945097432577012952e+00
2.696174659017641417e+00
1.367345719930375347e+00
-1.280682963033379806e+00
-3.765015327413920865e+00
-4.699047262859318508e+00
-3.543543837566043297e+00
-9.532903258669518376e-01
1.617704795410584984e+00
2.734691439860750695e+00
1.781401113993798857e+00
-7.221896408082968399e-01
-3.341330738139720147e+00
-4.631642896383877606e+00
-3.842048889100139419e+00
-1.425120891195039263e+00
1.271053767822602598e+00
2.744320635071527903e+00
2.166568922424890520e+00
-1.251795377401047904e-01
-2.840612587179300874e+00
-4.448688187379108427e+00
-4.044261988526462126e+00
-1.839176285258462773e+00
9.244027402346199906e-01
2.715433049439196278e+00
2.522849145223650336e+00
4.814597605388645785e-01
-2.262860874532663491e+00
-4.169441526266567166e+00
-4.140553940634235097e+00
-2.205085703267999797e+00
5.777517126466374942e-01
2.648028682963755376e+00
2.850241782390078527e+00
1.097728254028611294e+00
-1.636963185832139622e+00
-3.784273717835475725e+00
-4.150183135845012750e+00
-2.503590754802095919e+00
2.311006850586549977e-01
2.542107535645205196e+00
3.129488443502619788e+00
1.694738357096803316e+00
-9.629195210777291569e-01
-3.322072347718165730e+00
-4.063520378948017431e+00
-2.753949830282305555e+00
-1.059211473185502073e-01
2.388040412272768087e+00
3.360589128561274563e+00
2.262860874532663491e+00
-2.599882706909868446e-01
-2.782837415914637180e+00
-3.890194865154025905e+00
-2.927275344076296637e+00
-4.333137844849781484e-01
2.205085703267999797e+00
3.524285447144488881e+00
2.802095806336192041e+00
4.525721749065326760e-01
-2.195456508057222589e+00
-3.630206594463039060e+00
-3.042825686605624025e+00
-7.510772264406286869e-01
1.973985018209344799e+00
3.620577399252261408e+00
3.273926371664279245e+00
1.145874230082497780e+00
-1.550300428935143859e+00
-3.302813957296610869e+00
-3.100600857870287719e+00
-1.049582277974724809e+00
1.704367552307580524e+00
3.649464984884593477e+00
3.687981765727702754e+00
1.819917894836908134e+00
-8.858859593915108244e-01
-2.908016953654742220e+00
-3.100600857870287719e+00
-1.328828939087266292e+00
1.405862500773484625e+00
3.591689813619929783e+00
4.015374402894130945e+00
2.445815583537432225e+00
-2.118422946371004145e-01
-2.465073973958986642e+00
-3.033196491394846817e+00
-1.588817209778253137e+00
1.068840668396279447e+00
3.466510275879825187e+00
4.256104283163562485e+00
3.013938100973292400e+00
4.525721749065326760e-01
-1.983614213420122008e+00
-2.927275344076296637e+00
-1.829547090047685343e+00
7.029312503867423123e-01
3.254667981242724384e+00
4.400542211325221942e+00
3.514656251933711228e+00
1.097728254028611294e+00
-1.482896062459702957e+00
-2.773208220703859972e+00
-2.041389384684785924e+00
3.081342467448733302e-01
2.965792124919405914e+00
4.439058992168331663e+00
3.919082450786357530e+00
1.704367552307580524e+00
-9.629195210777291569e-01
-2.580624316488314030e+00
-2.224344093689554214e+00
-1.059211473185502073e-01
2.599882706909868890e+00
4.381283820903667525e+00
4.236845892742008068e+00
2.253231679321886283e+00
-4.429429796957554122e-01
-2.349523631429659254e+00
-2.388040412272768087e+00
-5.296057365927510086e-01
2.176198117635667728e+00
4.217587502320453652e+00
4.448688187379108427e+00
2.744320635071527903e+00
5.777517126466374942e-02
-2.089535360738672409e+00
-2.513219950012873127e+00
-9.629195210777291569e-01
1.685109161886026108e+00
3.947970036418689599e+00
4.554609334697659051e+00
3.158376029134951857e+00
5.488641270143056472e-01
-1.819917894836908134e+00
-2.609511902120646099e+00
-1.396233305562707194e+00
1.145874230082497780e+00
3.582060618409152575e+00
4.544980139486881399e+00
3.485768666301379604e+00
1.001436301920838323e+00
-1.521412843302812012e+00
-2.667287073385309792e+00
-1.810288699626130704e+00
5.681225174358601748e-01
3.129488443502619788e+00
4.429429796957554011e+00
3.726498546570812032e+00
1.415491695984261833e+00
-1.213278596557938682e+00
-2.696174659017641417e+00
-2.205085703267999797e+00
-2.888758563233187471e-02
2.599882706909868890e+00
4.207958307109675999e+00
3.880565669943248697e+00
1.791030309204576287e+00
-9.051443498130653520e-01
-2.686545463806864209e+00
-2.580624316488314030e+00
-6.451560791220785074e-01
2.012501799052453855e+00
3.899824060364803113e+00
3.938340841207912391e+00
2.108793751160226826e+00
-5.873809078574148135e-01
-2.628770292542200515e+00
-2.908016953654742220e+00
-1.261424572611825168e+00
1.367345719930375347e+00
3.495397861512156812e+00
3.909453255575580322e+00
2.368782021851213671e+00
-2.696174659017641639e-01
-2.542107535645205196e+00
-3.187263614767283482e+00
-1.848805480469239981e+00
6.933020551759649930e-01
3.013938100973292400e+00
3.784273717835475725e+00
2.580624316488314030e+00
3.851678084310916628e-02
-2.407298802694322948e+00
-3.408735104615161049e+00
-2.416927997905100156e+00
0.000000000000000000e+00
2.465073973958986642e+00
3.591689813619929783e+00
2.725062244649973486e+00
3.466510275879824965e-01
-2.224344093689554214e+00
-3.562802227987597714e+00
-2.927275344076296637e+00
-6.933020551759649930e-01
1.877693066101571828e+00
3.322072347718165730e+00
2.821354196757746458e+00
6.451560791220785074e-01
-2.002872603841676646e+00
-3.649464984884593477e+00
-3.379847518982829424e+00
-1.367345719930375347e+00
1.251795377401047960e+00
2.985050515340960331e+00
2.859870977600855735e+00
9.244027402346199906e-01
-1.742884333150689802e+00
-3.659094180095370685e+00
-3.765015327413920865e+00
-2.012501799052453855e+00
6.066392982789693411e-01
2.599882706909868890e+00
2.850241782390078527e+00
1.203649401347161474e+00
-1.434750086405816472e+00
-3.582060618409152575e+00
-4.053891183737239778e+00
-2.599882706909868890e+00
-3.851678084310916628e-02
2.176198117635667728e+00
2.792466611125414389e+00
1.454008476827371110e+00
-1.088099058817833864e+00
-3.427993495036715910e+00
-4.256104283163562485e+00
-3.119859248291842579e+00
-6.644144695436331460e-01
1.723625942729135163e+00
2.686545463806864209e+00
1.694738357096803316e+00
-7.221896408082968399e-01
-3.196892809978060690e+00
-4.362025430482113109e+00
-3.572431423198375366e+00
-1.261424572611825168e+00
1.242166182190270529e+00
2.551736730855982405e+00
1.906580651733903675e+00
-3.177634419556506495e-01
-2.888758563233187360e+00
-4.362025430482113109e+00
-3.928711645997134738e+00
-1.819917894836908134e+00
7.607064216514060062e-01
2.378411217061990879e+00
2.108793751160226826e+00
1.059211473185502073e-01
-2.503590754802095919e+00
-4.265733478374340137e+00
-4.188699916688121583e+00
-2.320636045797327185e+00
2.888758563233187471e-01
2.176198117635667728e+00
2.282119264954217908e+00
5.392349318035283279e-01
-2.051018579895563132e+00
-4.063520378948017431e+00
-4.342767040060558692e+00
-2.753949830282305555e+00
-1.733255137939912482e-01
1.945097432577012952e+00
2.426557193115877364e+00
9.821779114992836845e-01
-1.550300428935143859e+00
-3.755386132203143656e+00
-4.400542211325221942e+00
-3.110230053081065371e+00
-6.066392982789693411e-01
1.704367552307580524e+00
2.532478340434427544e+00
1.425120891195039263e+00
-9.918071067100610039e-01
-3.360589128561274563e+00
-4.342767040060558692e+00
-3.379847518982829424e+00
-1.011065497131615532e+00
1.444379281616593680e+00
2.619141097331423307e+00
1.848805480469239981e+00
-4.044261988526462459e-01
-2.888758563233187360e+00
-4.188699916688121583e+00
-3.572431423198375366e+00
-1.376974915141152778e+00
1.174761815714829627e+00
2.657657878174532584e+00
2.253231679321886283e+00
2.022130994263231230e-01
-2.339894436218882046e+00
-3.928711645997134738e+00
-3.678352570516925546e+00
-1.704367552307580524e+00
8.955151546022881437e-01
2.657657878174532584e+00
2.628770292542200515e+00
8.184815929160698111e-01
-1.733255137939912593e+00
-3.591689813619929783e+00
-3.697610960938479963e+00
-1.973985018209344799e+00
6.066392982789693411e-01
2.619141097331423307e+00
2.946533734497851054e+00
1.425120891195039263e+00
-1.097728254028611294e+00
-3.168005224345729065e+00
-3.630206594463039060e+00
-2.205085703267999797e+00
3.177634419556506495e-01
2.542107535645205196e+00
3.225780395610392759e+00
2.002872603841676646e+00
-4.236845892742008290e-01
-2.676916268596087001e+00
-3.485768666301379604e+00
-2.378411217061990879e+00
3.851678084310916628e-02
2.416927997905100156e+00
3.437622690247493118e+00
2.542107535645205196e+00
2.503590754802095808e-01
-2.137681336792558895e+00
-3.273926371664279245e+00
-2.503590754802095919e+00
-2.503590754802095808e-01
2.243602484111109074e+00
3.582060618409152575e+00
3.033196491394846817e+00
9.244027402346199906e-01
-1.559929624145921290e+00
-2.994679710551737539e+00
-2.580624316488314030e+00
-5.296057365927510086e-01
2.022130994263231063e+00
3.649464984884593477e+00
3.456881080669047535e+00
1.569558819356698498e+00
-9.532903258669518376e-01
-2.667287073385309792e+00
-2.609511902120646099e+00
-7.992232024945151725e-01
1.752513528361467010e+00
3.639835789673816269e+00
3.803532108257030142e+00
2.166568922424890520e+00
-3.370218323772051772e-01
-2.291748460164995560e+00
-2.599882706909868890e+00
-1.068840668396279447e+00
1.444379281616593680e+00
3.543543837566043297e+00
4.063520378948017431e+00
2.715433049439196278e+00
2.696174659017641639e-01
-1.887322261312349259e+00
-2.542107535645205196e+00
-1.319199743876488862e+00
1.097728254028611294e+00
3.370218323772052216e+00
4.217587502320453652e+00
3.187263614767283482e+00
8.473691785484016581e-01
-1.463637672038148319e+00
-2.455444778748209433e+00
-1.569558819356698498e+00
7.221896408082968399e-01
3.110230053081065371e+00
4.284991868795894554e+00
3.582060618409152575e+00
1.396233305562707194e+00
-1.030323887553170170e+00
-2.339894436218882046e+00
-1.791030309204576287e+00
3.081342467448733302e-01
2.782837415914637180e+00
4.246475087952785721e+00
3.880565669943248697e+00
1.896951456523126467e+00
-5.873809078574148135e-01
-2.185827312846445381e+00
-1.993243408630899438e+00
-1.251795377401047904e-01
2.378411217061990879e+00
4.102037159791126264e+00
4.092407964580348612e+00
2.339894436218882046e+00
-1.636963185832139567e-01
-2.012501799052453855e+00
-2.185827312846445381e+00
-5.681225174358601748e-01
1.906580651733903675e+00
3.861307279521693836e+00
4.188699916688121583e+00
2.715433049439196278e+00
2.503590754802095808e-01
-1.819917894836908134e+00
-2.339894436218882046e+00
-1.020694692342392962e+00
1.386604110351929986e+00
3.524285447144488881e+00
4.198329111898899235e+00
3.013938100973292400e+00
6.355268839113012991e-01
-1.608075600199807775e+00
-2.465073973958986642e+00
-1.473266867248925527e+00
8.184815929160698111e-01
3.110230053081065371e+00
4.102037159791126264e+00
3.235409590821169967e+00
9.918071067100610039e-01
-1.386604110351929986e+00
-2.561365926066759613e+00
-1.896951456523126467e+00
2.311006850586549977e-01
2.609511902120646099e+00
3.909453255575580322e+00
3.370218323772052216e+00
1.309570548665711653e+00
-1.145874230082497780e+00
-2.619141097331423307e+00
-2.301377655375772768e+00
-3.851678084310916628e-01
2.051018579895563132e+00
3.620577399252261408e+00
3.437622690247493118e+00
1.588817209778253137e+00
-9.051443498130653520e-01
-2.638399487752977723e+00
-2.667287073385309792e+00
-9.918071067100610039e-01
1.444379281616593680e+00
3.264297176453502036e+00
3.418364299825938701e+00
1.819917894836908134e+00
-6.451560791220785074e-01
-2.609511902120646099e+00
-2.985050515340960331e+00
-1.579188014567475928e+00
8.088523977052924918e-01
2.830983391968523666e+00
3.322072347718165730e+00
2.012501799052453855e+00
-3.851678084310916628e-01
-2.542107535645205196e+00
-3.254667981242724384e+00
-2.137681336792558895e+00
1.540671233724366651e-01
2.339894436218882046e+00
3.168005224345729065e+00
2.156939727214113312e+00
-1.251795377401047904e-01
-2.416927997905100156e+00
-3.447251885458270326e+00
-2.657657878174532584e+00
-5.007181509604191616e-01
1.800659504415353496e+00
2.946533734497851054e+00
2.272490069743440699e+00
1.444379281616593735e-01
-2.243602484111109074e+00
-3.582060618409152575e+00
-3.119859248291842579e+00
-1.136245034871720350e+00
1.242166182190270529e+00
2.667287073385309792e+00
2.330265241008104393e+00
4.140553940634235097e-01
-2.022130994263231063e+00
-3.630206594463039060e+00
-3.505027056722934020e+00
-1.733255137939912593e+00
6.644144695436331460e-01
2.349523631429659254e+00
2.359152826640436462e+00
6.836728599651876737e-01
-1.752513528361467010e+00
-3.591689813619929783e+00
-3.803532108257030142e+00
-2.291748460164995560e+00
9.629195210777291569e-02
2.002872603841676646e+00
2.349523631429659254e+00
9.436611306561746293e-01
-1.444379281616593680e+00
-3.476139471090602395e+00
-4.025003598104907709e+00
-2.782837415914637180e+00
-4.718305653280873146e-01
1.627333990621362192e+00
2.311006850586549977e+00
1.194020206136384044e+00
-1.088099058817833864e+00
-3.273926371664279245e+00
-4.140553940634235097e+00
-3.206522005188837898e+00
-1.001436301920838323e+00
1.232536986979493321e+00
2.233973288900331866e+00
1.444379281616593680e+00
-7.029312503867423123e-01
-2.994679710551737539e+00
-4.159812331055789514e+00
-3.543543837566043297e+00
-1.492525257670480165e+00
8.377399833376243388e-01
2.137681336792558895e+00
1.685109161886026108e+00
-2.792466611125414833e-01
-2.638399487752977723e+00
-4.082778769369571847e+00
-3.793902913046252934e+00
-1.935468237366235522e+00
4.429429796957554122e-01
2.012501799052453855e+00
1.896951456523126467e+00
1.636963185832139567e-01
-2.214714898478777005e+00
-3.899824060364803113e+00
-3.938340841207912391e+00
-2.320636045797327185e+00
6.740436647544104098e-02
1.877693066101571828e+00
2.099164555949449618e+00
6.162684934897466604e-01
-1.733255137939912593e+00
-3.620577399252261408e+00
-3.996116012472576084e+00
-2.628770292542200515e+00
-2.888758563233187471e-01
1.713996747518357955e+00
2.272490069743440699e+00
1.068840668396279447e+00
-1.203649401347161474e+00
-3.264297176453502036e+00
-3.947970036418689599e+00
-2.879129368022410151e+00
-6.258976887005239798e-01
1.540671233724366651e+00
2.416927997905100156e+00
1.521412843302812012e+00
-6.258976887005239798e-01
-2.821354196757746458e+00
-3.813161303467807350e+00
-3.042825686605624025e+00
-9.340319354453973100e-01
1.348087329508820709e+00
2.522849145223650336e+00
1.954726627787790161e+00
-3.851678084310916628e-02
-2.311006850586549977e+00
-3.591689813619929783e+00
-3.139117638713396996e+00
-1.203649401347161474e+00
1.136245034871720350e+00
2.590253511699091238e+00
2.349523631429659254e+00
5.584933222250829665e-01
-1.752513528361467010e+00
-3.283555566875056453e+00
-3.158376029134951857e+00
-1.444379281616593680e+00
9.244027402346199906e-01
2.619141097331423307e+00
2.705803854228419070e+00
1.155503425293274988e+00
-1.155503425293274988e+00
-2.908016953654742220e+00
-3.110230053081065371e+00
-1.646592381042916831e+00
6.933020551759649930e-01
2.599882706909868890e+00
3.013938100973292400e+00
1.733255137939912593e+00
-5.296057365927510086e-01
-2.474703169169763850e+00
-3.004308905762514748e+00
-1.800659504415353496e+00
4.622013701173099953e-01
2.532478340434427544e+00
3.264297176453502036e+00
2.262860874532663491e+00
1.059211473185502073e-01
-1.993243408630899438e+00
-2.830983391968523666e+00
-1.935468237366235522e+00
2.118422946371004145e-01
2.407298802694322948e+00
3.447251885458270326e+00
2.744320635071527903e+00
7.221896408082968399e-01
-1.473266867248925527e+00
-2.609511902120646099e+00
-2.022130994263231063e+00
-3.851678084310916628e-02
2.233973288900331866e+00
3.553173032776820506e+00
3.168005224345729065e+00
1.319199743876488862e+00
-9.436611306561746293e-01
-2.339894436218882046e+00
-2.079906165527894757e+00
-2.985050515340960109e-01
2.012501799052453855e+00
3.572431423198375366e+00
3.514656251933711228e+00
1.877693066101571828e+00
-4.044261988526462459e-01
-2.041389384684785924e+00
-2.108793751160226826e+00
-5.584933222250829665e-01
1.742884333150689802e+00
3.514656251933711228e+00
3.774644522624698517e+00
2.378411217061990879e+00
1.251795377401047904e-01
-1.713996747518357955e+00
-2.108793751160226826e+00
-8.281107881268470194e-01
1.425120891195039263e+00
3.370218323772052216e+00
3.947970036418689599e+00
2.821354196757746458e+00
6.355268839113012991e-01
-1.376974915141152778e+00
-2.079906165527894757e+00
-1.088099058817833864e+00
1.059211473185502017e+00
3.148746833924174204e+00
4.015374402894130945e+00
3.187263614767283482e+00
1.116986644450165933e+00
-1.020694692342392962e+00
-2.031760189474008715e+00
-1.338458134298043500e+00
6.644144695436331460e-01
2.850241782390078527e+00
3.996116012472576084e+00
3.466510275879825187e+00
1.550300428935143859e+00
-6.740436647544103543e-01
-1.954726627787790161e+00
-1.579188014567475928e+00
2.311006850586549977e-01
2.474703169169763850e+00
3.870936474732471044e+00
3.649464984884593477e+00
1.925839042155458314e+00
-3.273926371664279134e-01
-1.868063870890794620e+00
-1.810288699626130704e+00
-2.118422946371004145e-01
2.031760189474008715e+00
3.659094180095370685e+00
3.745756936992366448e+00
2.253231679321886283e+00
-0.000000000000000000e+00
-1.752513528361467010e+00
-2.022130994263231063e+00
-6.740436647544103543e-01
1.531042038513589443e+00
3.350959933350497355e+00
3.755386132203143656e+00
2.503590754802095919e+00
3.081342467448733302e-01
-1.627333990621362192e+00
-2.205085703267999797e+00
-1.126615839660943141e+00
9.918071067100610039e-01
2.965792124919405914e+00
3.668723375306147894e+00
2.696174659017641417e+00
5.873809078574148135e-01
-1.482896062459702957e+00
-2.359152826640436462e+00
-1.579188014567475928e+00
4.236845892742008290e-01
2.513219950012873127e+00
3.495397861512156812e+00
2.821354196757746458e+00
8.473691785484016581e-01
-1.319199743876488862e+00
-2.484332364380541058e+00
-2.002872603841676646e+00
-1.540671233724366651e-01
2.002872603841676646e+00
3.245038786031947176e+00
2.879129368022410151e+00
1.078469863607056656e+00
-1.145874230082497780e+00
-2.561365926066759613e+00
-2.388040412272768087e+00
-7.414480312298514786e-01
1.444379281616593680e+00
2.927275344076296637e+00
2.859870977600855735e+00
1.280682963033379806e+00
-9.532903258669518376e-01
-2.599882706909868890e+00
-2.734691439860750695e+00
-1.319199743876488862e+00
8.569983737591789774e-01
2.542107535645205196e+00
2.792466611125414389e+00
1.444379281616593680e+00
-7.510772264406286869e-01
-2.580624316488314030e+00
-3.033196491394846817e+00
-1.858434675680017190e+00
2.503590754802095808e-01
2.118422946371004034e+00
2.667287073385309792e+00
1.588817209778253137e+00
-5.296057365927510086e-01
-2.513219950012873127e+00
-3.254667981242724384e+00
-2.359152826640436462e+00
-3.466510275879824965e-01
1.646592381042916831e+00
2.493961559591318711e+00
1.694738357096803316e+00
-2.985050515340960109e-01
-2.388040412272768087e+00
-3.418364299825938701e+00
-2.811725001546969249e+00
-9.340319354453973100e-01
1.155503425293274988e+00
2.272490069743440699e+00
1.781401113993798857e+00
-5.777517126466374942e-02
-2.214714898478777005e+00
-3.495397861512156812e+00
-3.187263614767283482e+00
-1.482896062459702957e+00
6.547852743328558267e-01
2.022130994263231063e+00
1.829547090047685343e+00
1.925839042155458314e-01
-1.983614213420122008e+00
-3.495397861512156812e+00
-3.485768666301379604e+00
-1.983614213420122008e+00
1.636963185832139567e-01
1.742884333150689802e+00
1.868063870890794620e+00
4.525721749065326760e-01
-1.704367552307580524e+00
-3.408735104615161049e+00
-3.707240156149257171e+00
-2.436186388326654573e+00
-3.177634419556506495e-01
1.454008476827371110e+00
1.877693066101571828e+00
7.221896408082968399e-01
-1.376974915141152778e+00
-3.235409590821169967e+00
-3.822790498678584559e+00
-2.811725001546969249e+00
-7.703356168621833255e-01
1.145874230082497780e+00
1.868063870890794620e+00
9.821779114992836845e-01
-1.011065497131615532e+00
-2.994679710551737539e+00
-3.851678084310916628e+00
-3.119859248291842579e+00
-1.194020206136384044e+00
8.377399833376243388e-01
1.839176285258462773e+00
1.242166182190270529e+00
-6.066392982789693411e-01
-2.667287073385309792e+00
-3.784273717835475725e+00
-3.331701542928942938e+00
-1.559929624145921290e+00
5.392349318035283279e-01
1.791030309204576287e+00
1.502154452881257374e+00
-1.733255137939912482e-01
-2.272490069743440699e+00
-3.630206594463039060e+00
-3.466510275879825187e+00
-1.877693066101571828e+00
2.503590754802095808e-01
1.733255137939912593e+00
1.742884333150689802e+00
2.792466611125414833e-01
-1.819917894836908134e+00
-3.379847518982829424e+00
-3.514656251933711228e+00
-2.147310532003336103e+00
-2.888758563233187471e-02
1.646592381042916831e+00
1.964355822998567369e+00
7.414480312298514786e-01
-1.319199743876488862e+00
-3.052454881816401233e+00
-3.476139471090602395e+00
-2.349523631429659254e+00
-2.888758563233187471e-01
1.550300428935143859e+00
2.156939727214113312e+00
1.194020206136384044e+00
-7.799648120729606449e-01
-2.648028682963755376e+00
-3.350959933350497355e+00
-2.484332364380541058e+00
-5.296057365927510086e-01
1.434750086405816472e+00
2.320636045797327185e+00
1.636963185832139622e+00
-2.214714898478777061e-01
-2.185827312846445381e+00
-3.158376029134951857e+00
-2.561365926066759613e+00
-7.414480312298514786e-01
1.309570548665711653e+00
2.445815583537432225e+00
2.051018579895563132e+00
3.562802227987598158e-01
-1.675479966675248678e+00
-2.888758563233187360e+00
-2.580624316488314030e+00
-9.340319354453973100e-01
1.155503425293274988e+00
2.532478340434427544e+00
2.426557193115877364e+00
9.147735450238426713e-01
-1.126615839660943141e+00
-2.551736730855982405e+00
-2.551736730855982405e+00
-1.097728254028611294e+00
9.918071067100610039e-01
2.570995121277536821e+00
2.753949830282305555e+00
1.463637672038148319e+00
-5.584933222250829665e-01
-2.176198117635667728e+00
-2.455444778748209433e+00
-1.242166182190270529e+00
8.088523977052924918e-01
2.551736730855982405e+00
3.023567296184069608e+00
1.973985018209344799e+00
9.629195210777291569e-03
-1.762142723572244440e+00
-2.320636045797327185e+00
-1.357716524719598139e+00
6.066392982789693411e-01
2.484332364380541058e+00
3.225780395610392759e+00
2.436186388326654573e+00
5.681225174358601748e-01
-1.319199743876488862e+00
-2.147310532003336103e+00
-1.454008476827371110e+00
3.851678084310916628e-01
2.359152826640436462e+00
3.360589128561274563e+00
2.840612587179300874e+00
1.107357449239388503e+00
-8.569983737591789774e-01
-1.945097432577012952e+00
-1.531042038513589443e+00
1.540671233724366651e-01
2.176198117635667728e+00
3.408735104615161049e+00
3.168005224345729065e+00
1.608075600199807775e+00
-4.044261988526462459e-01
-1.713996747518357955e+00
-1.588817209778253137e+00
-9.629195210777291569e-02
1.935468237366235522e+00
3.379847518982829424e+00
3.427993495036715910e+00
2.051018579895563132e+00
4.814597605388645785e-02
-1.463637672038148319e+00
-1.636963185832139622e+00
-3.562802227987598158e-01
1.646592381042916831e+00
3.264297176453502036e+00
3.591689813619929783e+00
2.445815583537432225e+00
4.718305653280873146e-01
-1.213278596557938682e+00
-1.665850771464471469e+00
-6.258976887005239798e-01
1.319199743876488862e+00
3.071713272237956094e+00
3.668723375306147894e+00
2.763579025493082764e+00
8.666275689699562967e-01
-9.436611306561746293e-01
-1.675479966675248678e+00
-8.955151546022881437e-01
9.340319354453973100e-01
2.802095806336192041e+00
3.649464984884593477e+00
3.004308905762514748e+00
1.222907791768716113e+00
-6.933020551759649930e-01
-1.665850771464471469e+00
-1.165132620504052197e+00
5.296057365927510086e-01
2.455444778748209433e+00
3.543543837566043297e+00
3.168005224345729065e+00
1.540671233724366651e+00
-4.333137844849781484e-01
-1.646592381042916831e+00
-1.434750086405816472e+00
8.666275689699562412e-02
2.051018579895563132e+00
3.350959933350497355e+00
3.245038786031947176e+00
1.800659504415353496e+00
-1.925839042155458314e-01
-1.617704795410584984e+00
-1.675479966675248678e+00
-3.562802227987598158e-01
1.588817209778253137e+00
3.071713272237956094e+00
3.245038786031947176e+00
2.002872603841676646e+00
3.851678084310916628e-02
-1.569558819356698498e+00
-1.906580651733903675e+00
-8.184815929160698111e-01
1.088099058817833864e+00
2.725062244649973486e+00
3.168005224345729065e+00
2.156939727214113312e+00
2.407298802694322892e-01
-1.502154452881257374e+00
-2.108793751160226826e+00
-1.261424572611825168e+00
5.584933222250829665e-01
2.311006850586549977e+00
3.013938100973292400e+00
2.243602484111109074e+00
4.333137844849781484e-01
-1.415491695984261833e+00
-2.282119264954217908e+00
-1.694738357096803316e+00
9.629195210777291569e-03
1.848805480469239981e+00
2.792466611125414389e+00
2.282119264954217908e+00
6.162684934897466604e-01
-1.309570548665711653e+00
-2.407298802694322948e+00
-2.089535360738672409e+00
-5.488641270143056472e-01
1.348087329508820709e+00
2.503590754802095919e+00
2.272490069743440699e+00
7.703356168621833255e-01
-1.184391010925606835e+00
-2.493961559591318711e+00
-2.445815583537432225e+00
-1.088099058817833864e+00
8.184815929160698111e-01
2.176198117635667728e+00
2.214714898478777005e+00
9.051443498130653520e-01
-1.039953082763947378e+00
-2.532478340434427544e+00
-2.753949830282305555e+00
-1.598446404989030345e+00
2.792466611125414833e-01
1.810288699626130704e+00
2.118422946371004034e+00
1.030323887553170170e+00
-8.666275689699562967e-01
-2.513219950012873127e+00
-2.994679710551737539e+00
-2.070276970317117549e+00
-2.503590754802095808e-01
1.415491695984261833e+00
1.983614213420122008e+00
1.126615839660943141e+00
-6.740436647544103543e-01
-2.436186388326654573e+00
-3.177634419556506273e+00
-2.484332364380541058e+00
-7.703356168621833255e-01
1.001436301920838323e+00
1.819917894836908134e+00
1.222907791768716113e+00
-4.622013701173099953e-01
-2.301377655375772768e+00
-3.273926371664279245e+00
-2.840612587179300874e+00
-1.251795377401047960e+00
5.777517126466374942e-01
1.636963185832139622e+00
1.299941353454934445e+00
-2.311006850586549977e-01
-2.118422946371004034e+00
-3.293184762085833661e+00
-3.119859248291842579e+00
-1.694738357096803316e+00
1.733255137939912482e-01
1.425120891195039263e+00
1.367345719930375347e+00
9.629195210777291569e-03
-1.868063870890794620e+00
-3.235409590821169967e+00
-3.322072347718165730e+00
-2.079906165527894757e+00
-2.214714898478777061e-01
1.213278596557938682e+00
1.415491695984261833e+00
2.792466611125414833e-01
-1.569558819356698498e+00
-3.100600857870287719e+00
-3.437622690247493118e+00
-2.407298802694322948e+00
-5.873809078574148135e-01
1.001436301920838323e+00
1.463637672038148319e+00
5.488641270143056472e-01
-1.232536986979493321e+00
-2.879129368022410151e+00
-3.466510275879825187e+00
-2.667287073385309792e+00
-9.244027402346199906e-01
7.799648120729606449e-01
1.492525257670480165e+00
8.281107881268470194e-01
-8.473691785484016581e-01
-2.590253511699091238e+00
-3.408735104615161049e+00
-2.850241782390078527e+00
-1.222907791768716113e+00
5.681225174358601748e-01
1.521412843302812012e+00
1.107357449239388503e+00
-4.333137844849781484e-01
-2.224344093689554214e+00
-3.264297176453502036e+00
-2.956162929708628706e+00
-1.473266867248925527e+00
3.659094180095370796e-01
1.521412843302812012e+00
1.376974915141152778e+00
0.000000000000000000e+00
-1.810288699626130704e+00
-3.042825686605624025e+00
-2.985050515340960331e+00
-1.675479966675248678e+00
1.733255137939912482e-01
1.521412843302812012e+00
1.627333990621362192e+00
4.525721749065326760e-01
-1.348087329508820709e+00
-2.744320635071527903e+00
-2.946533734497851054e+00
-1.829547090047685343e+00
-9.629195210777291569e-03
1.502154452881257374e+00
1.868063870890794620e+00
8.955151546022881437e-01
-8.473691785484016581e-01
-2.378411217061990879e+00
-2.830983391968523666e+00
-1.925839042155458314e+00
-1.733255137939912482e-01
1.454008476827371110e+00
2.070276970317117549e+00
1.328828939087266292e+00
-3.273926371664279134e-01
-1.964355822998567369e+00
-2.648028682963755376e+00
-1.983614213420122008e+00
-3.273926371664279134e-01
1.396233305562707194e+00
2.243602484111109074e+00
1.742884333150689802e+00
2.022130994263231230e-01
-1.511783648092034804e+00
-2.407298802694322948e+00
-1.993243408630899438e+00
-4.622013701173099953e-01
1.319199743876488862e+00
2.368782021851213671e+00
2.128052141581781243e+00
7.221896408082968399e-01
-1.020694692342392962e+00
-2.128052141581781243e+00
-1.954726627787790161e+00
-5.970101030681920218e-01
1.213278596557938682e+00
2.455444778748209433e+00
2.455444778748209433e+00
1.232536986979493321e+00
-5.199765413819736892e-01
-1.800659504415353496e+00
-1.887322261312349259e+00
-7.029312503867423123e-01
1.078469863607056656e+00
2.484332364380541058e+00
2.734691439860750695e+00
1.704367552307580524e+00
-1.925839042155458314e-02
-1.454008476827371110e+00
-1.781401113993798857e+00
-8.088523977052924918e-01
9.244027402346199906e-01
2.455444778748209433e+00
2.946533734497851054e+00
2.128052141581781243e+00
4.718305653280873146e-01
-1.078469863607056656e+00
-1.656221576253694039e+00
-9.051443498130653520e-01
7.414480312298514786e-01
2.378411217061990879e+00
3.090971662659510510e+00
2.503590754802095919e+00
9.340319354453973100e-01
-7.029312503867423123e-01
-1.502154452881257374e+00
-9.918071067100610039e-01
5.296057365927510086e-01
2.233973288900331866e+00
3.158376029134951857e+00
2.802095806336192041e+00
1.367345719930375347e+00
-3.370218323772051772e-01
-1.338458134298043500e+00
-1.078469863607056656e+00
2.985050515340960109e-01
2.031760189474008715e+00
3.148746833924174204e+00
3.033196491394846817e+00
1.742884333150689802e+00
2.888758563233187471e-02
-1.165132620504052197e+00
-1.155503425293274988e+00
5.777517126466374942e-02
1.781401113993798857e+00
3.062084077027178886e+00
3.177634419556506273e+00
2.070276970317117549e+00
3.659094180095370796e-01
-9.918071067100610039e-01
-1.222907791768716113e+00
-2.118422946371004145e-01
1.473266867248925527e+00
2.898387758443964568e+00
3.245038786031947176e+00
2.339894436218882046e+00
6.740436647544103543e-01
-8.088523977052924918e-01
-1.290312158244157015e+00
-4.910889557496418423e-01
1.126615839660943141e+00
2.657657878174532584e+00
3.235409590821169967e+00
2.532478340434427544e+00
9.436611306561746293e-01
-6.451560791220785074e-01
-1.348087329508820709e+00
-7.703356168621833255e-01
7.414480312298514786e-01
2.339894436218882046e+00
3.129488443502619788e+00
2.657657878174532584e+00
1.174761815714829627e+00
-4.814597605388645785e-01
-1.386604110351929986e+00
-1.059211473185502017e+00
3.273926371664279134e-01
1.973985018209344799e+00
2.956162929708628706e+00
2.705803854228419070e+00
1.367345719930375347e+00
-3.177634419556506495e-01
-1.425120891195039263e+00
-1.328828939087266292e+00
-1.059211473185502073e-01
1.550300428935143859e+00
2.705803854228419070e+00
2.696174659017641417e+00
1.521412843302812012e+00
-1.733255137939912482e-01
-1.444379281616593680e+00
-1.588817209778253137e+00
-5.488641270143056472e-01
1.088099058817833864e+00
2.388040412272768087e+00
2.609511902120646099e+00
1.617704795410584984e+00
-3.851678084310916628e-02
-1.444379281616593680e+00
-1.829547090047685343e+00
-9.821779114992836845e-01
6.066392982789693411e-01
2.022130994263231063e+00
2.465073973958986642e+00
1.675479966675248678e+00
8.666275689699562412e-02
-1.434750086405816472e+00
-2.031760189474008715e+00
-1.396233305562707194e+00
9.629195210777291569e-02
1.608075600199807775e+00
2.272490069743440699e+00
1.694738357096803316e+00
2.022130994263231230e-01
-1.396233305562707194e+00
-2.205085703267999797e+00
-1.791030309204576287e+00
-4.044261988526462459e-01
1.165132620504052197e+00
2.031760189474008715e+00
1.685109161886026108e+00
3.081342467448733302e-01
-1.328828939087266292e+00
-2.330265241008104393e+00
-2.147310532003336103e+00
-8.955151546022881437e-01
7.029312503867423123e-01
1.742884333150689802e+00
1.627333990621362192e+00
4.140553940634235097e-01
-1.242166182190270529e+00
-2.407298802694322948e+00
-2.445815583537432225e+00
-1.357716524719598139e+00
2.407298802694322892e-01
1.434750086405816472e+00
1.550300428935143859e+00
5.103473461711964809e-01
-1.116986644450165933e+00
-2.426557193115877364e+00
-2.696174659017641417e+00
-1.781401113993798857e+00
-2.214714898478777061e-01
1.107357449239388503e+00
1.454008476827371110e+00
6.066392982789693411e-01
-9.725487162885064762e-01
-2.388040412272768087e+00
-2.879129368022410151e+00
-2.166568922424890520e+00
-6.644144695436331460e-01
7.799648120729606449e-01
1.338458134298043500e+00
6.933020551759649930e-01
-7.895940072837379642e-01
-2.301377655375772768e+00
-2.985050515340960331e+00
-2.484332364380541058e+00
-1.068840668396279447e+00
4.429429796957554122e-01
1.203649401347161474e+00
7.895940072837379642e-01
-5.873809078574148135e-01
-2.147310532003336103e+00
-3.023567296184069608e+00
-2.725062244649973486e+00
-1.444379281616593680e+00
1.155503425293274988e-01
1.068840668396279447e+00
8.762567641807335050e-01
-3.562802227987598158e-01
-1.935468237366235522e+00
-2.975421320130183123e+00
-2.908016953654742220e+00
-1.762142723572244440e+00
-1.829547090047685398e-01
9.340319354453973100e-01
9.629195210777291569e-01
-1.059211473185502073e-01
-1.675479966675248678e+00
-2.859870977600855735e+00
-3.004308905762514748e+00
-2.022130994263231063e+00
-4.622013701173099953e-01
7.895940072837379642e-01
1.049582277974724809e+00
1.636963185832139567e-01
-1.357716524719598139e+00
-2.667287073385309792e+00
-3.023567296184069608e+00
-2.224344093689554214e+00
-7.125604455975196316e-01
6.644144695436331460e-01
1.136245034871720350e+00
4.525721749065326760e-01
-1.001436301920838323e+00
-2.407298802694322948e+00
-2.965792124919405914e+00
-2.359152826640436462e+00
-9.244027402346199906e-01
5.392349318035283279e-01
1.213278596557938682e+00
7.414480312298514786e-01
-6.162684934897466604e-01
-2.079906165527894757e+00
-2.830983391968523666e+00
-2.426557193115877364e+00
-1.097728254028611294e+00
4.140553940634235097e-01
1.280682963033379806e+00
1.020694692342392962e+00
-2.022130994263231230e-01
-1.704367552307580524e+00
-2.619141097331423307e+00
-2.436186388326654573e+00
-1.232536986979493321e+00
3.081342467448733302e-01
1.338458134298043500e+00
1.299941353454934445e+00
2.214714898478777061e-01
-1.280682963033379806e+00
-2.349523631429659254e+00
-2.378411217061990879e+00
-1.328828939087266292e+00
2.022130994263231230e-01
1.386604110351929986e+00
1.559929624145921290e+00
6.451560791220785074e-01
-8.281107881268470194e-01
-2.031760189474008715e+00
-2.262860874532663491e+00
-1.386604110351929986e+00
1.059211473185502073e-01
1.415491695984261833e+00
1.800659504415353496e+00
1.068840668396279447e+00
-3.562802227987598158e-01
-1.665850771464471469e+00
-2.099164555949449618e+00
-1.415491695984261833e+00
1.925839042155458314e-02
1.415491695984261833e+00
2.002872603841676646e+00
1.463637672038148319e+00
1.155503425293274988e-01
-1.261424572611825168e+00
-1.887322261312349259e+00
-1.405862500773484625e+00
-6.740436647544104098e-02
1.396233305562707194e+00
2.166568922424890520e+00
1.829547090047685343e+00
5.873809078574148135e-01
-8.377399833376243388e-01
-1.646592381042916831e+00
-1.367345719930375347e+00
-1.444379281616593735e-01
1.348087329508820709e+00
2.282119264954217908e+00
2.147310532003336103e+00
1.039953082763947378e+00
-4.044261988526462459e-01
-1.376974915141152778e+00
-1.309570548665711653e+00
-2.311006850586549977e-01
1.261424572611825168e+00
2.349523631429659254e+00
2.426557193115877364e+00
1.463637672038148319e+00
1.925839042155458314e-02
-1.088099058817833864e+00
-1.232536986979493321e+00
-3.177634419556506495e-01
1.155503425293274988e+00
2.359152826640436462e+00
2.628770292542200515e+00
1.839176285258462773e+00
4.333137844849781484e-01
-7.895940072837379642e-01
-1.136245034871720350e+00
-4.044261988526462459e-01
1.011065497131615532e+00
2.311006850586549977e+00
2.782837415914637180e+00
2.166568922424890520e+00
8.184815929160698111e-01
-5.007181509604191616e-01
-1.039953082763947378e+00
-4.910889557496418423e-01
8.281107881268470194e-01
2.195456508057222589e+00
2.850241782390078527e+00
2.426557193115877364e+00
1.165132620504052197e+00
-2.118422946371004145e-01
-9.340319354453973100e-01
-5.970101030681920218e-01
6.258976887005239798e-01
2.031760189474008715e+00
2.850241782390078527e+00
2.619141097331423307e+00
1.473266867248925527e+00
5.777517126466374942e-02
-8.281107881268470194e-01
-6.933020551759649930e-01
3.947970036418689821e-01
1.810288699626130704e+00
2.773208220703859972e+00
2.744320635071527903e+00
1.733255137939912593e+00
3.081342467448733302e-01
-7.318188360190741593e-01
-7.992232024945151725e-01
1.348087329508820820e-01
1.540671233724366651e+00
2.628770292542200515e+00
2.792466611125414389e+00
1.925839042155458314e+00
5.296057365927510086e-01
-6.355268839113012991e-01
-9.051443498130653520e-01
-1.444379281616593735e-01
1.222907791768716113e+00
2.416927997905100156e+00
2.763579025493082764e+00
2.070276970317117549e+00
7.125604455975196316e-01
-5.392349318035283279e-01
-1.011065497131615532e+00
-4.236845892742008290e-01
8.666275689699562967e-01
2.137681336792558895e+00
2.667287073385309792e+00
2.147310532003336103e+00
8.666275689699562967e-01
-4.622013701173099953e-01
-1.107357449239388503e+00
-7.125604455975196316e-01
4.814597605388645785e-01
1.800659504415353496e+00
2.493961559591318711e+00
2.166568922424890520e+00
9.918071067100610039e-01
-3.851678084310916628e-01
-1.203649401347161474e+00
-1.001436301920838323e+00
7.703356168621833255e-02
1.425120891195039263e+00
2.272490069743440699e+00
2.128052141581781243e+00
1.068840668396279447e+00
-3.177634419556506495e-01
-1.280682963033379806e+00
-1.280682963033379806e+00
-3.370218323772051772e-01
1.011065497131615532e+00
1.983614213420122008e+00
2.041389384684785924e+00
1.126615839660943141e+00
-2.599882706909868446e-01
-1.348087329508820709e+00
-1.540671233724366651e+00
-7.510772264406286869e-01
5.681225174358601748e-01
1.665850771464471469e+00
1.906580651733903675e+00
1.145874230082497780e+00
-2.022130994263231230e-01
-1.386604110351929986e+00
-1.771771918783021649e+00
-1.145874230082497780e+00
1.251795377401047904e-01
1.299941353454934445e+00
1.723625942729135163e+00
1.136245034871720350e+00
-1.444379281616593735e-01
-1.405862500773484625e+00
-1.964355822998567369e+00
-1.511783648092034804e+00
-3.273926371664279134e-01
9.147735450238426713e-01
1.511783648092034804e+00
1.107357449239388503e+00
-7.703356168621833255e-02
-1.396233305562707194e+00
-2.118422946371004034e+00
-1.848805480469239981e+00
-7.607064216514060062e-01
5.296057365927510086e-01
1.271053767822602598e+00
1.059211473185502017e+00
-1.925839042155458314e-02
-1.357716524719598139e+00
-2.224344093689554214e+00
-2.137681336792558895e+00
-1.165132620504052197e+00
1.348087329508820820e-01
1.020694692342392962e+00
9.918071067100610039e-01
5.777517126466374942e-02
-1.280682963033379806e+00
-2.272490069743440699e+00
-2.378411217061990879e+00
-1.540671233724366651e+00
-2.503590754802095808e-01
7.607064216514060062e-01
9.244027402346199906e-01
1.348087329508820820e-01
-1.174761815714829627e+00
-2.262860874532663491e+00
-2.551736730855982405e+00
-1.868063870890794620e+00
-6.066392982789693411e-01
5.007181509604191616e-01
8.473691785484016581e-01
2.214714898478777061e-01
-1.030323887553170170e+00
-2.205085703267999797e+00
-2.657657878174532584e+00
-2.128052141581781243e+00
-9.436611306561746293e-01
2.503590754802095808e-01
7.703356168621833255e-01
3.177634419556506495e-01
-8.473691785484016581e-01
-2.079906165527894757e+00
-2.686545463806864209e+00
-2.339894436218882046e+00
-1.232536986979493321e+00
1.925839042155458314e-02
6.933020551759649930e-01
4.236845892742008290e-01
-6.451560791220785074e-01
-1.906580651733903675e+00
-2.657657878174532584e+00
-2.474703169169763850e+00
-1.473266867248925527e+00
-2.022130994263231230e-01
6.258976887005239798e-01
5.392349318035283279e-01
-4.044261988526462459e-01
-1.675479966675248678e+00
-2.551736730855982405e+00
-2.551736730855982405e+00
-1.665850771464471469e+00
-3.947970036418689821e-01
5.584933222250829665e-01
6.547852743328558267e-01
-1.444379281616593735e-01
-1.386604110351929986e+00
-2.378411217061990879e+00
-2.542107535645205196e+00
-1.800659504415353496e+00
-5.488641270143056472e-01
5.007181509604191616e-01
7.799648120729606449e-01
1.348087329508820820e-01
-1.068840668396279447e+00
-2.137681336792558895e+00
-2.474703169169763850e+00
-1.877693066101571828e+00
-6.836728599651876737e-01
4.525721749065326760e-01
9.051443498130653520e-01
4.236845892742008290e-01
-7.125604455975196316e-01
-1.848805480469239981e+00
-2.339894436218882046e+00
-1.906580651733903675e+00
-7.799648120729606449e-01
4.140553940634235097e-01
1.020694692342392962e+00
7.125604455975196316e-01
-3.370218323772051772e-01
-1.511783648092034804e+00
-2.147310532003336103e+00
-1.887322261312349259e+00
-8.473691785484016581e-01
3.851678084310916628e-01
1.136245034871720350e+00
1.001436301920838323e+00
5.777517126466374942e-02
-1.136245034871720350e+00
-1.906580651733903675e+00
-1.810288699626130704e+00
-8.858859593915108244e-01
3.562802227987598158e-01
1.232536986979493321e+00
1.271053767822602598e+00
4.622013701173099953e-01
-7.318188360190741593e-01
-1.617704795410584984e+00
-1.694738357096803316e+00
-8.955151546022881437e-01
3.273926371664279134e-01
1.309570548665711653e+00
1.521412843302812012e+00
8.473691785484016581e-01
-3.177634419556506495e-01
-1.299941353454934445e+00
-1.540671233724366651e+00
-8.858859593915108244e-01
2.985050515340960109e-01
1.367345719930375347e+00
1.742884333150689802e+00
1.213278596557938682e+00
1.059211473185502073e-01
-9.532903258669518376e-01
-1.348087329508820709e+00
-8.569983737591789774e-01
2.696174659017641639e-01
1.396233305562707194e+00
1.925839042155458314e+00
1.559929624145921290e+00
5.199765413819736892e-01
-5.970101030681920218e-01
-1.145874230082497780e+00
-8.088523977052924918e-01
2.214714898478777061e-01
1.396233305562707194e+00
2.060647775106340340e+00
1.858434675680017190e+00
9.051443498130653520e-01
-2.311006850586549977e-01
-9.244027402346199906e-01
-7.607064216514060062e-01
1.733255137939912482e-01
1.367345719930375347e+00
2.147310532003336103e+00
2.108793751160226826e+00
1.271053767822602598e+00
1.155503425293274988e-01
-6.933020551759649930e-01
-6.933020551759649930e-01
1.155503425293274988e-01
1.290312158244157015e+00
2.185827312846445381e+00
2.301377655375772768e+00
1.588817209778253137e+00
4.525721749065326760e-01
-4.622013701173099953e-01
-6.355268839113012991e-01
3.851678084310916628e-02
1.184391010925606835e+00
2.166568922424890520e+00
2.436186388326654573e+00
1.858434675680017190e+00
7.510772264406286869e-01
-2.503590754802095808e-01
-5.777517126466374942e-01
-5.777517126466374942e-02
1.039953082763947378e+00
2.079906165527894757e+00
2.503590754802095919e+00
2.070276970317117549e+00
1.020694692342392962e+00
-3.851678084310916628e-02
-5.296057365927510086e-01
-1.540671233724366651e-01
8.569983737591789774e-01
1.945097432577012952e+00
2.503590754802095919e+00
2.214714898478777005e+00
1.251795377401047960e+00
1.444379281616593735e-01
-4.814597605388645785e-01
-2.792466611125414833e-01
6.451560791220785074e-01
1.752513528361467010e+00
2.436186388326654573e+00
2.301377655375772768e+00
1.425120891195039263e+00
2.985050515340960109e-01
-4.429429796957554122e-01
-4.044261988526462459e-01
4.044261988526462459e-01
1.511783648092034804e+00
2.301377655375772768e+00
2.320636045797327185e+00
1.559929624145921290e+00
4.333137844849781484e-01
-4.236845892742008290e-01
-5.392349318035283279e-01
1.348087329508820820e-01
1.222907791768716113e+00
2.108793751160226826e+00
2.272490069743440699e+00
1.636963185832139622e+00
5.392349318035283279e-01
-4.044261988526462459e-01
-6.836728599651876737e-01
-1.444379281616593735e-01
9.051443498130653520e-01
1.848805480469239981e+00
2.166568922424890520e+00
1.665850771464471469e+00
6.162684934897466604e-01
-4.044261988526462459e-01
-8.281107881268470194e-01
-4.333137844849781484e-01
5.488641270143056472e-01
1.550300428935143859e+00
2.002872603841676646e+00
1.646592381042916831e+00
6.644144695436331460e-01
-4.044261988526462459e-01
-9.629195210777291569e-01
-7.221896408082968399e-01
1.829547090047685398e-01
1.213278596557938682e+00
1.791030309204576287e+00
1.579188014567475928e+00
6.836728599651876737e-01
-4.044261988526462459e-01
-1.088099058817833864e+00
-1.001436301920838323e+00
-2.022130994263231230e-01
8.473691785484016581e-01
1.540671233724366651e+00
1.473266867248925527e+00
6.836728599651876737e-01
-4.140553940634235097e-01
-1.203649401347161474e+00
-1.261424572611825168e+00
-5.777517126466374942e-01
4.622013701173099953e-01
1.251795377401047960e+00
1.338458134298043500e+00
6.644144695436331460e-01
-4.140553940634235097e-01
-1.290312158244157015e+00
-1.502154452881257374e+00
-9.436611306561746293e-01
6.740436647544104098e-02
9.436611306561746293e-01
1.174761815714829627e+00
6.258976887005239798e-01
-4.044261988526462459e-01
-1.357716524719598139e+00
-1.713996747518357955e+00
-1.280682963033379806e+00
-3.177634419556506495e-01
6.162684934897466604e-01
9.918071067100610039e-01
5.777517126466374942e-01
-3.947970036418689821e-01
-1.396233305562707194e+00
-1.877693066101571828e+00
-1.579188014567475928e+00
-6.933020551759649930e-01
2.888758563233187471e-01
7.895940072837379642e-01
5.296057365927510086e-01
-3.659094180095370796e-01
-1.396233305562707194e+00
-1.993243408630899438e+00
-1.839176285258462773e+00
-1.030323887553170170e+00
-2.888758563233187471e-02
5.873809078574148135e-01
4.718305653280873146e-01
-3.273926371664279134e-01
-1.357716524719598139e+00
-2.070276970317117549e+00
-2.051018579895563132e+00
-1.338458134298043500e+00
-3.370218323772051772e-01
3.947970036418689821e-01
4.236845892742008290e-01
-2.599882706909868446e-01
-1.290312158244157015e+00
-2.079906165527894757e+00
-2.205085703267999797e+00
-1.598446404989030345e+00
-6.162684934897466604e-01
2.022130994263231230e-01
3.755386132203143434e-01
-1.829547090047685398e-01
-1.174761815714829627e+00
-2.041389384684785924e+00
-2.301377655375772768e+00
-1.810288699626130704e+00
-8.569983737591789774e-01
2.888758563233187471e-02
3.466510275879824965e-01
-8.666275689699562412e-02
-1.020694692342392962e+00
-1.945097432577012952e+00
-2.330265241008104393e+00
-1.964355822998567369e+00
-1.068840668396279447e+00
-1.251795377401047904e-01
3.177634419556506495e-01
2.888758563233187471e-02
-8.377399833376243388e-01
-1.791030309204576287e+00
-2.291748460164995560e+00
-2.060647775106340340e+00
-1.232536986979493321e+00
-2.599882706909868446e-01
3.081342467448733302e-01
1.540671233724366651e-01
-6.162684934897466604e-01
-1.588817209778253137e+00
-2.195456508057222589e+00
-2.099164555949449618e+00
-1.348087329508820709e+00
-3.659094180095370796e-01
3.081342467448733302e-01
2.985050515340960109e-01
-3.755386132203143434e-01
-1.338458134298043500e+00
-2.031760189474008715e+00
-2.070276970317117549e+00
-1.415491695984261833e+00
-4.429429796957554122e-01
3.273926371664279134e-01
4.525721749065326760e-01
-1.059211473185502073e-01
-1.039953082763947378e+00
-1.819917894836908134e+00
-1.983614213420122008e+00
-1.444379281616593680e+00
-4.910889557496418423e-01
3.466510275879824965e-01
6.162684934897466604e-01
1.733255137939912482e-01
-7.221896408082968399e-01
-1.550300428935143859e+00
-1.848805480469239981e+00
-1.425120891195039263e+00
-5.199765413819736892e-01
3.755386132203143434e-01
7.703356168621833255e-01
4.525721749065326760e-01
-3.755386132203143434e-01
-1.251795377401047960e+00
-1.656221576253694039e+00
-1.367345719930375347e+00
-5.199765413819736892e-01
4.140553940634235097e-01
9.244027402346199906e-01
7.414480312298514786e-01
-1.925839042155458314e-02
-9.147735450238426713e-01
-1.434750086405816472e+00
-1.271053767822602598e+00
-5.007181509604191616e-01
4.429429796957554122e-01
1.059211473185502017e+00
1.011065497131615532e+00
3.370218323772051772e-01
-5.584933222250829665e-01
-1.174761815714829627e+00
-1.136245034871720350e+00
-4.718305653280873146e-01
4.814597605388645785e-01
1.184391010925606835e+00
1.261424572611825168e+00
6.933020551759649930e-01
-2.022130994263231230e-01
-8.955151546022881437e-01
-9.918071067100610039e-01
-4.236845892742008290e-01
5.007181509604191616e-01
1.280682963033379806e+00
1.492525257670480165e+00
1.020694692342392962e+00
1.636963185832139567e-01
-5.970101030681920218e-01
-8.184815929160698111e-01
-3.659094180095370796e-01
5.199765413819736892e-01
1.348087329508820709e+00
1.675479966675248678e+00
1.328828939087266292e+00
5.103473461711964809e-01
-3.081342467448733302e-01
-6.451560791220785074e-01
-3.081342467448733302e-01
5.199765413819736892e-01
1.386604110351929986e+00
1.819917894836908134e+00
1.588817209778253137e+00
8.377399833376243388e-01
-9.629195210777291569e-03
-4.622013701173099953e-01
-2.599882706909868446e-01
5.007181509604191616e-01
1.386604110351929986e+00
1.925839042155458314e+00
1.810288699626130704e+00
1.126615839660943141e+00
2.599882706909868446e-01
-2.888758563233187471e-01
-2.118422946371004145e-01
4.525721749065326760e-01
1.348087329508820709e+00
1.973985018209344799e+00
1.983614213420122008e+00
1.376974915141152778e+00
5.103473461711964809e-01
-1.251795377401047904e-01
-1.733255137939912482e-01
3.947970036418689821e-01
1.271053767822602598e+00
1.964355822998567369e+00
2.089535360738672409e+00
1.588817209778253137e+00
7.414480312298514786e-01
1.925839042155458314e-02
-1.540671233724366651e-01
3.081342467448733302e-01
1.145874230082497780e+00
1.896951456523126467e+00
2.137681336792558895e+00
1.742884333150689802e+00
9.244027402346199906e-01
1.540671233724366651e-01
-1.444379281616593735e-01
2.022130994263231230e-01
9.918071067100610039e-01
1.781401113993798857e+00
2.128052141581781243e+00
1.839176285258462773e+00
1.068840668396279447e+00
2.599882706909868446e-01
-1.540671233724366651e-01
7.703356168621833255e-02
7.992232024945151725e-01
1.617704795410584984e+00
2.060647775106340340e+00
1.877693066101571828e+00
1.174761815714829627e+00
3.370218323772051772e-01
-1.733255137939912482e-01
-6.740436647544104098e-02
5.777517126466374942e-01
1.396233305562707194e+00
1.925839042155458314e+00
1.858434675680017190e+00
1.232536986979493321e+00
3.851678084310916628e-01
-2.118422946371004145e-01
-2.311006850586549977e-01
3.273926371664279134e-01
1.145874230082497780e+00
1.742884333150689802e+00
1.791030309204576287e+00
1.251795377401047960e+00
4.140553940634235097e-01
-2.599882706909868446e-01
-3.947970036418689821e-01
6.740436647544104098e-02
8.473691785484016581e-01
1.511783648092034804e+00
1.675479966675248678e+00
1.222907791768716113e+00
4.140553940634235097e-01
-3.177634419556506495e-01
-5.681225174358601748e-01
-2.118422946371004145e-01
5.392349318035283279e-01
1.242166182190270529e+00
1.511783648092034804e+00
1.165132620504052197e+00
3.947970036418689821e-01
-3.755386132203143434e-01
-7.414480312298514786e-01
-4.910889557496418423e-01
2.022130994263231230e-01
9.436611306561746293e-01
1.309570548665711653e+00
1.068840668396279447e+00
3.562802227987598158e-01
-4.429429796957554122e-01
-8.955151546022881437e-01
-7.703356168621833255e-01
-1.348087329508820820e-01
6.258976887005239798e-01
1.068840668396279447e+00
9.532903258669518376e-01
3.081342467448733302e-01
-5.103473461711964809e-01
-1.049582277974724809e+00
-1.030323887553170170e+00
-4.718305653280873146e-01
2.888758563233187471e-01
8.184815929160698111e-01
8.088523977052924918e-01
2.503590754802095808e-01
-5.584933222250829665e-01
-1.174761815714829627e+00
-1.261424572611825168e+00
-7.992232024945151725e-01
-4.814597605388645785e-02
5.488641270143056472e-01
6.547852743328558267e-01
1.829547090047685398e-01
-5.970101030681920218e-01
-1.271053767822602598e+00
-1.473266867248925527e+00
-1.088099058817833864e+00
-3.659094180095370796e-01
2.792466611125414833e-01
4.910889557496418423e-01
1.155503425293274988e-01
-6.258976887005239798e-01
-1.338458134298043500e+00
-1.636963185832139622e+00
-1.357716524719598139e+00
-6.740436647544103543e-01
1.925839042155458314e-02
3.273926371664279134e-01
5.777517126466374942e-02
-6.355268839113012991e-01
-1.376974915141152778e+00
-1.762142723572244440e+00
-1.579188014567475928e+00
-9.532903258669518376e-01
-2.311006850586549977e-01
1.636963185832139567e-01
9.629195210777291569e-03
-6.162684934897466604e-01
-1.367345719930375347e+00
-1.829547090047685343e+00
-1.762142723572244440e+00
-1.194020206136384044e+00
-4.622013701173099953e-01
1.925839042155458314e-02
-1.925839042155458314e-02
-5.681225174358601748e-01
-1.319199743876488862e+00
-1.858434675680017190e+00
-1.877693066101571828e+00
-1.386604110351929986e+00
-6.547852743328558267e-01
-1.059211473185502073e-01
-3.851678084310916628e-02
-5.007181509604191616e-01
-1.232536986979493321e+00
-1.829547090047685343e+00
-1.945097432577012952e+00
-1.540671233724366651e+00
-8.184815929160698111e-01
-2.118422946371004145e-01
-3.851678084310916628e-02
-4.044261988526462459e-01
-1.107357449239388503e+00
-1.742884333150689802e+00
-1.954726627787790161e+00
-1.636963185832139622e+00
-9.532903258669518376e-01
-2.888758563233187471e-01
-1.925839042155458314e-02
-2.888758563233187471e-01
-9.436611306561746293e-01
-1.608075600199807775e+00
-1.906580651733903675e+00
-1.675479966675248678e+00
-1.039953082763947378e+00
-3.466510275879824965e-01
1.925839042155458314e-02
-1.444379281616593735e-01
-7.414480312298514786e-01
-1.425120891195039263e+00
-1.810288699626130704e+00
-1.665850771464471469e+00
-1.078469863607056656e+00
-3.755386132203143434e-01
7.703356168621833255e-02
9.629195210777291569e-03
-5.199765413819736892e-01
-1.203649401347161474e+00
-1.656221576253694039e+00
-1.608075600199807775e+00
-1.088099058817833864e+00
-3.755386132203143434e-01
1.444379281616593735e-01
1.829547090047685398e-01
-2.696174659017641639e-01
-9.436611306561746293e-01
-1.454008476827371110e+00
-1.502154452881257374e+00
-1.059211473185502017e+00
-3.562802227987598158e-01
2.214714898478777061e-01
3.659094180095370796e-01
-0.000000000000000000e+00
-6.547852743328558267e-01
-1.213278596557938682e+00
-1.357716524719598139e+00
-9.918071067100610039e-01
-3.081342467448733302e-01
3.177634419556506495e-01
5.488641270143056472e-01
2.696174659017641639e-01
-3.466510275879824965e-01
-9.436611306561746293e-01
-1.165132620504052197e+00
-8.955151546022881437e-01
-2.503590754802095808e-01
4.044261988526462459e-01
7.221896408082968399e-01
5.392349318035283279e-01
-2.888758563233187471e-02
-6.451560791220785074e-01
-9.532903258669518376e-01
-7.703356168621833255e-01
-1.829547090047685398e-01
4.910889557496418423e-01
8.955151546022881437e-01
7.992232024945151725e-01
2.888758563233187471e-01
-3.370218323772051772e-01
-7.221896408082968399e-01
-6.355268839113012991e-01
-1.059211473185502073e-01
5.777517126466374942e-01
1.039953082763947378e+00
1.049582277974724809e+00
5.970101030681920218e-01
-2.888758563233187471e-02
-4.814597605388645785e-01
-4.814597605388645785e-01
-2.888758563233187471e-02
6.451560791220785074e-01
1.165132620504052197e+00
1.261424572611825168e+00
8.858859593915108244e-01
2.696174659017641639e-01
-2.311006850586549977e-01
-3.273926371664279134e-01
4.814597605388645785e-02
6.933020551759649930e-01
1.261424572611825168e+00
1.444379281616593680e+00
1.145874230082497780e+00
5.488641270143056472e-01
9.629195210777291569e-03
-1.733255137939912482e-01
1.155503425293274988e-01
7.318188360190741593e-01
1.328828939087266292e+00
1.588817209778253137e+00
1.367345719930375347e+00
8.088523977052924918e-01
2.311006850586549977e-01
-3.851678084310916628e-02
1.636963185832139567e-01
7.318188360190741593e-01
1.348087329508820709e+00
1.685109161886026108e+00
1.550300428935143859e+00
1.039953082763947378e+00
4.333137844849781484e-01
9.629195210777291569e-02
2.022130994263231230e-01
7.125604455975196316e-01
1.338458134298043500e+00
1.733255137939912593e+00
1.685109161886026108e+00
1.222907791768716113e+00
6.162684934897466604e-01
2.022130994263231230e-01
2.214714898478777061e-01
6.644144695436331460e-01
1.280682963033379806e+00
1.733255137939912593e+00
1.762142723572244440e+00
1.367345719930375347e+00
7.607064216514060062e-01
2.888758563233187471e-01
2.214714898478777061e-01
5.873809078574148135e-01
1.184391010925606835e+00
1.675479966675248678e+00
1.791030309204576287e+00
1.454008476827371110e+00
8.666275689699562967e-01
3.466510275879824965e-01
1.925839042155458314e-01
4.814597605388645785e-01
1.039953082763947378e+00
1.569558819356698498e+00
1.762142723572244440e+00
1.502154452881257374e+00
9.340319354453973100e-01
3.851678084310916628e-01
1.444379281616593735e-01
3.466510275879824965e-01
8.666275689699562967e-01
1.415491695984261833e+00
1.675479966675248678e+00
1.492525257670480165e+00
9.629195210777291569e-01
3.851678084310916628e-01
7.703356168621833255e-02
1.925839042155458314e-01
6.644144695436331460e-01
1.222907791768716113e+00
1.540671233724366651e+00
1.434750086405816472e+00
9.629195210777291569e-01
3.659094180095370796e-01
-9.629195210777291569e-03
1.925839042155458314e-02
4.333137844849781484e-01
9.918071067100610039e-01
1.367345719930375347e+00
1.338458134298043500e+00
9.147735450238426713e-01
3.273926371664279134e-01
-1.155503425293274988e-01
-1.636963185832139567e-01
1.829547090047685398e-01
7.318188360190741593e-01
1.155503425293274988e+00
1.203649401347161474e+00
8.473691785484016581e-01
2.599882706909868446e-01
-2.214714898478777061e-01
-3.562802227987598158e-01
-7.703356168621833255e-02
4.525721749065326760e-01
9.051443498130653520e-01
1.030323887553170170e+00
7.414480312298514786e-01
1.829547090047685398e-01
-3.370218323772051772e-01
-5.488641270143056472e-01
-3.370218323772051772e-01
1.540671233724366651e-01
6.355268839113012991e-01
8.377399833376243388e-01
6.162684934897466604e-01
9.629195210777291569e-02
-4.525721749065326760e-01
-7.318188360190741593e-01
-5.970101030681920218e-01
-1.444379281616593735e-01
3.562802227987598158e-01
6.162684934897466604e-01
4.718305653280873146e-01
-0.000000000000000000e+00
-5.584933222250829665e-01
-8.955151546022881437e-01
-8.377399833376243388e-01
-4.333137844849781484e-01
7.703356168621833255e-02
3.947970036418689821e-01
3.273926371664279134e-01
-9.629195210777291569e-02
-6.547852743328558267e-01
-1.039953082763947378e+00
-1.059211473185502017e+00
-7.125604455975196316e-01
-2.022130994263231230e-01
1.636963185832139567e-01
1.829547090047685398e-01
-1.829547090047685398e-01
-7.318188360190741593e-01
-1.165132620504052197e+00
-1.251795377401047960e+00
-9.629195210777291569e-01
-4.718305653280873146e-01
-5.777517126466374942e-02
2.888758563233187471e-02
-2.599882706909868446e-01
-7.895940072837379642e-01
-1.251795377401047960e+00
-1.415491695984261833e+00
-1.184391010925606835e+00
-7.125604455975196316e-01
-2.599882706909868446e-01
-9.629195210777291569e-02
-3.273926371664279134e-01
-8.184815929160698111e-01
-1.309570548665711653e+00
-1.531042038513589443e+00
-1.367345719930375347e+00
-9.147735450238426713e-01
-4.429429796957554122e-01
-2.214714898478777061e-01
-3.659094180095370796e-01
-8.184815929160698111e-01
-1.319199743876488862e+00
-1.598446404989030345e+00
-1.502154452881257374e+00
-1.088099058817833864e+00
-6.066392982789693411e-01
-3.177634419556506495e-01
-3.947970036418689821e-01
-7.895940072837379642e-01
-1.290312158244157015e+00
-1.617704795410584984e+00
-1.588817209778253137e+00
-1.222907791768716113e+00
-7.318188360190741593e-01
-3.851678084310916628e-01
-3.851678084310916628e-01
-7.318188360190741593e-01
-1.222907791768716113e+00
-1.588817209778253137e+00
-1.627333990621362192e+00
-1.309570548665711653e+00
-8.184815929160698111e-01
-4.333137844849781484e-01
-3.562802227987598158e-01
-6.355268839113012991e-01
-1.107357449239388503e+00
-1.511783648092034804e+00
-1.608075600199807775e+00
-1.348087329508820709e+00
-8.762567641807335050e-01
-4.429429796957554122e-01
-3.081342467448733302e-01
-5.199765413819736892e-01
-9.629195210777291569e-01
-1.386604110351929986e+00
-1.540671233724366651e+00
-1.338458134298043500e+00
-8.858859593915108244e-01
-4.333137844849781484e-01
-2.214714898478777061e-01
-3.755386132203143434e-01
-7.799648120729606449e-01
-1.213278596557938682e+00
-1.425120891195039263e+00
-1.290312158244157015e+00
-8.666275689699562967e-01
-3.947970036418689821e-01
-1.251795377401047904e-01
-2.022130994263231230e-01
-5.681225174358601748e-01
-1.011065497131615532e+00
-1.271053767822602598e+00
-1.194020206136384044e+00
-8.088523977052924918e-01
-3.370218323772051772e-01
-9.629195210777291569e-03
-1.925839042155458314e-02
-3.370218323772051772e-01
-7.799648120729606449e-01
-1.078469863607056656e+00
-1.059211473185502017e+00
-7.221896408082968399e-01
-2.503590754802095808e-01
1.155503425293274988e-01
1.733255137939912482e-01
-9.629195210777291569e-02
-5.199765413819736892e-01
-8.569983737591789774e-01
-8.955151546022881437e-01
-6.162684934897466604e-01
-1.540671233724366651e-01
2.503590754802095808e-01
3.659094180095370796e-01
1.636963185832139567e-01
-2.407298802694322892e-01
-6.066392982789693411e-01
-7.125604455975196316e-01
-4.814597605388645785e-01
-3.851678084310916628e-02
3.851678084310916628e-01
5.584933222250829665e-01
4.140553940634235097e-01
3.851678084310916628e-02
-3.466510275879824965e-01
-5.103473461711964809e-01
-3.370218323772051772e-01
6.740436647544104098e-02
5.103473461711964809e-01
7.414480312298514786e-01
6.547852743328558267e-01
3.081342467448733302e-01
-8.666275689699562412e-02
-2.985050515340960109e-01
-1.925839042155458314e-01
1.829547090047685398e-01
6.258976887005239798e-01
9.051443498130653520e-01
8.762567641807335050e-01
5.681225174358601748e-01
1.733255137939912482e-01
-8.666275689699562412e-02
-3.851678084310916628e-02
2.888758563233187471e-01
7.318188360190741593e-01
1.049582277974724809e+00
1.078469863607056656e+00
8.184815929160698111e-01
4.140553940634235097e-01
1.251795377401047904e-01
1.059211473185502073e-01
3.851678084310916628e-01
8.088523977052924918e-01
1.165132620504052197e+00
1.242166182190270529e+00
1.030323887553170170e+00
6.355268839113012991e-01
3.081342467448733302e-01
2.311006850586549977e-01
4.525721749065326760e-01
8.666275689699562967e-01
1.242166182190270529e+00
1.376974915141152778e+00
1.203649401347161474e+00
8.377399833376243388e-01
4.814597605388645785e-01
3.466510275879824965e-01
5.103473461711964809e-01
8.858859593915108244e-01
1.280682963033379806e+00
1.454008476827371110e+00
1.338458134298043500e+00
9.918071067100610039e-01
6.162684934897466604e-01
4.333137844849781484e-01
5.392349318035283279e-01
8.858859593915108244e-01
1.271053767822602598e+00
1.492525257670480165e+00
1.425120891195039263e+00
1.116986644450165933e+00
7.318188360190741593e-01
4.910889557496418423e-01
5.392349318035283279e-01
8.377399833376243388e-01
1.232536986979493321e+00
1.492525257670480165e+00
1.473266867248925527e+00
1.194020206136384044e+00
7.992232024945151725e-01
5.199765413819736892e-01
5.103473461711964809e-01
7.703356168621833255e-01
1.145874230082497780e+00
1.434750086405816472e+00
1.463637672038148319e+00
1.222907791768716113e+00
8.377399833376243388e-01
5.296057365927510086e-01
4.525721749065326760e-01
6.644144695436331460e-01
1.020694692342392962e+00
1.328828939087266292e+00
1.405862500773484625e+00
1.213278596557938682e+00
8.377399833376243388e-01
5.007181509604191616e-01
3.755386132203143434e-01
5.296057365927510086e-01
8.666275689699562967e-01
1.184391010925606835e+00
1.309570548665711653e+00
1.155503425293274988e+00
8.088523977052924918e-01
4.429429796957554122e-01
2.696174659017641639e-01
3.659094180095370796e-01
6.740436647544103543e-01
1.001436301920838323e+00
1.165132620504052197e+00
1.059211473185502017e+00
7.414480312298514786e-01
3.659094180095370796e-01
1.444379281616593735e-01
1.925839042155458314e-01
4.622013701173099953e-01
7.895940072837379642e-01
9.918071067100610039e-01
9.340319354453973100e-01
6.451560791220785074e-01
2.696174659017641639e-01
9.629195210777291569e-03
-0.000000000000000000e+00
2.311006850586549977e-01
5.584933222250829665e-01
7.895940072837379642e-01
7.799648120729606449e-01
5.199765413819736892e-01
1.444379281616593735e-01
-1.444379281616593735e-01
-2.022130994263231230e-01
-9.629195210777291569e-03
3.081342467448733302e-01
5.584933222250829665e-01
5.970101030681920218e-01
3.851678084310916628e-01
1.925839042155458314e-02
-2.985050515340960109e-01
-4.044261988526462459e-01
-2.599882706909868446e-01
4.814597605388645785e-02
3.177634419556506495e-01
4.044261988526462459e-01
2.311006850586549977e-01
-1.059211473185502073e-01
-4.429429796957554122e-01
-5.970101030681920218e-01
-4.910889557496418423e-01
-2.118422946371004145e-01
7.703356168621833255e-02
2.022130994263231230e-01
7.703356168621833255e-02
-2.407298802694322892e-01
-5.777517126466374942e-01
-7.703356168621833255e-01
-7.221896408082968399e-01
-4.622013701173099953e-01
-1.636963185832139567e-01
-0.000000000000000000e+00
-7.703356168621833255e-02
-3.659094180095370796e-01
-7.029312503867423123e-01
-9.244027402346199906e-01
-9.147735450238426713e-01
-6.933020551759649930e-01
-3.947970036418689821e-01
-1.925839042155458314e-01
-2.214714898478777061e-01
-4.718305653280873146e-01
-8.088523977052924918e-01
-1.059211473185502017e+00
-1.088099058817833864e+00
-8.955151546022881437e-01
-5.970101030681920218e-01
-3.755386132203143434e-01
-3.562802227987598158e-01
-5.584933222250829665e-01
-8.858859593915108244e-01
-1.155503425293274988e+00
-1.222907791768716113e+00
-1.068840668396279447e+00
-7.799648120729606449e-01
-5.296057365927510086e-01
-4.622013701173099953e-01
-6.258976887005239798e-01
-9.340319354453973100e-01
-1.213278596557938682e+00
-1.319199743876488862e+00
-1.203649401347161474e+00
-9.244027402346199906e-01
-6.547852743328558267e-01
-5.392349318035283279e-01
-6.644144695436331460e-01
-9.436611306561746293e-01
-1.232536986979493321e+00
-1.376974915141152778e+00
-1.290312158244157015e+00
-1.030323887553170170e+00
-7.510772264406286869e-01
-5.970101030681920218e-01
-6.740436647544103543e-01
-9.244027402346199906e-01
-1.213278596557938682e+00
-1.386604110351929986e+00
-1.338458134298043500e+00
-1.097728254028611294e+00
-8.088523977052924918e-01
-6.258976887005239798e-01
-6.451560791220785074e-01
-8.666275689699562967e-01
-1.155503425293274988e+00
-1.348087329508820709e+00
-1.338458134298043500e+00
-1.126615839660943141e+00
-8.377399833376243388e-01
-6.162684934897466604e-01
-5.970101030681920218e-01
-7.703356168621833255e-01
-1.049582277974724809e+00
-1.261424572611825168e+00
-1.290312158244157015e+00
-1.107357449239388503e+00
-8.184815929160698111e-01
-5.777517126466374942e-01
-5.103473461711964809e-01
-6.547852743328558267e-01
-9.147735450238426713e-01
-1.145874230082497780e+00
-1.203649401347161474e+00
-1.049582277974724809e+00
-7.703356168621833255e-01
-5.103473461711964809e-01
-4.044261988526462459e-01
-5.007181509604191616e-01
-7.414480312298514786e-01
-9.821779114992836845e-01
-1.068840668396279447e+00
-9.532903258669518376e-01
-6.933020551759649930e-01
-4.140553940634235097e-01
-2.792466611125414833e-01
-3.370218323772051772e-01
-5.488641270143056472e-01
-7.895940072837379642e-01
-9.051443498130653520e-01
-8.281107881268470194e-01
-5.873809078574148135e-01
-2.985050515340960109e-01
-1.251795377401047904e-01
-1.444379281616593735e-01
-3.370218323772051772e-01
-5.681225174358601748e-01
-7.125604455975196316e-01
-6.740436647544103543e-01
-4.525721749065326760e-01
-1.733255137939912482e-01
2.888758563233187471e-02
5.777517126466374942e-02
-1.059211473185502073e-01
-3.370218323772051772e-01
-5.007181509604191616e-01
-5.007181509604191616e-01
-3.081342467448733302e-01
-2.888758563233187471e-02
2.022130994263231230e-01
2.599882706909868446e-01
1.251795377401047904e-01
-9.629195210777291569e-02
-2.792466611125414833e-01
-3.081342467448733302e-01
-1.444379281616593735e-01
1.251795377401047904e-01
3.659094180095370796e-01
4.525721749065326760e-01
3.562802227987598158e-01
1.444379281616593735e-01
-4.814597605388645785e-02
-1.059211473185502073e-01
1.925839042155458314e-02
2.696174659017641639e-01
5.199765413819736892e-01
6.355268839113012991e-01
5.777517126466374942e-01
3.851678084310916628e-01
1.733255137939912482e-01
8.666275689699562412e-02
1.733255137939912482e-01
4.044261988526462459e-01
6.644144695436331460e-01
8.088523977052924918e-01
7.799648120729606449e-01
5.970101030681920218e-01
3.851678084310916628e-01
2.696174659017641639e-01
3.273926371664279134e-01
5.296057365927510086e-01
7.799648120729606449e-01
9.532903258669518376e-01
9.532903258669518376e-01
7.992232024945151725e-01
5.777517126466374942e-01
4.333137844849781484e-01
4.525721749065326760e-01
6.355268839113012991e-01
8.762567641807335050e-01
1.059211473185502017e+00
1.097728254028611294e+00
9.629195210777291569e-01
7.510772264406286869e-01
5.873809078574148135e-01
5.681225174358601748e-01
7.125604455975196316e-01
9.436611306561746293e-01
1.136245034871720350e+00
1.194020206136384044e+00
1.088099058817833864e+00
8.858859593915108244e-01
7.029312503867423123e-01
6.451560791220785074e-01
7.607064216514060062e-01
9.725487162885064762e-01
1.184391010925606835e+00
1.261424572611825168e+00
1.174761815714829627e+00
9.821779114992836845e-01
7.895940072837379642e-01
7.029312503867423123e-01
7.799648120729606449e-01
9.725487162885064762e-01
1.184391010925606835e+00
1.280682963033379806e+00
1.222907791768716113e+00
1.039953082763947378e+00
8.377399833376243388e-01
7.221896408082968399e-01
7.607064216514060062e-01
9.340319354453973100e-01
1.136245034871720350e+00
1.261424572611825168e+00
1.232536986979493321e+00
1.059211473185502017e+00
8.473691785484016581e-01
7.029312503867423123e-01
7.125604455975196316e-01
8.569983737591789774e-01
1.059211473185502017e+00
1.194020206136384044e+00
1.184391010925606835e+00
1.039953082763947378e+00
8.281107881268470194e-01
6.644144695436331460e-01
6.355268839113012991e-01
7.510772264406286869e-01
9.436611306561746293e-01
1.088099058817833864e+00
1.107357449239388503e+00
9.725487162885064762e-01
7.703356168621833255e-01
5.873809078574148135e-01
5.296057365927510086e-01
6.162684934897466604e-01
7.895940072837379642e-01
9.436611306561746293e-01
9.821779114992836845e-01
8.762567641807335050e-01
6.740436647544103543e-01
4.814597605388645785e-01
3.947970036418689821e-01
4.525721749065326760e-01
6.162684934897466604e-01
7.703356168621833255e-01
8.281107881268470194e-01
7.510772264406286869e-01
5.584933222250829665e-01
3.562802227987598158e-01
2.407298802694322892e-01
2.696174659017641639e-01
4.140553940634235097e-01
5.681225174358601748e-01
6.451560791220785074e-01
5.873809078574148135e-01
4.140553940634235097e-01
2.118422946371004145e-01
7.703356168621833255e-02
7.703356168621833255e-02
1.925839042155458314e-01
3.562802227987598158e-01
4.525721749065326760e-01
4.140553940634235097e-01
2.599882706909868446e-01
5.777517126466374942e-02
-9.629195210777291569e-02
-1.251795377401047904e-01
-2.888758563233187471e-02
1.251795377401047904e-01
2.311006850586549977e-01
2.214714898478777061e-01
8.666275689699562412e-02
-1.059211473185502073e-01
-2.696174659017641639e-01
-3.273926371664279134e-01
-2.503590754802095808e-01
-1.059211473185502073e-01
1.925839042155458314e-02
2.888758563233187471e-02
-7.703356168621833255e-02
-2.696174659017641639e-01
-4.429429796957554122e-01
-5.199765413819736892e-01
-4.622013701173099953e-01
-3.273926371664279134e-01
-1.925839042155458314e-01
-1.540671233724366651e-01
-2.503590754802095808e-01
-4.236845892742008290e-01
-5.970101030681920218e-01
-6.933020551759649930e-01
-6.644144695436331460e-01
-5.392349318035283279e-01
-3.947970036418689821e-01
-3.370218323772051772e-01
-4.044261988526462459e-01
-5.584933222250829665e-01
-7.414480312298514786e-01
-8.473691785484016581e-01
-8.377399833376243388e-01
-7.221896408082968399e-01
-5.777517126466374942e-01
-5.007181509604191616e-01
-5.392349318035283279e-01
-6.740436647544103543e-01
-8.473691785484016581e-01
-9.725487162885064762e-01
-9.821779114992836845e-01
-8.762567641807335050e-01
-7.414480312298514786e-01
-6.451560791220785074e-01
-6.547852743328558267e-01
-7.703356168621833255e-01
-9.340319354453973100e-01
-1.059211473185502017e+00
-1.088099058817833864e+00
-1.001436301920838323e+00
-8.666275689699562967e-01
-7.510772264406286869e-01
-7.318188360190741593e-01
-8.281107881268470194e-01
-9.821779114992836845e-01
-1.116986644450165933e+00
-1.165132620504052197e+00
-1.088099058817833864e+00
-9.532903258669518376e-01
-8.281107881268470194e-01
-7.895940072837379642e-01
-8.569983737591789774e-01
-1.001436301920838323e+00
-1.136245034871720350e+00
-1.194020206136384044e+00
-1.136245034871720350e+00
-1.001436301920838323e+00
-8.666275689699562967e-01
-8.088523977052924918e-01
-8.569983737591789774e-01
-9.821779114992836845e-01
-1.107357449239388503e+00
-1.174761815714829627e+00
-1.145874230082497780e+00
-1.020694692342392962e+00
-8.762567641807335050e-01
-7.895940072837379642e-01
-8.088523977052924918e-01
-9.147735450238426713e-01
-1.049582277974724809e+00
-1.126615839660943141e+00
-1.107357449239388503e+00
-9.918071067100610039e-01
-8.473691785484016581e-01
-7.414480312298514786e-01
-7.414480312298514786e-01
-8.281107881268470194e-01
-9.532903258669518376e-01
-1.030323887553170170e+00
-1.020694692342392962e+00
-9.244027402346199906e-01
-7.799648120729606449e-01
-6.644144695436331460e-01
-6.355268839113012991e-01
-7.029312503867423123e-01
-8.184815929160698111e-01
-9.051443498130653520e-01
-9.147735450238426713e-01
-8.184815929160698111e-01
-6.740436647544103543e-01
-5.488641270143056472e-01
-5.007181509604191616e-01
-5.488641270143056472e-01
-6.547852743328558267e-01
-7.414480312298514786e-01
-7.607064216514060062e-01
-6.836728599651876737e-01
-5.488641270143056472e-01
-4.140553940634235097e-01
-3.466510275879824965e-01
-3.755386132203143434e-01
-4.622013701173099953e-01
-5.584933222250829665e-01
-5.873809078574148135e-01
-5.296057365927510086e-01
-4.044261988526462459e-01
-2.599882706909868446e-01
-1.733255137939912482e-01
-1.829547090047685398e-01
-2.599882706909868446e-01
-3.562802227987598158e-01
-3.947970036418689821e-01
-3.562802227987598158e-01
-2.311006850586549977e-01
-9.629195210777291569e-02
0.000000000000000000e+00
1.925839042155458314e-02
-4.814597605388645785e-02
-1.444379281616593735e-01
-1.925839042155458314e-01
-1.636963185832139567e-01
-5.777517126466374942e-02
7.703356168621833255e-02
1.829547090047685398e-01
2.118422946371004145e-01
1.636963185832139567e-01
7.703356168621833255e-02
1.925839042155458314e-02
2.888758563233187471e-02
1.155503425293274988e-01
2.503590754802095808e-01
3.659094180095370796e-01
4.140553940634235097e-01
3.755386132203143434e-01
2.888758563233187471e-01
2.214714898478777061e-01
2.214714898478777061e-01
2.888758563233187471e-01
4.140553940634235097e-01
5.392349318035283279e-01
5.873809078574148135e-01
5.681225174358601748e-01
4.910889557496418423e-01
4.140553940634235097e-01
3.947970036418689821e-01
4.525721749065326760e-01
5.681225174358601748e-01
6.836728599651876737e-01
7.510772264406286869e-01
7.414480312298514786e-01
6.740436647544103543e-01
5.873809078574148135e-01
5.584933222250829665e-01
5.970101030681920218e-01
7.029312503867423123e-01
8.088523977052924918e-01
8.858859593915108244e-01
8.858859593915108244e-01
8.184815929160698111e-01
7.414480312298514786e-01
6.933020551759649930e-01
7.125604455975196316e-01
7.992232024945151725e-01
9.147735450238426713e-01
9.918071067100610039e-01
1.001436301920838323e+00
9.436611306561746293e-01
8.569983737591789774e-01
7.992232024945151725e-01
8.088523977052924918e-01
8.762567641807335050e-01
9.821779114992836845e-01
1.059211473185502017e+00
1.078469863607056656e+00
1.030323887553170170e+00
9.436611306561746293e-01
8.762567641807335050e-01
8.666275689699562967e-01
9.147735450238426713e-01
1.011065497131615532e+00
1.088099058817833864e+00
1.116986644450165933e+00
1.068840668396279447e+00
9.918071067100610039e-01
9.147735450238426713e-01
8.858859593915108244e-01
9.244027402346199906e-01
1.001436301920838323e+00
1.078469863607056656e+00
1.107357449239388503e+00
1.078469863607056656e+00
9.918071067100610039e-01
9.147735450238426713e-01
8.666275689699562967e-01
8.858859593915108244e-01
9.532903258669518376e-01
1.030323887553170170e+00
1.068840668396279447e+00
1.039953082763947378e+00
9.629195210777291569e-01
8.762567641807335050e-01
8.184815929160698111e-01
8.184815929160698111e-01
8.762567641807335050e-01
9.436611306561746293e-01
9.821779114992836845e-01
9.629195210777291569e-01
8.955151546022881437e-01
7.992232024945151725e-01
7.318188360190741593e-01
7.221896408082968399e-01
7.607064216514060062e-01
8.281107881268470194e-01
8.666275689699562967e-01
8.569983737591789774e-01
7.895940072837379642e-01
6.933020551759649930e-01
6.162684934897466604e-01
5.970101030681920218e-01
6.162684934897466604e-01
6.740436647544103543e-01
7.125604455975196316e-01
7.125604455975196316e-01
6.547852743328558267e-01
5.584933222250829665e-01
4.814597605388645785e-01
4.429429796957554122e-01
4.525721749065326760e-01
5.007181509604191616e-01
5.392349318035283279e-01
5.488641270143056472e-01
4.910889557496418423e-01
4.044261988526462459e-01
3.177634419556506495e-01
2.696174659017641639e-01
2.696174659017641639e-01
3.081342467448733302e-01
3.466510275879824965e-01
3.562802227987598158e-01
3.177634419556506495e-01
2.311006850586549977e-01
1.444379281616593735e-01
8.666275689699562412e-02
7.703356168621833255e-02
1.059211473185502073e-01
1.444379281616593735e-01
1.540671233724366651e-01
1.251795377401047904e-01
4.814597605388645785e-02
-3.851678084310916628e-02
-1.059211473185502073e-01
-1.251795377401047904e-01
-1.059211473185502073e-01
-6.740436647544104098e-02
-4.814597605388645785e-02
-6.740436647544104098e-02
-1.348087329508820820e-01
-2.214714898478777061e-01
-2.888758563233187471e-01
-3.177634419556506495e-01
-3.081342467448733302e-01
-2.696174659017641639e-01
-2.407298802694322892e-01
-2.599882706909868446e-01
-3.177634419556506495e-01
-3.947970036418689821e-01
-4.718305653280873146e-01
-5.007181509604191616e-01
-4.910889557496418423e-01
-4.622013701173099953e-01
-4.333137844849781484e-01
-4.333137844849781484e-01
-4.814597605388645785e-01
-5.584933222250829665e-01
-6.355268839113012991e-01
-6.740436647544103543e-01
-6.644144695436331460e-01
-6.355268839113012991e-01
-6.066392982789693411e-01
-5.970101030681920218e-01
-6.355268839113012991e-01
-7.029312503867423123e-01
-7.703356168621833255e-01
-8.088523977052924918e-01
-8.088523977052924918e-01
-7.799648120729606449e-01
-7.510772264406286869e-01
-7.318188360190741593e-01
-7.607064216514060062e-01
-8.184815929160698111e-01
-8.762567641807335050e-01
-9.244027402346199906e-01
-9.244027402346199906e-01
-9.051443498130653520e-01
-8.666275689699562967e-01
-8.377399833376243388e-01
-8.569983737591789774e-01
-9.051443498130653520e-01
-9.629195210777291569e-01
-1.001436301920838323e+00
-1.011065497131615532e+00
-9.821779114992836845e-01
-9.436611306561746293e-01
-9.147735450238426713e-01
-9.147735450238426713e-01
-9.532903258669518376e-01
-1.001436301920838323e+00
-1.039953082763947378e+00
-1.049582277974724809e+00
-1.030323887553170170e+00
-9.821779114992836845e-01
-9.532903258669518376e-01
-9.436611306561746293e-01
-9.629195210777291569e-01
-1.011065497131615532e+00
-1.049582277974724809e+00
-1.059211473185502017e+00
-1.030323887553170170e+00
-9.918071067100610039e-01
-9.436611306561746293e-01
-9.244027402346199906e-01
-9.436611306561746293e-01
-9.725487162885064762e-01
-1.011065497131615532e+00
-1.020694692342392962e+00
-1.001436301920838323e+00
-9.532903258669518376e-01
-9.051443498130653520e-01
-8.762567641807335050e-01
-8.762567641807335050e-01
-9.051443498130653520e-01
-9.340319354453973100e-01
-9.436611306561746293e-01
-9.244027402346199906e-01
-8.858859593915108244e-01
-8.281107881268470194e-01
-7.992232024945151725e-01
-7.895940072837379642e-01
-7.992232024945151725e-01
-8.281107881268470194e-01
-8.377399833376243388e-01
-8.184815929160698111e-01
-7.703356168621833255e-01
-7.221896408082968399e-01
-6.836728599651876737e-01
-6.644144695436331460e-01
-6.644144695436331460e-01
-6.836728599651876737e-01
-6.933020551759649930e-01
-6.836728599651876737e-01
-6.355268839113012991e-01
-5.873809078574148135e-01
-5.392349318035283279e-01
-5.103473461711964809e-01
-5.103473461711964809e-01
-5.199765413819736892e-01
-5.296057365927510086e-01
-5.199765413819736892e-01
-4.718305653280873146e-01
-4.236845892742008290e-01
-3.755386132203143434e-01
-3.370218323772051772e-01
-3.273926371664279134e-01
-3.370218323772051772e-01
-3.466510275879824965e-01
-3.370218323772051772e-01
-2.985050515340960109e-01
-2.407298802694322892e-01
-1.925839042155458314e-01
-1.540671233724366651e-01
-1.444379281616593735e-01
-1.444379281616593735e-01
-1.444379281616593735e-01
-1.348087329508820820e-01
-1.059211473185502073e-01
-5.777517126466374942e-02
-0.000000000000000000e+00
3.851678084310916628e-02
5.777517126466374942e-02
5.777517126466374942e-02
5.777517126466374942e-02
5.777517126466374942e-02
8.666275689699562412e-02
1.348087329508820820e-01
1.829547090047685398e-01
2.311006850586549977e-01
2.503590754802095808e-01
2.599882706909868446e-01
2.503590754802095808e-01
2.599882706909868446e-01
2.792466611125414833e-01
3.177634419556506495e-01
3.755386132203143434e-01
4.140553940634235097e-01
4.333137844849781484e-01
4.429429796957554122e-01
4.429429796957554122e-01
4.429429796957554122e-01
4.622013701173099953e-01
5.007181509604191616e-01
5.392349318035283279e-01
5.777517126466374942e-01
6.066392982789693411e-01
6.162684934897466604e-01
6.162684934897466604e-01
6.066392982789693411e-01
6.258976887005239798e-01
6.547852743328558267e-01
6.933020551759649930e-01
7.318188360190741593e-01
7.510772264406286869e-01
7.607064216514060062e-01
7.607064216514060062e-01
7.510772264406286869e-01
7.607064216514060062e-01
7.799648120729606449e-01
8.184815929160698111e-01
8.473691785484016581e-01
8.762567641807335050e-01
8.762567641807335050e-01
8.762567641807335050e-01
8.666275689699562967e-01
8.666275689699562967e-01
8.858859593915108244e-01
9.051443498130653520e-01
9.340319354453973100e-01
9.532903258669518376e-01
9.629195210777291569e-01
9.532903258669518376e-01
9.436611306561746293e-01
9.436611306561746293e-01
9.436611306561746293e-01
9.629195210777291569e-01
9.918071067100610039e-01
1.011065497131615532e+00
1.011065497131615532e+00
1.001436301920838323e+00
9.918071067100610039e-01
9.821779114992836845e-01
9.821779114992836845e-01
9.918071067100610039e-01
1.001436301920838323e+00
1.020694692342392962e+00
1.020694692342392962e+00
1.011065497131615532e+00
9.918071067100610039e-01
9.725487162885064762e-01
9.725487162885064762e-01
9.725487162885064762e-01
9.821779114992836845e-01
9.918071067100610039e-01
9.918071067100610039e-01
9.725487162885064762e-01
9.532903258669518376e-01
9.340319354453973100e-01
9.244027402346199906e-01
9.244027402346199906e-01
9.244027402346199906e-01
9.244027402346199906e-01
9.244027402346199906e-01
9.051443498130653520e-01
8.858859593915108244e-01
8.569983737591789774e-01
8.377399833376243388e-01
8.281107881268470194e-01
8.281107881268470194e-01
8.281107881268470194e-01
8.184815929160698111e-01
7.992232024945151725e-01
7.799648120729606449e-01
7.510772264406286869e-01
7.221896408082968399e-01
7.125604455975196316e-01
7.029312503867423123e-01
6.933020551759649930e-01
6.836728599651876737e-01
6.644144695436331460e-01
6.355268839113012991e-01
6.066392982789693411e-01
5.873809078574148135e-01
5.584933222250829665e-01
5.488641270143056472e-01
5.392349318035283279e-01
5.296057365927510086e-01
5.007181509604191616e-01
4.814597605388645785e-01
4.429429796957554122e-01
4.140553940634235097e-01
3.947970036418689821e-01
3.755386132203143434e-01
3.659094180095370796e-01
3.466510275879824965e-01
3.273926371664279134e-01
2.985050515340960109e-01
2.696174659017641639e-01
2.311006850586549977e-01
2.118422946371004145e-01
1.829547090047685398e-01
1.733255137939912482e-01
1.540671233724366651e-01
1.348087329508820820e-01
1.059211473185502073e-01
7.703356168621833255e-02
3.851678084310916628e-02
1.925839042155458314e-02
-9.629195210777291569e-03
-2.888758563233187471e-02
-4.814597605388645785e-02
-6.740436647544104098e-02
-8.666275689699562412e-02
-1.251795377401047904e-01
-1.540671233724366651e-01
-1.829547090047685398e-01
-2.022130994263231230e-01
-2.214714898478777061e-01
-2.407298802694322892e-01
-2.599882706909868446e-01
-2.792466611125414833e-01
-3.081342467448733302e-01
-3.370218323772051772e-01
-3.659094180095370796e-01
-3.851678084310916628e-01
-4.044261988526462459e-01
-4.236845892742008290e-01
-4.429429796957554122e-01
-4.622013701173099953e-01
-4.910889557496418423e-01
-5.199765413819736892e-01
-5.392349318035283279e-01
-5.584933222250829665e-01
-5.777517126466374942e-01
-5.970101030681920218e-01
-6.066392982789693411e-01
-6.258976887005239798e-01
-6.451560791220785074e-01
-6.740436647544103543e-01
-6.933020551759649930e-01
-7.125604455975196316e-01
-7.318188360190741593e-01
-7.414480312298514786e-01
-7.510772264406286869e-01
-7.703356168621833255e-01
-7.895940072837379642e-01
-7.992232024945151725e-01
-8.184815929160698111e-01
-8.377399833376243388e-01
-8.473691785484016581e-01
-8.569983737591789774e-01
-8.666275689699562967e-01
-8.762567641807335050e-01
-8.858859593915108244e-01
-9.051443498130653520e-01
-9.147735450238426713e-01
-9.244027402346199906e-01
-9.340319354453973100e-01
-9.436611306561746293e-01
-9.436611306561746293e-01
-9.532903258669518376e-01
-9.629195210777291569e-01
-9.725487162885064762e-01
-9.725487162885064762e-01
-9.821779114992836845e-01
-9.918071067100610039e-01
-9.918071067100610039e-01
-9.918071067100610039e-01
-9.918071067100610039e-01
-9.918071067100610039e-01
-1.001436301920838323e+00
-1.001436301920838323e+00
-1.001436301920838323e+00
-1.001436301920838323e+00
-1.001436301920838323e+00
-1.001436301920838323e+00
-9.918071067100610039e-01
-9.918071067100610039e-01
-9.918071067100610039e-01
-9.821779114992836845e-01
-9.821779114992836845e-01
-9.821779114992836845e-01
-9.725487162885064762e-01
-9.629195210777291569e-01
-9.532903258669518376e-01
-9.436611306561746293e-01
-9.436611306561746293e-01
-9.340319354453973100e-01
-9.244027402346199906e-01
-9.147735450238426713e-01
-9.051443498130653520e-01
-8.955151546022881437e-01
-8.858859593915108244e-01
-8.666275689699562967e-01
-8.569983737591789774e-01
-8.473691785484016581e-01
-8.281107881268470194e-01
-8.184815929160698111e-01
-7.992232024945151725e-01
-7.895940072837379642e-01
-7.703356168621833255e-01
-7.607064216514060062e-01
-7.414480312298514786e-01
-7.221896408082968399e-01
-7.029312503867423123e-01
-6.933020551759649930e-01
-6.740436647544103543e-01
-6.547852743328558267e-01
-6.355268839113012991e-01
-6.162684934897466604e-01
-5.970101030681920218e-01
-5.777517126466374942e-01
-5.584933222250829665e-01
-5.392349318035283279e-01
-5.103473461711964809e-01
-4.910889557496418423e-01
-4.718305653280873146e-01
-4.525721749065326760e-01
-4.236845892742008290e-01
-4.044261988526462459e-01
-3.851678084310916628e-01
-3.562802227987598158e-01
-3.370218323772051772e-01
-3.177634419556506495e-01
-2.888758563233187471e-01
-2.696174659017641639e-01
-2.407298802694322892e-01
-2.214714898478777061e-01
-1.925839042155458314e-01
-1.733255137939912482e-01
-1.444379281616593735e-01
-1.251795377401047904e-01
-9.629195210777291569e-02
-7.703356168621833255e-02
-4.814597605388645785e-02
-2.888758563233187471e-02
-0.000000000000000000e+00
2.888758563233187471e-02
4.814597605388645785e-02
7.703356168621833255e-02
9.629195210777291569e-02
1.251795377401047904e-01
1.444379281616593735e-01
1.733255137939912482e-01
1.925839042155458314e-01
2.214714898478777061e-01
2.407298802694322892e-01
2.696174659017641639e-01
2.888758563233187471e-01
3.177634419556506495e-01
3.370218323772051772e-01
3.562802227987598158e-01
3.851678084310916628e-01
4.044261988526462459e-01
4.236845892742008290e-01
4.525721749065326760e-01
4.718305653280873146e-01
4.910889557496418423e-01
5.103473461711964809e-01
5.392349318035283279e-01
5.584933222250829665e-01
5.777517126466374942e-01
5.970101030681920218e-01
6.162684934897466604e-01
6.355268839113012991e-01
6.547852743328558267e-01
6.740436647544103543e-01
6.933020551759649930e-01
7.029312503867423123e-01
7.221896408082968399e-01
7.414480312298514786e-01
7.607064216514060062e-01
7.703356168621833255e-01
7.895940072837379642e-01
7.992232024945151725e-01
8.184815929160698111e-01
8.281107881268470194e-01
8.473691785484016581e-01
8.569983737591789774e-01
8.666275689699562967e-01
8.858859593915108244e-01
8.955151546022881437e-01
9.051443498130653520e-01
9.147735450238426713e-01
9.244027402346199906e-01
9.340319354453973100e-01
9.436611306561746293e-01
9.436611306561746293e-01
9.532903258669518376e-01
9.629195210777291569e-01
9.725487162885064762e-01
9.821779114992836845e-01
9.821779114992836845e-01
9.821779114992836845e-01
9.918071067100610039e-01
9.918071067100610039e-01
9.918071067100610039e-01
1.001436301920838323e+00
1.001436301920838323e+00
1.001436301920838323e+00
1.001436301920838323e+00
1.001436301920838323e+00
1.001436301920838323e+00
9.918071067100610039e-01
9.918071067100610039e-01
9.918071067100610039e-01
9.918071067100610039e-01
9.918071067100610039e-01
9.821779114992836845e-01
9.725487162885064762e-01
9.725487162885064762e-01
9.629195210777291569e-01
9.532903258669518376e-01
9.436611306561746293e-01
9.436611306561746293e-01
9.340319354453973100e-01
9.244027402346199906e-01
9.147735450238426713e-01
9.051443498130653520e-01
8.858859593915108244e-01
8.762567641807335050e-01
8.666275689699562967e-01
8.569983737591789774e-01
8.473691785484016581e-01
8.377399833376243388e-01
8.184815929160698111e-01
7.992232024945151725e-01
7.895940072837379642e-01
7.703356168621833255e-01
7.510772264406286869e-01
7.414480312298514786e-01
7.318188360190741593e-01
7.125604455975196316e-01
6.933020551759649930e-01
6.740436647544103543e-01
6.451560791220785074e-01
6.258976887005239798e-01
6.066392982789693411e-01
5.970101030681920218e-01
5.777517126466374942e-01
5.584933222250829665e-01
5.392349318035283279e-01
5.199765413819736892e-01
4.910889557496418423e-01
4.622013701173099953e-01
4.429429796957554122e-01
4.236845892742008290e-01
4.044261988526462459e-01
3.851678084310916628e-01
3.659094180095370796e-01
3.370218323772051772e-01
3.081342467448733302e-01
2.792466611125414833e-01
2.599882706909868446e-01
2.407298802694322892e-01
2.214714898478777061e-01
2.022130994263231230e-01
1.829547090047685398e-01
1.540671233724366651e-01
1.251795377401047904e-01
8.666275689699562412e-02
6.740436647544104098e-02
4.814597605388645785e-02
2.888758563233187471e-02
9.629195210777291569e-03
-1.925839042155458314e-02
-3.851678084310916628e-02
-7.703356168621833255e-02
-1.059211473185502073e-01
-1.348087329508820820e-01
-1.540671233724366651e-01
-1.733255137939912482e-01
-1.829547090047685398e-01
-2.118422946371004145e-01
-2.311006850586549977e-01
-2.696174659017641639e-01
-2.985050515340960109e-01
-3.273926371664279134e-01
-3.466510275879824965e-01
-3.659094180095370796e-01
-3.755386132203143434e-01
-3.947970036418689821e-01
-4.140553940634235097e-01
-4.429429796957554122e-01
-4.814597605388645785e-01
-5.007181509604191616e-01
-5.296057365927510086e-01
-5.392349318035283279e-01
-5.488641270143056472e-01
-5.584933222250829665e-01
-5.873809078574148135e-01
-6.066392982789693411e-01
-6.355268839113012991e-01
-6.644144695436331460e-01
-6.836728599651876737e-01
-6.933020551759649930e-01
-7.029312503867423123e-01
-7.125604455975196316e-01
-7.221896408082968399e-01
-7.510772264406286869e-01
-7.799648120729606449e-01
-7.992232024945151725e-01
-8.184815929160698111e-01
-8.281107881268470194e-01
-8.281107881268470194e-01
-8.281107881268470194e-01
-8.377399833376243388e-01
-8.569983737591789774e-01
-8.858859593915108244e-01
-9.051443498130653520e-01
-9.244027402346199906e-01
-9.244027402346199906e-01
-9.244027402346199906e-01
-9.244027402346199906e-01
-9.244027402346199906e-01
-9.340319354453973100e-01
-9.532903258669518376e-01
-9.725487162885064762e-01
-9.918071067100610039e-01
-9.918071067100610039e-01
-9.821779114992836845e-01
-9.725487162885064762e-01
-9.725487162885064762e-01
-9.725487162885064762e-01
-9.918071067100610039e-01
-1.011065497131615532e+00
-1.020694692342392962e+00
-1.020694692342392962e+00
-1.001436301920838323e+00
-9.918071067100610039e-01
-9.821779114992836845e-01
-9.821779114992836845e-01
-9.918071067100610039e-01
-1.001436301920838323e+00
-1.011065497131615532e+00
-1.011065497131615532e+00
-9.918071067100610039e-01
-9.629195210777291569e-01
-9.436611306561746293e-01
-9.436611306561746293e-01
-9.436611306561746293e-01
-9.532903258669518376e-01
-9.629195210777291569e-01
-9.532903258669518376e-01
-9.340319354453973100e-01
-9.051443498130653520e-01
-8.858859593915108244e-01
-8.666275689699562967e-01
-8.666275689699562967e-01
-8.762567641807335050e-01
-8.762567641807335050e-01
-8.762567641807335050e-01
-8.473691785484016581e-01
-8.184815929160698111e-01
-7.799648120729606449e-01
-7.607064216514060062e-01
-7.510772264406286869e-01
-7.607064216514060062e-01
-7.607064216514060062e-01
-7.510772264406286869e-01
-7.318188360190741593e-01
-6.933020551759649930e-01
-6.547852743328558267e-01
-6.258976887005239798e-01
-6.066392982789693411e-01
-6.162684934897466604e-01
-6.162684934897466604e-01
-6.066392982789693411e-01
-5.777517126466374942e-01
-5.392349318035283279e-01
-5.007181509604191616e-01
-4.622013701173099953e-01
-4.429429796957554122e-01
-4.429429796957554122e-01
-4.429429796957554122e-01
-4.333137844849781484e-01
-4.140553940634235097e-01
-3.755386132203143434e-01
-3.177634419556506495e-01
-2.792466611125414833e-01
-2.599882706909868446e-01
-2.503590754802095808e-01
-2.599882706909868446e-01
-2.503590754802095808e-01
-2.311006850586549977e-01
-1.829547090047685398e-01
-1.348087329508820820e-01
-8.666275689699562412e-02
-5.777517126466374942e-02
-5.777517126466374942e-02
-5.777517126466374942e-02
-5.777517126466374942e-02
-3.851678084310916628e-02
0.000000000000000000e+00
5.777517126466374942e-02
1.059211473185502073e-01
1.348087329508820820e-01
1.444379281616593735e-01
1.444379281616593735e-01
1.444379281616593735e-01
1.540671233724366651e-01
1.925839042155458314e-01
2.407298802694322892e-01
2.985050515340960109e-01
3.370218323772051772e-01
3.466510275879824965e-01
3.370218323772051772e-01
3.273926371664279134e-01
3.370218323772051772e-01
3.755386132203143434e-01
4.236845892742008290e-01
4.718305653280873146e-01
5.199765413819736892e-01
5.296057365927510086e-01
5.199765413819736892e-01
5.103473461711964809e-01
5.103473461711964809e-01
5.392349318035283279e-01
5.873809078574148135e-01
6.355268839113012991e-01
6.836728599651876737e-01
6.933020551759649930e-01
6.836728599651876737e-01
6.644144695436331460e-01
6.644144695436331460e-01
6.836728599651876737e-01
7.221896408082968399e-01
7.703356168621833255e-01
8.184815929160698111e-01
8.377399833376243388e-01
8.281107881268470194e-01
7.992232024945151725e-01
7.895940072837379642e-01
7.992232024945151725e-01
8.281107881268470194e-01
8.858859593915108244e-01
9.244027402346199906e-01
9.436611306561746293e-01
9.340319354453973100e-01
9.051443498130653520e-01
8.762567641807335050e-01
8.762567641807335050e-01
9.051443498130653520e-01
9.532903258669518376e-01
1.001436301920838323e+00
1.020694692342392962e+00
1.011065497131615532e+00
9.725487162885064762e-01
9.436611306561746293e-01
9.244027402346199906e-01
9.436611306561746293e-01
9.918071067100610039e-01
1.030323887553170170e+00
1.059211473185502017e+00
1.049582277974724809e+00
1.011065497131615532e+00
9.629195210777291569e-01
9.436611306561746293e-01
9.532903258669518376e-01
9.821779114992836845e-01
1.030323887553170170e+00
1.049582277974724809e+00
1.039953082763947378e+00
1.001436301920838323e+00
9.532903258669518376e-01
9.147735450238426713e-01
9.147735450238426713e-01
9.436611306561746293e-01
9.821779114992836845e-01
1.011065497131615532e+00
1.001436301920838323e+00
9.629195210777291569e-01
9.051443498130653520e-01
8.569983737591789774e-01
8.377399833376243388e-01
8.666275689699562967e-01
9.051443498130653520e-01
9.244027402346199906e-01
9.244027402346199906e-01
8.762567641807335050e-01
8.184815929160698111e-01
7.607064216514060062e-01
7.318188360190741593e-01
7.510772264406286869e-01
7.799648120729606449e-01
8.088523977052924918e-01
8.088523977052924918e-01
7.703356168621833255e-01
7.029312503867423123e-01
6.355268839113012991e-01
5.970101030681920218e-01
6.066392982789693411e-01
6.355268839113012991e-01
6.644144695436331460e-01
6.740436647544103543e-01
6.355268839113012991e-01
5.584933222250829665e-01
4.814597605388645785e-01
4.333137844849781484e-01
4.333137844849781484e-01
4.622013701173099953e-01
4.910889557496418423e-01
5.007181509604191616e-01
4.718305653280873146e-01
3.947970036418689821e-01
3.177634419556506495e-01
2.599882706909868446e-01
2.407298802694322892e-01
2.696174659017641639e-01
3.081342467448733302e-01
3.177634419556506495e-01
2.888758563233187471e-01
2.214714898478777061e-01
1.348087329508820820e-01
6.740436647544104098e-02
4.814597605388645785e-02
6.740436647544104098e-02
1.059211473185502073e-01
1.251795377401047904e-01
1.059211473185502073e-01
3.851678084310916628e-02
-4.814597605388645785e-02
-1.251795377401047904e-01
-1.540671233724366651e-01
-1.444379281616593735e-01
-1.059211473185502073e-01
-7.703356168621833255e-02
-8.666275689699562412e-02
-1.444379281616593735e-01
-2.311006850586549977e-01
-3.177634419556506495e-01
-3.562802227987598158e-01
-3.466510275879824965e-01
-3.081342467448733302e-01
-2.696174659017641639e-01
-2.696174659017641639e-01
-3.177634419556506495e-01
-4.044261988526462459e-01
-4.910889557496418423e-01
-5.488641270143056472e-01
-5.392349318035283279e-01
-5.007181509604191616e-01
-4.525721749065326760e-01
-4.429429796957554122e-01
-4.814597605388645785e-01
-5.584933222250829665e-01
-6.547852743328558267e-01
-7.125604455975196316e-01
-7.125604455975196316e-01
-6.740436647544103543e-01
-6.162684934897466604e-01
-5.970101030681920218e-01
-6.162684934897466604e-01
-6.933020551759649930e-01
-7.895940072837379642e-01
-8.569983737591789774e-01
-8.666275689699562967e-01
-8.281107881268470194e-01
-7.607064216514060062e-01
-7.221896408082968399e-01
-7.318188360190741593e-01
-7.992232024945151725e-01
-8.955151546022881437e-01
-9.629195210777291569e-01
-9.821779114992836845e-01
-9.436611306561746293e-01
-8.762567641807335050e-01
-8.184815929160698111e-01
-8.184815929160698111e-01
-8.762567641807335050e-01
-9.629195210777291569e-01
-1.039953082763947378e+00
-1.068840668396279447e+00
-1.030323887553170170e+00
-9.532903258669518376e-01
-8.858859593915108244e-01
-8.666275689699562967e-01
-9.147735450238426713e-01
-9.918071067100610039e-01
-1.078469863607056656e+00
-1.107357449239388503e+00
-1.078469863607056656e+00
-1.001436301920838323e+00
-9.244027402346199906e-01
-8.858859593915108244e-01
-9.147735450238426713e-01
-9.918071067100610039e-01
-1.068840668396279447e+00
-1.116986644450165933e+00
-1.088099058817833864e+00
-1.011065497131615532e+00
-9.147735450238426713e-01
-8.666275689699562967e-01
-8.762567641807335050e-01
-9.436611306561746293e-01
-1.030323887553170170e+00
-1.078469863607056656e+00
-1.059211473185502017e+00
-9.821779114992836845e-01
-8.762567641807335050e-01
-8.088523977052924918e-01
-7.992232024945151725e-01
-8.569983737591789774e-01
-9.436611306561746293e-01
-1.001436301920838323e+00
-9.918071067100610039e-01
-9.147735450238426713e-01
-7.992232024945151725e-01
-7.125604455975196316e-01
-6.933020551759649930e-01
-7.414480312298514786e-01
-8.184815929160698111e-01
-8.858859593915108244e-01
-8.858859593915108244e-01
-8.088523977052924918e-01
-7.029312503867423123e-01
-5.970101030681920218e-01
-5.584933222250829665e-01
-5.873809078574148135e-01
-6.740436647544103543e-01
-7.414480312298514786e-01
-7.510772264406286869e-01
-6.836728599651876737e-01
-5.681225174358601748e-01
-4.525721749065326760e-01
-3.947970036418689821e-01
-4.140553940634235097e-01
-4.910889557496418423e-01
-5.681225174358601748e-01
-5.873809078574148135e-01
-5.392349318035283279e-01
-4.140553940634235097e-01
-2.888758563233187471e-01
-2.214714898478777061e-01
-2.214714898478777061e-01
-2.888758563233187471e-01
-3.755386132203143434e-01
-4.140553940634235097e-01
-3.659094180095370796e-01
-2.503590754802095808e-01
-1.155503425293274988e-01
-2.888758563233187471e-02
-1.925839042155458314e-02
-7.703356168621833255e-02
-1.636963185832139567e-01
-2.118422946371004145e-01
-1.829547090047685398e-01
-7.703356168621833255e-02
5.777517126466374942e-02
1.636963185832139567e-01
1.925839042155458314e-01
1.444379281616593735e-01
4.814597605388645785e-02
-1.925839042155458314e-02
-0.000000000000000000e+00
9.629195210777291569e-02
2.311006850586549977e-01
3.562802227987598158e-01
3.947970036418689821e-01
3.562802227987598158e-01
2.599882706909868446e-01
1.829547090047685398e-01
1.733255137939912482e-01
2.599882706909868446e-01
4.044261988526462459e-01
5.296057365927510086e-01
5.873809078574148135e-01
5.584933222250829665e-01
4.622013701173099953e-01
3.755386132203143434e-01
3.466510275879824965e-01
4.140553940634235097e-01
5.488641270143056472e-01
6.836728599651876737e-01
7.607064216514060062e-01
7.414480312298514786e-01
6.547852743328558267e-01
5.488641270143056472e-01
5.007181509604191616e-01
5.488641270143056472e-01
6.740436647544103543e-01
8.184815929160698111e-01
9.147735450238426713e-01
9.051443498130653520e-01
8.184815929160698111e-01
7.029312503867423123e-01
6.355268839113012991e-01
6.644144695436331460e-01
7.799648120729606449e-01
9.244027402346199906e-01
1.020694692342392962e+00
1.030323887553170170e+00
9.532903258669518376e-01
8.281107881268470194e-01
7.414480312298514786e-01
7.414480312298514786e-01
8.473691785484016581e-01
9.918071067100610039e-01
1.107357449239388503e+00
1.126615839660943141e+00
1.049582277974724809e+00
9.147735450238426713e-01
8.088523977052924918e-01
7.895940072837379642e-01
8.762567641807335050e-01
1.020694692342392962e+00
1.145874230082497780e+00
1.174761815714829627e+00
1.107357449239388503e+00
9.821779114992836845e-01
8.569983737591789774e-01
8.088523977052924918e-01
8.666275689699562967e-01
1.001436301920838323e+00
1.136245034871720350e+00
1.194020206136384044e+00
1.136245034871720350e+00
1.001436301920838323e+00
8.569983737591789774e-01
7.895940072837379642e-01
8.281107881268470194e-01
9.532903258669518376e-01
1.088099058817833864e+00
1.165132620504052197e+00
1.116986644450165933e+00
9.821779114992836845e-01
8.281107881268470194e-01
7.318188360190741593e-01
7.510772264406286869e-01
8.666275689699562967e-01
1.001436301920838323e+00
1.088099058817833864e+00
1.059211473185502017e+00
9.340319354453973100e-01
7.703356168621833255e-01
6.547852743328558267e-01
6.451560791220785074e-01
7.414480312298514786e-01
8.762567641807335050e-01
9.821779114992836845e-01
9.725487162885064762e-01
8.473691785484016581e-01
6.740436647544103543e-01
5.392349318035283279e-01
5.007181509604191616e-01
5.777517126466374942e-01
7.221896408082968399e-01
8.377399833376243388e-01
8.473691785484016581e-01
7.414480312298514786e-01
5.584933222250829665e-01
4.044261988526462459e-01
3.370218323772051772e-01
3.947970036418689821e-01
5.392349318035283279e-01
6.644144695436331460e-01
6.933020551759649930e-01
5.970101030681920218e-01
4.236845892742008290e-01
2.503590754802095808e-01
1.540671233724366651e-01
1.925839042155458314e-01
3.273926371664279134e-01
4.622013701173099953e-01
5.199765413819736892e-01
4.429429796957554122e-01
2.696174659017641639e-01
7.703356168621833255e-02
-2.888758563233187471e-02
-1.925839042155458314e-02
1.059211473185502073e-01
2.503590754802095808e-01
3.273926371664279134e-01
2.696174659017641639e-01
1.059211473185502073e-01
-8.666275689699562412e-02
-2.214714898478777061e-01
-2.311006850586549977e-01
-1.251795377401047904e-01
2.888758563233187471e-02
1.251795377401047904e-01
9.629195210777291569e-02
-5.777517126466374942e-02
-2.599882706909868446e-01
-4.140553940634235097e-01
-4.525721749065326760e-01
-3.562802227987598158e-01
-1.925839042155458314e-01
-7.703356168621833255e-02
-7.703356168621833255e-02
-2.118422946371004145e-01
-4.140553940634235097e-01
-5.873809078574148135e-01
-6.451560791220785074e-01
-5.681225174358601748e-01
-4.140553940634235097e-01
-2.696174659017641639e-01
-2.407298802694322892e-01
-3.562802227987598158e-01
-5.584933222250829665e-01
-7.510772264406286869e-01
-8.281107881268470194e-01
-7.703356168621833255e-01
-6.162684934897466604e-01
-4.525721749065326760e-01
-3.947970036418689821e-01
-4.814597605388645785e-01
-6.740436647544103543e-01
-8.762567641807335050e-01
-9.821779114992836845e-01
-9.436611306561746293e-01
-7.895940072837379642e-01
-6.162684934897466604e-01
-5.296057365927510086e-01
-5.873809078574148135e-01
-7.703356168621833255e-01
-9.725487162885064762e-01
-1.107357449239388503e+00
-1.088099058817833864e+00
-9.436611306561746293e-01
-7.510772264406286869e-01
-6.355268839113012991e-01
-6.644144695436331460e-01
-8.281107881268470194e-01
-1.039953082763947378e+00
-1.184391010925606835e+00
-1.194020206136384044e+00
-1.059211473185502017e+00
-8.569983737591789774e-01
-7.125604455975196316e-01
-7.029312503867423123e-01
-8.473691785484016581e-01
-1.059211473185502017e+00
-1.232536986979493321e+00
-1.261424572611825168e+00
-1.136245034871720350e+00
-9.340319354453973100e-01
-7.607064216514060062e-01
-7.221896408082968399e-01
-8.377399833376243388e-01
-1.039953082763947378e+00
-1.222907791768716113e+00
-1.280682963033379806e+00
-1.184391010925606835e+00
-9.725487162885064762e-01
-7.799648120729606449e-01
-7.029312503867423123e-01
-7.895940072837379642e-01
-9.821779114992836845e-01
-1.174761815714829627e+00
-1.261424572611825168e+00
-1.184391010925606835e+00
-9.725487162885064762e-01
-7.607064216514060062e-01
-6.451560791220785074e-01
-7.029312503867423123e-01
-8.858859593915108244e-01
-1.088099058817833864e+00
-1.194020206136384044e+00
-1.136245034871720350e+00
-9.436611306561746293e-01
-7.125604455975196316e-01
-5.681225174358601748e-01
-5.873809078574148135e-01
-7.510772264406286869e-01
-9.629195210777291569e-01
-1.097728254028611294e+00
-1.059211473185502017e+00
-8.762567641807335050e-01
-6.355268839113012991e-01
-4.525721749065326760e-01
-4.333137844849781484e-01
-5.777517126466374942e-01
-7.992232024945151725e-01
-9.532903258669518376e-01
-9.532903258669518376e-01
-7.799648120729606449e-01
-5.296057365927510086e-01
-3.273926371664279134e-01
-2.696174659017641639e-01
-3.851678084310916628e-01
-5.970101030681920218e-01
-7.799648120729606449e-01
-8.088523977052924918e-01
-6.644144695436331460e-01
-4.044261988526462459e-01
-1.733255137939912482e-01
-8.666275689699562412e-02
-1.733255137939912482e-01
-3.851678084310916628e-01
-5.777517126466374942e-01
-6.355268839113012991e-01
-5.199765413819736892e-01
-2.696174659017641639e-01
-1.925839042155458314e-02
1.059211473185502073e-01
4.814597605388645785e-02
-1.444379281616593735e-01
-3.562802227987598158e-01
-4.525721749065326760e-01
-3.659094180095370796e-01
-1.251795377401047904e-01
1.444379281616593735e-01
3.081342467448733302e-01
2.792466611125414833e-01
9.629195210777291569e-02
-1.251795377401047904e-01
-2.599882706909868446e-01
-2.022130994263231230e-01
2.888758563233187471e-02
3.081342467448733302e-01
5.007181509604191616e-01
5.007181509604191616e-01
3.370218323772051772e-01
1.059211473185502073e-01
-5.777517126466374942e-02
-2.888758563233187471e-02
1.733255137939912482e-01
4.525721749065326760e-01
6.740436647544103543e-01
7.125604455975196316e-01
5.681225174358601748e-01
3.370218323772051772e-01
1.444379281616593735e-01
1.251795377401047904e-01
2.985050515340960109e-01
5.873809078574148135e-01
8.281107881268470194e-01
9.051443498130653520e-01
7.895940072837379642e-01
5.488641270143056472e-01
3.370218323772051772e-01
2.792466611125414833e-01
4.140553940634235097e-01
6.933020551759649930e-01
9.532903258669518376e-01
1.068840668396279447e+00
9.821779114992836845e-01
7.414480312298514786e-01
5.007181509604191616e-01
4.044261988526462459e-01
5.103473461711964809e-01
7.703356168621833255e-01
1.049582277974724809e+00
1.203649401347161474e+00
1.145874230082497780e+00
9.147735450238426713e-01
6.547852743328558267e-01
5.103473461711964809e-01
5.777517126466374942e-01
8.184815929160698111e-01
1.107357449239388503e+00
1.290312158244157015e+00
1.261424572611825168e+00
1.049582277974724809e+00
7.703356168621833255e-01
5.970101030681920218e-01
6.162684934897466604e-01
8.377399833376243388e-01
1.126615839660943141e+00
1.338458134298043500e+00
1.348087329508820709e+00
1.155503425293274988e+00
8.666275689699562967e-01
6.451560791220785074e-01
6.258976887005239798e-01
8.088523977052924918e-01
1.097728254028611294e+00
1.338458134298043500e+00
1.386604110351929986e+00
1.213278596557938682e+00
9.244027402346199906e-01
6.740436647544103543e-01
5.970101030681920218e-01
7.510772264406286869e-01
1.030323887553170170e+00
1.290312158244157015e+00
1.376974915141152778e+00
1.232536986979493321e+00
9.436611306561746293e-01
6.644144695436331460e-01
5.392349318035283279e-01
6.547852743328558267e-01
9.244027402346199906e-01
1.203649401347161474e+00
1.319199743876488862e+00
1.213278596557938682e+00
9.340319354453973100e-01
6.258976887005239798e-01
4.622013701173099953e-01
5.296057365927510086e-01
7.799648120729606449e-01
1.068840668396279447e+00
1.222907791768716113e+00
1.155503425293274988e+00
8.858859593915108244e-01
5.584933222250829665e-01
3.562802227987598158e-01
3.755386132203143434e-01
5.970101030681920218e-01
8.955151546022881437e-01
1.088099058817833864e+00
1.059211473185502017e+00
8.088523977052924918e-01
4.718305653280873146e-01
2.214714898478777061e-01
1.925839042155458314e-01
3.947970036418689821e-01
6.933020551759649930e-01
9.147735450238426713e-01
9.244027402346199906e-01
7.029312503867423123e-01
3.659094180095370796e-01
7.703356168621833255e-02
0.000000000000000000e+00
1.636963185832139567e-01
4.622013701173099953e-01
7.221896408082968399e-01
7.703356168621833255e-01
5.777517126466374942e-01
2.407298802694322892e-01
-7.703356168621833255e-02
-2.022130994263231230e-01
-7.703356168621833255e-02
2.118422946371004145e-01
4.910889557496418423e-01
5.970101030681920218e-01
4.429429796957554122e-01
1.059211473185502073e-01
-2.311006850586549977e-01
-4.044261988526462459e-01
-3.177634419556506495e-01
-4.814597605388645785e-02
2.599882706909868446e-01
4.044261988526462459e-01
2.985050515340960109e-01
-1.925839042155458314e-02
-3.851678084310916628e-01
-5.970101030681920218e-01
-5.584933222250829665e-01
-3.081342467448733302e-01
9.629195210777291569e-03
2.022130994263231230e-01
1.444379281616593735e-01
-1.444379281616593735e-01
-5.199765413819736892e-01
-7.799648120729606449e-01
-7.895940072837379642e-01
-5.584933222250829665e-01
-2.311006850586549977e-01
0.000000000000000000e+00
-9.629195210777291569e-03
-2.696174659017641639e-01
-6.451560791220785074e-01
-9.340319354453973100e-01
-9.918071067100610039e-01
-7.895940072837379642e-01
-4.622013701173099953e-01
-1.925839042155458314e-01
-1.444379281616593735e-01
-3.659094180095370796e-01
-7.414480312298514786e-01
-1.059211473185502017e+00
-1.165132620504052197e+00
-1.001436301920838323e+00
-6.740436647544103543e-01
-3.659094180095370796e-01
-2.696174659017641639e-01
-4.429429796957554122e-01
-8.088523977052924918e-01
-1.155503425293274988e+00
-1.309570548665711653e+00
-1.184391010925606835e+00
-8.666275689699562967e-01
-5.296057365927510086e-01
-3.755386132203143434e-01
-5.007181509604191616e-01
-8.377399833376243388e-01
-1.213278596557938682e+00
-1.405862500773484625e+00
-1.328828939087266292e+00
-1.020694692342392962e+00
-6.644144695436331460e-01
-4.525721749065326760e-01
-5.296057365927510086e-01
-8.377399833376243388e-01
-1.222907791768716113e+00
-1.463637672038148319e+00
-1.434750086405816472e+00
-1.145874230082497780e+00
-7.703356168621833255e-01
-5.103473461711964809e-01
-5.199765413819736892e-01
-7.992232024945151725e-01
-1.194020206136384044e+00
-1.473266867248925527e+00
-1.492525257670480165e+00
-1.232536986979493321e+00
-8.377399833376243388e-01
-5.392349318035283279e-01
-4.910889557496418423e-01
-7.318188360190741593e-01
-1.116986644450165933e+00
-1.425120891195039263e+00
-1.492525257670480165e+00
-1.271053767822602598e+00
-8.858859593915108244e-01
-5.392349318035283279e-01
-4.333137844849781484e-01
-6.162684934897466604e-01
-9.918071067100610039e-01
-1.338458134298043500e+00
-1.454008476827371110e+00
-1.280682963033379806e+00
-8.858859593915108244e-01
-5.103473461711964809e-01
-3.466510275879824965e-01
-4.814597605388645785e-01
-8.377399833376243388e-01
-1.203649401347161474e+00
-1.376974915141152778e+00
-1.242166182190270529e+00
-8.666275689699562967e-01
-4.525721749065326760e-01
-2.311006850586549977e-01
-3.081342467448733302e-01
-6.355268839113012991e-01
-1.030323887553170170e+00
-1.242166182190270529e+00
-1.165132620504052197e+00
-8.088523977052924918e-01
-3.851678084310916628e-01
-1.059211473185502073e-01
-1.251795377401047904e-01
-4.140553940634235097e-01
-8.184815929160698111e-01
-1.078469863607056656e+00
-1.049582277974724809e+00
-7.318188360190741593e-01
-2.888758563233187471e-01
3.851678084310916628e-02
8.666275689699562412e-02
-1.733255137939912482e-01
-5.681225174358601748e-01
-8.762567641807335050e-01
-9.051443498130653520e-01
-6.258976887005239798e-01
-1.829547090047685398e-01
1.925839042155458314e-01
2.985050515340960109e-01
8.666275689699562412e-02
-3.081342467448733302e-01
-6.547852743328558267e-01
-7.414480312298514786e-01
-5.103473461711964809e-01
-6.740436647544104098e-02
3.370218323772051772e-01
5.103473461711964809e-01
3.466510275879824965e-01
-3.851678084310916628e-02
-4.140553940634235097e-01
-5.584933222250829665e-01
-3.851678084310916628e-01
3.851678084310916628e-02
4.814597605388645785e-01
7.125604455975196316e-01
6.066392982789693411e-01
2.407298802694322892e-01
-1.636963185832139567e-01
-3.659094180095370796e-01
-2.503590754802095808e-01
1.540671233724366651e-01
6.162684934897466604e-01
8.955151546022881437e-01
8.569983737591789774e-01
5.199765413819736892e-01
9.629195210777291569e-02
-1.733255137939912482e-01
-1.155503425293274988e-01
2.503590754802095808e-01
7.221896408082968399e-01
1.059211473185502017e+00
1.078469863607056656e+00
7.799648120729606449e-01
3.370218323772051772e-01
1.925839042155458314e-02
9.629195210777291569e-03
3.370218323772051772e-01
8.088523977052924918e-01
1.194020206136384044e+00
1.271053767822602598e+00
1.011065497131615532e+00
5.681225174358601748e-01
2.022130994263231230e-01
1.251795377401047904e-01
3.947970036418689821e-01
8.666275689699562967e-01
1.290312158244157015e+00
1.425120891195039263e+00
1.213278596557938682e+00
7.799648120729606449e-01
3.755386132203143434e-01
2.214714898478777061e-01
4.333137844849781484e-01
8.858859593915108244e-01
1.338458134298043500e+00
1.540671233724366651e+00
1.386604110351929986e+00
9.629195210777291569e-01
5.199765413819736892e-01
3.081342467448733302e-01
4.429429796957554122e-01
8.762567641807335050e-01
1.348087329508820709e+00
1.608075600199807775e+00
1.511783648092034804e+00
1.107357449239388503e+00
6.355268839113012991e-01
3.562802227987598158e-01
4.333137844849781484e-01
8.184815929160698111e-01
1.309570548665711653e+00
1.627333990621362192e+00
1.588817209778253137e+00
1.222907791768716113e+00
7.318188360190741593e-01
3.851678084310916628e-01
3.851678084310916628e-01
7.318188360190741593e-01
1.222907791768716113e+00
1.588817209778253137e+00
1.617704795410584984e+00
1.290312158244157015e+00
7.895940072837379642e-01
3.947970036418689821e-01
3.177634419556506495e-01
6.066392982789693411e-01
1.088099058817833864e+00
1.502154452881257374e+00
1.598446404989030345e+00
1.319199743876488862e+00
8.184815929160698111e-01
3.659094180095370796e-01
2.214714898478777061e-01
4.429429796957554122e-01
9.147735450238426713e-01
1.367345719930375347e+00
1.531042038513589443e+00
1.309570548665711653e+00
8.184815929160698111e-01
3.273926371664279134e-01
9.629195210777291569e-02
2.599882706909868446e-01
7.125604455975196316e-01
1.184391010925606835e+00
1.415491695984261833e+00
1.251795377401047960e+00
7.895940072837379642e-01
2.599882706909868446e-01
-2.888758563233187471e-02
5.777517126466374942e-02
4.718305653280873146e-01
9.629195210777291569e-01
1.251795377401047960e+00
1.165132620504052197e+00
7.318188360190741593e-01
1.829547090047685398e-01
-1.829547090047685398e-01
-1.636963185832139567e-01
2.022130994263231230e-01
7.125604455975196316e-01
1.059211473185502017e+00
1.039953082763947378e+00
6.547852743328558267e-01
9.629195210777291569e-02
-3.273926371664279134e-01
-3.947970036418689821e-01
-7.703356168621833255e-02
4.333137844849781484e-01
8.377399833376243388e-01
8.955151546022881437e-01
5.584933222250829665e-01
0.000000000000000000e+00
-4.718305653280873146e-01
-6.162684934897466604e-01
-3.562802227987598158e-01
1.444379281616593735e-01
5.970101030681920218e-01
7.318188360190741593e-01
4.525721749065326760e-01
-9.629195210777291569e-02
-6.162684934897466604e-01
-8.377399833376243388e-01
-6.355268839113012991e-01
-1.540671233724366651e-01
3.370218323772051772e-01
5.488641270143056472e-01
3.370218323772051772e-01
-1.829547090047685398e-01
-7.414480312298514786e-01
-1.030323887553170170e+00
-9.051443498130653520e-01
-4.525721749065326760e-01
7.703356168621833255e-02
3.562802227987598158e-01
2.214714898478777061e-01
-2.599882706909868446e-01
-8.473691785484016581e-01
-1.203649401347161474e+00
-1.155503425293274988e+00
-7.318188360190741593e-01
-1.829547090047685398e-01
1.636963185832139567e-01
1.155503425293274988e-01
-3.273926371664279134e-01
-9.147735450238426713e-01
-1.338458134298043500e+00
-1.367345719930375347e+00
-9.918071067100610039e-01
-4.333137844849781484e-01
-1.925839042155458314e-02
9.629195210777291569e-03
-3.659094180095370796e-01
-9.629195210777291569e-01
-1.434750086405816472e+00
-1.540671233724366651e+00
-1.222907791768716113e+00
-6.644144695436331460e-01
-1.925839042155458314e-01
-7.703356168621833255e-02
-3.851678084310916628e-01
-9.629195210777291569e-01
-1.492525257670480165e+00
-1.675479966675248678e+00
-1.415491695984261833e+00
-8.666275689699562967e-01
-3.466510275879824965e-01
-1.444379281616593735e-01
-3.851678084310916628e-01
-9.340319354453973100e-01
-1.502154452881257374e+00
-1.762142723572244440e+00
-1.569558819356698498e+00
-1.039953082763947378e+00
-4.814597605388645785e-01
-1.925839042155458314e-01
-3.466510275879824965e-01
-8.666275689699562967e-01
-1.454008476827371110e+00
-1.791030309204576287e+00
-1.675479966675248678e+00
-1.184391010925606835e+00
-5.873809078574148135e-01
-2.214714898478777061e-01
-2.888758563233187471e-01
-7.607064216514060062e-01
-1.367345719930375347e+00
-1.762142723572244440e+00
-1.733255137939912593e+00
-1.280682963033379806e+00
-6.644144695436331460e-01
-2.214714898478777061e-01
-2.022130994263231230e-01
-6.162684934897466604e-01
-1.222907791768716113e+00
-1.685109161886026108e+00
-1.733255137939912593e+00
-1.338458134298043500e+00
-7.125604455975196316e-01
-2.022130994263231230e-01
-9.629195210777291569e-02
-4.333137844849781484e-01
-1.039953082763947378e+00
-1.550300428935143859e+00
-1.685109161886026108e+00
-1.348087329508820709e+00
-7.318188360190741593e-01
-1.636963185832139567e-01
3.851678084310916628e-02
-2.311006850586549977e-01
-8.088523977052924918e-01
-1.367345719930375347e+00
-1.588817209778253137e+00
-1.328828939087266292e+00
-7.318188360190741593e-01
-1.155503425293274988e-01
1.733255137939912482e-01
-9.629195210777291569e-03
-5.488641270143056472e-01
-1.145874230082497780e+00
-1.444379281616593680e+00
-1.261424572611825168e+00
-6.933020551759649930e-01
-4.814597605388645785e-02
3.273926371664279134e-01
2.311006850586549977e-01
-2.696174659017641639e-01
-8.858859593915108244e-01
-1.261424572611825168e+00
-1.165132620504052197e+00
-6.451560791220785074e-01
2.888758563233187471e-02
4.814597605388645785e-01
4.814597605388645785e-01
2.888758563233187471e-02
-5.970101030681920218e-01
-1.049582277974724809e+00
-1.039953082763947378e+00
-5.777517126466374942e-01
1.059211473185502073e-01
6.355268839113012991e-01
7.221896408082968399e-01
3.370218323772051772e-01
-2.888758563233187471e-01
-7.992232024945151725e-01
-8.955151546022881437e-01
-4.910889557496418423e-01
1.829547090047685398e-01
7.703356168621833255e-01
9.532903258669518376e-01
6.451560791220785074e-01
2.888758563233187471e-02
-5.392349318035283279e-01
-7.221896408082968399e-01
-4.044261988526462459e-01
2.503590754802095808e-01
8.955151546022881437e-01
1.165132620504052197e+00
9.436611306561746293e-01
3.466510275879824965e-01
-2.696174659017641639e-01
-5.488641270143056472e-01
-3.177634419556506495e-01
3.081342467448733302e-01
9.918071067100610039e-01
1.357716524719598139e+00
1.213278596557938682e+00
6.547852743328558267e-01
0.000000000000000000e+00
-3.659094180095370796e-01
-2.214714898478777061e-01
3.562802227987598158e-01
1.059211473185502017e+00
1.502154452881257374e+00
1.454008476827371110e+00
9.436611306561746293e-01
2.696174659017641639e-01
-1.829547090047685398e-01
-1.444379281616593735e-01
3.755386132203143434e-01
1.088099058817833864e+00
1.608075600199807775e+00
1.656221576253694039e+00
1.203649401347161474e+00
5.199765413819736892e-01
-9.629195210777291569e-03
-7.703356168621833255e-02
3.755386132203143434e-01
1.078469863607056656e+00
1.665850771464471469e+00
1.810288699626130704e+00
1.425120891195039263e+00
7.414480312298514786e-01
1.444379281616593735e-01
-1.925839042155458314e-02
3.466510275879824965e-01
1.039953082763947378e+00
1.675479966675248678e+00
1.906580651733903675e+00
1.608075600199807775e+00
9.436611306561746293e-01
2.888758563233187471e-01
1.925839042155458314e-02
2.888758563233187471e-01
9.532903258669518376e-01
1.636963185832139622e+00
1.954726627787790161e+00
1.742884333150689802e+00
1.107357449239388503e+00
4.044261988526462459e-01
3.851678084310916628e-02
2.118422946371004145e-01
8.184815929160698111e-01
1.540671233724366651e+00
1.945097432577012952e+00
1.829547090047685343e+00
1.232536986979493321e+00
5.007181509604191616e-01
3.851678084310916628e-02
1.059211473185502073e-01
6.547852743328558267e-01
1.386604110351929986e+00
1.877693066101571828e+00
1.858434675680017190e+00
1.319199743876488862e+00
5.681225174358601748e-01
1.925839042155458314e-02
-1.925839042155458314e-02
4.622013701173099953e-01
1.194020206136384044e+00
1.762142723572244440e+00
1.829547090047685343e+00
1.367345719930375347e+00
6.162684934897466604e-01
-9.629195210777291569e-03
-1.636963185832139567e-01
2.311006850586549977e-01
9.532903258669518376e-01
1.579188014567475928e+00
1.762142723572244440e+00
1.376974915141152778e+00
6.355268839113012991e-01
-5.777517126466374942e-02
-3.273926371664279134e-01
-1.925839042155458314e-02
6.740436647544103543e-01
1.357716524719598139e+00
1.636963185832139622e+00
1.338458134298043500e+00
6.258976887005239798e-01
-1.155503425293274988e-01
-4.910889557496418423e-01
-2.792466611125414833e-01
3.659094180095370796e-01
1.088099058817833864e+00
1.473266867248925527e+00
1.271053767822602598e+00
5.970101030681920218e-01
-1.829547090047685398e-01
-6.547852743328558267e-01
-5.488641270143056472e-01
4.814597605388645785e-02
7.992232024945151725e-01
1.261424572611825168e+00
1.174761815714829627e+00
5.584933222250829665e-01
-2.503590754802095808e-01
-8.088523977052924918e-01
-8.184815929160698111e-01
-2.888758563233187471e-01
4.718305653280873146e-01
1.030323887553170170e+00
1.049582277974724809e+00
5.103473461711964809e-01
-3.081342467448733302e-01
-9.532903258669518376e-01
-1.068840668396279447e+00
-6.258976887005239798e-01
1.348087329508820820e-01
7.703356168621833255e-01
8.955151546022881437e-01
4.429429796957554122e-01
-3.562802227987598158e-01
-1.068840668396279447e+00
-1.309570548665711653e+00
-9.436611306561746293e-01
-2.022130994263231230e-01
4.910889557496418423e-01
7.414480312298514786e-01
3.755386132203143434e-01
-3.947970036418689821e-01
-1.165132620504052197e+00
-1.511783648092034804e+00
-1.242166182190270529e+00
-5.392349318035283279e-01
2.118422946371004145e-01
5.681225174358601748e-01
3.177634419556506495e-01
-4.140553940634235097e-01
-1.222907791768716113e+00
-1.675479966675248678e+00
-1.511783648092034804e+00
-8.473691785484016581e-01
-6.740436647544104098e-02
3.947970036418689821e-01
2.599882706909868446e-01
-4.140553940634235097e-01
-1.251795377401047960e+00
-1.791030309204576287e+00
-1.742884333150689802e+00
-1.145874230082497780e+00
-3.273926371664279134e-01
2.311006850586549977e-01
2.118422946371004145e-01
-3.851678084310916628e-01
-1.232536986979493321e+00
-1.858434675680017190e+00
-1.925839042155458314e+00
-1.396233305562707194e+00
-5.777517126466374942e-01
6.740436647544104098e-02
1.733255137939912482e-01
-3.370218323772051772e-01
-1.174761815714829627e+00
-1.877693066101571828e+00
-2.060647775106340340e+00
-1.617704795410584984e+00
-7.992232024945151725e-01
-7.703356168621833255e-02
1.540671233724366651e-01
-2.599882706909868446e-01
-1.068840668396279447e+00
-1.839176285258462773e+00
-2.128052141581781243e+00
-1.781401113993798857e+00
-9.918071067100610039e-01
-2.022130994263231230e-01
1.444379281616593735e-01
-1.540671233724366651e-01
-9.244027402346199906e-01
-1.742884333150689802e+00
-2.137681336792558895e+00
-1.896951456523126467e+00
-1.145874230082497780e+00
-3.081342467448733302e-01
1.540671233724366651e-01
-1.925839042155458314e-02
-7.414480312298514786e-01
-1.588817209778253137e+00
-2.089535360738672409e+00
-1.964355822998567369e+00
-1.271053767822602598e+00
-3.947970036418689821e-01
1.733255137939912482e-01
1.251795377401047904e-01
-5.103473461711964809e-01
-1.376974915141152778e+00
-1.983614213420122008e+00
-1.973985018209344799e+00
-1.348087329508820709e+00
-4.525721749065326760e-01
2.118422946371004145e-01
2.888758563233187471e-01
-2.599882706909868446e-01
-1.126615839660943141e+00
-1.810288699626130704e+00
-1.925839042155458314e+00
-1.386604110351929986e+00
-5.007181509604191616e-01
2.599882706909868446e-01
4.622013701173099953e-01
9.629195210777291569e-03
-8.377399833376243388e-01
-1.588817209778253137e+00
-1.819917894836908134e+00
-1.386604110351929986e+00
-5.199765413819736892e-01
3.081342467448733302e-01
6.451560791220785074e-01
3.081342467448733302e-01
-5.103473461711964809e-01
-1.328828939087266292e+00
-1.675479966675248678e+00
-1.348087329508820709e+00
-5.199765413819736892e-01
3.659094180095370796e-01
8.184815929160698111e-01
5.970101030681920218e-01
-1.636963185832139567e-01
-1.020694692342392962e+00
-1.492525257670480165e+00
-1.280682963033379806e+00
-5.007181509604191616e-01
4.236845892742008290e-01
9.918071067100610039e-01
8.955151546022881437e-01
2.022130994263231230e-01
-6.933020551759649930e-01
-1.261424572611825168e+00
-1.184391010925606835e+00
-4.814597605388645785e-01
4.718305653280873146e-01
1.136245034871720350e+00
1.174761815714829627e+00
5.584933222250829665e-01
-3.370218323772051772e-01
-1.011065497131615532e+00
-1.059211473185502017e+00
-4.429429796957554122e-01
5.007181509604191616e-01
1.271053767822602598e+00
1.434750086405816472e+00
9.147735450238426713e-01
1.925839042155458314e-02
-7.414480312298514786e-01
-9.244027402346199906e-01
-4.140553940634235097e-01
5.199765413819736892e-01
1.367345719930375347e+00
1.656221576253694039e+00
1.251795377401047960e+00
3.755386132203143434e-01
-4.525721749065326760e-01
-7.703356168621833255e-01
-3.755386132203143434e-01
5.199765413819736892e-01
1.425120891195039263e+00
1.848805480469239981e+00
1.550300428935143859e+00
7.221896408082968399e-01
-1.733255137939912482e-01
-6.162684934897466604e-01
-3.466510275879824965e-01
4.910889557496418423e-01
1.444379281616593680e+00
1.983614213420122008e+00
1.819917894836908134e+00
1.039953082763947378e+00
1.059211473185502073e-01
-4.525721749065326760e-01
-3.273926371664279134e-01
4.429429796957554122e-01
1.415491695984261833e+00
2.070276970317117549e+00
2.031760189474008715e+00
1.338458134298043500e+00
3.755386132203143434e-01
-2.985050515340960109e-01
-3.081342467448733302e-01
3.659094180095370796e-01
1.348087329508820709e+00
2.099164555949449618e+00
2.195456508057222589e+00
1.588817209778253137e+00
6.162684934897466604e-01
-1.540671233724366651e-01
-3.081342467448733302e-01
2.599882706909868446e-01
1.232536986979493321e+00
2.060647775106340340e+00
2.291748460164995560e+00
1.791030309204576287e+00
8.377399833376243388e-01
-2.888758563233187471e-02
-3.177634419556506495e-01
1.251795377401047904e-01
1.068840668396279447e+00
1.964355822998567369e+00
2.330265241008104393e+00
1.945097432577012952e+00
1.020694692342392962e+00
8.666275689699562412e-02
-3.466510275879824965e-01
-2.888758563233187471e-02
8.569983737591789774e-01
1.810288699626130704e+00
2.301377655375772768e+00
2.041389384684785924e+00
1.174761815714829627e+00
1.829547090047685398e-01
-3.755386132203143434e-01
-2.022130994263231230e-01
6.162684934897466604e-01
1.598446404989030345e+00
2.205085703267999797e+00
2.079906165527894757e+00
1.290312158244157015e+00
2.599882706909868446e-01
-4.236845892742008290e-01
-3.947970036418689821e-01
3.370218323772051772e-01
1.338458134298043500e+00
2.051018579895563132e+00
2.070276970317117549e+00
1.357716524719598139e+00
3.273926371664279134e-01
-4.718305653280873146e-01
-5.873809078574148135e-01
2.888758563233187471e-02
1.030323887553170170e+00
1.839176285258462773e+00
1.993243408630899438e+00
1.396233305562707194e+00
3.659094180095370796e-01
-5.296057365927510086e-01
-7.895940072837379642e-01
-2.888758563233187471e-01
6.933020551759649930e-01
1.579188014567475928e+00
1.877693066101571828e+00
1.396233305562707194e+00
3.947970036418689821e-01
-5.777517126466374942e-01
-9.918071067100610039e-01
-6.162684934897466604e-01
3.177634419556506495e-01
1.280682963033379806e+00
1.713996747518357955e+00
1.357716524719598139e+00
4.044261988526462459e-01
-6.258976887005239798e-01
-1.174761815714829627e+00
-9.436611306561746293e-01
-6.740436647544104098e-02
9.436611306561746293e-01
1.502154452881257374e+00
1.290312158244157015e+00
4.140553940634235097e-01
-6.644144695436331460e-01
-1.338458134298043500e+00
-1.251795377401047960e+00
-4.622013701173099953e-01
5.777517126466374942e-01
1.261424572611825168e+00
1.203649401347161474e+00
4.140553940634235097e-01
-6.836728599651876737e-01
-1.473266867248925527e+00
-1.540671233724366651e+00
-8.473691785484016581e-01
2.022130994263231230e-01
1.001436301920838323e+00
1.088099058817833864e+00
4.044261988526462459e-01
-6.836728599651876737e-01
-1.579188014567475928e+00
-1.791030309204576287e+00
-1.213278596557938682e+00
-1.829547090047685398e-01
7.221896408082968399e-01
9.629195210777291569e-01
4.044261988526462459e-01
-6.644144695436331460e-01
-1.646592381042916831e+00
-2.002872603841676646e+00
-1.550300428935143859e+00
-5.488641270143056472e-01
4.333137844849781484e-01
8.281107881268470194e-01
4.044261988526462459e-01
-6.162684934897466604e-01
-1.665850771464471469e+00
-2.166568922424890520e+00
-1.848805480469239981e+00
-9.051443498130653520e-01
1.444379281616593735e-01
6.836728599651876737e-01
4.044261988526462459e-01
-5.392349318035283279e-01
-1.636963185832139622e+00
-2.272490069743440699e+00
-2.108793751160226826e+00
-1.222907791768716113e+00
-1.348087329508820820e-01
5.392349318035283279e-01
4.236845892742008290e-01
-4.333137844849781484e-01
-1.559929624145921290e+00
-2.320636045797327185e+00
-2.301377655375772768e+00
-1.511783648092034804e+00
-4.044261988526462459e-01
4.044261988526462459e-01
4.429429796957554122e-01
-2.985050515340960109e-01
-1.425120891195039263e+00
-2.301377655375772768e+00
-2.436186388326654573e+00
-1.752513528361467010e+00
-6.451560791220785074e-01
2.792466611125414833e-01
4.814597605388645785e-01
-1.444379281616593735e-01
-1.251795377401047960e+00
-2.214714898478777005e+00
-2.503590754802095919e+00
-1.945097432577012952e+00
-8.569983737591789774e-01
1.540671233724366651e-01
5.296057365927510086e-01
3.851678084310916628e-02
-1.020694692342392962e+00
-2.070276970317117549e+00
-2.503590754802095919e+00
-2.079906165527894757e+00
-1.039953082763947378e+00
5.777517126466374942e-02
5.777517126466374942e-01
2.503590754802095808e-01
-7.510772264406286869e-01
-1.858434675680017190e+00
-2.436186388326654573e+00
-2.166568922424890520e+00
-1.184391010925606835e+00
-3.851678084310916628e-02
6.355268839113012991e-01
4.622013701173099953e-01
-4.525721749065326760e-01
-1.588817209778253137e+00
-2.301377655375772768e+00
-2.185827312846445381e+00
-1.290312158244157015e+00
-1.155503425293274988e-01
6.933020551759649930e-01
6.933020551759649930e-01
-1.155503425293274988e-01
-1.271053767822602598e+00
-2.108793751160226826e+00
-2.147310532003336103e+00
-1.367345719930375347e+00
-1.733255137939912482e-01
7.607064216514060062e-01
9.244027402346199906e-01
2.311006850586549977e-01
-9.051443498130653520e-01
-1.858434675680017190e+00
-2.060647775106340340e+00
-1.396233305562707194e+00
-2.214714898478777061e-01
8.088523977052924918e-01
1.145874230082497780e+00
5.970101030681920218e-01
-5.199765413819736892e-01
-1.559929624145921290e+00
-1.925839042155458314e+00
-1.396233305562707194e+00
-2.696174659017641639e-01
8.569983737591789774e-01
1.348087329508820709e+00
9.532903258669518376e-01
-1.059211473185502073e-01
-1.213278596557938682e+00
-1.742884333150689802e+00
-1.367345719930375347e+00
-2.985050515340960109e-01
8.858859593915108244e-01
1.540671233724366651e+00
1.299941353454934445e+00
3.177634419556506495e-01
-8.473691785484016581e-01
-1.521412843302812012e+00
-1.309570548665711653e+00
-3.273926371664279134e-01
8.955151546022881437e-01
1.694738357096803316e+00
1.617704795410584984e+00
7.318188360190741593e-01
-4.622013701173099953e-01
-1.271053767822602598e+00
-1.232536986979493321e+00
-3.562802227987598158e-01
8.858859593915108244e-01
1.810288699626130704e+00
1.906580651733903675e+00
1.136245034871720350e+00
-5.777517126466374942e-02
-1.001436301920838323e+00
-1.136245034871720350e+00
-3.851678084310916628e-01
8.473691785484016581e-01
1.887322261312349259e+00
2.147310532003336103e+00
1.511783648092034804e+00
3.370218323772051772e-01
-7.125604455975196316e-01
-1.020694692342392962e+00
-4.140553940634235097e-01
7.799648120729606449e-01
1.906580651733903675e+00
2.339894436218882046e+00
1.848805480469239981e+00
7.125604455975196316e-01
-4.236845892742008290e-01
-9.051443498130653520e-01
-4.525721749065326760e-01
6.836728599651876737e-01
1.877693066101571828e+00
2.474703169169763850e+00
2.137681336792558895e+00
1.068840668396279447e+00
-1.348087329508820820e-01
-7.799648120729606449e-01
-5.007181509604191616e-01
5.488641270143056472e-01
1.800659504415353496e+00
2.542107535645205196e+00
2.378411217061990879e+00
1.386604110351929986e+00
1.444379281616593735e-01
-6.547852743328558267e-01
-5.584933222250829665e-01
3.947970036418689821e-01
1.665850771464471469e+00
2.551736730855982405e+00
2.551736730855982405e+00
1.675479966675248678e+00
4.044261988526462459e-01
-5.392349318035283279e-01
-6.258976887005239798e-01
2.022130994263231230e-01
1.473266867248925527e+00
2.474703169169763850e+00
2.657657878174532584e+00
1.906580651733903675e+00
6.451560791220785074e-01
-4.236845892742008290e-01
-6.933020551759649930e-01
-1.925839042155458314e-02
1.232536986979493321e+00
2.339894436218882046e+00
2.686545463806864209e+00
2.079906165527894757e+00
8.473691785484016581e-01
-3.177634419556506495e-01
-7.703356168621833255e-01
-2.503590754802095808e-01
9.436611306561746293e-01
2.128052141581781243e+00
2.657657878174532584e+00
2.205085703267999797e+00
1.030323887553170170e+00
-2.214714898478777061e-01
-8.473691785484016581e-01
-5.007181509604191616e-01
6.066392982789693411e-01
1.868063870890794620e+00
2.551736730855982405e+00
2.262860874532663491e+00
1.174761815714829627e+00
-1.348087329508820820e-01
-9.244027402346199906e-01
-7.607064216514060062e-01
2.503590754802095808e-01
1.540671233724366651e+00
2.378411217061990879e+00
2.272490069743440699e+00
1.280682963033379806e+00
-5.777517126466374942e-02
-9.918071067100610039e-01
-1.020694692342392962e+00
-1.348087329508820820e-01
1.165132620504052197e+00
2.137681336792558895e+00
2.224344093689554214e+00
1.357716524719598139e+00
1.925839042155458314e-02
-1.059211473185502017e+00
-1.271053767822602598e+00
-5.296057365927510086e-01
7.607064216514060062e-01
1.848805480469239981e+00
2.118422946371004034e+00
1.396233305562707194e+00
7.703356168621833255e-02
-1.107357449239388503e+00
-1.511783648092034804e+00
-9.147735450238426713e-01
3.273926371664279134e-01
1.511783648092034804e+00
1.964355822998567369e+00
1.405862500773484625e+00
1.444379281616593735e-01
-1.136245034871720350e+00
-1.723625942729135163e+00
-1.299941353454934445e+00
-1.251795377401047904e-01
1.145874230082497780e+00
1.771771918783021649e+00
1.386604110351929986e+00
2.022130994263231230e-01
-1.145874230082497780e+00
-1.906580651733903675e+00
-1.665850771464471469e+00
-5.681225174358601748e-01
7.510772264406286869e-01
1.540671233724366651e+00
1.348087329508820709e+00
2.599882706909868446e-01
-1.126615839660943141e+00
-2.041389384684785924e+00
-1.983614213420122008e+00
-1.011065497131615532e+00
3.370218323772051772e-01
1.280682963033379806e+00
1.280682963033379806e+00
3.177634419556506495e-01
-1.068840668396279447e+00
-2.128052141581781243e+00
-2.272490069743440699e+00
-1.425120891195039263e+00
-7.703356168621833255e-02
1.001436301920838323e+00
1.203649401347161474e+00
3.851678084310916628e-01
-9.918071067100610039e-01
-2.166568922424890520e+00
-2.493961559591318711e+00
-1.800659504415353496e+00
-4.814597605388645785e-01
7.125604455975196316e-01
1.107357449239388503e+00
4.622013701173099953e-01
-8.666275689699562967e-01
-2.147310532003336103e+00
-2.667287073385309792e+00
-2.137681336792558895e+00
-8.666275689699562967e-01
4.236845892742008290e-01
1.011065497131615532e+00
5.392349318035283279e-01
-7.125604455975196316e-01
-2.070276970317117549e+00
-2.763579025493082764e+00
-2.416927997905100156e+00
-1.222907791768716113e+00
1.444379281616593735e-01
9.051443498130653520e-01
6.355268839113012991e-01
-5.296057365927510086e-01
-1.925839042155458314e+00
-2.792466611125414389e+00
-2.628770292542200515e+00
-1.540671233724366651e+00
-1.348087329508820820e-01
7.992232024945151725e-01
7.318188360190741593e-01
-3.081342467448733302e-01
-1.733255137939912593e+00
-2.744320635071527903e+00
-2.773208220703859972e+00
-1.810288699626130704e+00
-3.947970036418689821e-01
6.933020551759649930e-01
8.281107881268470194e-01
-5.777517126466374942e-02
-1.473266867248925527e+00
-2.619141097331423307e+00
-2.850241782390078527e+00
-2.031760189474008715e+00
-6.258976887005239798e-01
5.970101030681920218e-01
9.340319354453973100e-01
2.118422946371004145e-01
-1.165132620504052197e+00
-2.426557193115877364e+00
-2.850241782390078527e+00
-2.195456508057222589e+00
-8.281107881268470194e-01
4.910889557496418423e-01
1.039953082763947378e+00
5.007181509604191616e-01
-8.184815929160698111e-01
-2.166568922424890520e+00
-2.782837415914637180e+00
-2.311006850586549977e+00
-1.011065497131615532e+00
4.044261988526462459e-01
1.136245034871720350e+00
7.895940072837379642e-01
-4.333137844849781484e-01
-1.839176285258462773e+00
-2.628770292542200515e+00
-2.359152826640436462e+00
-1.155503425293274988e+00
3.177634419556506495e-01
1.232536986979493321e+00
1.088099058817833864e+00
-1.925839042155458314e-02
-1.463637672038148319e+00
-2.426557193115877364e+00
-2.349523631429659254e+00
-1.261424572611825168e+00
2.311006850586549977e-01
1.309570548665711653e+00
1.376974915141152778e+00
4.044261988526462459e-01
-1.039953082763947378e+00
-2.147310532003336103e+00
-2.282119264954217908e+00
-1.348087329508820709e+00
1.444379281616593735e-01
1.367345719930375347e+00
1.646592381042916831e+00
8.377399833376243388e-01
-5.873809078574148135e-01
-1.829547090047685343e+00
-2.166568922424890520e+00
-1.396233305562707194e+00
6.740436647544104098e-02
1.405862500773484625e+00
1.887322261312349259e+00
1.261424572611825168e+00
-1.155503425293274988e-01
-1.463637672038148319e+00
-2.002872603841676646e+00
-1.415491695984261833e+00
-1.925839042155458314e-02
1.415491695984261833e+00
2.099164555949449618e+00
1.665850771464471469e+00
3.562802227987598158e-01
-1.068840668396279447e+00
-1.800659504415353496e+00
-1.415491695984261833e+00
-1.059211473185502073e-01
1.386604110351929986e+00
2.262860874532663491e+00
2.031760189474008715e+00
8.281107881268470194e-01
-6.451560791220785074e-01
-1.559929624145921290e+00
-1.386604110351929986e+00
-2.022130994263231230e-01
1.328828939087266292e+00
2.378411217061990879e+00
2.349523631429659254e+00
1.280682963033379806e+00
-2.214714898478777061e-01
-1.299941353454934445e+00
-1.338458134298043500e+00
-3.081342467448733302e-01
1.232536986979493321e+00
2.436186388326654573e+00
2.619141097331423307e+00
1.704367552307580524e+00
2.022130994263231230e-01
-1.020694692342392962e+00
-1.280682963033379806e+00
-4.140553940634235097e-01
1.097728254028611294e+00
2.426557193115877364e+00
2.830983391968523666e+00
2.079906165527894757e+00
6.162684934897466604e-01
-7.414480312298514786e-01
-1.213278596557938682e+00
-5.392349318035283279e-01
9.244027402346199906e-01
2.359152826640436462e+00
2.965792124919405914e+00
2.407298802694322948e+00
1.001436301920838323e+00
-4.525721749065326760e-01
-1.136245034871720350e+00
-6.644144695436331460e-01
7.125604455975196316e-01
2.224344093689554214e+00
3.023567296184069608e+00
2.667287073385309792e+00
1.357716524719598139e+00
-1.636963185832139567e-01
-1.049582277974724809e+00
-7.895940072837379642e-01
4.622013701173099953e-01
2.022130994263231063e+00
3.004308905762514748e+00
2.859870977600855735e+00
1.675479966675248678e+00
1.059211473185502073e-01
-9.629195210777291569e-01
-9.340319354453973100e-01
1.829547090047685398e-01
1.762142723572244440e+00
2.908016953654742220e+00
2.975421320130183123e+00
1.935468237366235522e+00
3.562802227987598158e-01
-8.762567641807335050e-01
-1.068840668396279447e+00
-1.155503425293274988e-01
1.444379281616593680e+00
2.725062244649973486e+00
3.023567296184069608e+00
2.147310532003336103e+00
5.873809078574148135e-01
-7.895940072837379642e-01
-1.203649401347161474e+00
-4.429429796957554122e-01
1.068840668396279447e+00
2.484332364380541058e+00
2.985050515340960331e+00
2.301377655375772768e+00
7.895940072837379642e-01
-6.933020551759649930e-01
-1.338458134298043500e+00
-7.799648120729606449e-01
6.644144695436331460e-01
2.166568922424890520e+00
2.879129368022410151e+00
2.388040412272768087e+00
9.725487162885064762e-01
-6.066392982789693411e-01
-1.454008476827371110e+00
-1.107357449239388503e+00
2.214714898478777061e-01
1.781401113993798857e+00
2.696174659017641417e+00
2.426557193115877364e+00
1.116986644450165933e+00
-5.103473461711964809e-01
-1.550300428935143859e+00
-1.434750086405816472e+00
-2.407298802694322892e-01
1.357716524719598139e+00
2.445815583537432225e+00
2.407298802694322948e+00
1.242166182190270529e+00
-4.140553940634235097e-01
-1.627333990621362192e+00
-1.742884333150689802e+00
-7.029312503867423123e-01
8.955151546022881437e-01
2.147310532003336103e+00
2.330265241008104393e+00
1.328828939087266292e+00
-3.081342467448733302e-01
-1.685109161886026108e+00
-2.031760189474008715e+00
-1.165132620504052197e+00
4.044261988526462459e-01
1.791030309204576287e+00
2.205085703267999797e+00
1.396233305562707194e+00
-2.022130994263231230e-01
-1.694738357096803316e+00
-2.272490069743440699e+00
-1.608075600199807775e+00
-9.629195210777291569e-02
1.396233305562707194e+00
2.031760189474008715e+00
1.434750086405816472e+00
-8.666275689699562412e-02
-1.675479966675248678e+00
-2.465073973958986642e+00
-2.022130994263231063e+00
-6.066392982789693411e-01
9.821779114992836845e-01
1.829547090047685343e+00
1.444379281616593680e+00
3.851678084310916628e-02
-1.617704795410584984e+00
-2.609511902120646099e+00
-2.388040412272768087e+00
-1.088099058817833864e+00
5.488641270143056472e-01
1.588817209778253137e+00
1.444379281616593680e+00
1.733255137939912482e-01
-1.521412843302812012e+00
-2.696174659017641417e+00
-2.705803854228419070e+00
-1.550300428935143859e+00
1.059211473185502073e-01
1.328828939087266292e+00
1.425120891195039263e+00
3.177634419556506495e-01
-1.367345719930375347e+00
-2.705803854228419070e+00
-2.956162929708628706e+00
-1.973985018209344799e+00
-3.273926371664279134e-01
1.059211473185502017e+00
1.386604110351929986e+00
4.814597605388645785e-01
-1.174761815714829627e+00
-2.657657878174532584e+00
-3.129488443502619788e+00
-2.339894436218882046e+00
-7.414480312298514786e-01
7.703356168621833255e-01
1.348087329508820709e+00
6.451560791220785074e-01
-9.436611306561746293e-01
-2.532478340434427544e+00
-3.235409590821169967e+00
-2.657657878174532584e+00
-1.126615839660943141e+00
4.910889557496418423e-01
1.290312158244157015e+00
8.088523977052924918e-01
-6.740436647544103543e-01
-2.339894436218882046e+00
-3.245038786031947176e+00
-2.898387758443964568e+00
-1.473266867248925527e+00
2.118422946371004145e-01
1.222907791768716113e+00
9.918071067100610039e-01
-3.659094180095370796e-01
-2.070276970317117549e+00
-3.177634419556506273e+00
-3.062084077027178886e+00
-1.781401113993798857e+00
-5.777517126466374942e-02
1.155503425293274988e+00
1.165132620504052197e+00
-2.888758563233187471e-02
-1.742884333150689802e+00
-3.033196491394846817e+00
-3.148746833924174204e+00
-2.031760189474008715e+00
-2.985050515340960109e-01
1.078469863607056656e+00
1.338458134298043500e+00
3.370218323772051772e-01
-1.367345719930375347e+00
-2.802095806336192041e+00
-3.158376029134951857e+00
-2.233973288900331866e+00
-5.296057365927510086e-01
9.918071067100610039e-01
1.502154452881257374e+00
7.029312503867423123e-01
-9.340319354453973100e-01
-2.503590754802095919e+00
-3.090971662659510510e+00
-2.378411217061990879e+00
-7.414480312298514786e-01
9.051443498130653520e-01
1.656221576253694039e+00
1.078469863607056656e+00
-4.718305653280873146e-01
-2.128052141581781243e+00
-2.946533734497851054e+00
-2.455444778748209433e+00
-9.244027402346199906e-01
8.088523977052924918e-01
1.781401113993798857e+00
1.454008476827371110e+00
1.925839042155458314e-02
-1.704367552307580524e+00
-2.734691439860750695e+00
-2.484332364380541058e+00
-1.078469863607056656e+00
7.029312503867423123e-01
1.887322261312349259e+00
1.800659504415353496e+00
5.199765413819736892e-01
-1.232536986979493321e+00
-2.455444778748209433e+00
-2.455444778748209433e+00
-1.213278596557938682e+00
5.970101030681920218e-01
1.954726627787790161e+00
2.128052141581781243e+00
1.020694692342392962e+00
-7.221896408082968399e-01
-2.128052141581781243e+00
-2.368782021851213671e+00
-1.319199743876488862e+00
4.622013701173099953e-01
1.993243408630899438e+00
2.407298802694322948e+00
1.511783648092034804e+00
-2.022130994263231230e-01
-1.742884333150689802e+00
-2.243602484111109074e+00
-1.396233305562707194e+00
3.273926371664279134e-01
1.983614213420122008e+00
2.648028682963755376e+00
1.964355822998567369e+00
3.273926371664279134e-01
-1.328828939087266292e+00
-2.070276970317117549e+00
-1.454008476827371110e+00
1.733255137939912482e-01
1.925839042155458314e+00
2.830983391968523666e+00
2.378411217061990879e+00
8.473691785484016581e-01
-8.955151546022881437e-01
-1.868063870890794620e+00
-1.502154452881257374e+00
9.629195210777291569e-03
1.829547090047685343e+00
2.946533734497851054e+00
2.744320635071527903e+00
1.348087329508820709e+00
-4.525721749065326760e-01
-1.627333990621362192e+00
-1.521412843302812012e+00
-1.733255137939912482e-01
1.675479966675248678e+00
2.985050515340960331e+00
3.042825686605624025e+00
1.810288699626130704e+00
-0.000000000000000000e+00
-1.376974915141152778e+00
-1.521412843302812012e+00
-3.659094180095370796e-01
1.473266867248925527e+00
2.956162929708628706e+00
3.264297176453502036e+00
2.224344093689554214e+00
4.333137844849781484e-01
-1.107357449239388503e+00
-1.521412843302812012e+00
-5.681225174358601748e-01
1.222907791768716113e+00
2.850241782390078527e+00
3.408735104615161049e+00
2.590253511699091238e+00
8.473691785484016581e-01
-8.281107881268470194e-01
-1.492525257670480165e+00
-7.799648120729606449e-01
9.244027402346199906e-01
2.667287073385309792e+00
3.466510275879825187e+00
2.879129368022410151e+00
1.232536986979493321e+00
-5.488641270143056472e-01
-1.463637672038148319e+00
-1.001436301920838323e+00
5.873809078574148135e-01
2.407298802694322948e+00
3.437622690247493118e+00
3.100600857870287719e+00
1.569558819356698498e+00
-2.792466611125414833e-01
-1.415491695984261833e+00
-1.213278596557938682e+00
2.214714898478777061e-01
2.079906165527894757e+00
3.322072347718165730e+00
3.235409590821169967e+00
1.868063870890794620e+00
-9.629195210777291569e-03
-1.367345719930375347e+00
-1.425120891195039263e+00
-1.733255137939912482e-01
1.694738357096803316e+00
3.119859248291842579e+00
3.293184762085833661e+00
2.118422946371004034e+00
2.311006850586549977e-01
-1.299941353454934445e+00
-1.636963185832139622e+00
-5.777517126466374942e-01
1.251795377401047960e+00
2.840612587179300874e+00
3.273926371664279245e+00
2.301377655375772768e+00
4.622013701173099953e-01
-1.222907791768716113e+00
-1.819917894836908134e+00
-1.001436301920838323e+00
7.703356168621833255e-01
2.484332364380541058e+00
3.177634419556506273e+00
2.436186388326654573e+00
6.740436647544103543e-01
-1.126615839660943141e+00
-1.983614213420122008e+00
-1.415491695984261833e+00
2.503590754802095808e-01
2.070276970317117549e+00
2.994679710551737539e+00
2.513219950012873127e+00
8.666275689699562967e-01
-1.030323887553170170e+00
-2.118422946371004034e+00
-1.810288699626130704e+00
-2.792466611125414833e-01
1.598446404989030345e+00
2.753949830282305555e+00
2.532478340434427544e+00
1.039953082763947378e+00
-9.051443498130653520e-01
-2.214714898478777005e+00
-2.176198117635667728e+00
-8.184815929160698111e-01
1.088099058817833864e+00
2.445815583537432225e+00
2.493961559591318711e+00
1.184391010925606835e+00
-7.703356168621833255e-01
-2.272490069743440699e+00
-2.503590754802095919e+00
-1.348087329508820709e+00
5.488641270143056472e-01
2.089535360738672409e+00
2.407298802694322948e+00
1.309570548665711653e+00
-6.162684934897466604e-01
-2.282119264954217908e+00
-2.792466611125414389e+00
-1.848805480469239981e+00
-9.629195210777291569e-03
1.694738357096803316e+00
2.282119264954217908e+00
1.415491695984261833e+00
-4.333137844849781484e-01
-2.243602484111109074e+00
-3.013938100973292400e+00
-2.311006850586549977e+00
-5.584933222250829665e-01
1.261424572611825168e+00
2.108793751160226826e+00
1.502154452881257374e+00
-2.407298802694322892e-01
-2.156939727214113312e+00
-3.168005224345729065e+00
-2.725062244649973486e+00
-1.088099058817833864e+00
8.184815929160698111e-01
1.906580651733903675e+00
1.569558819356698498e+00
-3.851678084310916628e-02
-2.002872603841676646e+00
-3.245038786031947176e+00
-3.071713272237956094e+00
-1.588817209778253137e+00
3.562802227987598158e-01
1.675479966675248678e+00
1.617704795410584984e+00
1.925839042155458314e-01
-1.800659504415353496e+00
-3.245038786031947176e+00
-3.350959933350497355e+00
-2.051018579895563132e+00
-8.666275689699562412e-02
1.434750086405816472e+00
1.646592381042916831e+00
4.333137844849781484e-01
-1.540671233724366651e+00
-3.168005224345729065e+00
-3.543543837566043297e+00
-2.455444778748209433e+00
-5.296057365927510086e-01
1.165132620504052197e+00
1.665850771464471469e+00
6.933020551759649930e-01
-1.222907791768716113e+00
-3.004308905762514748e+00
-3.649464984884593477e+00
-2.802095806336192041e+00
-9.340319354453973100e-01
8.955151546022881437e-01
1.675479966675248678e+00
9.436611306561746293e-01
-8.666275689699562967e-01
-2.763579025493082764e+00
-3.668723375306147894e+00
-3.071713272237956094e+00
-1.319199743876488862e+00
6.258976887005239798e-01
1.665850771464471469e+00
1.213278596557938682e+00
-4.718305653280873146e-01
-2.445815583537432225e+00
-3.591689813619929783e+00
-3.264297176453502036e+00
-1.646592381042916831e+00
3.562802227987598158e-01
1.636963185832139622e+00
1.463637672038148319e+00
-4.814597605388645785e-02
-2.051018579895563132e+00
-3.427993495036715910e+00
-3.379847518982829424e+00
-1.935468237366235522e+00
9.629195210777291569e-02
1.588817209778253137e+00
1.713996747518357955e+00
4.044261988526462459e-01
-1.608075600199807775e+00
-3.168005224345729065e+00
-3.408735104615161049e+00
-2.176198117635667728e+00
-1.540671233724366651e-01
1.531042038513589443e+00
1.945097432577012952e+00
8.569983737591789774e-01
-1.107357449239388503e+00
-2.840612587179300874e+00
-3.360589128561274563e+00
-2.359152826640436462e+00
-3.851678084310916628e-01
1.454008476827371110e+00
2.147310532003336103e+00
1.319199743876488862e+00
-5.681225174358601748e-01
-2.436186388326654573e+00
-3.225780395610392759e+00
-2.484332364380541058e+00
-6.066392982789693411e-01
1.357716524719598139e+00
2.320636045797327185e+00
1.762142723572244440e+00
-9.629195210777291569e-03
-1.973985018209344799e+00
-3.023567296184069608e+00
-2.551736730855982405e+00
-8.088523977052924918e-01
1.242166182190270529e+00
2.455444778748209433e+00
2.176198117635667728e+00
5.584933222250829665e-01
-1.463637672038148319e+00
-2.753949830282305555e+00
-2.570995121277536821e+00
-9.918071067100610039e-01
1.097728254028611294e+00
2.551736730855982405e+00
2.551736730855982405e+00
1.126615839660943141e+00
-9.147735450238426713e-01
-2.426557193115877364e+00
-2.532478340434427544e+00
-1.155503425293274988e+00
9.340319354453973100e-01
2.580624316488314030e+00
2.888758563233187360e+00
1.675479966675248678e+00
-3.562802227987598158e-01
-2.051018579895563132e+00
-2.445815583537432225e+00
-1.309570548665711653e+00
7.414480312298514786e-01
2.561365926066759613e+00
3.158376029134951857e+00
2.185827312846445381e+00
2.214714898478777061e-01
-1.636963185832139622e+00
-2.320636045797327185e+00
-1.434750086405816472e+00
5.296057365927510086e-01
2.484332364380541058e+00
3.350959933350497355e+00
2.648028682963755376e+00
7.799648120729606449e-01
-1.194020206136384044e+00
-2.156939727214113312e+00
-1.550300428935143859e+00
2.888758563233187471e-01
2.349523631429659254e+00
3.476139471090602395e+00
3.052454881816401233e+00
1.319199743876488862e+00
-7.414480312298514786e-01
-1.964355822998567369e+00
-1.646592381042916831e+00
2.888758563233187471e-02
2.147310532003336103e+00
3.514656251933711228e+00
3.379847518982829424e+00
1.819917894836908134e+00
-2.792466611125414833e-01
-1.742884333150689802e+00
-1.733255137939912593e+00
-2.503590754802095808e-01
1.877693066101571828e+00
3.466510275879825187e+00
3.630206594463039060e+00
2.272490069743440699e+00
1.733255137939912482e-01
-1.502154452881257374e+00
-1.791030309204576287e+00
-5.392349318035283279e-01
1.559929624145921290e+00
3.331701542928942938e+00
3.784273717835475725e+00
2.667287073385309792e+00
6.066392982789693411e-01
-1.242166182190270529e+00
-1.839176285258462773e+00
-8.377399833376243388e-01
1.194020206136384044e+00
3.119859248291842579e+00
3.851678084310916628e+00
2.994679710551737539e+00
1.011065497131615532e+00
-9.821779114992836845e-01
-1.868063870890794620e+00
-1.145874230082497780e+00
7.703356168621833255e-01
2.811725001546969249e+00
3.822790498678584559e+00
3.235409590821169967e+00
1.376974915141152778e+00
-7.221896408082968399e-01
-1.877693066101571828e+00
-1.454008476827371110e+00
3.177634419556506495e-01
2.436186388326654573e+00
3.707240156149257171e+00
3.408735104615161049e+00
1.704367552307580524e+00
-4.525721749065326760e-01
-1.868063870890794620e+00
-1.742884333150689802e+00
-1.636963185832139567e-01
1.983614213420122008e+00
3.485768666301379604e+00
3.495397861512156812e+00
1.983614213420122008e+00
-1.925839042155458314e-01
-1.829547090047685343e+00
-2.022130994263231063e+00
-6.547852743328558267e-01
1.482896062459702957e+00
3.187263614767283482e+00
3.495397861512156812e+00
2.214714898478777005e+00
5.777517126466374942e-02
-1.781401113993798857e+00
-2.272490069743440699e+00
-1.155503425293274988e+00
9.340319354453973100e-01
2.811725001546969249e+00
3.418364299825938701e+00
2.388040412272768087e+00
2.985050515340960109e-01
-1.694738357096803316e+00
-2.493961559591318711e+00
-1.646592381042916831e+00
3.466510275879824965e-01
2.359152826640436462e+00
3.254667981242724384e+00
2.513219950012873127e+00
5.296057365927510086e-01
-1.588817209778253137e+00
-2.667287073385309792e+00
-2.118422946371004034e+00
-2.503590754802095808e-01
1.858434675680017190e+00
3.033196491394846817e+00
2.580624316488314030e+00
7.510772264406286869e-01
-1.444379281616593680e+00
-2.792466611125414389e+00
-2.542107535645205196e+00
-8.569983737591789774e-01
1.319199743876488862e+00
2.734691439860750695e+00
2.599882706909868890e+00
9.532903258669518376e-01
-1.280682963033379806e+00
-2.859870977600855735e+00
-2.927275344076296637e+00
-1.444379281616593680e+00
7.414480312298514786e-01
2.388040412272768087e+00
2.561365926066759613e+00
1.145874230082497780e+00
-1.078469863607056656e+00
-2.879129368022410151e+00
-3.245038786031947176e+00
-2.002872603841676646e+00
1.540671233724366651e-01
2.002872603841676646e+00
2.484332364380541058e+00
1.319199743876488862e+00
-8.473691785484016581e-01
-2.821354196757746458e+00
-3.495397861512156812e+00
-2.513219950012873127e+00
-4.236845892742008290e-01
1.579188014567475928e+00
2.359152826640436462e+00
1.482896062459702957e+00
-5.873809078574148135e-01
-2.696174659017641417e+00
-3.668723375306147894e+00
-2.965792124919405914e+00
-9.918071067100610039e-01
1.126615839660943141e+00
2.205085703267999797e+00
1.627333990621362192e+00
-3.081342467448733302e-01
-2.503590754802095919e+00
-3.755386132203143656e+00
-3.350959933350497355e+00
-1.531042038513589443e+00
6.740436647544103543e-01
2.022130994263231063e+00
1.752513528361467010e+00
0.000000000000000000e+00
-2.253231679321886283e+00
-3.745756936992366448e+00
-3.659094180095370685e+00
-2.031760189474008715e+00
2.118422946371004145e-01
1.810288699626130704e+00
1.868063870890794620e+00
3.273926371664279134e-01
-1.925839042155458314e+00
-3.649464984884593477e+00
-3.870936474732471044e+00
-2.474703169169763850e+00
-2.311006850586549977e-01
1.579188014567475928e+00
1.954726627787790161e+00
6.740436647544103543e-01
-1.550300428935143859e+00
-3.466510275879825187e+00
-3.996116012472576084e+00
-2.850241782390078527e+00
-6.644144695436331460e-01
1.338458134298043500e+00
2.031760189474008715e+00
1.020694692342392962e+00
-1.116986644450165933e+00
-3.187263614767283482e+00
-4.015374402894130945e+00
-3.148746833924174204e+00
-1.059211473185502017e+00
1.088099058817833864e+00
2.079906165527894757e+00
1.376974915141152778e+00
-6.355268839113012991e-01
-2.821354196757746458e+00
-3.947970036418689599e+00
-3.370218323772052216e+00
-1.425120891195039263e+00
8.281107881268470194e-01
2.108793751160226826e+00
1.713996747518357955e+00
-1.251795377401047904e-01
-2.378411217061990879e+00
-3.774644522624698517e+00
-3.514656251933711228e+00
-1.742884333150689802e+00
5.584933222250829665e-01
2.108793751160226826e+00
2.041389384684785924e+00
4.044261988526462459e-01
-1.877693066101571828e+00
-3.514656251933711228e+00
-3.572431423198375366e+00
-2.012501799052453855e+00
2.985050515340960109e-01
2.079906165527894757e+00
2.339894436218882046e+00
9.436611306561746293e-01
-1.319199743876488862e+00
-3.168005224345729065e+00
-3.553173032776820506e+00
-2.233973288900331866e+00
3.851678084310916628e-02
2.022130994263231063e+00
2.609511902120646099e+00
1.473266867248925527e+00
-7.221896408082968399e-01
-2.744320635071527903e+00
-3.447251885458270326e+00
-2.407298802694322948e+00
-2.118422946371004145e-01
1.935468237366235522e+00
2.830983391968523666e+00
1.993243408630899438e+00
-1.059211473185502073e-01
-2.262860874532663491e+00
-3.264297176453502036e+00
-2.532478340434427544e+00
-4.622013701173099953e-01
1.800659504415353496e+00
3.004308905762514748e+00
2.474703169169763850e+00
5.296057365927510086e-01
-1.733255137939912593e+00
-3.013938100973292400e+00
-2.599882706909868890e+00
-6.933020551759649930e-01
1.646592381042916831e+00
3.110230053081065371e+00
2.908016953654742220e+00
1.155503425293274988e+00
-1.155503425293274988e+00
-2.705803854228419070e+00
-2.619141097331423307e+00
-9.244027402346199906e-01
1.444379281616593680e+00
3.158376029134951857e+00
3.283555566875056453e+00
1.752513528361467010e+00
-5.584933222250829665e-01
-2.349523631429659254e+00
-2.590253511699091238e+00
-1.136245034871720350e+00
1.203649401347161474e+00
3.139117638713396996e+00
3.591689813619929783e+00
2.311006850586549977e+00
3.851678084310916628e-02
-1.954726627787790161e+00
-2.522849145223650336e+00
-1.348087329508820709e+00
9.340319354453973100e-01
3.042825686605624025e+00
3.813161303467807350e+00
2.821354196757746458e+00
6.258976887005239798e-01
-1.521412843302812012e+00
-2.416927997905100156e+00
-1.540671233724366651e+00
6.258976887005239798e-01
2.879129368022410151e+00
3.947970036418689599e+00
3.264297176453502036e+00
1.203649401347161474e+00
-1.068840668396279447e+00
-2.272490069743440699e+00
-1.713996747518357955e+00
2.888758563233187471e-01
2.628770292542200515e+00
3.996116012472576084e+00
3.620577399252261408e+00
1.733255137939912593e+00
-6.162684934897466604e-01
-2.099164555949449618e+00
-1.877693066101571828e+00
-6.740436647544104098e-02
2.320636045797327185e+00
3.938340841207912391e+00
3.899824060364803113e+00
2.214714898478777005e+00
-1.636963185832139567e-01
-1.896951456523126467e+00
-2.012501799052453855e+00
-4.429429796957554122e-01
1.935468237366235522e+00
3.793902913046252934e+00
4.082778769369571847e+00
2.638399487752977723e+00
2.792466611125414833e-01
-1.685109161886026108e+00
-2.137681336792558895e+00
-8.377399833376243388e-01
1.492525257670480165e+00
3.543543837566043297e+00
4.159812331055789514e+00
2.994679710551737539e+00
7.029312503867423123e-01
-1.444379281616593680e+00
-2.233973288900331866e+00
-1.232536986979493321e+00
1.001436301920838323e+00
3.206522005188837898e+00
4.140553940634235097e+00
3.273926371664279245e+00
1.088099058817833864e+00
-1.194020206136384044e+00
-2.311006850586549977e+00
-1.627333990621362192e+00
4.718305653280873146e-01
2.782837415914637180e+00
4.025003598104907709e+00
3.476139471090602395e+00
1.444379281616593680e+00
-9.436611306561746293e-01
-2.349523631429659254e+00
-2.002872603841676646e+00
-9.629195210777291569e-02
2.291748460164995560e+00
3.803532108257030142e+00
3.591689813619929783e+00
1.752513528361467010e+00
-6.836728599651876737e-01
-2.359152826640436462e+00
-2.349523631429659254e+00
-6.644144695436331460e-01
1.733255137939912593e+00
3.505027056722934020e+00
3.630206594463039060e+00
2.022130994263231063e+00
-4.140553940634235097e-01
-2.330265241008104393e+00
-2.667287073385309792e+00
-1.242166182190270529e+00
1.136245034871720350e+00
3.119859248291842579e+00
3.582060618409152575e+00
2.243602484111109074e+00
-1.444379281616593735e-01
-2.272490069743440699e+00
-2.946533734497851054e+00
-1.800659504415353496e+00
5.007181509604191616e-01
2.657657878174532584e+00
3.447251885458270326e+00
2.416927997905100156e+00
1.251795377401047904e-01
-2.156939727214113312e+00
-3.168005224345729065e+00
-2.339894436218882046e+00
-1.540671233724366651e-01
2.137681336792558895e+00
3.254667981242724384e+00
2.542107535645205196e+00
3.851678084310916628e-01
-2.012501799052453855e+00
-3.322072347718165730e+00
-2.830983391968523666e+00
-8.088523977052924918e-01
1.579188014567475928e+00
2.985050515340960331e+00
2.609511902120646099e+00
6.451560791220785074e-01
-1.819917894836908134e+00
-3.418364299825938701e+00
-3.264297176453502036e+00
-1.444379281616593680e+00
9.918071067100610039e-01
2.667287073385309792e+00
2.638399487752977723e+00
9.051443498130653520e-01
-1.588817209778253137e+00
-3.437622690247493118e+00
-3.620577399252261408e+00
-2.051018579895563132e+00
3.851678084310916628e-01
2.301377655375772768e+00
2.619141097331423307e+00
1.145874230082497780e+00
-1.309570548665711653e+00
-3.370218323772052216e+00
-3.909453255575580322e+00
-2.609511902120646099e+00
-2.311006850586549977e-01
1.896951456523126467e+00
2.561365926066759613e+00
1.386604110351929986e+00
-9.918071067100610039e-01
-3.235409590821169967e+00
-4.102037159791126264e+00
-3.110230053081065371e+00
-8.184815929160698111e-01
1.473266867248925527e+00
2.465073973958986642e+00
1.608075600199807775e+00
-6.355268839113012991e-01
-3.013938100973292400e+00
-4.198329111898899235e+00
-3.524285447144488881e+00
-1.386604110351929986e+00
1.020694692342392962e+00
2.339894436218882046e+00
1.819917894836908134e+00
-2.503590754802095808e-01
-2.715433049439196278e+00
-4.188699916688121583e+00
-3.861307279521693836e+00
-1.906580651733903675e+00
5.681225174358601748e-01
2.185827312846445381e+00
2.012501799052453855e+00
1.636963185832139567e-01
-2.339894436218882046e+00
-4.092407964580348612e+00
-4.102037159791126264e+00
-2.378411217061990879e+00
1.251795377401047904e-01
1.993243408630899438e+00
2.185827312846445381e+00
5.873809078574148135e-01
-1.896951456523126467e+00
-3.880565669943248697e+00
-4.246475087952785721e+00
-2.782837415914637180e+00
-3.081342467448733302e-01
1.791030309204576287e+00
2.339894436218882046e+00
1.030323887553170170e+00
-1.396233305562707194e+00
-3.582060618409152575e+00
-4.284991868795894554e+00
-3.110230053081065371e+00
-7.221896408082968399e-01
1.569558819356698498e+00
2.455444778748209433e+00
1.463637672038148319e+00
-8.473691785484016581e-01
-3.187263614767283482e+00
-4.217587502320453652e+00
-3.370218323772052216e+00
-1.097728254028611294e+00
1.319199743876488862e+00
2.542107535645205196e+00
1.887322261312349259e+00
-2.696174659017641639e-01
-2.715433049439196278e+00
-4.063520378948017431e+00
-3.543543837566043297e+00
-1.444379281616593680e+00
1.068840668396279447e+00
2.599882706909868890e+00
2.291748460164995560e+00
3.370218323772051772e-01
-2.166568922424890520e+00
-3.803532108257030142e+00
-3.639835789673816269e+00
-1.752513528361467010e+00
7.992232024945151725e-01
2.609511902120646099e+00
2.667287073385309792e+00
9.532903258669518376e-01
-1.569558819356698498e+00
-3.456881080669047535e+00
-3.649464984884593477e+00
-2.022130994263231063e+00
5.296057365927510086e-01
2.580624316488314030e+00
2.994679710551737539e+00
1.559929624145921290e+00
-9.244027402346199906e-01
-3.033196491394846817e+00
-3.582060618409152575e+00
-2.243602484111109074e+00
2.503590754802095808e-01
2.503590754802095919e+00
3.273926371664279245e+00
2.137681336792558895e+00
-2.503590754802095808e-01
-2.542107535645205196e+00
-3.437622690247493118e+00
-2.416927997905100156e+00
-3.851678084310916628e-02
2.378411217061990879e+00
3.485768666301379604e+00
2.676916268596087001e+00
4.236845892742008290e-01
-2.002872603841676646e+00
-3.225780395610392759e+00
-2.542107535645205196e+00
-3.177634419556506495e-01
2.205085703267999797e+00
3.630206594463039060e+00
3.168005224345729065e+00
1.097728254028611294e+00
-1.425120891195039263e+00
-2.946533734497851054e+00
-2.619141097331423307e+00
-6.066392982789693411e-01
1.973985018209344799e+00
3.697610960938479963e+00
3.591689813619929783e+00
1.733255137939912593e+00
-8.184815929160698111e-01
-2.628770292542200515e+00
-2.657657878174532584e+00
-8.955151546022881437e-01
1.704367552307580524e+00
3.678352570516925546e+00
3.928711645997134738e+00
2.339894436218882046e+00
-2.022130994263231230e-01
-2.253231679321886283e+00
-2.657657878174532584e+00
-1.174761815714829627e+00
1.376974915141152778e+00
3.572431423198375366e+00
4.188699916688121583e+00
2.888758563233187360e+00
4.044261988526462459e-01
-1.848805480469239981e+00
-2.619141097331423307e+00
-1.444379281616593680e+00
1.011065497131615532e+00
3.379847518982829424e+00
4.342767040060558692e+00
3.360589128561274563e+00
9.918071067100610039e-01
-1.425120891195039263e+00
-2.532478340434427544e+00
-1.704367552307580524e+00
6.066392982789693411e-01
3.110230053081065371e+00
4.400542211325221942e+00
3.755386132203143656e+00
1.550300428935143859e+00
-9.821779114992836845e-01
-2.426557193115877364e+00
-1.945097432577012952e+00
1.733255137939912482e-01
2.753949830282305555e+00
4.342767040060558692e+00
4.063520378948017431e+00
2.051018579895563132e+00
-5.392349318035283279e-01
-2.282119264954217908e+00
-2.176198117635667728e+00
-2.888758563233187471e-01
2.320636045797327185e+00
4.188699916688121583e+00
4.265733478374340137e+00
2.503590754802095919e+00
-1.059211473185502073e-01
-2.108793751160226826e+00
-2.378411217061990879e+00
-7.607064216514060062e-01
1.819917894836908134e+00
3.928711645997134738e+00
4.362025430482113109e+00
2.888758563233187360e+00
3.177634419556506495e-01
-1.906580651733903675e+00
-2.551736730855982405e+00
-1.242166182190270529e+00
1.261424572611825168e+00
3.572431423198375366e+00
4.362025430482113109e+00
3.196892809978060690e+00
7.221896408082968399e-01
-1.694738357096803316e+00
-2.686545463806864209e+00
-1.723625942729135163e+00
6.644144695436331460e-01
3.119859248291842579e+00
4.256104283163562485e+00
3.427993495036715910e+00
1.088099058817833864e+00
-1.454008476827371110e+00
-2.792466611125414389e+00
-2.176198117635667728e+00
3.851678084310916628e-02
2.599882706909868890e+00
4.053891183737239778e+00
3.582060618409152575e+00
1.434750086405816472e+00
-1.203649401347161474e+00
-2.850241782390078527e+00
-2.599882706909868890e+00
-6.066392982789693411e-01
2.012501799052453855e+00
3.765015327413920865e+00
3.659094180095370685e+00
1.742884333150689802e+00
-9.244027402346199906e-01
-2.859870977600855735e+00
-2.985050515340960331e+00
-1.251795377401047960e+00
1.367345719930375347e+00
3.379847518982829424e+00
3.649464984884593477e+00
2.002872603841676646e+00
-6.451560791220785074e-01
-2.821354196757746458e+00
-3.322072347718165730e+00
-1.877693066101571828e+00
6.933020551759649930e-01
2.927275344076296637e+00
3.562802227987597714e+00
2.224344093689554214e+00
-3.466510275879824965e-01
-2.725062244649973486e+00
-3.591689813619929783e+00
-2.465073973958986642e+00
-0.000000000000000000e+00
2.416927997905100156e+00
3.408735104615161049e+00
2.407298802694322948e+00
-3.851678084310916628e-02
-2.580624316488314030e+00
-3.784273717835475725e+00
-3.013938100973292400e+00
-6.933020551759649930e-01
1.848805480469239981e+00
3.187263614767283482e+00
2.542107535645205196e+00
2.696174659017641639e-01
-2.368782021851213671e+00
-3.909453255575580322e+00
-3.495397861512156812e+00
-1.367345719930375347e+00
1.261424572611825168e+00
2.908016953654742220e+00
2.628770292542200515e+00
5.873809078574148135e-01
-2.108793751160226826e+00
-3.938340841207912391e+00
-3.899824060364803113e+00
-2.012501799052453855e+00
6.451560791220785074e-01
2.580624316488314030e+00
2.686545463806864209e+00
9.051443498130653520e-01
-1.791030309204576287e+00
-3.880565669943248697e+00
-4.207958307109675999e+00
-2.599882706909868890e+00
2.888758563233187471e-02
2.205085703267999797e+00
2.696174659017641417e+00
1.213278596557938682e+00
-1.415491695984261833e+00
-3.726498546570812032e+00
-4.429429796957554011e+00
-3.129488443502619788e+00
-5.681225174358601748e-01
1.810288699626130704e+00
2.667287073385309792e+00
1.521412843302812012e+00
-1.001436301920838323e+00
-3.485768666301379604e+00
-4.544980139486881399e+00
-3.582060618409152575e+00
-1.145874230082497780e+00
1.396233305562707194e+00
2.609511902120646099e+00
1.819917894836908134e+00
-5.488641270143056472e-01
-3.158376029134951857e+00
-4.554609334697659051e+00
-3.947970036418689599e+00
-1.685109161886026108e+00
9.629195210777291569e-01
2.513219950012873127e+00
2.089535360738672409e+00
-5.777517126466374942e-02
-2.744320635071527903e+00
-4.448688187379108427e+00
-4.217587502320453652e+00
-2.176198117635667728e+00
5.296057365927510086e-01
2.388040412272768087e+00
2.349523631429659254e+00
4.429429796957554122e-01
-2.253231679321886283e+00
-4.236845892742008068e+00
-4.381283820903667525e+00
-2.599882706909868890e+00
1.059211473185502073e-01
2.224344093689554214e+00
2.580624316488314030e+00
9.629195210777291569e-01
-1.704367552307580524e+00
-3.919082450786357530e+00
-4.439058992168331663e+00
-2.965792124919405914e+00
-3.081342467448733302e-01
2.041389384684785924e+00
2.773208220703859972e+00
1.482896062459702957e+00
-1.097728254028611294e+00
-3.514656251933711228e+00
-4.400542211325221942e+00
-3.254667981242724384e+00
-7.029312503867423123e-01
1.829547090047685343e+00
2.927275344076296637e+00
1.983614213420122008e+00
-4.525721749065326760e-01
-3.013938100973292400e+00
-4.256104283163562485e+00
-3.466510275879825187e+00
-1.068840668396279447e+00
1.588817209778253137e+00
3.033196491394846817e+00
2.465073973958986642e+00
2.118422946371004145e-01
-2.445815583537432225e+00
-4.015374402894130945e+00
-3.591689813619929783e+00
-1.405862500773484625e+00
1.328828939087266292e+00
3.100600857870287719e+00
2.908016953654742220e+00
8.858859593915108244e-01
-1.819917894836908134e+00
-3.687981765727702754e+00
-3.649464984884593477e+00
-1.704367552307580524e+00
1.049582277974724809e+00
3.100600857870287719e+00
3.302813957296610869e+00
1.550300428935143859e+00
-1.145874230082497780e+00
-3.273926371664279245e+00
-3.620577399252261408e+00
-1.973985018209344799e+00
7.510772264406286869e-01
3.042825686605624025e+00
3.630206594463039060e+00
2.195456508057222589e+00
-4.525721749065326760e-01
-2.802095806336192041e+00
-3.524285447144488881e+00
-2.205085703267999797e+00
4.333137844849781484e-01
2.927275344076296637e+00
3.890194865154025905e+00
2.782837415914637180e+00
2.599882706909868446e-01
-2.262860874532663491e+00
-3.360589128561274563e+00
-2.388040412272768087e+00
1.059211473185502073e-01
2.753949830282305555e+00
4.063520378948017431e+00
3.322072347718165730e+00
9.629195210777291569e-01
-1.694738357096803316e+00
-3.129488443502619788e+00
-2.542107535645205196e+00
-2.311006850586549977e-01
2.503590754802095919e+00
4.150183135845012750e+00
3.784273717835475725e+00
1.636963185832139622e+00
-1.097728254028611294e+00
-2.850241782390078527e+00
-2.648028682963755376e+00
-5.777517126466374942e-01
2.205085703267999797e+00
4.140553940634235097e+00
4.169441526266567166e+00
2.262860874532663491e+00
-4.814597605388645785e-01
-2.522849145223650336e+00
-2.715433049439196278e+00
-9.244027402346199906e-01
1.839176285258462773e+00
4.044261988526462126e+00
4.448688187379108427e+00
2.840612587179300874e+00
1.251795377401047904e-01
-2.166568922424890520e+00
-2.744320635071527903e+00
-1.271053767822602598e+00
1.425120891195039263e+00
3.842048889100139419e+00
4.631642896383877606e+00
3.341330738139720147e+00
7.221896408082968399e-01
-1.781401113993798857e+00
-2.734691439860750695e+00
-1.617704795410584984e+00
9.532903258669518376e-01
3.543543837566043297e+00
4.699047262859318508e+00
3.765015327413920865e+00
1.280682963033379806e+00
-1.367345719930375347e+00
-2.696174659017641417e+00
-1.945097432577012952e+00
4.525721749065326760e-01
3.158376029134951857e+00
4.650901286805432022e+00
4.092407964580348612e+00
1.800659504415353496e+00
-9.532903258669518376e-01
-2.609511902120646099e+00
-2.253231679321886283e+00
-7.703356168621833255e-02
2.696174659017641417e+00
4.496834163432994913e+00
4.323508649639004275e+00
2.262860874532663491e+00
-5.296057365927510086e-01
-2.503590754802095919e+00
-2.532478340434427544e+00
-6.258976887005239798e-01
2.147310532003336103e+00
4.236845892742008068e+00
4.458317382589886080e+00
2.667287073385309792e+00
-1.155503425293274988e-01
-2.349523631429659254e+00
-2.792466611125414389e+00
-1.184391010925606835e+00
1.550300428935143859e+00
3.870936474732471044e+00
4.477575773011440496e+00
3.004308905762514748e+00
2.888758563233187471e-01
-2.176198117635667728e+00
-3.004308905762514748e+00
-1.733255137939912593e+00
8.955151546022881437e-01
3.418364299825938701e+00
4.390913016114445178e+00
3.273926371664279245e+00
6.740436647544103543e-01
-1.964355822998567369e+00
-3.168005224345729065e+00
-2.262860874532663491e+00
2.118422946371004145e-01
2.879129368022410151e+00
4.217587502320453652e+00
3.466510275879825187e+00
1.030323887553170170e+00
-1.723625942729135163e+00
-3.273926371664279245e+00
-2.763579025493082764e+00
-4.814597605388645785e-01
2.272490069743440699e+00
3.938340841207912391e+00
3.572431423198375366e+00
1.367345719930375347e+00
-1.463637672038148319e+00
-3.331701542928942938e+00
-3.216151200399615551e+00
-1.174761815714829627e+00
1.608075600199807775e+00
3.582060618409152575e+00
3.610948204041484200e+00
1.665850771464471469e+00
-1.165132620504052197e+00
-3.322072347718165730e+00
-3.601319008830706991e+00
-1.858434675680017190e+00
9.147735450238426713e-01
3.148746833924174204e+00
3.572431423198375366e+00
1.935468237366235522e+00
-8.569983737591789774e-01
-3.254667981242724384e+00
-3.919082450786357530e+00
-2.503590754802095919e+00
2.022130994263231230e-01
2.657657878174532584e+00
3.466510275879825187e+00
2.176198117635667728e+00
-5.199765413819736892e-01
-3.110230053081065371e+00
-4.159812331055789514e+00
-3.090971662659510510e+00
-5.103473461711964809e-01
2.108793751160226826e+00
3.302813957296610869e+00
2.378411217061990879e+00
-1.636963185832139567e-01
-2.898387758443964568e+00
-4.304250259217448971e+00
-3.610948204041484200e+00
-1.213278596557938682e+00
1.531042038513589443e+00
3.071713272237956094e+00
2.532478340434427544e+00
2.118422946371004145e-01
-2.609511902120646099e+00
-4.352396235271335456e+00
-4.053891183737239778e+00
-1.877693066101571828e+00
9.340319354453973100e-01
2.802095806336192041e+00
2.657657878174532584e+00
5.873809078574148135e-01
-2.262860874532663491e+00
-4.304250259217448971e+00
-4.400542211325221942e+00
-2.493961559591318711e+00
3.273926371664279134e-01
2.484332364380541058e+00
2.744320635071527903e+00
9.725487162885064762e-01
-1.858434675680017190e+00
-4.159812331055789514e+00
-4.641272091594654370e+00
-3.042825686605624025e+00
-2.696174659017641639e-01
2.128052141581781243e+00
2.792466611125414389e+00
1.357716524719598139e+00
-1.396233305562707194e+00
-3.909453255575580322e+00
-4.776080824545536174e+00
-3.524285447144488881e+00
-8.473691785484016581e-01
1.752513528361467010e+00
2.811725001546969249e+00
1.733255137939912593e+00
-8.762567641807335050e-01
-3.553173032776820506e+00
-4.795339214967091479e+00
-3.909453255575580322e+00
-1.386604110351929986e+00
1.357716524719598139e+00
2.782837415914637180e+00
2.089535360738672409e+00
-3.273926371664279134e-01
-3.119859248291842579e+00
-4.708676458070095272e+00
-4.198329111898899235e+00
-1.877693066101571828e+00
9.532903258669518376e-01
2.715433049439196278e+00
2.426557193115877364e+00
2.407298802694322892e-01
-2.599882706909868890e+00
-4.506463358643772565e+00
-4.390913016114445178e+00
-2.320636045797327185e+00
5.488641270143056472e-01
2.619141097331423307e+00
2.734691439860750695e+00
8.377399833376243388e-01
-2.012501799052453855e+00
-4.188699916688121583e+00
-4.477575773011440496e+00
-2.705803854228419070e+00
1.444379281616593735e-01
2.484332364380541058e+00
3.004308905762514748e+00
1.425120891195039263e+00
-1.357716524719598139e+00
-3.784273717835475725e+00
-4.467946577800663732e+00
-3.023567296184069608e+00
-2.503590754802095808e-01
2.311006850586549977e+00
3.225780395610392759e+00
2.002872603841676646e+00
-6.740436647544103543e-01
-3.283555566875056453e+00
-4.352396235271335456e+00
-3.264297176453502036e+00
-6.258976887005239798e-01
2.099164555949449618e+00
3.399105909404383841e+00
2.551736730855982405e+00
3.851678084310916628e-02
-2.705803854228419070e+00
-4.130924745423458333e+00
-3.437622690247493118e+00
-9.821779114992836845e-01
1.858434675680017190e+00
3.505027056722934020e+00
3.052454881816401233e+00
7.607064216514060062e-01
-2.070276970317117549e+00
-3.832419693889362211e+00
-3.533914642355266089e+00
-1.319199743876488862e+00
1.588817209778253137e+00
3.553173032776820506e+00
3.505027056722934020e+00
1.473266867248925527e+00
-1.386604110351929986e+00
-3.456881080669047535e+00
-3.553173032776820506e+00
-1.617704795410584984e+00
1.280682963033379806e+00
3.533914642355266089e+00
3.880565669943248697e+00
2.156939727214113312e+00
-6.740436647544103543e-01
-3.004308905762514748e+00
-3.514656251933711228e+00
-1.896951456523126467e+00
9.436611306561746293e-01
3.427993495036715910e+00
4.188699916688121583e+00
2.792466611125414389e+00
4.814597605388645785e-02
-2.493961559591318711e+00
-3.399105909404383841e+00
-2.147310532003336103e+00
5.777517126466374942e-01
3.254667981242724384e+00
4.390913016114445178e+00
3.370218323772052216e+00
7.607064216514060062e-01
-1.945097432577012952e+00
-3.235409590821169967e+00
-2.359152826640436462e+00
1.925839042155458314e-01
3.004308905762514748e+00
4.506463358643772565e+00
3.870936474732471044e+00
1.454008476827371110e+00
-1.376974915141152778e+00
-3.013938100973292400e+00
-2.542107535645205196e+00
-2.022130994263231230e-01
2.686545463806864209e+00
4.516092553854549330e+00
4.275362673585117790e+00
2.099164555949449618e+00
-7.799648120729606449e-01
-2.744320635071527903e+00
-2.686545463806864209e+00
-6.162684934897466604e-01
2.291748460164995560e+00
4.429429796957554011e+00
4.583496920329991120e+00
2.696174659017641417e+00
-1.925839042155458314e-01
-2.436186388326654573e+00
-2.792466611125414389e+00
-1.039953082763947378e+00
1.839176285258462773e+00
4.227216697531231304e+00
4.785710019756313827e+00
3.216151200399615551e+00
3.947970036418689821e-01
-2.099164555949449618e+00
-2.859870977600855735e+00
-1.454008476827371110e+00
1.328828939087266292e+00
3.919082450786357530e+00
4.882001971864086798e+00
3.659094180095370685e+00
9.436611306561746293e-01
-1.742884333150689802e+00
-2.888758563233187360e+00
-1.858434675680017190e+00
7.703356168621833255e-01
3.524285447144488881e+00
4.853114386231754729e+00
4.005745207683353293e+00
1.463637672038148319e+00
-1.357716524719598139e+00
-2.879129368022410151e+00
-2.253231679321886283e+00
1.733255137939912482e-01
3.033196491394846817e+00
4.708676458070095272e+00
4.265733478374340137e+00
1.935468237366235522e+00
-9.725487162885064762e-01
-2.830983391968523666e+00
-2.609511902120646099e+00
-4.333137844849781484e-01
2.465073973958986642e+00
4.458317382589886080e+00
4.419800601746777247e+00
2.359152826640436462e+00
-5.777517126466374942e-01
-2.744320635071527903e+00
-2.936904539287073845e+00
-1.059211473185502017e+00
1.829547090047685343e+00
4.102037159791126264e+00
4.467946577800663732e+00
2.715433049439196278e+00
-1.829547090047685398e-01
-2.619141097331423307e+00
-3.225780395610392759e+00
-1.675479966675248678e+00
1.145874230082497780e+00
3.649464984884593477e+00
4.410171406535999594e+00
3.004308905762514748e+00
1.925839042155458314e-01
-2.445815583537432225e+00
-3.456881080669047535e+00
-2.272490069743440699e+00
4.236845892742008290e-01
3.110230053081065371e+00
4.265733478374340137e+00
3.225780395610392759e+00
5.681225174358601748e-01
-2.233973288900331866e+00
-3.620577399252261408e+00
-2.830983391968523666e+00
-3.081342467448733302e-01
2.503590754802095919e+00
4.025003598104907709e+00
3.379847518982829424e+00
9.244027402346199906e-01
-1.983614213420122008e+00
-3.726498546570812032e+00
-3.331701542928942938e+00
-1.049582277974724809e+00
1.848805480469239981e+00
3.697610960938479963e+00
3.466510275879825187e+00
1.261424572611825168e+00
-1.694738357096803316e+00
-3.755386132203143656e+00
-3.774644522624698517e+00
-1.762142723572244440e+00
1.145874230082497780e+00
3.302813957296610869e+00
3.485768666301379604e+00
1.569558819356698498e+00
-1.367345719930375347e+00
-3.707240156149257171e+00
-4.140553940634235097e+00
-2.436186388326654573e+00
4.333137844849781484e-01
2.840612587179300874e+00
3.437622690247493118e+00
1.858434675680017190e+00
-1.011065497131615532e+00
-3.582060618409152575e+00
-4.419800601746777247e+00
-3.062084077027178886e+00
-2.888758563233187471e-01
2.330265241008104393e+00
3.331701542928942938e+00
2.118422946371004034e+00
-6.258976887005239798e-01
-3.370218323772052216e+00
-4.593126115540767884e+00
-3.620577399252261408e+00
-9.918071067100610039e-01
1.791030309204576287e+00
3.168005224345729065e+00
2.349523631429659254e+00
-2.118422946371004145e-01
-3.081342467448733302e+00
-4.670159677226986439e+00
-4.082778769369571847e+00
-1.665850771464471469e+00
1.222907791768716113e+00
2.956162929708628706e+00
2.542107535645205196e+00
2.214714898478777061e-01
-2.715433049439196278e+00
-4.641272091594654370e+00
-4.458317382589886080e+00
-2.291748460164995560e+00
6.451560791220785074e-01
2.696174659017641417e+00
2.705803854228419070e+00
6.740436647544103543e-01
-2.282119264954217908e+00
-4.496834163432994913e+00
-4.727934848491650577e+00
-2.859870977600855735e+00
6.740436647544104098e-02
2.407298802694322948e+00
2.840612587179300874e+00
1.126615839660943141e+00
-1.781401113993798857e+00
-4.246475087952785721e+00
-4.882001971864086798e+00
-3.350959933350497355e+00
-4.910889557496418423e-01
2.079906165527894757e+00
2.927275344076296637e+00
1.569558819356698498e+00
-1.222907791768716113e+00
-3.890194865154025905e+00
-4.930147947917973283e+00
-3.755386132203143656e+00
-1.020694692342392962e+00
1.733255137939912593e+00
2.975421320130183123e+00
2.002872603841676646e+00
-6.258976887005239798e-01
-3.437622690247493118e+00
-4.853114386231754729e+00
-4.063520378948017431e+00
-1.511783648092034804e+00
1.376974915141152778e+00
2.985050515340960331e+00
2.416927997905100156e+00
0.000000000000000000e+00
-2.898387758443964568e+00
-4.660530482016208786e+00
-4.275362673585117790e+00
-1.964355822998567369e+00
1.001436301920838323e+00
2.946533734497851054e+00
2.802095806336192041e+00
6.547852743328558267e-01
-2.291748460164995560e+00
-4.362025430482113109e+00
-4.390913016114445178e+00
-2.359152826640436462e+00
6.162684934897466604e-01
2.869500172811632943e+00
3.148746833924174204e+00
1.299941353454934445e+00
-1.617704795410584984e+00
-3.967228426840244015e+00
-4.410171406535999594e+00
-2.686545463806864209e+00
2.407298802694322892e-01
2.744320635071527903e+00
3.437622690247493118e+00
1.935468237366235522e+00
-9.051443498130653520e-01
-3.476139471090602395e+00
-4.323508649639004275e+00
-2.956162929708628706e+00
-1.348087329508820820e-01
2.570995121277536821e+00
3.668723375306147894e+00
2.542107535645205196e+00
-1.636963185832139567e-01
-2.908016953654742220e+00
-4.150183135845012750e+00
-3.168005224345729065e+00
-5.007181509604191616e-01
2.359152826640436462e+00
3.832419693889362211e+00
3.100600857870287719e+00
5.873809078574148135e-01
-2.282119264954217908e+00
-3.890194865154025905e+00
-3.312443152507388078e+00
-8.569983737591789774e-01
2.099164555949449618e+00
3.919082450786357530e+00
3.601319008830706991e+00
1.328828939087266292e+00
-1.608075600199807775e+00
-3.543543837566043297e+00
-3.379847518982829424e+00
-1.203649401347161474e+00
1.791030309204576287e+00
3.928711645997134738e+00
4.025003598104907709e+00
2.041389384684785924e+00
-9.051443498130653520e-01
-3.139117638713396996e+00
-3.399105909404383841e+00
-1.521412843302812012e+00
1.444379281616593680e+00
3.851678084310916628e+00
4.362025430482113109e+00
2.705803854228419070e+00
-1.925839042155458314e-01
-2.676916268596087001e+00
-3.350959933350497355e+00
-1.819917894836908134e+00
1.059211473185502017e+00
3.697610960938479963e+00
4.612384505962322301e+00
3.302813957296610869e+00
5.199765413819736892e-01
-2.166568922424890520e+00
-3.245038786031947176e+00
-2.099164555949449618e+00
6.451560791220785074e-01
3.447251885458270326e+00
4.756822434123981758e+00
3.832419693889362211e+00
1.213278596557938682e+00
-1.627333990621362192e+00
-3.090971662659510510e+00
-2.339894436218882046e+00
2.022130994263231230e-01
3.119859248291842579e+00
4.785710019756313827e+00
4.265733478374340137e+00
1.858434675680017190e+00
-1.078469863607056656e+00
-2.888758563233187360e+00
-2.561365926066759613e+00
-2.696174659017641639e-01
2.715433049439196278e+00
4.708676458070095272e+00
4.593126115540767884e+00
2.455444778748209433e+00
-5.199765413819736892e-01
-2.648028682963755376e+00
-2.744320635071527903e+00
-7.414480312298514786e-01
2.233973288900331866e+00
4.516092553854549330e+00
4.824226800599422660e+00
2.985050515340960331e+00
2.888758563233187471e-02
-2.378411217061990879e+00
-2.888758563233187360e+00
-1.222907791768716113e+00
1.685109161886026108e+00
4.207958307109675999e+00
4.930147947917973283e+00
3.437622690247493118e+00
5.681225174358601748e-01
-2.070276970317117549e+00
-3.004308905762514748e+00
-1.704367552307580524e+00
1.088099058817833864e+00
3.813161303467807350e+00
4.920518752707195631e+00
3.803532108257030142e+00
1.068840668396279447e+00
-1.742884333150689802e+00
-3.071713272237956094e+00
-2.166568922424890520e+00
4.525721749065326760e-01
3.312443152507388078e+00
4.804968410177868243e+00
4.073149574158794195e+00
1.540671233724366651e+00
-1.396233305562707194e+00
-3.090971662659510510e+00
-2.599882706909868890e+00
-2.022130994263231230e-01
2.734691439860750695e+00
4.564238529908435815e+00
4.256104283163562485e+00
1.954726627787790161e+00
-1.039953082763947378e+00
-3.062084077027178886e+00
-2.994679710551737539e+00
-8.762567641807335050e-01
2.089535360738672409e+00
4.227216697531231304e+00
4.333137844849781040e+00
2.330265241008104393e+00
-6.740436647544103543e-01
-2.994679710551737539e+00
-3.350959933350497355e+00
-1.550300428935143859e+00
1.386604110351929986e+00
3.793902913046252934e+00
4.313879454428226623e+00
2.638399487752977723e+00
-2.985050515340960109e-01
-2.869500172811632943e+00
-3.639835789673816269e+00
-2.195456508057222589e+00
6.451560791220785074e-01
3.273926371664279245e+00
4.198329111898899235e+00
2.888758563233187360e+00
6.740436647544104098e-02
-2.696174659017641417e+00
-3.870936474732471044e+00
-2.802095806336192041e+00
-1.059211473185502073e-01
2.686545463806864209e+00
4.005745207683353293e+00
3.081342467448733302e+00
4.333137844849781484e-01
-2.474703169169763850e+00
-4.015374402894130945e+00
-3.350959933350497355e+00
-8.666275689699562967e-01
2.041389384684785924e+00
3.726498546570812032e+00
3.216151200399615551e+00
7.992232024945151725e-01
-2.195456508057222589e+00
-4.092407964580348612e+00
-3.842048889100139419e+00
-1.598446404989030345e+00
1.367345719930375347e+00
3.370218323772052216e+00
3.283555566875056453e+00
1.145874230082497780e+00
-1.868063870890794620e+00
-4.073149574158794195e+00
-4.246475087952785721e+00
-2.291748460164995560e+00
6.644144695436331460e-01
2.965792124919405914e+00
3.302813957296610869e+00
1.473266867248925527e+00
-1.502154452881257374e+00
-3.967228426840244015e+00
-4.554609334697659051e+00
-2.936904539287073845e+00
-3.851678084310916628e-02
2.503590754802095919e+00
3.254667981242724384e+00
1.791030309204576287e+00
-1.088099058817833864e+00
-3.774644522624698517e+00
-4.766451629334759410e+00
-3.514656251933711228e+00
-7.318188360190741593e-01
2.002872603841676646e+00
3.168005224345729065e+00
2.079906165527894757e+00
-6.451560791220785074e-01
-3.485768666301379604e+00
-4.862743581442532381e+00
-4.005745207683353293e+00
-1.396233305562707194e+00
1.482896062459702957e+00
3.023567296184069608e+00
2.349523631429659254e+00
-1.636963185832139567e-01
-3.119859248291842579e+00
-4.843485191020977965e+00
-4.400542211325221942e+00
-2.022130994263231063e+00
9.532903258669518376e-01
2.840612587179300874e+00
2.580624316488314030e+00
3.273926371664279134e-01
-2.667287073385309792e+00
-4.718305653280872924e+00
-4.679788872437764091e+00
-2.580624316488314030e+00
4.140553940634235097e-01
2.609511902120646099e+00
2.782837415914637180e+00
8.377399833376243388e-01
-2.147310532003336103e+00
-4.477575773011440496e+00
-4.862743581442532381e+00
-3.071713272237956094e+00
-1.155503425293274988e-01
2.359152826640436462e+00
2.956162929708628706e+00
1.348087329508820709e+00
-1.559929624145921290e+00
-4.130924745423458333e+00
-4.920518752707195631e+00
-3.485768666301379604e+00
-6.162684934897466604e-01
2.070276970317117549e+00
3.081342467448733302e+00
1.848805480469239981e+00
-9.244027402346199906e-01
-3.687981765727702754e+00
-4.872372776653309145e+00
-3.813161303467807350e+00
-1.097728254028611294e+00
1.762142723572244440e+00
3.158376029134951857e+00
2.330265241008104393e+00
-2.599882706909868446e-01
-3.148746833924174204e+00
-4.699047262859318508e+00
-4.044261988526462126e+00
-1.531042038513589443e+00
1.434750086405816472e+00
3.196892809978060690e+00
2.782837415914637180e+00
4.236845892742008290e-01
-2.532478340434427544e+00
-4.429429796957554011e+00
-4.179070721477344819e+00
-1.925839042155458314e+00
1.088099058817833864e+00
3.177634419556506273e+00
3.187263614767283482e+00
1.116986644450165933e+00
-1.848805480469239981e+00
-4.053891183737239778e+00
-4.227216697531231304e+00
-2.272490069743440699e+00
7.318188360190741593e-01
3.110230053081065371e+00
3.543543837566043297e+00
1.800659504415353496e+00
-1.126615839660943141e+00
-3.591689813619929783e+00
-4.179070721477344819e+00
-2.561365926066759613e+00
3.659094180095370796e-01
2.985050515340960331e+00
3.832419693889362211e+00
2.445815583537432225e+00
-3.755386132203143434e-01
-3.052454881816401233e+00
-4.044261988526462126e+00
-2.802095806336192041e+00
-0.000000000000000000e+00
2.802095806336192041e+00
4.044261988526462126e+00
3.052454881816401233e+00
3.755386132203143434e-01
-2.445815583537432225e+00
-3.832419693889362211e+00
-2.985050515340960331e+00
-3.659094180095370796e-01
2.561365926066759613e+00
4.179070721477344819e+00
3.591689813619929783e+00
1.126615839660943141e+00
-1.800659504415353496e+00
-3.543543837566043297e+00
-3.110230053081065371e+00
-7.318188360190741593e-01
2.272490069743440699e+00
4.227216697531231304e+00
4.053891183737239778e+00
1.848805480469239981e+00
-1.116986644450165933e+00
-3.187263614767283482e+00
-3.177634419556506273e+00
-1.088099058817833864e+00
1.925839042155458314e+00
4.179070721477344819e+00
4.429429796957554011e+00
2.532478340434427544e+00
-4.236845892742008290e-01
-2.782837415914637180e+00
-3.196892809978060690e+00
-1.434750086405816472e+00
1.531042038513589443e+00
4.044261988526462126e+00
4.699047262859318508e+00
3.148746833924174204e+00
2.599882706909868446e-01
-2.330265241008104393e+00
-3.158376029134951857e+00
-1.762142723572244440e+00
1.097728254028611294e+00
3.813161303467807350e+00
4.872372776653309145e+00
3.687981765727702754e+00
9.244027402346199906e-01
-1.848805480469239981e+00
-3.081342467448733302e+00
-2.070276970317117549e+00
6.162684934897466604e-01
3.485768666301379604e+00
4.920518752707195631e+00
4.130924745423458333e+00
1.559929624145921290e+00
-1.348087329508820709e+00
-2.956162929708628706e+00
-2.359152826640436462e+00
1.155503425293274988e-01
3.071713272237956094e+00
4.862743581442532381e+00
4.477575773011440496e+00
2.147310532003336103e+00
-8.377399833376243388e-01
-2.782837415914637180e+00
-2.609511902120646099e+00
-4.140553940634235097e-01
2.580624316488314030e+00
4.679788872437764091e+00
4.718305653280872924e+00
2.667287073385309792e+00
-3.273926371664279134e-01
-2.580624316488314030e+00
-2.840612587179300874e+00
-9.532903258669518376e-01
2.022130994263231063e+00
4.400542211325221942e+00
4.843485191020977965e+00
3.119859248291842579e+00
1.636963185832139567e-01
-2.349523631429659254e+00
-3.023567296184069608e+00
-1.482896062459702957e+00
1.396233305562707194e+00
4.005745207683353293e+00
4.862743581442532381e+00
3.485768666301379604e+00
6.451560791220785074e-01
-2.079906165527894757e+00
-3.168005224345729065e+00
-2.002872603841676646e+00
7.318188360190741593e-01
3.514656251933711228e+00
4.766451629334759410e+00
3.774644522624698517e+00
1.088099058817833864e+00
-1.791030309204576287e+00
-3.254667981242724384e+00
-2.503590754802095919e+00
3.851678084310916628e-02
2.936904539287073845e+00
4.554609334697659051e+00
3.967228426840244015e+00
1.502154452881257374e+00
-1.473266867248925527e+00
-3.302813957296610869e+00
-2.965792124919405914e+00
-6.644144695436331460e-01
2.291748460164995560e+00
4.246475087952785721e+00
4.073149574158794195e+00
1.868063870890794620e+00
-1.145874230082497780e+00
-3.283555566875056453e+00
-3.370218323772052216e+00
-1.367345719930375347e+00
1.598446404989030345e+00
3.842048889100139419e+00
4.092407964580348612e+00
2.195456508057222589e+00
-7.992232024945151725e-01
-3.216151200399615551e+00
-3.726498546570812032e+00
-2.041389384684785924e+00
8.666275689699562967e-01
3.350959933350497355e+00
4.015374402894130945e+00
2.474703169169763850e+00
-4.333137844849781484e-01
-3.081342467448733302e+00
-4.005745207683353293e+00
-2.686545463806864209e+00
1.059211473185502073e-01
2.802095806336192041e+00
3.870936474732471044e+00
2.696174659017641417e+00
-6.740436647544104098e-02
-2.888758563233187360e+00
-4.198329111898899235e+00
-3.273926371664279245e+00
-6.451560791220785074e-01
2.195456508057222589e+00
3.639835789673816269e+00
2.869500172811632943e+00
2.985050515340960109e-01
-2.638399487752977723e+00
-4.313879454428226623e+00
-3.793902913046252934e+00
-1.386604110351929986e+00
1.550300428935143859e+00
3.350959933350497355e+00
2.994679710551737539e+00
6.740436647544103543e-01
-2.330265241008104393e+00
-4.333137844849781040e+00
-4.227216697531231304e+00
-2.089535360738672409e+00
8.762567641807335050e-01
2.994679710551737539e+00
3.062084077027178886e+00
1.039953082763947378e+00
-1.954726627787790161e+00
-4.256104283163562485e+00
-4.564238529908435815e+00
-2.734691439860750695e+00
2.022130994263231230e-01
2.599882706909868890e+00
3.090971662659510510e+00
1.396233305562707194e+00
-1.540671233724366651e+00
-4.073149574158794195e+00
-4.804968410177868243e+00
-3.312443152507388078e+00
-4.525721749065326760e-01
2.166568922424890520e+00
3.071713272237956094e+00
1.742884333150689802e+00
-1.068840668396279447e+00
-3.803532108257030142e+00
-4.920518752707195631e+00
-3.813161303467807350e+00
-1.088099058817833864e+00
1.704367552307580524e+00
3.004308905762514748e+00
2.070276970317117549e+00
-5.681225174358601748e-01
-3.437622690247493118e+00
-4.930147947917973283e+00
-4.207958307109675999e+00
-1.685109161886026108e+00
1.222907791768716113e+00
2.888758563233187360e+00
2.378411217061990879e+00
-2.888758563233187471e-02
-2.985050515340960331e+00
-4.824226800599422660e+00
-4.516092553854549330e+00
-2.233973288900331866e+00
7.414480312298514786e-01
2.744320635071527903e+00
2.648028682963755376e+00
5.199765413819736892e-01
-2.455444778748209433e+00
-4.593126115540767884e+00
-4.708676458070095272e+00
-2.715433049439196278e+00
2.696174659017641639e-01
2.561365926066759613e+00
2.888758563233187360e+00
1.078469863607056656e+00
-1.858434675680017190e+00
-4.265733478374340137e+00
-4.785710019756313827e+00
-3.119859248291842579e+00
-2.022130994263231230e-01
2.339894436218882046e+00
3.090971662659510510e+00
1.627333990621362192e+00
-1.213278596557938682e+00
-3.832419693889362211e+00
-4.756822434123981758e+00
-3.447251885458270326e+00
-6.451560791220785074e-01
2.099164555949449618e+00
3.245038786031947176e+00
2.166568922424890520e+00
-5.199765413819736892e-01
-3.302813957296610869e+00
-4.612384505962322301e+00
-3.697610960938479963e+00
-1.059211473185502017e+00
1.819917894836908134e+00
3.350959933350497355e+00
2.676916268596087001e+00
1.925839042155458314e-01
-2.705803854228419070e+00
-4.362025430482113109e+00
-3.851678084310916628e+00
-1.444379281616593680e+00
1.521412843302812012e+00
3.399105909404383841e+00
3.139117638713396996e+00
9.051443498130653520e-01
-2.041389384684785924e+00
-4.025003598104907709e+00
-3.928711645997134738e+00
-1.791030309204576287e+00
1.203649401347161474e+00
3.379847518982829424e+00
3.543543837566043297e+00
1.608075600199807775e+00
-1.328828939087266292e+00
-3.601319008830706991e+00
-3.919082450786357530e+00
-2.099164555949449618e+00
8.569983737591789774e-01
3.312443152507388078e+00
3.890194865154025905e+00
2.282119264954217908e+00
-5.873809078574148135e-01
-3.100600857870287719e+00
-3.832419693889362211e+00
-2.359152826640436462e+00
5.007181509604191616e-01
3.168005224345729065e+00
4.150183135845012750e+00
2.908016953654742220e+00
1.636963185832139567e-01
-2.542107535645205196e+00
-3.668723375306147894e+00
-2.570995121277536821e+00
1.348087329508820820e-01
2.956162929708628706e+00
4.323508649639004275e+00
3.476139471090602395e+00
9.051443498130653520e-01
-1.935468237366235522e+00
-3.437622690247493118e+00
-2.744320635071527903e+00
-2.407298802694322892e-01
2.686545463806864209e+00
4.410171406535999594e+00
3.967228426840244015e+00
1.617704795410584984e+00
-1.299941353454934445e+00
-3.148746833924174204e+00
-2.869500172811632943e+00
-6.162684934897466604e-01
2.359152826640436462e+00
4.390913016114445178e+00
4.362025430482113109e+00
2.291748460164995560e+00
-6.547852743328558267e-01
-2.802095806336192041e+00
-2.946533734497851054e+00
-1.001436301920838323e+00
1.964355822998567369e+00
4.275362673585117790e+00
4.660530482016208786e+00
2.898387758443964568e+00
-0.000000000000000000e+00
-2.416927997905100156e+00
-2.985050515340960331e+00
-1.376974915141152778e+00
1.511783648092034804e+00
4.063520378948017431e+00
4.853114386231754729e+00
3.437622690247493118e+00
6.258976887005239798e-01
-2.002872603841676646e+00
-2.975421320130183123e+00
-1.733255137939912593e+00
1.020694692342392962e+00
3.755386132203143656e+00
4.930147947917973283e+00
3.890194865154025905e+00
1.222907791768716113e+00
-1.569558819356698498e+00
-2.927275344076296637e+00
-2.079906165527894757e+00
4.910889557496418423e-01
3.350959933350497355e+00
4.882001971864086798e+00
4.246475087952785721e+00
1.781401113993798857e+00
-1.126615839660943141e+00
-2.840612587179300874e+00
-2.407298802694322948e+00
-6.740436647544104098e-02
2.859870977600855735e+00
4.727934848491650577e+00
4.496834163432994913e+00
2.282119264954217908e+00
-6.740436647544103543e-01
-2.705803854228419070e+00
-2.696174659017641417e+00
-6.451560791220785074e-01
2.291748460164995560e+00
4.458317382589886080e+00
4.641272091594654370e+00
2.715433049439196278e+00
-2.214714898478777061e-01
-2.542107535645205196e+00
-2.956162929708628706e+00
-1.222907791768716113e+00
1.665850771464471469e+00
4.082778769369571847e+00
4.670159677226986439e+00
3.081342467448733302e+00
2.118422946371004145e-01
-2.349523631429659254e+00
-3.168005224345729065e+00
-1.791030309204576287e+00
9.918071067100610039e-01
3.620577399252261408e+00
4.593126115540767884e+00
3.370218323772052216e+00
6.258976887005239798e-01
-2.118422946371004034e+00
-3.331701542928942938e+00
-2.330265241008104393e+00
2.888758563233187471e-01
3.062084077027178886e+00
4.419800601746777247e+00
3.582060618409152575e+00
1.011065497131615532e+00
-1.858434675680017190e+00
-3.437622690247493118e+00
-2.840612587179300874e+00
-4.333137844849781484e-01
2.436186388326654573e+00
4.140553940634235097e+00
3.707240156149257171e+00
1.367345719930375347e+00
-1.569558819356698498e+00
-3.485768666301379604e+00
-3.302813957296610869e+00
-1.145874230082497780e+00
1.762142723572244440e+00
3.774644522624698517e+00
3.755386132203143656e+00
1.694738357096803316e+00
-1.261424572611825168e+00
-3.466510275879825187e+00
-3.697610960938479963e+00
-1.848805480469239981e+00
1.049582277974724809e+00
3.331701542928942938e+00
3.726498546570812032e+00
1.983614213420122008e+00
-9.244027402346199906e-01
-3.379847518982829424e+00
-4.025003598104907709e+00
-2.503590754802095919e+00
3.081342467448733302e-01
2.830983391968523666e+00
3.620577399252261408e+00
2.233973288900331866e+00
-5.681225174358601748e-01
-3.225780395610392759e+00
-4.265733478374340137e+00
-3.110230053081065371e+00
-4.236845892742008290e-01
2.272490069743440699e+00
3.456881080669047535e+00
2.445815583537432225e+00
-1.925839042155458314e-01
-3.004308905762514748e+00
-4.410171406535999594e+00
-3.649464984884593477e+00
-1.145874230082497780e+00
1.675479966675248678e+00
3.225780395610392759e+00
2.619141097331423307e+00
1.829547090047685398e-01
-2.715433049439196278e+00
-4.467946577800663732e+00
-4.102037159791126264e+00
-1.829547090047685343e+00
1.059211473185502017e+00
2.936904539287073845e+00
2.744320635071527903e+00
5.777517126466374942e-01
-2.359152826640436462e+00
-4.419800601746777247e+00
-4.458317382589886080e+00
-2.465073973958986642e+00
4.333137844849781484e-01
2.609511902120646099e+00
2.830983391968523666e+00
9.725487162885064762e-01
-1.935468237366235522e+00
-4.265733478374340137e+00
-4.708676458070095272e+00
-3.033196491394846817e+00
-1.733255137939912482e-01
2.253231679321886283e+00
2.879129368022410151e+00
1.357716524719598139e+00
-1.463637672038148319e+00
-4.005745207683353293e+00
-4.853114386231754729e+00
-3.524285447144488881e+00
-7.703356168621833255e-01
1.858434675680017190e+00
2.888758563233187360e+00
1.742884333150689802e+00
-9.436611306561746293e-01
-3.659094180095370685e+00
-4.882001971864086798e+00
-3.919082450786357530e+00
-1.328828939087266292e+00
1.454008476827371110e+00
2.859870977600855735e+00
2.099164555949449618e+00
-3.947970036418689821e-01
-3.216151200399615551e+00
-4.785710019756313827e+00
-4.227216697531231304e+00
-1.839176285258462773e+00
1.039953082763947378e+00
2.792466611125414389e+00
2.436186388326654573e+00
1.925839042155458314e-01
-2.696174659017641417e+00
-4.583496920329991120e+00
-4.429429796957554011e+00
-2.291748460164995560e+00
6.162684934897466604e-01
2.686545463806864209e+00
2.744320635071527903e+00
7.799648120729606449e-01
-2.099164555949449618e+00
-4.275362673585117790e+00
-4.516092553854549330e+00
-2.686545463806864209e+00
2.022130994263231230e-01
2.542107535645205196e+00
3.013938100973292400e+00
1.376974915141152778e+00
-1.454008476827371110e+00
-3.870936474732471044e+00
-4.506463358643772565e+00
-3.004308905762514748e+00
-1.925839042155458314e-01
2.359152826640436462e+00
3.235409590821169967e+00
1.945097432577012952e+00
-7.607064216514060062e-01
-3.370218323772052216e+00
-4.390913016114445178e+00
-3.254667981242724384e+00
-5.777517126466374942e-01
2.147310532003336103e+00
3.399105909404383841e+00
2.493961559591318711e+00
-4.814597605388645785e-02
-2.792466611125414389e+00
-4.188699916688121583e+00
-3.427993495036715910e+00
-9.436611306561746293e-01
1.896951456523126467e+00
3.514656251933711228e+00
3.004308905762514748e+00
6.740436647544103543e-01
-2.156939727214113312e+00
-3.880565669943248697e+00
-3.533914642355266089e+00
-1.280682963033379806e+00
1.617704795410584984e+00
3.553173032776820506e+00
3.456881080669047535e+00
1.386604110351929986e+00
-1.473266867248925527e+00
-3.505027056722934020e+00
-3.553173032776820506e+00
-1.588817209778253137e+00
1.319199743876488862e+00
3.533914642355266089e+00
3.832419693889362211e+00
2.070276970317117549e+00
-7.607064216514060062e-01
-3.052454881816401233e+00
-3.505027056722934020e+00
-1.858434675680017190e+00
9.821779114992836845e-01
3.437622690247493118e+00
4.130924745423458333e+00
2.705803854228419070e+00
-3.851678084310916628e-02
-2.551736730855982405e+00
-3.399105909404383841e+00
-2.099164555949449618e+00
6.258976887005239798e-01
3.264297176453502036e+00
4.352396235271335456e+00
3.283555566875056453e+00
6.740436647544103543e-01
-2.002872603841676646e+00
-3.225780395610392759e+00
-2.311006850586549977e+00
2.503590754802095808e-01
3.023567296184069608e+00
4.467946577800663732e+00
3.784273717835475725e+00
1.357716524719598139e+00
-1.425120891195039263e+00
-3.004308905762514748e+00
-2.484332364380541058e+00
-1.444379281616593735e-01
2.705803854228419070e+00
4.477575773011440496e+00
4.188699916688121583e+00
2.012501799052453855e+00
-8.377399833376243388e-01
-2.734691439860750695e+00
-2.619141097331423307e+00
-5.488641270143056472e-01
2.320636045797327185e+00
4.390913016114445178e+00
4.506463358643772565e+00
2.599882706909868890e+00
-2.407298802694322892e-01
-2.426557193115877364e+00
-2.715433049439196278e+00
-9.532903258669518376e-01
1.877693066101571828e+00
4.198329111898899235e+00
4.708676458070095272e+00
3.119859248291842579e+00
3.273926371664279134e-01
-2.089535360738672409e+00
-2.782837415914637180e+00
-1.357716524719598139e+00
1.386604110351929986e+00
3.909453255575580322e+00
4.795339214967091479e+00
3.553173032776820506e+00
8.762567641807335050e-01
-1.733255137939912593e+00
-2.811725001546969249e+00
-1.752513528361467010e+00
8.473691785484016581e-01
3.524285447144488881e+00
4.776080824545536174e+00
3.909453255575580322e+00
1.396233305562707194e+00
-1.357716524719598139e+00
-2.792466611125414389e+00
-2.128052141581781243e+00
2.696174659017641639e-01
3.042825686605624025e+00
4.641272091594654370e+00
4.159812331055789514e+00
1.858434675680017190e+00
-9.725487162885064762e-01
-2.744320635071527903e+00
-2.484332364380541058e+00
-3.273926371664279134e-01
2.493961559591318711e+00
4.400542211325221942e+00
4.304250259217448971e+00
2.262860874532663491e+00
-5.873809078574148135e-01
-2.657657878174532584e+00
-2.802095806336192041e+00
-9.340319354453973100e-01
1.877693066101571828e+00
4.053891183737239778e+00
4.352396235271335456e+00
2.609511902120646099e+00
-2.118422946371004145e-01
-2.532478340434427544e+00
-3.071713272237956094e+00
-1.531042038513589443e+00
1.213278596557938682e+00
3.610948204041484200e+00
4.304250259217448971e+00
2.898387758443964568e+00
1.636963185832139567e-01
-2.378411217061990879e+00
-3.302813957296610869e+00
-2.108793751160226826e+00
5.103473461711964809e-01
3.090971662659510510e+00
4.159812331055789514e+00
3.110230053081065371e+00
5.199765413819736892e-01
-2.176198117635667728e+00
-3.466510275879825187e+00
-2.657657878174532584e+00
-2.022130994263231230e-01
2.503590754802095919e+00
3.919082450786357530e+00
3.254667981242724384e+00
8.569983737591789774e-01
-1.935468237366235522e+00
-3.572431423198375366e+00
-3.148746833924174204e+00
-9.147735450238426713e-01
1.858434675680017190e+00
3.601319008830706991e+00
3.322072347718165730e+00
1.165132620504052197e+00
-1.665850771464471469e+00
-3.610948204041484200e+00
-3.582060618409152575e+00
-1.608075600199807775e+00
1.174761815714829627e+00
3.216151200399615551e+00
3.331701542928942938e+00
1.463637672038148319e+00
-1.367345719930375347e+00
-3.572431423198375366e+00
-3.938340841207912391e+00
-2.272490069743440699e+00
4.814597605388645785e-01
2.763579025493082764e+00
3.273926371664279245e+00
1.723625942729135163e+00
-1.030323887553170170e+00
-3.466510275879825187e+00
-4.217587502320453652e+00
-2.879129368022410151e+00
-2.118422946371004145e-01
2.262860874532663491e+00
3.168005224345729065e+00
1.964355822998567369e+00
-6.740436647544103543e-01
-3.273926371664279245e+00
-4.390913016114445178e+00
-3.418364299825938701e+00
-8.955151546022881437e-01
1.733255137939912593e+00
3.004308905762514748e+00
2.176198117635667728e+00
-2.888758563233187471e-01
-3.004308905762514748e+00
-4.477575773011440496e+00
-3.870936474732471044e+00
-1.550300428935143859e+00
1.184391010925606835e+00
2.792466611125414389e+00
2.349523631429659254e+00
1.155503425293274988e-01
-2.667287073385309792e+00
-4.458317382589886080e+00
-4.236845892742008068e+00
-2.147310532003336103e+00
6.258976887005239798e-01
2.532478340434427544e+00
2.503590754802095919e+00
5.296057365927510086e-01
-2.262860874532663491e+00
-4.323508649639004275e+00
-4.496834163432994913e+00
-2.696174659017641417e+00
7.703356168621833255e-02
2.253231679321886283e+00
2.609511902120646099e+00
9.532903258669518376e-01
-1.800659504415353496e+00
-4.092407964580348612e+00
-4.650901286805432022e+00
-3.158376029134951857e+00
-4.525721749065326760e-01
1.945097432577012952e+00
2.696174659017641417e+00
1.367345719930375347e+00
-1.280682963033379806e+00
-3.765015327413920865e+00
-4.699047262859318508e+00
-3.543543837566043297e+00
-9.532903258669518376e-01
1.617704795410584984e+00
2.734691439860750695e+00
1.781401113993798857e+00
-7.221896408082968399e-01
-3.341330738139720147e+00
-4.631642896383877606e+00
-3.842048889100139419e+00
-1.425120891195039263e+00
1.271053767822602598e+00
2.744320635071527903e+00
2.166568922424890520e+00
-1.251795377401047904e-01
-2.840612587179300874e+00
-4.448688187379108427e+00
-4.044261988526462126e+00
-1.839176285258462773e+00
9.244027402346199906e-01
2.715433049439196278e+00
2.522849145223650336e+00
4.814597605388645785e-01
-2.262860874532663491e+00
-4.169441526266567166e+00
-4.140553940634235097e+00
-2.205085703267999797e+00
5.777517126466374942e-01
2.648028682963755376e+00
2.850241782390078527e+00
1.097728254028611294e+00
-1.636963185832139622e+00
-3.784273717835475725e+00
-4.150183135845012750e+00
-2.503590754802095919e+00
2.311006850586549977e-01
2.542107535645205196e+00
3.129488443502619788e+00
1.694738357096803316e+00
-9.629195210777291569e-01
-3.322072347718165730e+00
-4.063520378948017431e+00
-2.753949830282305555e+00
-1.059211473185502073e-01
2.388040412272768087e+00
3.360589128561274563e+00
2.262860874532663491e+00
-2.599882706909868446e-01
-2.782837415914637180e+00
-3.890194865154025905e+00
-2.927275344076296637e+00
-4.333137844849781484e-01
2.205085703267999797e+00
3.524285447144488881e+00
2.802095806336192041e+00
4.525721749065326760e-01
-2.195456508057222589e+00
-3.630206594463039060e+00
-3.042825686605624025e+00
-7.510772264406286869e-01
1.973985018209344799e+00
3.620577399252261408e+00
3.273926371664279245e+00
1.145874230082497780e+00
-1.550300428935143859e+00
-3.302813957296610869e+00
-3.100600857870287719e+00
-1.049582277974724809e+00
1.704367552307580524e+00
3.649464984884593477e+00
3.687981765727702754e+00
1.819917894836908134e+00
-8.858859593915108244e-01
-2.908016953654742220e+00
-3.100600857870287719e+00
-1.328828939087266292e+00
1.405862500773484625e+00
3.591689813619929783e+00
4.015374402894130945e+00
2.445815583537432225e+00
-2.118422946371004145e-01
-2.465073973958986642e+00
-3.033196491394846817e+00
-1.588817209778253137e+00
1.068840668396279447e+00
3.466510275879825187e+00
4.256104283163562485e+00
3.013938100973292400e+00
4.525721749065326760e-01
-1.983614213420122008e+00
-2.927275344076296637e+00
-1.829547090047685343e+00
7.029312503867423123e-01
3.254667981242724384e+00
4.400542211325221942e+00
3.514656251933711228e+00
1.097728254028611294e+00
-1.482896062459702957e+00
-2.773208220703859972e+00
-2.041389384684785924e+00
3.081342467448733302e-01
2.965792124919405914e+00
4.439058992168331663e+00
3.919082450786357530e+00
1.704367552307580524e+00
-9.629195210777291569e-01
-2.580624316488314030e+00
-2.224344093689554214e+00
-1.059211473185502073e-01
2.599882706909868890e+00
4.381283820903667525e+00
4.236845892742008068e+00
2.253231679321886283e+00
-4.429429796957554122e-01
-2.349523631429659254e+00
-2.388040412272768087e+00
-5.296057365927510086e-01
2.176198117635667728e+00
4.217587502320453652e+00
4.448688187379108427e+00
2.744320635071527903e+00
5.777517126466374942e-02
-2.089535360738672409e+00
-2.513219950012873127e+00
-9.629195210777291569e-01
1.685109161886026108e+00
3.947970036418689599e+00
4.554609334697659051e+00
3.158376029134951857e+00
5.488641270143056472e-01
-1.819917894836908134e+00
-2.609511902120646099e+00
-1.396233305562707194e+00
1.145874230082497780e+00
3.582060618409152575e+00
4.544980139486881399e+00
3.485768666301379604e+00
1.001436301920838323e+00
-1.521412843302812012e+00
-2.667287073385309792e+00
-1.810288699626130704e+00
5.681225174358601748e-01
3.129488443502619788e+00
4.429429796957554011e+00
3.726498546570812032e+00
1.415491695984261833e+00
-1.213278596557938682e+00
-2.696174659017641417e+00
-2.205085703267999797e+00
-2.888758563233187471e-02
2.599882706909868890e+00
4.207958307109675999e+00
3.880565669943248697e+00
1.791030309204576287e+00
-9.051443498130653520e-01
-2.686545463806864209e+00
-2.580624316488314030e+00
-6.451560791220785074e-01
2.012501799052453855e+00
3.899824060364803113e+00
3.938340841207912391e+00
2.108793751160226826e+00
-5.873809078574148135e-01
-2.628770292542200515e+00
-2.908016953654742220e+00
-1.261424572611825168e+00
1.367345719930375347e+00
3.495397861512156812e+00
3.909453255575580322e+00
2.368782021851213671e+00
-2.696174659017641639e-01
-2.542107535645205196e+00
-3.187263614767283482e+00
-1.848805480469239981e+00
6.933020551759649930e-01
3.013938100973292400e+00
3.784273717835475725e+00
2.580624316488314030e+00
3.851678084310916628e-02
-2.407298802694322948e+00
-3.408735104615161049e+00
-2.416927997905100156e+00
0.000000000000000000e+00
2.465073973958986642e+00
3.591689813619929783e+00
2.725062244649973486e+00
3.466510275879824965e-01
-2.224344093689554214e+00
-3.562802227987597714e+00
-2.927275344076296637e+00
-6.933020551759649930e-01
1.877693066101571828e+00
3.322072347718165730e+00
2.821354196757746458e+00
6.451560791220785074e-01
-2.002872603841676646e+00
-3.649464984884593477e+00
-3.379847518982829424e+00
-1.367345719930375347e+00
1.251795377401047960e+00
2.985050515340960331e+00
2.859870977600855735e+00
9.244027402346199906e-01
-1.742884333150689802e+00
-3.659094180095370685e+00
-3.765015327413920865e+00
-2.012501799052453855e+00
6.066392982789693411e-01
2.599882706909868890e+00
2.850241782390078527e+00
1.203649401347161474e+00
-1.434750086405816472e+00
-3.582060618409152575e+00
-4.053891183737239778e+00
-2.599882706909868890e+00
-3.851678084310916628e-02
2.176198117635667728e+00
2.792466611125414389e+00
1.454008476827371110e+00
-1.088099058817833864e+00
-3.427993495036715910e+00
-4.256104283163562485e+00
-3.119859248291842579e+00
-6.644144695436331460e-01
1.723625942729135163e+00
2.686545463806864209e+00
1.694738357096803316e+00
-7.221896408082968399e-01
-3.196892809978060690e+00
-4.362025430482113109e+00
-3.572431423198375366e+00
-1.261424572611825168e+00
1.242166182190270529e+00
2.551736730855982405e+00
1.906580651733903675e+00
-3.177634419556506495e-01
-2.888758563233187360e+00
-4.362025430482113109e+00
-3.928711645997134738e+00
-1.819917894836908134e+00
7.607064216514060062e-01
2.378411217061990879e+00
2.108793751160226826e+00
1.059211473185502073e-01
-2.503590754802095919e+00
-4.265733478374340137e+00
-4.188699916688121583e+00
-2.320636045797327185e+00
2.888758563233187471e-01
2.176198117635667728e+00
2.282119264954217908e+00
5.392349318035283279e-01
-2.051018579895563132e+00
-4.063520378948017431e+00
-4.342767040060558692e+00
-2.753949830282305555e+00
-1.733255137939912482e-01
1.945097432577012952e+00
2.426557193115877364e+00
9.821779114992836845e-01
-1.550300428935143859e+00
-3.755386132203143656e+00
-4.400542211325221942e+00
-3.110230053081065371e+00
-6.066392982789693411e-01
1.704367552307580524e+00
2.532478340434427544e+00
1.425120891195039263e+00
-9.918071067100610039e-01
-3.360589128561274563e+00
-4.342767040060558692e+00
-3.379847518982829424e+00
-1.011065497131615532e+00
1.444379281616593680e+00
2.619141097331423307e+00
1.848805480469239981e+00
-4.044261988526462459e-01
-2.888758563233187360e+00
-4.188699916688121583e+00
-3.572431423198375366e+00
-1.376974915141152778e+00
1.174761815714829627e+00
2.657657878174532584e+00
2.253231679321886283e+00
2.022130994263231230e-01
-2.339894436218882046e+00
-3.928711645997134738e+00
-3.678352570516925546e+00
-1.704367552307580524e+00
8.955151546022881437e-01
2.657657878174532584e+00
2.628770292542200515e+00
8.184815929160698111e-01
-1.733255137939912593e+00
-3.591689813619929783e+00
-3.697610960938479963e+00
-1.973985018209344799e+00
6.066392982789693411e-01
2.619141097331423307e+00
2.946533734497851054e+00
1.425120891195039263e+00
-1.097728254028611294e+00
-3.168005224345729065e+00
-3.630206594463039060e+00
-2.205085703267999797e+00
3.177634419556506495e-01
2.542107535645205196e+00
3.225780395610392759e+00
2.002872603841676646e+00
-4.236845892742008290e-01
-2.676916268596087001e+00
-3.485768666301379604e+00
-2.378411217061990879e+00
3.851678084310916628e-02
2.416927997905100156e+00
3.437622690247493118e+00
2.542107535645205196e+00
2.503590754802095808e-01
-2.137681336792558895e+00
-3.273926371664279245e+00
-2.503590754802095919e+00
-2.503590754802095808e-01
2.243602484111109074e+00
3.582060618409152575e+00
3.033196491394846817e+00
9.244027402346199906e-01
-1.559929624145921290e+00
-2.994679710551737539e+00
-2.580624316488314030e+00
-5.296057365927510086e-01
2.022130994263231063e+00
3.649464984884593477e+00
3.456881080669047535e+00
1.569558819356698498e+00
-9.532903258669518376e-01
-2.667287073385309792e+00
-2.609511902120646099e+00
-7.992232024945151725e-01
1.752513528361467010e+00
3.639835789673816269e+00
3.803532108257030142e+00
2.166568922424890520e+00
-3.370218323772051772e-01
-2.291748460164995560e+00
-2.599882706909868890e+00
-1.068840668396279447e+00
1.444379281616593680e+00
3.543543837566043297e+00
4.063520378948017431e+00
2.715433049439196278e+00
2.696174659017641639e-01
-1.887322261312349259e+00
-2.542107535645205196e+00
-1.319199743876488862e+00
1.097728254028611294e+00
3.370218323772052216e+00
4.217587502320453652e+00
3.187263614767283482e+00
8.473691785484016581e-01
-1.463637672038148319e+00
-2.455444778748209433e+00
-1.569558819356698498e+00
7.221896408082968399e-01
3.110230053081065371e+00
4.284991868795894554e+00
3.582060618409152575e+00
1.396233305562707194e+00
-1.030323887553170170e+00
-2.339894436218882046e+00
-1.791030309204576287e+00
3.081342467448733302e-01
2.782837415914637180e+00
4.246475087952785721e+00
3.880565669943248697e+00
1.896951456523126467e+00
-5.873809078574148135e-01
-2.185827312846445381e+00
-1.993243408630899438e+00
-1.251795377401047904e-01
2.378411217061990879e+00
4.102037159791126264e+00
4.092407964580348612e+00
2.339894436218882046e+00
-1.636963185832139567e-01
-2.012501799052453855e+00
-2.185827312846445381e+00
-5.681225174358601748e-01
1.906580651733903675e+00
3.861307279521693836e+00
4.188699916688121583e+00
2.715433049439196278e+00
2.503590754802095808e-01
-1.819917894836908134e+00
-2.339894436218882046e+00
-1.020694692342392962e+00
1.386604110351929986e+00
3.524285447144488881e+00
4.198329111898899235e+00
3.013938100973292400e+00
6.355268839113012991e-01
-1.608075600199807775e+00
-2.465073973958986642e+00
-1.473266867248925527e+00
8.184815929160698111e-01
3.110230053081065371e+00
4.102037159791126264e+00
3.235409590821169967e+00
9.918071067100610039e-01
-1.386604110351929986e+00
-2.561365926066759613e+00
-1.896951456523126467e+00
2.311006850586549977e-01
2.609511902120646099e+00
3.909453255575580322e+00
3.370218323772052216e+00
1.309570548665711653e+00
-1.145874230082497780e+00
-2.619141097331423307e+00
-2.301377655375772768e+00
-3.851678084310916628e-01
2.051018579895563132e+00
3.620577399252261408e+00
3.437622690247493118e+00
1.588817209778253137e+00
-9.051443498130653520e-01
-2.638399487752977723e+00
-2.667287073385309792e+00
-9.918071067100610039e-01
1.444379281616593680e+00
3.264297176453502036e+00
3.418364299825938701e+00
1.819917894836908134e+00
-6.451560791220785074e-01
-2.609511902120646099e+00
-2.985050515340960331e+00
-1.579188014567475928e+00
8.088523977052924918e-01
2.830983391968523666e+00
3.322072347718165730e+00
2.012501799052453855e+00
-3.851678084310916628e-01
-2.542107535645205196e+00
-3.254667981242724384e+00
-2.137681336792558895e+00
1.540671233724366651e-01
2.339894436218882046e+00
3.168005224345729065e+00
2.156939727214113312e+00
-1.251795377401047904e-01
-2.416927997905100156e+00
-3.447251885458270326e+00
-2.657657878174532584e+00
-5.007181509604191616e-01
1.800659504415353496e+00
2.946533734497851054e+00
2.272490069743440699e+00
1.444379281616593735e-01
-2.243602484111109074e+00
-3.582060618409152575e+00
-3.119859248291842579e+00
-1.136245034871720350e+00
1.242166182190270529e+00
2.667287073385309792e+00
2.330265241008104393e+00
4.140553940634235097e-01
-2.022130994263231063e+00
-3.630206594463039060e+00
-3.505027056722934020e+00
-1.733255137939912593e+00
6.644144695436331460e-01
2.349523631429659254e+00
2.359152826640436462e+00
6.836728599651876737e-01
-1.752513528361467010e+00
-3.591689813619929783e+00
-3.803532108257030142e+00
-2.291748460164995560e+00
9.629195210777291569e-02
2.002872603841676646e+00
2.349523631429659254e+00
9.436611306561746293e-01
-1.444379281616593680e+00
-3.476139471090602395e+00
-4.025003598104907709e+00
-2.782837415914637180e+00
-4.718305653280873146e-01
1.627333990621362192e+00
2.311006850586549977e+00
1.194020206136384044e+00
-1.088099058817833864e+00
-3.273926371664279245e+00
-4.140553940634235097e+00
-3.206522005188837898e+00
-1.001436301920838323e+00
1.232536986979493321e+00
2.233973288900331866e+00
1.444379281616593680e+00
-7.029312503867423123e-01
-2.994679710551737539e+00
-4.159812331055789514e+00
-3.543543837566043297e+00
-1.492525257670480165e+00
8.377399833376243388e-01
2.137681336792558895e+00
1.685109161886026108e+00
-2.792466611125414833e-01
-2.638399487752977723e+00
-4.082778769369571847e+00
-3.793902913046252934e+00
-1.935468237366235522e+00
4.429429796957554122e-01
2.012501799052453855e+00
1.896951456523126467e+00
1.636963185832139567e-01
-2.214714898478777005e+00
-3.899824060364803113e+00
-3.938340841207912391e+00
-2.320636045797327185e+00
6.740436647544104098e-02
1.877693066101571828e+00
2.099164555949449618e+00
6.162684934897466604e-01
-1.733255137939912593e+00
-3.620577399252261408e+00
-3.996116012472576084e+00
-2.628770292542200515e+00
-2.888758563233187471e-01
1.713996747518357955e+00
2.272490069743440699e+00
1.068840668396279447e+00
-1.203649401347161474e+00
-3.264297176453502036e+00
-3.947970036418689599e+00
-2.879129368022410151e+00
-6.258976887005239798e-01
1.540671233724366651e+00
2.416927997905100156e+00
1.521412843302812012e+00
-6.258976887005239798e-01
-2.821354196757746458e+00
-3.813161303467807350e+00
-3.042825686605624025e+00
-9.340319354453973100e-01
1.348087329508820709e+00
2.522849145223650336e+00
1.954726627787790161e+00
-3.851678084310916628e-02
-2.311006850586549977e+00
-3.591689813619929783e+00
-3.139117638713396996e+00
-1.203649401347161474e+00
1.136245034871720350e+00
2.590253511699091238e+00
2.349523631429659254e+00
5.584933222250829665e-01
-1.752513528361467010e+00
-3.283555566875056453e+00
-3.158376029134951857e+00
-1.444379281616593680e+00
9.244027402346199906e-01
2.619141097331423307e+00
2.705803854228419070e+00
1.155503425293274988e+00
-1.155503425293274988e+00
-2.908016953654742220e+00
-3.110230053081065371e+00
-1.646592381042916831e+00
6.933020551759649930e-01
2.599882706909868890e+00
3.013938100973292400e+00
1.733255137939912593e+00
-5.296057365927510086e-01
-2.474703169169763850e+00
-3.004308905762514748e+00
-1.800659504415353496e+00
4.622013701173099953e-01
2.532478340434427544e+00
3.264297176453502036e+00
2.262860874532663491e+00
1.059211473185502073e-01
-1.993243408630899438e+00
-2.830983391968523666e+00
-1.935468237366235522e+00
2.118422946371004145e-01
2.407298802694322948e+00
3.447251885458270326e+00
2.744320635071527903e+00
7.221896408082968399e-01
-1.473266867248925527e+00
-2.609511902120646099e+00
-2.022130994263231063e+00
-3.851678084310916628e-02
2.233973288900331866e+00
3.553173032776820506e+00
3.168005224345729065e+00
1.319199743876488862e+00
-9.436611306561746293e-01
-2.339894436218882046e+00
-2.079906165527894757e+00
-2.985050515340960109e-01
2.012501799052453855e+00
3.572431423198375366e+00
3.514656251933711228e+00
1.877693066101571828e+00
-4.044261988526462459e-01
-2.041389384684785924e+00
-2.108793751160226826e+00
-5.584933222250829665e-01
1.742884333150689802e+00
3.514656251933711228e+00
3.774644522624698517e+00
2.378411217061990879e+00
1.251795377401047904e-01
-1.713996747518357955e+00
-2.108793751160226826e+00
-8.281107881268470194e-01
1.425120891195039263e+00
3.370218323772052216e+00
3.947970036418689599e+00
2.821354196757746458e+00
6.355268839113012991e-01
-1.376974915141152778e+00
-2.079906165527894757e+00
-1.088099058817833864e+00
1.059211473185502017e+00
3.148746833924174204e+00
4.015374402894130945e+00
3.187263614767283482e+00
1.116986644450165933e+00
-1.020694692342392962e+00
-2.031760189474008715e+00
-1.338458134298043500e+00
6.644144695436331460e-01
2.850241782390078527e+00
3.996116012472576084e+00
3.466510275879825187e+00
1.550300428935143859e+00
-6.740436647544103543e-01
-1.954726627787790161e+00
-1.579188014567475928e+00
2.311006850586549977e-01
2.474703169169763850e+00
3.870936474732471044e+00
3.649464984884593477e+00
1.925839042155458314e+00
-3.273926371664279134e-01
-1.868063870890794620e+00
-1.810288699626130704e+00
-2.118422946371004145e-01
2.031760189474008715e+00
3.659094180095370685e+00
3.745756936992366448e+00
2.253231679321886283e+00
-0.000000000000000000e+00
-1.752513528361467010e+00
-2.022130994263231063e+00
-6.740436647544103543e-01
1.531042038513589443e+00
3.350959933350497355e+00
3.755386132203143656e+00
2.503590754802095919e+00
3.081342467448733302e-01
-1.627333990621362192e+00
-2.205085703267999797e+00
-1.126615839660943141e+00
9.918071067100610039e-01
2.965792124919405914e+00
3.668723375306147894e+00
2.696174659017641417e+00
5.873809078574148135e-01
-1.482896062459702957e+00
-2.359152826640436462e+00
-1.579188014567475928e+00
4.236845892742008290e-01
2.513219950012873127e+00
3.495397861512156812e+00
2.821354196757746458e+00
8.473691785484016581e-01
-1.319199743876488862e+00
-2.484332364380541058e+00
-2.002872603841676646e+00
-1.540671233724366651e-01
2.002872603841676646e+00
3.245038786031947176e+00
2.879129368022410151e+00
1.078469863607056656e+00
-1.145874230082497780e+00
-2.561365926066759613e+00
-2.388040412272768087e+00
-7.414480312298514786e-01
1.444379281616593680e+00
2.927275344076296637e+00
2.859870977600855735e+00
1.280682963033379806e+00
-9.532903258669518376e-01
-2.599882706909868890e+00
-2.734691439860750695e+00
-1.319199743876488862e+00
8.569983737591789774e-01
2.542107535645205196e+00
2.792466611125414389e+00
1.444379281616593680e+00
-7.510772264406286869e-01
-2.580624316488314030e+00
-3.033196491394846817e+00
-1.858434675680017190e+00
2.503590754802095808e-01
2.118422946371004034e+00
2.667287073385309792e+00
1.588817209778253137e+00
-5.296057365927510086e-01
-2.513219950012873127e+00
-3.254667981242724384e+00
-2.359152826640436462e+00
-3.466510275879824965e-01
1.646592381042916831e+00
2.493961559591318711e+00
1.694738357096803316e+00
-2.985050515340960109e-01
-2.388040412272768087e+00
-3.418364299825938701e+00
-2.811725001546969249e+00
-9.340319354453973100e-01
1.155503425293274988e+00
2.272490069743440699e+00
1.781401113993798857e+00
-5.777517126466374942e-02
-2.214714898478777005e+00
-3.495397861512156812e+00
-3.187263614767283482e+00
-1.482896062459702957e+00
6.547852743328558267e-01
2.022130994263231063e+00
1.829547090047685343e+00
1.925839042155458314e-01
-1.983614213420122008e+00
-3.495397861512156812e+00
-3.485768666301379604e+00
-1.983614213420122008e+00
1.636963185832139567e-01
1.742884333150689802e+00
1.868063870890794620e+00
4.525721749065326760e-01
-1.704367552307580524e+00
-3.408735104615161049e+00
-3.707240156149257171e+00
-2.436186388326654573e+00
-3.177634419556506495e-01
1.454008476827371110e+00
1.877693066101571828e+00
7.221896408082968399e-01
-1.376974915141152778e+00
-3.235409590821169967e+00
-3.822790498678584559e+00
-2.811725001546969249e+00
-7.703356168621833255e-01
1.145874230082497780e+00
1.868063870890794620e+00
9.821779114992836845e-01
-1.011065497131615532e+00
-2.994679710551737539e+00
-3.851678084310916628e+00
-3.119859248291842579e+00
-1.194020206136384044e+00
8.377399833376243388e-01
1.839176285258462773e+00
1.242166182190270529e+00
-6.066392982789693411e-01
-2.667287073385309792e+00
-3.784273717835475725e+00
-3.331701542928942938e+00
-1.559929624145921290e+00
5.392349318035283279e-01
1.791030309204576287e+00
1.502154452881257374e+00
-1.733255137939912482e-01
-2.272490069743440699e+00
-3.630206594463039060e+00
-3.466510275879825187e+00
-1.877693066101571828e+00
2.503590754802095808e-01
1.733255137939912593e+00
1.742884333150689802e+00
2.792466611125414833e-01
-1.819917894836908134e+00
-3.379847518982829424e+00
-3.514656251933711228e+00
-2.147310532003336103e+00
-2.888758563233187471e-02
1.646592381042916831e+00
1.964355822998567369e+00
7.414480312298514786e-01
-1.319199743876488862e+00
-3.052454881816401233e+00
-3.476139471090602395e+00
-2.349523631429659254e+00
-2.888758563233187471e-01
1.550300428935143859e+00
2.156939727214113312e+00
1.194020206136384044e+00
-7.799648120729606449e-01
-2.648028682963755376e+00
-3.350959933350497355e+00
-2.484332364380541058e+00
-5.296057365927510086e-01
1.434750086405816472e+00
2.320636045797327185e+00
1.636963185832139622e+00
-2.214714898478777061e-01
-2.185827312846445381e+00
-3.158376029134951857e+00
-2.561365926066759613e+00
-7.414480312298514786e-01
1.309570548665711653e+00
2.445815583537432225e+00
2.051018579895563132e+00
3.562802227987598158e-01
-1.675479966675248678e+00
-2.888758563233187360e+00
-2.580624316488314030e+00
-9.340319354453973100e-01
1.155503425293274988e+00
2.532478340434427544e+00
2.426557193115877364e+00
9.147735450238426713e-01
-1.126615839660943141e+00
-2.551736730855982405e+00
-2.551736730855982405e+00
-1.097728254028611294e+00
9.918071067100610039e-01
2.570995121277536821e+00
2.753949830282305555e+00
1.463637672038148319e+00
-5.584933222250829665e-01
-2.176198117635667728e+00
-2.455444778748209433e+00
-1.242166182190270529e+00
8.088523977052924918e-01
2.551736730855982405e+00
3.023567296184069608e+00
1.973985018209344799e+00
9.629195210777291569e-03
-1.762142723572244440e+00
-2.320636045797327185e+00
-1.357716524719598139e+00
6.066392982789693411e-01
2.484332364380541058e+00
3.225780395610392759e+00
2.436186388326654573e+00
5.681225174358601748e-01
-1.319199743876488862e+00
-2.147310532003336103e+00
-1.454008476827371110e+00
3.851678084310916628e-01
2.359152826640436462e+00
3.360589128561274563e+00
2.840612587179300874e+00
1.107357449239388503e+00
-8.569983737591789774e-01
-1.945097432577012952e+00
-1.531042038513589443e+00
1.540671233724366651e-01
2.176198117635667728e+00
3.408735104615161049e+00
3.168005224345729065e+00
1.608075600199807775e+00
-4.044261988526462459e-01
-1.713996747518357955e+00
-1.588817209778253137e+00
-9.629195210777291569e-02
1.935468237366235522e+00
3.379847518982829424e+00
3.427993495036715910e+00
2.051018579895563132e+00
4.814597605388645785e-02
-1.463637672038148319e+00
-1.636963185832139622e+00
-3.562802227987598158e-01
1.646592381042916831e+00
3.264297176453502036e+00
3.591689813619929783e+00
2.445815583537432225e+00
4.718305653280873146e-01
-1.213278596557938682e+00
-1.665850771464471469e+00
-6.258976887005239798e-01
1.319199743876488862e+00
3.071713272237956094e+00
3.668723375306147894e+00
2.763579025493082764e+00
8.666275689699562967e-01
-9.436611306561746293e-01
-1.675479966675248678e+00
-8.955151546022881437e-01
9.340319354453973100e-01
2.802095806336192041e+00
3.649464984884593477e+00
3.004308905762514748e+00
1.222907791768716113e+00
-6.933020551759649930e-01
-1.665850771464471469e+00
-1.165132620504052197e+00
5.296057365927510086e-01
2.455444778748209433e+00
3.543543837566043297e+00
3.168005224345729065e+00
1.540671233724366651e+00
-4.333137844849781484e-01
-1.646592381042916831e+00
-1.434750086405816472e+00
8.666275689699562412e-02
2.051018579895563132e+00
3.350959933350497355e+00
3.245038786031947176e+00
1.800659504415353496e+00
-1.925839042155458314e-01
-1.617704795410584984e+00
-1.675479966675248678e+00
-3.562802227987598158e-01
1.588817209778253137e+00
3.071713272237956094e+00
3.245038786031947176e+00
2.002872603841676646e+00
3.851678084310916628e-02
-1.569558819356698498e+00
-1.906580651733903675e+00
-8.184815929160698111e-01
1.088099058817833864e+00
2.725062244649973486e+00
3.168005224345729065e+00
2.156939727214113312e+00
2.407298802694322892e-01
-1.502154452881257374e+00
-2.108793751160226826e+00
-1.261424572611825168e+00
5.584933222250829665e-01
2.311006850586549977e+00
3.013938100973292400e+00
2.243602484111109074e+00
4.333137844849781484e-01
-1.415491695984261833e+00
-2.282119264954217908e+00
-1.694738357096803316e+00
9.629195210777291569e-03
1.848805480469239981e+00
2.792466611125414389e+00
2.282119264954217908e+00
6.162684934897466604e-01
-1.309570548665711653e+00
-2.407298802694322948e+00
-2.089535360738672409e+00
-5.488641270143056472e-01
1.348087329508820709e+00
2.503590754802095919e+00
2.272490069743440699e+00
7.703356168621833255e-01
-1.184391010925606835e+00
-2.493961559591318711e+00
-2.445815583537432225e+00
-1.088099058817833864e+00
8.184815929160698111e-01
2.176198117635667728e+00
2.214714898478777005e+00
9.051443498130653520e-01
-1.039953082763947378e+00
-2.532478340434427544e+00
-2.753949830282305555e+00
-1.598446404989030345e+00
2.792466611125414833e-01
1.810288699626130704e+00
2.118422946371004034e+00
1.030323887553170170e+00
-8.666275689699562967e-01
-2.513219950012873127e+00
-2.994679710551737539e+00
-2.070276970317117549e+00
-2.503590754802095808e-01
1.415491695984261833e+00
1.983614213420122008e+00
1.126615839660943141e+00
-6.740436647544103543e-01
-2.436186388326654573e+00
-3.177634419556506273e+00
-2.484332364380541058e+00
-7.703356168621833255e-01
1.001436301920838323e+00
1.819917894836908134e+00
1.222907791768716113e+00
-4.622013701173099953e-01
-2.301377655375772768e+00
-3.273926371664279245e+00
-2.840612587179300874e+00
-1.251795377401047960e+00
5.777517126466374942e-01
1.636963185832139622e+00
1.299941353454934445e+00
-2.311006850586549977e-01
-2.118422946371004034e+00
-3.293184762085833661e+00
-3.119859248291842579e+00
-1.694738357096803316e+00
1.733255137939912482e-01
1.425120891195039263e+00
1.367345719930375347e+00
9.629195210777291569e-03
-1.868063870890794620e+00
-3.235409590821169967e+00
-3.322072347718165730e+00
-2.079906165527894757e+00
-2.214714898478777061e-01
1.213278596557938682e+00
1.415491695984261833e+00
2.792466611125414833e-01
-1.569558819356698498e+00
-3.100600857870287719e+00
-3.437622690247493118e+00
-2.407298802694322948e+00
-5.873809078574148135e-01
1.001436301920838323e+00
1.463637672038148319e+00
5.488641270143056472e-01
-1.232536986979493321e+00
-2.879129368022410151e+00
-3.466510275879825187e+00
-2.667287073385309792e+00
-9.244027402346199906e-01
7.799648120729606449e-01
1.492525257670480165e+00
8.281107881268470194e-01
-8.473691785484016581e-01
-2.590253511699091238e+00
-3.408735104615161049e+00
-2.850241782390078527e+00
-1.222907791768716113e+00
5.681225174358601748e-01
1.521412843302812012e+00
1.107357449239388503e+00
-4.333137844849781484e-01
-2.224344093689554214e+00
-3.264297176453502036e+00
-2.956162929708628706e+00
-1.473266867248925527e+00
3.659094180095370796e-01
1.521412843302812012e+00
1.376974915141152778e+00
0.000000000000000000e+00
-1.810288699626130704e+00
-3.042825686605624025e+00
-2.985050515340960331e+00
-1.675479966675248678e+00
1.733255137939912482e-01
1.521412843302812012e+00
1.627333990621362192e+00
4.525721749065326760e-01
-1.348087329508820709e+00
-2.744320635071527903e+00
-2.946533734497851054e+00
-1.829547090047685343e+00
-9.629195210777291569e-03
1.502154452881257374e+00
1.868063870890794620e+00
8.955151546022881437e-01
-8.473691785484016581e-01
-2.378411217061990879e+00
-2.830983391968523666e+00
-1.925839042155458314e+00
-1.733255137939912482e-01
1.454008476827371110e+00
2.070276970317117549e+00
1.328828939087266292e+00
-3.273926371664279134e-01
-1.964355822998567369e+00
-2.648028682963755376e+00
-1.983614213420122008e+00
-3.273926371664279134e-01
1.396233305562707194e+00
2.243602484111109074e+00
1.742884333150689802e+00
2.022130994263231230e-01
-1.511783648092034804e+00
-2.407298802694322948e+00
-1.993243408630899438e+00
-4.622013701173099953e-01
1.319199743876488862e+00
2.368782021851213671e+00
2.128052141581781243e+00
7.221896408082968399e-01
-1.020694692342392962e+00
-2.128052141581781243e+00
-1.954726627787790161e+00
-5.970101030681920218e-01
1.213278596557938682e+00
2.455444778748209433e+00
2.455444778748209433e+00
1.232536986979493321e+00
-5.199765413819736892e-01
-1.800659504415353496e+00
-1.887322261312349259e+00
-7.029312503867423123e-01
1.078469863607056656e+00
2.484332364380541058e+00
2.734691439860750695e+00
1.704367552307580524e+00
-1.925839042155458314e-02
-1.454008476827371110e+00
-1.781401113993798857e+00
-8.088523977052924918e-01
9.244027402346199906e-01
2.455444778748209433e+00
2.946533734497851054e+00
2.128052141581781243e+00
4.718305653280873146e-01
-1.078469863607056656e+00
-1.656221576253694039e+00
-9.051443498130653520e-01
7.414480312298514786e-01
2.378411217061990879e+00
3.090971662659510510e+00
2.503590754802095919e+00
9.340319354453973100e-01
-7.029312503867423123e-01
-1.502154452881257374e+00
-9.918071067100610039e-01
5.296057365927510086e-01
2.233973288900331866e+00
3.158376029134951857e+00
2.802095806336192041e+00
1.367345719930375347e+00
-3.370218323772051772e-01
-1.338458134298043500e+00
-1.078469863607056656e+00
2.985050515340960109e-01
2.031760189474008715e+00
3.148746833924174204e+00
3.033196491394846817e+00
1.742884333150689802e+00
2.888758563233187471e-02
-1.165132620504052197e+00
-1.155503425293274988e+00
5.777517126466374942e-02
1.781401113993798857e+00
3.062084077027178886e+00
3.177634419556506273e+00
2.070276970317117549e+00
3.659094180095370796e-01
-9.918071067100610039e-01
-1.222907791768716113e+00
-2.118422946371004145e-01
1.473266867248925527e+00
2.898387758443964568e+00
3.245038786031947176e+00
2.339894436218882046e+00
6.740436647544103543e-01
-8.088523977052924918e-01
-1.290312158244157015e+00
-4.910889557496418423e-01
1.126615839660943141e+00
2.657657878174532584e+00
3.235409590821169967e+00
2.532478340434427544e+00
9.436611306561746293e-01
-6.451560791220785074e-01
-1.348087329508820709e+00
-7.703356168621833255e-01
7.414480312298514786e-01
2.339894436218882046e+00
3.129488443502619788e+00
2.657657878174532584e+00
1.174761815714829627e+00
-4.814597605388645785e-01
-1.386604110351929986e+00
-1.059211473185502017e+00
3.273926371664279134e-01
1.973985018209344799e+00
2.956162929708628706e+00
2.705803854228419070e+00
1.367345719930375347e+00
-3.177634419556506495e-01
-1.425120891195039263e+00
-1.328828939087266292e+00
-1.059211473185502073e-01
1.550300428935143859e+00
2.705803854228419070e+00
2.696174659017641417e+00
1.521412843302812012e+00
-1.733255137939912482e-01
-1.444379281616593680e+00
-1.588817209778253137e+00
-5.488641270143056472e-01
1.088099058817833864e+00
2.388040412272768087e+00
2.609511902120646099e+00
1.617704795410584984e+00
-3.851678084310916628e-02
-1.444379281616593680e+00
-1.829547090047685343e+00
-9.821779114992836845e-01
6.066392982789693411e-01
2.022130994263231063e+00
2.465073973958986642e+00
1.675479966675248678e+00
8.666275689699562412e-02
-1.434750086405816472e+00
-2.031760189474008715e+00
-1.396233305562707194e+00
9.629195210777291569e-02
1.608075600199807775e+00
2.272490069743440699e+00
1.694738357096803316e+00
2.022130994263231230e-01
-1.396233305562707194e+00
-2.205085703267999797e+00
-1.791030309204576287e+00
-4.044261988526462459e-01
1.165132620504052197e+00
2.031760189474008715e+00
1.685109161886026108e+00
3.081342467448733302e-01
-1.328828939087266292e+00
-2.330265241008104393e+00
-2.147310532003336103e+00
-8.955151546022881437e-01
7.029312503867423123e-01
1.742884333150689802e+00
1.627333990621362192e+00
4.140553940634235097e-01
-1.242166182190270529e+00
-2.407298802694322948e+00
-2.445815583537432225e+00
-1.357716524719598139e+00
2.407298802694322892e-01
1.434750086405816472e+00
1.550300428935143859e+00
5.103473461711964809e-01
-1.116986644450165933e+00
-2.426557193115877364e+00
-2.696174659017641417e+00
-1.781401113993798857e+00
-2.214714898478777061e-01
1.107357449239388503e+00
1.454008476827371110e+00
6.066392982789693411e-01
-9.725487162885064762e-01
-2.388040412272768087e+00
-2.879129368022410151e+00
-2.166568922424890520e+00
-6.644144695436331460e-01
7.799648120729606449e-01
1.338458134298043500e+00
6.933020551759649930e-01
-7.895940072837379642e-01
-2.301377655375772768e+00
-2.985050515340960331e+00
-2.484332364380541058e+00
-1.068840668396279447e+00
4.429429796957554122e-01
1.203649401347161474e+00
7.895940072837379642e-01
-5.873809078574148135e-01
-2.147310532003336103e+00
-3.023567296184069608e+00
-2.725062244649973486e+00
-1.444379281616593680e+00
1.155503425293274988e-01
1.068840668396279447e+00
8.762567641807335050e-01
-3.562802227987598158e-01
-1.935468237366235522e+00
-2.975421320130183123e+00
-2.908016953654742220e+00
-1.762142723572244440e+00
-1.829547090047685398e-01
9.340319354453973100e-01
9.629195210777291569e-01
-1.059211473185502073e-01
-1.675479966675248678e+00
-2.859870977600855735e+00
-3.004308905762514748e+00
-2.022130994263231063e+00
-4.622013701173099953e-01
7.895940072837379642e-01
1.049582277974724809e+00
1.636963185832139567e-01
-1.357716524719598139e+00
-2.667287073385309792e+00
-3.023567296184069608e+00
-2.224344093689554214e+00
-7.125604455975196316e-01
6.644144695436331460e-01
1.136245034871720350e+00
4.525721749065326760e-01
-1.001436301920838323e+00
-2.407298802694322948e+00
-2.965792124919405914e+00
-2.359152826640436462e+00
-9.244027402346199906e-01
5.392349318035283279e-01
1.213278596557938682e+00
7.414480312298514786e-01
-6.162684934897466604e-01
-2.079906165527894757e+00
-2.830983391968523666e+00
-2.426557193115877364e+00
-1.097728254028611294e+00
4.140553940634235097e-01
1.280682963033379806e+00
1.020694692342392962e+00
-2.022130994263231230e-01
-1.704367552307580524e+00
-2.619141097331423307e+00
-2.436186388326654573e+00
-1.232536986979493321e+00
3.081342467448733302e-01
1.338458134298043500e+00
1.299941353454934445e+00
2.214714898478777061e-01
-1.280682963033379806e+00
-2.349523631429659254e+00
-2.378411217061990879e+00
-1.328828939087266292e+00
2.022130994263231230e-01
1.386604110351929986e+00
1.559929624145921290e+00
6.451560791220785074e-01
-8.281107881268470194e-01
-2.031760189474008715e+00
-2.262860874532663491e+00
-1.386604110351929986e+00
1.059211473185502073e-01
1.415491695984261833e+00
1.800659504415353496e+00
1.068840668396279447e+00
-3.562802227987598158e-01
-1.665850771464471469e+00
-2.099164555949449618e+00
-1.415491695984261833e+00
1.925839042155458314e-02
1.415491695984261833e+00
2.002872603841676646e+00
1.463637672038148319e+00
1.155503425293274988e-01
-1.261424572611825168e+00
-1.887322261312349259e+00
-1.405862500773484625e+00
-6.740436647544104098e-02
1.396233305562707194e+00
2.166568922424890520e+00
1.829547090047685343e+00
5.873809078574148135e-01
-8.377399833376243388e-01
-1.646592381042916831e+00
-1.367345719930375347e+00
-1.444379281616593735e-01
1.348087329508820709e+00
2.282119264954217908e+00
2.147310532003336103e+00
1.039953082763947378e+00
-4.044261988526462459e-01
-1.376974915141152778e+00
-1.309570548665711653e+00
-2.311006850586549977e-01
1.261424572611825168e+00
2.349523631429659254e+00
2.426557193115877364e+00
1.463637672038148319e+00
1.925839042155458314e-02
-1.088099058817833864e+00
-1.232536986979493321e+00
-3.177634419556506495e-01
1.155503425293274988e+00
2.359152826640436462e+00
2.628770292542200515e+00
1.839176285258462773e+00
4.333137844849781484e-01
-7.895940072837379642e-01
-1.136245034871720350e+00
-4.044261988526462459e-01
1.011065497131615532e+00
2.311006850586549977e+00
2.782837415914637180e+00
2.166568922424890520e+00
8.184815929160698111e-01
-5.007181509604191616e-01
-1.039953082763947378e+00
-4.910889557496418423e-01
8.281107881268470194e-01
2.195456508057222589e+00
2.850241782390078527e+00
2.426557193115877364e+00
1.165132620504052197e+00
-2.118422946371004145e-01
-9.340319354453973100e-01
-5.970101030681920218e-01
6.258976887005239798e-01
2.031760189474008715e+00
2.850241782390078527e+00
2.619141097331423307e+00
1.473266867248925527e+00
5.777517126466374942e-02
-8.281107881268470194e-01
-6.933020551759649930e-01
3.947970036418689821e-01
1.810288699626130704e+00
2.773208220703859972e+00
2.744320635071527903e+00
1.733255137939912593e+00
3.081342467448733302e-01
-7.318188360190741593e-01
-7.992232024945151725e-01
1.348087329508820820e-01
1.540671233724366651e+00
2.628770292542200515e+00
2.792466611125414389e+00
1.925839042155458314e+00
5.296057365927510086e-01
-6.355268839113012991e-01
-9.051443498130653520e-01
-1.444379281616593735e-01
1.222907791768716113e+00
2.416927997905100156e+00
2.763579025493082764e+00
2.070276970317117549e+00
7.125604455975196316e-01
-5.392349318035283279e-01
-1.011065497131615532e+00
-4.236845892742008290e-01
8.666275689699562967e-01
2.137681336792558895e+00
2.667287073385309792e+00
2.147310532003336103e+00
8.666275689699562967e-01
-4.622013701173099953e-01
-1.107357449239388503e+00
-7.125604455975196316e-01
4.814597605388645785e-01
1.800659504415353496e+00
2.493961559591318711e+00
2.166568922424890520e+00
9.918071067100610039e-01
-3.851678084310916628e-01
-1.203649401347161474e+00
-1.001436301920838323e+00
7.703356168621833255e-02
1.425120891195039263e+00
2.272490069743440699e+00
2.128052141581781243e+00
1.068840668396279447e+00
-3.177634419556506495e-01
-1.280682963033379806e+00
-1.280682963033379806e+00
-3.370218323772051772e-01
1.011065497131615532e+00
1.983614213420122008e+00
2.041389384684785924e+00
1.126615839660943141e+00
-2.599882706909868446e-01
-1.348087329508820709e+00
-1.540671233724366651e+00
-7.510772264406286869e-01
5.681225174358601748e-01
1.665850771464471469e+00
1.906580651733903675e+00
1.145874230082497780e+00
-2.022130994263231230e-01
-1.386604110351929986e+00
-1.771771918783021649e+00
-1.145874230082497780e+00
1.251795377401047904e-01
1.299941353454934445e+00
1.723625942729135163e+00
1.136245034871720350e+00
-1.444379281616593735e-01
-1.405862500773484625e+00
-1.964355822998567369e+00
-1.511783648092034804e+00
-3.273926371664279134e-01
9.147735450238426713e-01
1.511783648092034804e+00
1.107357449239388503e+00
-7.703356168621833255e-02
-1.396233305562707194e+00
-2.118422946371004034e+00
-1.848805480469239981e+00
-7.607064216514060062e-01
5.296057365927510086e-01
1.271053767822602598e+00
1.059211473185502017e+00
-1.925839042155458314e-02
-1.357716524719598139e+00
-2.224344093689554214e+00
-2.137681336792558895e+00
-1.165132620504052197e+00
1.348087329508820820e-01
1.020694692342392962e+00
9.918071067100610039e-01
5.777517126466374942e-02
-1.280682963033379806e+00
-2.272490069743440699e+00
-2.378411217061990879e+00
-1.540671233724366651e+00
-2.503590754802095808e-01
7.607064216514060062e-01
9.244027402346199906e-01
1.348087329508820820e-01
-1.174761815714829627e+00
-2.262860874532663491e+00
-2.551736730855982405e+00
-1.868063870890794620e+00
-6.066392982789693411e-01
5.007181509604191616e-01
8.473691785484016581e-01
2.214714898478777061e-01
-1.030323887553170170e+00
-2.205085703267999797e+00
-2.657657878174532584e+00
-2.128052141581781243e+00
-9.436611306561746293e-01
2.503590754802095808e-01
7.703356168621833255e-01
3.177634419556506495e-01
-8.473691785484016581e-01
-2.079906165527894757e+00
-2.686545463806864209e+00
-2.339894436218882046e+00
-1.232536986979493321e+00
1.925839042155458314e-02
6.933020551759649930e-01
4.236845892742008290e-01
-6.451560791220785074e-01
-1.906580651733903675e+00
-2.657657878174532584e+00
-2.474703169169763850e+00
-1.473266867248925527e+00
-2.022130994263231230e-01
6.258976887005239798e-01
5.392349318035283279e-01
-4.044261988526462459e-01
-1.675479966675248678e+00
-2.551736730855982405e+00
-2.551736730855982405e+00
-1.665850771464471469e+00
-3.947970036418689821e-01
5.584933222250829665e-01
6.547852743328558267e-01
-1.444379281616593735e-01
-1.386604110351929986e+00
-2.378411217061990879e+00
-2.542107535645205196e+00
-1.800659504415353496e+00
-5.488641270143056472e-01
5.007181509604191616e-01
7.799648120729606449e-01
1.348087329508820820e-01
-1.068840668396279447e+00
-2.137681336792558895e+00
-2.474703169169763850e+00
-1.877693066101571828e+00
-6.836728599651876737e-01
4.525721749065326760e-01
9.051443498130653520e-01
4.236845892742008290e-01
-7.125604455975196316e-01
-1.848805480469239981e+00
-2.339894436218882046e+00
-1.906580651733903675e+00
-7.799648120729606449e-01
4.140553940634235097e-01
1.020694692342392962e+00
7.125604455975196316e-01
-3.370218323772051772e-01
-1.511783648092034804e+00
-2.147310532003336103e+00
-1.887322261312349259e+00
-8.473691785484016581e-01
3.851678084310916628e-01
1.136245034871720350e+00
1.001436301920838323e+00
5.777517126466374942e-02
-1.136245034871720350e+00
-1.906580651733903675e+00
-1.810288699626130704e+00
-8.858859593915108244e-01
3.562802227987598158e-01
1.232536986979493321e+00
1.271053767822602598e+00
4.622013701173099953e-01
-7.318188360190741593e-01
-1.617704795410584984e+00
-1.694738357096803316e+00
-8.955151546022881437e-01
3.273926371664279134e-01
1.309570548665711653e+00
1.521412843302812012e+00
8.473691785484016581e-01
-3.177634419556506495e-01
-1.299941353454934445e+00
-1.540671233724366651e+00
-8.858859593915108244e-01
2.985050515340960109e-01
1.367345719930375347e+00
1.742884333150689802e+00
1.213278596557938682e+00
1.059211473185502073e-01
-9.532903258669518376e-01
-1.348087329508820709e+00
-8.569983737591789774e-01
2.696174659017641639e-01
1.396233305562707194e+00
1.925839042155458314e+00
1.559929624145921290e+00
5.199765413819736892e-01
-5.970101030681920218e-01
-1.145874230082497780e+00
-8.088523977052924918e-01
2.214714898478777061e-01
1.396233305562707194e+00
2.060647775106340340e+00
1.858434675680017190e+00
9.051443498130653520e-01
-2.311006850586549977e-01
-9.244027402346199906e-01
-7.607064216514060062e-01
1.733255137939912482e-01
1.367345719930375347e+00
2.147310532003336103e+00
2.108793751160226826e+00
1.271053767822602598e+00
1.155503425293274988e-01
-6.933020551759649930e-01
-6.933020551759649930e-01
1.155503425293274988e-01
1.290312158244157015e+00
2.185827312846445381e+00
2.301377655375772768e+00
1.588817209778253137e+00
4.525721749065326760e-01
-4.622013701173099953e-01
-6.355268839113012991e-01
3.851678084310916628e-02
1.184391010925606835e+00
2.166568922424890520e+00
2.436186388326654573e+00
1.858434675680017190e+00
7.510772264406286869e-01
-2.503590754802095808e-01
-5.777517126466374942e-01
-5.777517126466374942e-02
1.039953082763947378e+00
2.079906165527894757e+00
2.503590754802095919e+00
2.070276970317117549e+00
1.020694692342392962e+00
-3.851678084310916628e-02
-5.296057365927510086e-01
-1.540671233724366651e-01
8.569983737591789774e-01
1.945097432577012952e+00
2.503590754802095919e+00
2.214714898478777005e+00
1.251795377401047960e+00
1.444379281616593735e-01
-4.814597605388645785e-01
-2.792466611125414833e-01
6.451560791220785074e-01
1.752513528361467010e+00
2.436186388326654573e+00
2.301377655375772768e+00
1.425120891195039263e+00
2.985050515340960109e-01
-4.429429796957554122e-01
-4.044261988526462459e-01
4.044261988526462459e-01
1.511783648092034804e+00
2.301377655375772768e+00
2.320636045797327185e+00
1.559929624145921290e+00
4.333137844849781484e-01
-4.236845892742008290e-01
-5.392349318035283279e-01
1.348087329508820820e-01
1.222907791768716113e+00
2.108793751160226826e+00
2.272490069743440699e+00
1.636963185832139622e+00
5.392349318035283279e-01
-4.044261988526462459e-01
-6.836728599651876737e-01
-1.444379281616593735e-01
9.051443498130653520e-01
1.848805480469239981e+00
2.166568922424890520e+00
1.665850771464471469e+00
6.162684934897466604e-01
-4.044261988526462459e-01
-8.281107881268470194e-01
-4.333137844849781484e-01
5.488641270143056472e-01
1.550300428935143859e+00
2.002872603841676646e+00
1.646592381042916831e+00
6.644144695436331460e-01
-4.044261988526462459e-01
-9.629195210777291569e-01
-7.221896408082968399e-01
1.829547090047685398e-01
1.213278596557938682e+00
1.791030309204576287e+00
1.579188014567475928e+00
6.836728599651876737e-01
-4.044261988526462459e-01
-1.088099058817833864e+00
-1.001436301920838323e+00
-2.022130994263231230e-01
8.473691785484016581e-01
1.540671233724366651e+00
1.473266867248925527e+00
6.836728599651876737e-01
-4.140553940634235097e-01
-1.203649401347161474e+00
-1.261424572611825168e+00
-5.777517126466374942e-01
4.622013701173099953e-01
1.251795377401047960e+00
1.338458134298043500e+00
6.644144695436331460e-01
-4.140553940634235097e-01
-1.290312158244157015e+00
-1.502154452881257374e+00
-9.436611306561746293e-01
6.740436647544104098e-02
9.436611306561746293e-01
1.174761815714829627e+00
6.258976887005239798e-01
-4.044261988526462459e-01
-1.357716524719598139e+00
-1.713996747518357955e+00
-1.280682963033379806e+00
-3.177634419556506495e-01
6.162684934897466604e-01
9.918071067100610039e-01
5.777517126466374942e-01
-3.947970036418689821e-01
-1.396233305562707194e+00
-1.877693066101571828e+00
-1.579188014567475928e+00
-6.933020551759649930e-01
2.888758563233187471e-01
7.895940072837379642e-01
5.296057365927510086e-01
-3.659094180095370796e-01
-1.396233305562707194e+00
-1.993243408630899438e+00
-1.839176285258462773e+00
-1.030323887553170170e+00
-2.888758563233187471e-02
5.873809078574148135e-01
4.718305653280873146e-01
-3.273926371664279134e-01
-1.357716524719598139e+00
-2.070276970317117549e+00
-2.051018579895563132e+00
-1.338458134298043500e+00
-3.370218323772051772e-01
3.947970036418689821e-01
4.236845892742008290e-01
-2.599882706909868446e-01
-1.290312158244157015e+00
-2.079906165527894757e+00
-2.205085703267999797e+00
-1.598446404989030345e+00
-6.162684934897466604e-01
2.022130994263231230e-01
3.755386132203143434e-01
-1.829547090047685398e-01
-1.174761815714829627e+00
-2.041389384684785924e+00
-2.301377655375772768e+00
-1.810288699626130704e+00
-8.569983737591789774e-01
2.888758563233187471e-02
3.466510275879824965e-01
-8.666275689699562412e-02
-1.020694692342392962e+00
-1.945097432577012952e+00
-2.330265241008104393e+00
-1.964355822998567369e+00
-1.068840668396279447e+00
-1.251795377401047904e-01
3.177634419556506495e-01
2.888758563233187471e-02
-8.377399833376243388e-01
-1.791030309204576287e+00
-2.291748460164995560e+00
-2.060647775106340340e+00
-1.232536986979493321e+00
-2.599882706909868446e-01
3.081342467448733302e-01
1.540671233724366651e-01
-6.162684934897466604e-01
-1.588817209778253137e+00
-2.195456508057222589e+00
-2.099164555949449618e+00
-1.348087329508820709e+00
-3.659094180095370796e-01
3.081342467448733302e-01
2.985050515340960109e-01
-3.755386132203143434e-01
-1.338458134298043500e+00
-2.031760189474008715e+00
-2.070276970317117549e+00
-1.415491695984261833e+00
-4.429429796957554122e-01
3.273926371664279134e-01
4.525721749065326760e-01
-1.059211473185502073e-01
-1.039953082763947378e+00
-1.819917894836908134e+00
-1.983614213420122008e+00
-1.444379281616593680e+00
-4.910889557496418423e-01
3.466510275879824965e-01
6.162684934897466604e-01
1.733255137939912482e-01
-7.221896408082968399e-01
-1.550300428935143859e+00
-1.848805480469239981e+00
-1.425120891195039263e+00
-5.199765413819736892e-01
3.755386132203143434e-01
7.703356168621833255e-01
4.525721749065326760e-01
-3.755386132203143434e-01
-1.251795377401047960e+00
-1.656221576253694039e+00
-1.367345719930375347e+00
-5.199765413819736892e-01
4.140553940634235097e-01
9.244027402346199906e-01
7.414480312298514786e-01
-1.925839042155458314e-02
-9.147735450238426713e-01
-1.434750086405816472e+00
-1.271053767822602598e+00
-5.007181509604191616e-01
4.429429796957554122e-01
1.059211473185502017e+00
1.011065497131615532e+00
3.370218323772051772e-01
-5.584933222250829665e-01
-1.174761815714829627e+00
-1.136245034871720350e+00
-4.718305653280873146e-01
4.814597605388645785e-01
1.184391010925606835e+00
1.261424572611825168e+00
6.933020551759649930e-01
-2.022130994263231230e-01
-8.955151546022881437e-01
-9.918071067100610039e-01
-4.236845892742008290e-01
5.007181509604191616e-01
1.280682963033379806e+00
1.492525257670480165e+00
1.020694692342392962e+00
1.636963185832139567e-01
-5.970101030681920218e-01
-8.184815929160698111e-01
-3.659094180095370796e-01
5.199765413819736892e-01
1.348087329508820709e+00
1.675479966675248678e+00
1.328828939087266292e+00
5.103473461711964809e-01
-3.081342467448733302e-01
-6.451560791220785074e-01
-3.081342467448733302e-01
5.199765413819736892e-01
1.386604110351929986e+00
1.819917894836908134e+00
1.588817209778253137e+00
8.377399833376243388e-01
-9.629195210777291569e-03
-4.622013701173099953e-01
-2.599882706909868446e-01
5.007181509604191616e-01
1.386604110351929986e+00
1.925839042155458314e+00
1.810288699626130704e+00
1.126615839660943141e+00
2.599882706909868446e-01
-2.888758563233187471e-01
-2.118422946371004145e-01
4.525721749065326760e-01
1.348087329508820709e+00
1.973985018209344799e+00
1.983614213420122008e+00
1.376974915141152778e+00
5.103473461711964809e-01
-1.251795377401047904e-01
-1.733255137939912482e-01
3.947970036418689821e-01
1.271053767822602598e+00
1.964355822998567369e+00
2.089535360738672409e+00
1.588817209778253137e+00
7.414480312298514786e-01
1.925839042155458314e-02
-1.540671233724366651e-01
3.081342467448733302e-01
1.145874230082497780e+00
1.896951456523126467e+00
2.137681336792558895e+00
1.742884333150689802e+00
9.244027402346199906e-01
1.540671233724366651e-01
-1.444379281616593735e-01
2.022130994263231230e-01
9.918071067100610039e-01
1.781401113993798857e+00
2.128052141581781243e+00
1.839176285258462773e+00
1.068840668396279447e+00
2.599882706909868446e-01
-1.540671233724366651e-01
7.703356168621833255e-02
7.992232024945151725e-01
1.617704795410584984e+00
2.060647775106340340e+00
1.877693066101571828e+00
1.174761815714829627e+00
3.370218323772051772e-01
-1.733255137939912482e-01
-6.740436647544104098e-02
5.777517126466374942e-01
1.396233305562707194e+00
1.925839042155458314e+00
1.858434675680017190e+00
1.232536986979493321e+00
3.851678084310916628e-01
-2.118422946371004145e-01
-2.311006850586549977e-01
3.273926371664279134e-01
1.145874230082497780e+00
1.742884333150689802e+00
1.791030309204576287e+00
1.251795377401047960e+00
4.140553940634235097e-01
-2.599882706909868446e-01
-3.947970036418689821e-01
6.740436647544104098e-02
8.473691785484016581e-01
1.511783648092034804e+00
1.675479966675248678e+00
1.222907791768716113e+00
4.140553940634235097e-01
-3.177634419556506495e-01
-5.681225174358601748e-01
-2.118422946371004145e-01
5.392349318035283279e-01
1.242166182190270529e+00
1.511783648092034804e+00
1.165132620504052197e+00
3.947970036418689821e-01
-3.755386132203143434e-01
-7.414480312298514786e-01
-4.910889557496418423e-01
2.022130994263231230e-01
9.436611306561746293e-01
1.309570548665711653e+00
1.068840668396279447e+00
3.562802227987598158e-01
-4.429429796957554122e-01
-8.955151546022881437e-01
-7.703356168621833255e-01
-1.348087329508820820e-01
6.258976887005239798e-01
1.068840668396279447e+00
9.532903258669518376e-01
3.081342467448733302e-01
-5.103473461711964809e-01
-1.049582277974724809e+00
-1.030323887553170170e+00
-4.718305653280873146e-01
2.888758563233187471e-01
8.184815929160698111e-01
8.088523977052924918e-01
2.503590754802095808e-01
-5.584933222250829665e-01
-1.174761815714829627e+00
-1.261424572611825168e+00
-7.992232024945151725e-01
-4.814597605388645785e-02
5.488641270143056472e-01
6.547852743328558267e-01
1.829547090047685398e-01
-5.970101030681920218e-01
-1.271053767822602598e+00
-1.473266867248925527e+00
-1.088099058817833864e+00
-3.659094180095370796e-01
2.792466611125414833e-01
4.910889557496418423e-01
1.155503425293274988e-01
-6.258976887005239798e-01
-1.338458134298043500e+00
-1.636963185832139622e+00
-1.357716524719598139e+00
-6.740436647544103543e-01
1.925839042155458314e-02
3.273926371664279134e-01
5.777517126466374942e-02
-6.355268839113012991e-01
-1.376974915141152778e+00
-1.762142723572244440e+00
-1.579188014567475928e+00
-9.532903258669518376e-01
-2.311006850586549977e-01
1.636963185832139567e-01
9.629195210777291569e-03
-6.162684934897466604e-01
-1.367345719930375347e+00
-1.829547090047685343e+00
-1.762142723572244440e+00
-1.194020206136384044e+00
-4.622013701173099953e-01
1.925839042155458314e-02
-1.925839042155458314e-02
-5.681225174358601748e-01
-1.319199743876488862e+00
-1.858434675680017190e+00
-1.877693066101571828e+00
-1.386604110351929986e+00
-6.547852743328558267e-01
-1.059211473185502073e-01
-3.851678084310916628e-02
-5.007181509604191616e-01
-1.232536986979493321e+00
-1.829547090047685343e+00
-1.945097432577012952e+00
-1.540671233724366651e+00
-8.184815929160698111e-01
-2.118422946371004145e-01
-3.851678084310916628e-02
-4.044261988526462459e-01
-1.107357449239388503e+00
-1.742884333150689802e+00
-1.954726627787790161e+00
-1.636963185832139622e+00
-9.532903258669518376e-01
-2.888758563233187471e-01
-1.925839042155458314e-02
-2.888758563233187471e-01
-9.436611306561746293e-01
-1.608075600199807775e+00
-1.906580651733903675e+00
-1.675479966675248678e+00
-1.039953082763947378e+00
-3.466510275879824965e-01
1.925839042155458314e-02
-1.444379281616593735e-01
-7.414480312298514786e-01
-1.425120891195039263e+00
-1.810288699626130704e+00
-1.665850771464471469e+00
-1.078469863607056656e+00
-3.755386132203143434e-01
7.703356168621833255e-02
9.629195210777291569e-03
-5.199765413819736892e-01
-1.203649401347161474e+00
-1.656221576253694039e+00
-1.608075600199807775e+00
-1.088099058817833864e+00
-3.755386132203143434e-01
1.444379281616593735e-01
1.829547090047685398e-01
-2.696174659017641639e-01
-9.436611306561746293e-01
-1.454008476827371110e+00
-1.502154452881257374e+00
-1.059211473185502017e+00
-3.562802227987598158e-01
2.214714898478777061e-01
3.659094180095370796e-01
-0.000000000000000000e+00
-6.547852743328558267e-01
-1.213278596557938682e+00
-1.357716524719598139e+00
-9.918071067100610039e-01
-3.081342467448733302e-01
3.177634419556506495e-01
5.488641270143056472e-01
2.696174659017641639e-01
-3.466510275879824965e-01
-9.436611306561746293e-01
-1.165132620504052197e+00
-8.955151546022881437e-01
-2.503590754802095808e-01
4.044261988526462459e-01
7.221896408082968399e-01
5.392349318035283279e-01
-2.888758563233187471e-02
-6.451560791220785074e-01
-9.532903258669518376e-01
-7.703356168621833255e-01
-1.829547090047685398e-01
4.910889557496418423e-01
8.955151546022881437e-01
7.992232024945151725e-01
2.888758563233187471e-01
-3.370218323772051772e-01
-7.221896408082968399e-01
-6.355268839113012991e-01
-1.059211473185502073e-01
5.777517126466374942e-01
1.039953082763947378e+00
1.049582277974724809e+00
5.970101030681920218e-01
-2.888758563233187471e-02
-4.814597605388645785e-01
-4.814597605388645785e-01
-2.888758563233187471e-02
6.451560791220785074e-01
1.165132620504052197e+00
1.261424572611825168e+00
8.858859593915108244e-01
2.696174659017641639e-01
-2.311006850586549977e-01
-3.273926371664279134e-01
4.814597605388645785e-02
6.933020551759649930e-01
1.261424572611825168e+00
1.444379281616593680e+00
1.145874230082497780e+00
5.488641270143056472e-01
9.629195210777291569e-03
-1.733255137939912482e-01
1.155503425293274988e-01
7.318188360190741593e-01
1.328828939087266292e+00
1.588817209778253137e+00
1.367345719930375347e+00
8.088523977052924918e-01
2.311006850586549977e-01
-3.851678084310916628e-02
1.636963185832139567e-01
7.318188360190741593e-01
1.348087329508820709e+00
1.685109161886026108e+00
1.550300428935143859e+00
1.039953082763947378e+00
4.333137844849781484e-01
9.629195210777291569e-02
2.022130994263231230e-01
7.125604455975196316e-01
1.338458134298043500e+00
1.733255137939912593e+00
1.685109161886026108e+00
1.222907791768716113e+00
6.162684934897466604e-01
2.022130994263231230e-01
2.214714898478777061e-01
6.644144695436331460e-01
1.280682963033379806e+00
1.733255137939912593e+00
1.762142723572244440e+00
1.367345719930375347e+00
7.607064216514060062e-01
2.888758563233187471e-01
2.214714898478777061e-01
5.873809078574148135e-01
1.184391010925606835e+00
1.675479966675248678e+00
1.791030309204576287e+00
1.454008476827371110e+00
8.666275689699562967e-01
3.466510275879824965e-01
1.925839042155458314e-01
4.814597605388645785e-01
1.039953082763947378e+00
1.569558819356698498e+00
1.762142723572244440e+00
1.502154452881257374e+00
9.340319354453973100e-01
3.851678084310916628e-01
1.444379281616593735e-01
3.466510275879824965e-01
8.666275689699562967e-01
1.415491695984261833e+00
1.675479966675248678e+00
1.492525257670480165e+00
9.629195210777291569e-01
3.851678084310916628e-01
7.703356168621833255e-02
1.925839042155458314e-01
6.644144695436331460e-01
1.222907791768716113e+00
1.540671233724366651e+00
1.434750086405816472e+00
9.629195210777291569e-01
3.659094180095370796e-01
-9.629195210777291569e-03
1.925839042155458314e-02
4.333137844849781484e-01
9.918071067100610039e-01
1.367345719930375347e+00
1.338458134298043500e+00
9.147735450238426713e-01
3.273926371664279134e-01
-1.155503425293274988e-01
-1.636963185832139567e-01
1.829547090047685398e-01
7.318188360190741593e-01
1.155503425293274988e+00
1.203649401347161474e+00
8.473691785484016581e-01
2.599882706909868446e-01
-2.214714898478777061e-01
-3.562802227987598158e-01
-7.703356168621833255e-02
4.525721749065326760e-01
9.051443498130653520e-01
1.030323887553170170e+00
7.414480312298514786e-01
1.829547090047685398e-01
-3.370218323772051772e-01
-5.488641270143056472e-01
-3.370218323772051772e-01
1.540671233724366651e-01
6.355268839113012991e-01
8.377399833376243388e-01
6.162684934897466604e-01
9.629195210777291569e-02
-4.525721749065326760e-01
-7.318188360190741593e-01
-5.970101030681920218e-01
-1.444379281616593735e-01
3.562802227987598158e-01
6.162684934897466604e-01
4.718305653280873146e-01
-0.000000000000000000e+00
-5.584933222250829665e-01
-8.955151546022881437e-01
-8.377399833376243388e-01
-4.333137844849781484e-01
7.703356168621833255e-02
3.947970036418689821e-01
3.273926371664279134e-01
-9.629195210777291569e-02
-6.547852743328558267e-01
-1.039953082763947378e+00
-1.059211473185502017e+00
-7.125604455975196316e-01
-2.022130994263231230e-01
1.636963185832139567e-01
1.829547090047685398e-01
-1.829547090047685398e-01
-7.318188360190741593e-01
-1.165132620504052197e+00
-1.251795377401047960e+00
-9.629195210777291569e-01
-4.718305653280873146e-01
-5.777517126466374942e-02
2.888758563233187471e-02
-2.599882706909868446e-01
-7.895940072837379642e-01
-1.251795377401047960e+00
-1.415491695984261833e+00
-1.184391010925606835e+00
-7.125604455975196316e-01
-2.599882706909868446e-01
-9.629195210777291569e-02
-3.273926371664279134e-01
-8.184815929160698111e-01
-1.309570548665711653e+00
-1.531042038513589443e+00
-1.367345719930375347e+00
-9.147735450238426713e-01
-4.429429796957554122e-01
-2.214714898478777061e-01
-3.659094180095370796e-01
-8.184815929160698111e-01
-1.319199743876488862e+00
-1.598446404989030345e+00
-1.502154452881257374e+00
-1.088099058817833864e+00
-6.066392982789693411e-01
-3.177634419556506495e-01
-3.947970036418689821e-01
-7.895940072837379642e-01
-1.290312158244157015e+00
-1.617704795410584984e+00
-1.588817209778253137e+00
-1.222907791768716113e+00
-7.318188360190741593e-01
-3.851678084310916628e-01
-3.851678084310916628e-01
-7.318188360190741593e-01
-1.222907791768716113e+00
-1.588817209778253137e+00
-1.627333990621362192e+00
-1.309570548665711653e+00
-8.184815929160698111e-01
-4.333137844849781484e-01
-3.562802227987598158e-01
-6.355268839113012991e-01
-1.107357449239388503e+00
-1.511783648092034804e+00
-1.608075600199807775e+00
-1.348087329508820709e+00
-8.762567641807335050e-01
-4.429429796957554122e-01
-3.081342467448733302e-01
-5.199765413819736892e-01
-9.629195210777291569e-01
-1.386604110351929986e+00
-1.540671233724366651e+00
-1.338458134298043500e+00
-8.858859593915108244e-01
-4.333137844849781484e-01
-2.214714898478777061e-01
-3.755386132203143434e-01
-7.799648120729606449e-01
-1.213278596557938682e+00
-1.425120891195039263e+00
-1.290312158244157015e+00
-8.666275689699562967e-01
-3.947970036418689821e-01
-1.251795377401047904e-01
-2.022130994263231230e-01
-5.681225174358601748e-01
-1.011065497131615532e+00
-1.271053767822602598e+00
-1.194020206136384044e+00
-8.088523977052924918e-01
-3.370218323772051772e-01
-9.629195210777291569e-03
-1.925839042155458314e-02
-3.370218323772051772e-01
-7.799648120729606449e-01
-1.078469863607056656e+00
-1.059211473185502017e+00
-7.221896408082968399e-01
-2.503590754802095808e-01
1.155503425293274988e-01
1.733255137939912482e-01
-9.629195210777291569e-02
-5.199765413819736892e-01
-8.569983737591789774e-01
-8.955151546022881437e-01
-6.162684934897466604e-01
-1.540671233724366651e-01
2.503590754802095808e-01
3.659094180095370796e-01
1.636963185832139567e-01
-2.407298802694322892e-01
-6.066392982789693411e-01
-7.125604455975196316e-01
-4.814597605388645785e-01
-3.851678084310916628e-02
3.851678084310916628e-01
5.584933222250829665e-01
4.140553940634235097e-01
3.851678084310916628e-02
-3.466510275879824965e-01
-5.103473461711964809e-01
-3.370218323772051772e-01
6.740436647544104098e-02
5.103473461711964809e-01
7.414480312298514786e-01
6.547852743328558267e-01
3.081342467448733302e-01
-8.666275689699562412e-02
-2.985050515340960109e-01
-1.925839042155458314e-01
1.829547090047685398e-01
6.258976887005239798e-01
9.051443498130653520e-01
8.762567641807335050e-01
5.681225174358601748e-01
1.733255137939912482e-01
-8.666275689699562412e-02
-3.851678084310916628e-02
2.888758563233187471e-01
7.318188360190741593e-01
1.049582277974724809e+00
1.078469863607056656e+00
8.184815929160698111e-01
4.140553940634235097e-01
1.251795377401047904e-01
1.059211473185502073e-01
3.851678084310916628e-01
8.088523977052924918e-01
1.165132620504052197e+00
1.242166182190270529e+00
1.030323887553170170e+00
6.355268839113012991e-01
3.081342467448733302e-01
2.311006850586549977e-01
4.525721749065326760e-01
8.666275689699562967e-01
1.242166182190270529e+00
1.376974915141152778e+00
1.203649401347161474e+00
8.377399833376243388e-01
4.814597605388645785e-01
3.466510275879824965e-01
5.103473461711964809e-01
8.858859593915108244e-01
1.280682963033379806e+00
1.454008476827371110e+00
1.338458134298043500e+00
9.918071067100610039e-01
6.162684934897466604e-01
4.333137844849781484e-01
5.392349318035283279e-01
8.858859593915108244e-01
1.271053767822602598e+00
1.492525257670480165e+00
1.425120891195039263e+00
1.116986644450165933e+00
7.318188360190741593e-01
4.910889557496418423e-01
5.392349318035283279e-01
8.377399833376243388e-01
1.232536986979493321e+00
1.492525257670480165e+00
1.473266867248925527e+00
1.194020206136384044e+00
7.992232024945151725e-01
5.199765413819736892e-01
5.103473461711964809e-01
7.703356168621833255e-01
1.145874230082497780e+00
1.434750086405816472e+00
1.463637672038148319e+00
1.222907791768716113e+00
8.377399833376243388e-01
5.296057365927510086e-01
4.525721749065326760e-01
6.644144695436331460e-01
1.020694692342392962e+00
1.328828939087266292e+00
1.405862500773484625e+00
1.213278596557938682e+00
8.377399833376243388e-01
5.007181509604191616e-01
3.755386132203143434e-01
5.296057365927510086e-01
8.666275689699562967e-01
1.184391010925606835e+00
1.309570548665711653e+00
1.155503425293274988e+00
8.088523977052924918e-01
4.429429796957554122e-01
2.696174659017641639e-01
3.659094180095370796e-01
6.740436647544103543e-01
1.001436301920838323e+00
1.165132620504052197e+00
1.059211473185502017e+00
7.414480312298514786e-01
3.659094180095370796e-01
1.444379281616593735e-01
1.925839042155458314e-01
4.622013701173099953e-01
7.895940072837379642e-01
9.918071067100610039e-01
9.340319354453973100e-01
6.451560791220785074e-01
2.696174659017641639e-01
9.629195210777291569e-03
-0.000000000000000000e+00
2.311006850586549977e-01
5.584933222250829665e-01
7.895940072837379642e-01
7.799648120729606449e-01
5.199765413819736892e-01
1.444379281616593735e-01
-1.444379281616593735e-01
-2.022130994263231230e-01
-9.629195210777291569e-03
3.081342467448733302e-01
5.584933222250829665e-01
5.970101030681920218e-01
3.851678084310916628e-01
1.925839042155458314e-02
-2.985050515340960109e-01
-4.044261988526462459e-01
-2.599882706909868446e-01
4.814597605388645785e-02
3.177634419556506495e-01
4.044261988526462459e-01
2.311006850586549977e-01
-1.059211473185502073e-01
-4.429429796957554122e-01
-5.970101030681920218e-01
-4.910889557496418423e-01
-2.118422946371004145e-01
7.703356168621833255e-02
2.022130994263231230e-01
7.703356168621833255e-02
-2.407298802694322892e-01
-5.777517126466374942e-01
-7.703356168621833255e-01
-7.221896408082968399e-01
-4.622013701173099953e-01
-1.636963185832139567e-01
-0.000000000000000000e+00
-7.703356168621833255e-02
-3.659094180095370796e-01
-7.029312503867423123e-01
-9.244027402346199906e-01
-9.147735450238426713e-01
-6.933020551759649930e-01
-3.947970036418689821e-01
-1.925839042155458314e-01
-2.214714898478777061e-01
-4.718305653280873146e-01
-8.088523977052924918e-01
-1.059211473185502017e+00
-1.088099058817833864e+00
-8.955151546022881437e-01
-5.970101030681920218e-01
-3.755386132203143434e-01
-3.562802227987598158e-01
-5.584933222250829665e-01
-8.858859593915108244e-01
-1.155503425293274988e+00
-1.222907791768716113e+00
-1.068840668396279447e+00
-7.799648120729606449e-01
-5.296057365927510086e-01
-4.622013701173099953e-01
-6.258976887005239798e-01
-9.340319354453973100e-01
-1.213278596557938682e+00
-1.319199743876488862e+00
-1.203649401347161474e+00
-9.244027402346199906e-01
-6.547852743328558267e-01
-5.392349318035283279e-01
-6.644144695436331460e-01
-9.436611306561746293e-01
-1.232536986979493321e+00
-1.376974915141152778e+00
-1.290312158244157015e+00
-1.030323887553170170e+00
-7.510772264406286869e-01
-5.970101030681920218e-01
-6.740436647544103543e-01
-9.244027402346199906e-01
-1.213278596557938682e+00
-1.386604110351929986e+00
-1.338458134298043500e+00
-1.097728254028611294e+00
-8.088523977052924918e-01
-6.258976887005239798e-01
-6.451560791220785074e-01
-8.666275689699562967e-01
-1.155503425293274988e+00
-1.348087329508820709e+00
-1.338458134298043500e+00
-1.126615839660943141e+00
-8.377399833376243388e-01
-6.162684934897466604e-01
-5.970101030681920218e-01
-7.703356168621833255e-01
-1.049582277974724809e+00
-1.261424572611825168e+00
-1.290312158244157015e+00
-1.107357449239388503e+00
-8.184815929160698111e-01
-5.777517126466374942e-01
-5.103473461711964809e-01
-6.547852743328558267e-01
-9.147735450238426713e-01
-1.145874230082497780e+00
-1.203649401347161474e+00
-1.049582277974724809e+00
-7.703356168621833255e-01
-5.103473461711964809e-01
-4.044261988526462459e-01
-5.007181509604191616e-01
-7.414480312298514786e-01
-9.821779114992836845e-01
-1.068840668396279447e+00
-9.532903258669518376e-01
-6.933020551759649930e-01
-4.140553940634235097e-01
-2.792466611125414833e-01
-3.370218323772051772e-01
-5.488641270143056472e-01
-7.895940072837379642e-01
-9.051443498130653520e-01
-8.281107881268470194e-01
-5.873809078574148135e-01
-2.985050515340960109e-01
-1.251795377401047904e-01
-1.444379281616593735e-01
-3.370218323772051772e-01
-5.681225174358601748e-01
-7.125604455975196316e-01
-6.740436647544103543e-01
-4.525721749065326760e-01
-1.733255137939912482e-01
2.888758563233187471e-02
5.777517126466374942e-02
-1.059211473185502073e-01
-3.370218323772051772e-01
-5.007181509604191616e-01
-5.007181509604191616e-01
-3.081342467448733302e-01
-2.888758563233187471e-02
2.022130994263231230e-01
2.599882706909868446e-01
1.251795377401047904e-01
-9.629195210777291569e-02
-2.792466611125414833e-01
-3.081342467448733302e-01
-1.444379281616593735e-01
1.251795377401047904e-01
3.659094180095370796e-01
4.525721749065326760e-01
3.562802227987598158e-01
1.444379281616593735e-01
-4.814597605388645785e-02
-1.059211473185502073e-01
1.925839042155458314e-02
2.696174659017641639e-01
5.199765413819736892e-01
6.355268839113012991e-01
5.777517126466374942e-01
3.851678084310916628e-01
1.733255137939912482e-01
8.666275689699562412e-02
1.733255137939912482e-01
4.044261988526462459e-01
6.644144695436331460e-01
8.088523977052924918e-01
7.799648120729606449e-01
5.970101030681920218e-01
3.851678084310916628e-01
2.696174659017641639e-01
3.273926371664279134e-01
5.296057365927510086e-01
7.799648120729606449e-01
9.532903258669518376e-01
9.532903258669518376e-01
7.992232024945151725e-01
5.777517126466374942e-01
4.333137844849781484e-01
4.525721749065326760e-01
6.355268839113012991e-01
8.762567641807335050e-01
1.059211473185502017e+00
1.097728254028611294e+00
9.629195210777291569e-01
7.510772264406286869e-01
5.873809078574148135e-01
5.681225174358601748e-01
7.125604455975196316e-01
9.436611306561746293e-01
1.136245034871720350e+00
1.194020206136384044e+00
1.088099058817833864e+00
8.858859593915108244e-01
7.029312503867423123e-01
6.451560791220785074e-01
7.607064216514060062e-01
9.725487162885064762e-01
1.184391010925606835e+00
1.261424572611825168e+00
1.174761815714829627e+00
9.821779114992836845e-01
7.895940072837379642e-01
7.029312503867423123e-01
7.799648120729606449e-01
9.725487162885064762e-01
1.184391010925606835e+00
1.280682963033379806e+00
1.222907791768716113e+00
1.039953082763947378e+00
8.377399833376243388e-01
7.221896408082968399e-01
7.607064216514060062e-01
9.340319354453973100e-01
1.136245034871720350e+00
1.261424572611825168e+00
1.232536986979493321e+00
1.059211473185502017e+00
8.473691785484016581e-01
7.029312503867423123e-01
7.125604455975196316e-01
8.569983737591789774e-01
1.059211473185502017e+00
1.194020206136384044e+00
1.184391010925606835e+00
1.039953082763947378e+00
8.281107881268470194e-01
6.644144695436331460e-01
6.355268839113012991e-01
7.510772264406286869e-01
9.436611306561746293e-01
1.088099058817833864e+00
1.107357449239388503e+00
9.725487162885064762e-01
7.703356168621833255e-01
5.873809078574148135e-01
5.296057365927510086e-01
6.162684934897466604e-01
7.895940072837379642e-01
9.436611306561746293e-01
9.821779114992836845e-01
8.762567641807335050e-01
6.740436647544103543e-01
4.814597605388645785e-01
3.947970036418689821e-01
4.525721749065326760e-01
6.162684934897466604e-01
7.703356168621833255e-01
8.281107881268470194e-01
7.510772264406286869e-01
5.584933222250829665e-01
3.562802227987598158e-01
2.407298802694322892e-01
2.696174659017641639e-01
4.140553940634235097e-01
5.681225174358601748e-01
6.451560791220785074e-01
5.873809078574148135e-01
4.140553940634235097e-01
2.118422946371004145e-01
7.703356168621833255e-02
7.703356168621833255e-02
1.925839042155458314e-01
3.562802227987598158e-01
4.525721749065326760e-01
4.140553940634235097e-01
2.599882706909868446e-01
5.777517126466374942e-02
-9.629195210777291569e-02
-1.251795377401047904e-01
-2.888758563233187471e-02
1.251795377401047904e-01
2.311006850586549977e-01
2.214714898478777061e-01
8.666275689699562412e-02
-1.059211473185502073e-01
-2.696174659017641639e-01
-3.273926371664279134e-01
-2.503590754802095808e-01
-1.059211473185502073e-01
1.925839042155458314e-02
2.888758563233187471e-02
-7.703356168621833255e-02
-2.696174659017641639e-01
-4.429429796957554122e-01
-5.199765413819736892e-01
-4.622013701173099953e-01
-3.273926371664279134e-01
-1.925839042155458314e-01
-1.540671233724366651e-01
-2.503590754802095808e-01
-4.236845892742008290e-01
-5.970101030681920218e-01
-6.933020551759649930e-01
-6.644144695436331460e-01
-5.392349318035283279e-01
-3.947970036418689821e-01
-3.370218323772051772e-01
-4.044261988526462459e-01
-5.584933222250829665e-01
-7.414480312298514786e-01
-8.473691785484016581e-01
-8.377399833376243388e-01
-7.221896408082968399e-01
-5.777517126466374942e-01
-5.007181509604191616e-01
-5.392349318035283279e-01
-6.740436647544103543e-01
-8.473691785484016581e-01
-9.725487162885064762e-01
-9.821779114992836845e-01
-8.762567641807335050e-01
-7.414480312298514786e-01
-6.451560791220785074e-01
-6.547852743328558267e-01
-7.703356168621833255e-01
-9.340319354453973100e-01
-1.059211473185502017e+00
-1.088099058817833864e+00
-1.001436301920838323e+00
-8.666275689699562967e-01
-7.510772264406286869e-01
-7.318188360190741593e-01
-8.281107881268470194e-01
-9.821779114992836845e-01
-1.116986644450165933e+00
-1.165132620504052197e+00
-1.088099058817833864e+00
-9.532903258669518376e-01
-8.281107881268470194e-01
-7.895940072837379642e-01
-8.569983737591789774e-01
-1.001436301920838323e+00
-1.136245034871720350e+00
-1.194020206136384044e+00
-1.136245034871720350e+00
-1.001436301920838323e+00
-8.666275689699562967e-01
-8.088523977052924918e-01
-8.569983737591789774e-01
-9.821779114992836845e-01
-1.107357449239388503e+00
-1.174761815714829627e+00
-1.145874230082497780e+00
-1.020694692342392962e+00
-8.762567641807335050e-01
-7.895940072837379642e-01
-8.088523977052924918e-01
-9.147735450238426713e-01
-1.049582277974724809e+00
-1.126615839660943141e+00
-1.107357449239388503e+00
-9.918071067100610039e-01
-8.473691785484016581e-01
-7.414480312298514786e-01
-7.414480312298514786e-01
-8.281107881268470194e-01
-9.532903258669518376e-01
-1.030323887553170170e+00
-1.020694692342392962e+00
-9.244027402346199906e-01
-7.799648120729606449e-01
-6.644144695436331460e-01
-6.355268839113012991e-01
-7.029312503867423123e-01
-8.184815929160698111e-01
-9.051443498130653520e-01
-9.147735450238426713e-01
-8.184815929160698111e-01
-6.740436647544103543e-01
-5.488641270143056472e-01
-5.007181509604191616e-01
-5.488641270143056472e-01
-6.547852743328558267e-01
-7.414480312298514786e-01
-7.607064216514060062e-01
-6.836728599651876737e-01
-5.488641270143056472e-01
-4.140553940634235097e-01
-3.466510275879824965e-01
-3.755386132203143434e-01
-4.622013701173099953e-01
-5.584933222250829665e-01
-5.873809078574148135e-01
-5.296057365927510086e-01
-4.044261988526462459e-01
-2.599882706909868446e-01
-1.733255137939912482e-01
-1.829547090047685398e-01
-2.599882706909868446e-01
-3.562802227987598158e-01
-3.947970036418689821e-01
-3.562802227987598158e-01
-2.311006850586549977e-01
-9.629195210777291569e-02
0.000000000000000000e+00
1.925839042155458314e-02
-4.814597605388645785e-02
-1.444379281616593735e-01
-1.925839042155458314e-01
-1.636963185832139567e-01
-5.777517126466374942e-02
7.703356168621833255e-02
1.829547090047685398e-01
2.118422946371004145e-01
1.636963185832139567e-01
7.703356168621833255e-02
1.925839042155458314e-02
2.888758563233187471e-02
1.155503425293274988e-01
2.503590754802095808e-01
3.659094180095370796e-01
4.140553940634235097e-01
3.755386132203143434e-01
2.888758563233187471e-01
2.214714898478777061e-01
2.214714898478777061e-01
2.888758563233187471e-01
4.140553940634235097e-01
5.392349318035283279e-01
5.873809078574148135e-01
5.681225174358601748e-01
4.910889557496418423e-01
4.140553940634235097e-01
3.947970036418689821e-01
4.525721749065326760e-01
5.681225174358601748e-01
6.836728599651876737e-01
7.510772264406286869e-01
7.414480312298514786e-01
6.740436647544103543e-01
5.873809078574148135e-01
5.584933222250829665e-01
5.970101030681920218e-01
7.029312503867423123e-01
8.088523977052924918e-01
8.858859593915108244e-01
8.858859593915108244e-01
8.184815929160698111e-01
7.414480312298514786e-01
6.933020551759649930e-01
7.125604455975196316e-01
7.992232024945151725e-01
9.147735450238426713e-01
9.918071067100610039e-01
1.001436301920838323e+00
9.436611306561746293e-01
8.569983737591789774e-01
7.992232024945151725e-01
8.088523977052924918e-01
8.762567641807335050e-01
9.821779114992836845e-01
1.059211473185502017e+00
1.078469863607056656e+00
1.030323887553170170e+00
9.436611306561746293e-01
8.762567641807335050e-01
8.666275689699562967e-01
9.147735450238426713e-01
1.011065497131615532e+00
1.088099058817833864e+00
1.116986644450165933e+00
1.068840668396279447e+00
9.918071067100610039e-01
9.147735450238426713e-01
8.858859593915108244e-01
9.244027402346199906e-01
1.001436301920838323e+00
1.078469863607056656e+00
1.107357449239388503e+00
1.078469863607056656e+00
9.918071067100610039e-01
9.147735450238426713e-01
8.666275689699562967e-01
8.858859593915108244e-01
9.532903258669518376e-01
1.030323887553170170e+00
1.068840668396279447e+00
1.039953082763947378e+00
9.629195210777291569e-01
8.762567641807335050e-01
8.184815929160698111e-01
8.184815929160698111e-01
8.762567641807335050e-01
9.436611306561746293e-01
9.821779114992836845e-01
9.629195210777291569e-01
8.955151546022881437e-01
7.992232024945151725e-01
7.318188360190741593e-01
7.221896408082968399e-01
7.607064216514060062e-01
8.281107881268470194e-01
8.666275689699562967e-01
8.569983737591789774e-01
7.895940072837379642e-01
6.933020551759649930e-01
6.162684934897466604e-01
5.970101030681920218e-01
6.162684934897466604e-01
6.740436647544103543e-01
7.125604455975196316e-01
7.125604455975196316e-01
6.547852743328558267e-01
5.584933222250829665e-01
4.814597605388645785e-01
4.429429796957554122e-01
4.525721749065326760e-01
5.007181509604191616e-01
5.392349318035283279e-01
5.488641270143056472e-01
4.910889557496418423e-01
4.044261988526462459e-01
3.177634419556506495e-01
2.696174659017641639e-01
2.696174659017641639e-01
3.081342467448733302e-01
3.466510275879824965e-01
3.562802227987598158e-01
3.177634419556506495e-01
2.311006850586549977e-01
1.444379281616593735e-01
8.666275689699562412e-02
7.703356168621833255e-02
1.059211473185502073e-01
1.444379281616593735e-01
1.540671233724366651e-01
1.251795377401047904e-01
4.814597605388645785e-02
-3.851678084310916628e-02
-1.059211473185502073e-01
-1.251795377401047904e-01
-1.059211473185502073e-01
-6.740436647544104098e-02
-4.814597605388645785e-02
-6.740436647544104098e-02
-1.348087329508820820e-01
-2.214714898478777061e-01
-2.888758563233187471e-01
-3.177634419556506495e-01
-3.081342467448733302e-01
-2.696174659017641639e-01
-2.407298802694322892e-01
-2.599882706909868446e-01
-3.177634419556506495e-01
-3.947970036418689821e-01
-4.718305653280873146e-01
-5.007181509604191616e-01
-4.910889557496418423e-01
-4.622013701173099953e-01
-4.333137844849781484e-01
-4.333137844849781484e-01
-4.814597605388645785e-01
-5.584933222250829665e-01
-6.355268839113012991e-01
-6.740436647544103543e-01
-6.644144695436331460e-01
-6.355268839113012991e-01
-6.066392982789693411e-01
-5.970101030681920218e-01
-6.355268839113012991e-01
-7.029312503867423123e-01
-7.703356168621833255e-01
-8.088523977052924918e-01
-8.088523977052924918e-01
-7.799648120729606449e-01
-7.510772264406286869e-01
-7.318188360190741593e-01
-7.607064216514060062e-01
-8.184815929160698111e-01
-8.762567641807335050e-01
-9.244027402346199906e-01
-9.244027402346199906e-01
-9.051443498130653520e-01
-8.666275689699562967e-01
-8.377399833376243388e-01
-8.569983737591789774e-01
-9.051443498130653520e-01
-9.629195210777291569e-01
-1.001436301920838323e+00
-1.011065497131615532e+00
-9.821779114992836845e-01
-9.436611306561746293e-01
-9.147735450238426713e-01
-9.147735450238426713e-01
-9.532903258669518376e-01
-1.001436301920838323e+00
-1.039953082763947378e+00
-1.049582277974724809e+00
-1.030323887553170170e+00
-9.821779114992836845e-01
-9.532903258669518376e-01
-9.436611306561746293e-01
-9.629195210777291569e-01
-1.011065497131615532e+00
-1.049582277974724809e+00
-1.059211473185502017e+00
-1.030323887553170170e+00
-9.918071067100610039e-01
-9.436611306561746293e-01
-9.244027402346199906e-01
-9.436611306561746293e-01
-9.725487162885064762e-01
-1.011065497131615532e+00
-1.020694692342392962e+00
-1.001436301920838323e+00
-9.532903258669518376e-01
-9.051443498130653520e-01
-8.762567641807335050e-01
-8.762567641807335050e-01
-9.051443498130653520e-01
-9.340319354453973100e-01
-9.436611306561746293e-01
-9.244027402346199906e-01
-8.858859593915108244e-01
-8.281107881268470194e-01
-7.992232024945151725e-01
-7.895940072837379642e-01
-7.992232024945151725e-01
-8.281107881268470194e-01
-8.377399833376243388e-01
-8.184815929160698111e-01
-7.703356168621833255e-01
-7.221896408082968399e-01
-6.836728599651876737e-01
-6.644144695436331460e-01
-6.644144695436331460e-01
-6.836728599651876737e-01
-6.933020551759649930e-01
-6.836728599651876737e-01
-6.355268839113012991e-01
-5.873809078574148135e-01
-5.392349318035283279e-01
-5.103473461711964809e-01
-5.103473461711964809e-01
-5.199765413819736892e-01
-5.296057365927510086e-01
-5.199765413819736892e-01
-4.718305653280873146e-01
-4.236845892742008290e-01
-3.755386132203143434e-01
-3.370218323772051772e-01
-3.273926371664279134e-01
-3.370218323772051772e-01
-3.466510275879824965e-01
-3.370218323772051772e-01
-2.985050515340960109e-01
-2.407298802694322892e-01
-1.925839042155458314e-01
-1.540671233724366651e-01
-1.444379281616593735e-01
-1.444379281616593735e-01
-1.444379281616593735e-01
-1.348087329508820820e-01
-1.059211473185502073e-01
-5.777517126466374942e-02
-0.000000000000000000e+00
3.851678084310916628e-02
5.777517126466374942e-02
5.777517126466374942e-02
5.777517126466374942e-02
5.777517126466374942e-02
8.666275689699562412e-02
1.348087329508820820e-01
1.829547090047685398e-01
2.311006850586549977e-01
2.503590754802095808e-01
2.599882706909868446e-01
2.503590754802095808e-01
2.599882706909868446e-01
2.792466611125414833e-01
3.177634419556506495e-01
3.755386132203143434e-01
4.140553940634235097e-01
4.333137844849781484e-01
4.429429796957554122e-01
4.429429796957554122e-01
4.429429796957554122e-01
4.622013701173099953e-01
5.007181509604191616e-01
5.392349318035283279e-01
5.777517126466374942e-01
6.066392982789693411e-01
6.162684934897466604e-01
6.162684934897466604e-01
6.066392982789693411e-01
6.258976887005239798e-01
6.547852743328558267e-01
6.933020551759649930e-01
7.318188360190741593e-01
7.510772264406286869e-01
7.607064216514060062e-01
7.607064216514060062e-01
7.510772264406286869e-01
7.607064216514060062e-01
7.799648120729606449e-01
8.184815929160698111e-01
8.473691785484016581e-01
8.762567641807335050e-01
8.762567641807335050e-01
8.762567641807335050e-01
8.666275689699562967e-01
8.666275689699562967e-01
8.858859593915108244e-01
9.051443498130653520e-01
9.340319354453973100e-01
9.532903258669518376e-01
9.629195210777291569e-01
9.532903258669518376e-01
9.436611306561746293e-01
9.436611306561746293e-01
9.436611306561746293e-01
9.629195210777291569e-01
9.918071067100610039e-01
1.011065497131615532e+00
1.011065497131615532e+00
1.001436301920838323e+00
9.918071067100610039e-01
9.821779114992836845e-01
9.821779114992836845e-01
9.918071067100610039e-01
1.001436301920838323e+00
1.020694692342392962e+00
1.020694692342392962e+00
1.011065497131615532e+00
9.918071067100610039e-01
9.725487162885064762e-01
9.725487162885064762e-01
9.725487162885064762e-01
9.821779114992836845e-01
9.918071067100610039e-01
9.918071067100610039e-01
9.725487162885064762e-01
9.532903258669518376e-01
9.340319354453973100e-01
9.244027402346199906e-01
9.244027402346199906e-01
9.244027402346199906e-01
9.244027402346199906e-01
9.244027402346199906e-01
9.051443498130653520e-01
8.858859593915108244e-01
8.569983737591789774e-01
8.377399833376243388e-01
8.281107881268470194e-01
8.281107881268470194e-01
8.281107881268470194e-01
8.184815929160698111e-01
7.992232024945151725e-01
7.799648120729606449e-01
7.510772264406286869e-01
7.221896408082968399e-01
7.125604455975196316e-01
7.029312503867423123e-01
6.933020551759649930e-01
6.836728599651876737e-01
6.644144695436331460e-01
6.355268839113012991e-01
6.066392982789693411e-01
5.873809078574148135e-01
5.584933222250829665e-01
5.488641270143056472e-01
5.392349318035283279e-01
5.296057365927510086e-01
5.007181509604191616e-01
4.814597605388645785e-01
4.429429796957554122e-01
4.140553940634235097e-01
3.947970036418689821e-01
3.755386132203143434e-01
3.659094180095370796e-01
3.466510275879824965e-01
3.273926371664279134e-01
2.985050515340960109e-01
2.696174659017641639e-01
2.311006850586549977e-01
2.118422946371004145e-01
1.829547090047685398e-01
1.733255137939912482e-01
1.540671233724366651e-01
1.348087329508820820e-01
1.059211473185502073e-01
7.703356168621833255e-02
3.851678084310916628e-02
1.925839042155458314e-02
-9.629195210777291569e-03
-2.888758563233187471e-02
-4.814597605388645785e-02
-6.740436647544104098e-02
-8.666275689699562412e-02
-1.251795377401047904e-01
-1.540671233724366651e-01
-1.829547090047685398e-01
-2.022130994263231230e-01
-2.214714898478777061e-01
-2.407298802694322892e-01
-2.599882706909868446e-01
-2.792466611125414833e-01
-3.081342467448733302e-01
-3.370218323772051772e-01
-3.659094180095370796e-01
-3.851678084310916628e-01
-4.044261988526462459e-01
-4.236845892742008290e-01
-4.429429796957554122e-01
-4.622013701173099953e-01
-4.910889557496418423e-01
-5.199765413819736892e-01
-5.392349318035283279e-01
-5.584933222250829665e-01
-5.777517126466374942e-01
-5.970101030681920218e-01
-6.066392982789693411e-01
-6.258976887005239798e-01
-6.451560791220785074e-01
-6.740436647544103543e-01
-6.933020551759649930e-01
-7.125604455975196316e-01
-7.318188360190741593e-01
-7.414480312298514786e-01
-7.510772264406286869e-01
-7.703356168621833255e-01
-7.895940072837379642e-01
-7.992232024945151725e-01
-8.184815929160698111e-01
-8.377399833376243388e-01
-8.473691785484016581e-01
-8.569983737591789774e-01
-8.666275689699562967e-01
-8.762567641807335050e-01
-8.858859593915108244e-01
-9.051443498130653520e-01
-9.147735450238426713e-01
-9.244027402346199906e-01
-9.340319354453973100e-01
-9.436611306561746293e-01
-9.436611306561746293e-01
-9.532903258669518376e-01
-9.629195210777291569e-01
-9.725487162885064762e-01
-9.725487162885064762e-01
-9.821779114992836845e-01
-9.918071067100610039e-01
-9.918071067100610039e-01
-9.918071067100610039e-01
-9.918071067100610039e-01
-9.918071067100610039e-01
-1.001436301920838323e+00
-1.001436301920838323e+00
-1.001436301920838323e+00
-1.001436301920838323e+00
-1.001436301920838323e+00
-1.001436301920838323e+00
-9.918071067100610039e-01
-9.918071067100610039e-01
-9.918071067100610039e-01
-9.821779114992836845e-01
-9.821779114992836845e-01
-9.821779114992836845e-01
-9.725487162885064762e-01
-9.629195210777291569e-01
-9.532903258669518376e-01
-9.436611306561746293e-01
-9.436611306561746293e-01
-9.340319354453973100e-01
-9.244027402346199906e-01
-9.147735450238426713e-01
-9.051443498130653520e-01
-8.955151546022881437e-01
-8.858859593915108244e-01
-8.666275689699562967e-01
-8.569983737591789774e-01
-8.473691785484016581e-01
-8.281107881268470194e-01
-8.184815929160698111e-01
-7.992232024945151725e-01
-7.895940072837379642e-01
-7.703356168621833255e-01
-7.607064216514060062e-01
-7.414480312298514786e-01
-7.221896408082968399e-01
-7.029312503867423123e-01
-6.933020551759649930e-01
-6.740436647544103543e-01
-6.547852743328558267e-01
-6.355268839113012991e-01
-6.162684934897466604e-01
-5.970101030681920218e-01
-5.777517126466374942e-01
-5.584933222250829665e-01
-5.392349318035283279e-01
-5.103473461711964809e-01
-4.910889557496418423e-01
-4.718305653280873146e-01
-4.525721749065326760e-01
-4.236845892742008290e-01
-4.044261988526462459e-01
-3.851678084310916628e-01
-3.562802227987598158e-01
-3.370218323772051772e-01
-3.177634419556506495e-01
-2.888758563233187471e-01
-2.696174659017641639e-01
-2.407298802694322892e-01
-2.214714898478777061e-01
-1.925839042155458314e-01
-1.733255137939912482e-01
-1.444379281616593735e-01
-1.251795377401047904e-01
-9.629195210777291569e-02
-7.703356168621833255e-02
-4.814597605388645785e-02
-2.888758563233187471e-02
-0.000000000000000000e+00
2.888758563233187471e-02
4.814597605388645785e-02
7.703356168621833255e-02
9.629195210777291569e-02
1.251795377401047904e-01
1.444379281616593735e-01
1.733255137939912482e-01
1.925839042155458314e-01
2.214714898478777061e-01
2.407298802694322892e-01
2.696174659017641639e-01
2.888758563233187471e-01
3.177634419556506495e-01
3.370218323772051772e-01
3.562802227987598158e-01
3.851678084310916628e-01
4.044261988526462459e-01
4.236845892742008290e-01
4.525721749065326760e-01
4.718305653280873146e-01
4.910889557496418423e-01
5.103473461711964809e-01
5.392349318035283279e-01
5.584933222250829665e-01
5.777517126466374942e-01
5.970101030681920218e-01
6.162684934897466604e-01
6.355268839113012991e-01
6.547852743328558267e-01
6.740436647544103543e-01
6.933020551759649930e-01
7.029312503867423123e-01
7.221896408082968399e-01
7.414480312298514786e-01
7.607064216514060062e-01
7.703356168621833255e-01
7.895940072837379642e-01
7.992232024945151725e-01
8.184815929160698111e-01
8.281107881268470194e-01
8.473691785484016581e-01
8.569983737591789774e-01
8.666275689699562967e-01
8.858859593915108244e-01
8.955151546022881437e-01
9.051443498130653520e-01
9.147735450238426713e-01
9.244027402346199906e-01
9.340319354453973100e-01
9.436611306561746293e-01
9.436611306561746293e-01
9.532903258669518376e-01
9.629195210777291569e-01
9.725487162885064762e-01
9.821779114992836845e-01
9.821779114992836845e-01
9.821779114992836845e-01
9.918071067100610039e-01
9.918071067100610039e-01
9.918071067100610039e-01
1.001436301920838323e+00
1.001436301920838323e+00
1.001436301920838323e+00
1.001436301920838323e+00
1.001436301920838323e+00
1.001436301920838323e+00
9.918071067100610039e-01
9.918071067100610039e-01
9.918071067100610039e-01
9.918071067100610039e-01
9.918071067100610039e-01
9.821779114992836845e-01
9.725487162885064762e-01
9.725487162885064762e-01
9.629195210777291569e-01
9.532903258669518376e-01
9.436611306561746293e-01
9.436611306561746293e-01
9.340319354453973100e-01
9.244027402346199906e-01
9.147735450238426713e-01
9.051443498130653520e-01
8.858859593915108244e-01
8.762567641807335050e-01
8.666275689699562967e-01
8.569983737591789774e-01
8.473691785484016581e-01
8.377399833376243388e-01
8.184815929160698111e-01
7.992232024945151725e-01
7.895940072837379642e-01
7.703356168621833255e-01
7.510772264406286869e-01
7.414480312298514786e-01
7.318188360190741593e-01
7.125604455975196316e-01
6.933020551759649930e-01
6.740436647544103543e-01
6.451560791220785074e-01
6.258976887005239798e-01
6.066392982789693411e-01
5.970101030681920218e-01
5.777517126466374942e-01
5.584933222250829665e-01
5.392349318035283279e-01
5.199765413819736892e-01
4.910889557496418423e-01
4.622013701173099953e-01
4.429429796957554122e-01
4.236845892742008290e-01
4.044261988526462459e-01
3.851678084310916628e-01
3.659094180095370796e-01
3.370218323772051772e-01
3.081342467448733302e-01
2.792466611125414833e-01
2.599882706909868446e-01
2.407298802694322892e-01
2.214714898478777061e-01
2.022130994263231230e-01
1.829547090047685398e-01
1.540671233724366651e-01
1.251795377401047904e-01
8.666275689699562412e-02
6.740436647544104098e-02
4.814597605388645785e-02
2.888758563233187471e-02
9.629195210777291569e-03
-1.925839042155458314e-02
-3.851678084310916628e-02
-7.703356168621833255e-02
-1.059211473185502073e-01
-1.348087329508820820e-01
-1.540671233724366651e-01
-1.733255137939912482e-01
-1.829547090047685398e-01
-2.118422946371004145e-01
-2.311006850586549977e-01
-2.696174659017641639e-01
-2.985050515340960109e-01
-3.273926371664279134e-01
-3.466510275879824965e-01
-3.659094180095370796e-01
-3.755386132203143434e-01
-3.947970036418689821e-01
-4.140553940634235097e-01
-4.429429796957554122e-01
-4.814597605388645785e-01
-5.007181509604191616e-01
-5.296057365927510086e-01
-5.392349318035283279e-01
-5.488641270143056472e-01
-5.584933222250829665e-01
-5.873809078574148135e-01
-6.066392982789693411e-01
-6.355268839113012991e-01
-6.644144695436331460e-01
-6.836728599651876737e-01
-6.933020551759649930e-01
-7.029312503867423123e-01
-7.125604455975196316e-01
-7.221896408082968399e-01
-7.510772264406286869e-01
-7.799648120729606449e-01
-7.992232024945151725e-01
-8.184815929160698111e-01
-8.281107881268470194e-01
-8.281107881268470194e-01
-8.281107881268470194e-01
-8.377399833376243388e-01
-8.569983737591789774e-01
-8.858859593915108244e-01
-9.051443498130653520e-01
-9.244027402346199906e-01
-9.244027402346199906e-01
-9.244027402346199906e-01
-9.244027402346199906e-01
-9.244027402346199906e-01
-9.340319354453973100e-01
-9.532903258669518376e-01
-9.725487162885064762e-01
-9.918071067100610039e-01
-9.918071067100610039e-01
-9.821779114992836845e-01
-9.725487162885064762e-01
-9.725487162885064762e-01
-9.725487162885064762e-01
-9.918071067100610039e-01
-1.011065497131615532e+00
-1.020694692342392962e+00
-1.020694692342392962e+00
-1.001436301920838323e+00
-9.918071067100610039e-01
-9.821779114992836845e-01
-9.821779114992836845e-01
-9.918071067100610039e-01
-1.001436301920838323e+00
-1.011065497131615532e+00
-1.011065497131615532e+00
-9.918071067100610039e-01
-9.629195210777291569e-01
-9.436611306561746293e-01
-9.436611306561746293e-01
-9.436611306561746293e-01
-9.532903258669518376e-01
-9.629195210777291569e-01
-9.532903258669518376e-01
-9.340319354453973100e-01
-9.051443498130653520e-01
-8.858859593915108244e-01
-8.666275689699562967e-01
-8.666275689699562967e-01
-8.762567641807335050e-01
-8.762567641807335050e-01
-8.762567641807335050e-01
-8.473691785484016581e-01
-8.184815929160698111e-01
-7.799648120729606449e-01
-7.607064216514060062e-01
-7.510772264406286869e-01
-7.607064216514060062e-01
-7.607064216514060062e-01
-7.510772264406286869e-01
-7.318188360190741593e-01
-6.933020551759649930e-01
-6.547852743328558267e-01
-6.258976887005239798e-01
-6.066392982789693411e-01
-6.162684934897466604e-01
-6.162684934897466604e-01
-6.066392982789693411e-01
-5.777517126466374942e-01
-5.392349318035283279e-01
-5.007181509604191616e-01
-4.622013701173099953e-01
-4.429429796957554122e-01
-4.429429796957554122e-01
-4.429429796957554122e-01
-4.333137844849781484e-01
-4.140553940634235097e-01
-3.755386132203143434e-01
-3.177634419556506495e-01
-2.792466611125414833e-01
-2.599882706909868446e-01
-2.503590754802095808e-01
-2.599882706909868446e-01
-2.503590754802095808e-01
-2.311006850586549977e-01
-1.829547090047685398e-01
-1.348087329508820820e-01
-8.666275689699562412e-02
-5.777517126466374942e-02
-5.777517126466374942e-02
-5.777517126466374942e-02
-5.777517126466374942e-02
-3.851678084310916628e-02
0.000000000000000000e+00
5.777517126466374942e-02
1.059211473185502073e-01
1.348087329508820820e-01
1.444379281616593735e-01
1.444379281616593735e-01
1.444379281616593735e-01
1.540671233724366651e-01
1.925839042155458314e-01
2.407298802694322892e-01
2.985050515340960109e-01
3.370218323772051772e-01
3.466510275879824965e-01
3.370218323772051772e-01
3.273926371664279134e-01
3.370218323772051772e-01
3.755386132203143434e-01
4.236845892742008290e-01
4.718305653280873146e-01
5.199765413819736892e-01
5.296057365927510086e-01
5.199765413819736892e-01
5.103473461711964809e-01
5.103473461711964809e-01
5.392349318035283279e-01
5.873809078574148135e-01
6.355268839113012991e-01
6.836728599651876737e-01
6.933020551759649930e-01
6.836728599651876737e-01
6.644144695436331460e-01
6.644144695436331460e-01
6.836728599651876737e-01
7.221896408082968399e-01
7.703356168621833255e-01
8.184815929160698111e-01
8.377399833376243388e-01
8.281107881268470194e-01
7.992232024945151725e-01
7.895940072837379642e-01
7.992232024945151725e-01
8.281107881268470194e-01
8.858859593915108244e-01
9.244027402346199906e-01
9.436611306561746293e-01
9.340319354453973100e-01
9.051443498130653520e-01
8.762567641807335050e-01
8.762567641807335050e-01
9.051443498130653520e-01
9.532903258669518376e-01
1.001436301920838323e+00
1.020694692342392962e+00
1.011065497131615532e+00
9.725487162885064762e-01
9.436611306561746293e-01
9.244027402346199906e-01
9.436611306561746293e-01
9.918071067100610039e-01
1.030323887553170170e+00
1.059211473185502017e+00
1.049582277974724809e+00
1.011065497131615532e+00
9.629195210777291569e-01
9.436611306561746293e-01
9.532903258669518376e-01
9.821779114992836845e-01
1.030323887553170170e+00
1.049582277974724809e+00
1.039953082763947378e+00
1.001436301920838323e+00
9.532903258669518376e-01
9.147735450238426713e-01
9.147735450238426713e-01
9.436611306561746293e-01
9.821779114992836845e-01
1.011065497131615532e+00
1.001436301920838323e+00
9.629195210777291569e-01
9.051443498130653520e-01
8.569983737591789774e-01
8.377399833376243388e-01
8.666275689699562967e-01
9.051443498130653520e-01
9.244027402346199906e-01
9.244027402346199906e-01
8.762567641807335050e-01
8.184815929160698111e-01
7.607064216514060062e-01
7.318188360190741593e-01
7.510772264406286869e-01
7.799648120729606449e-01
8.088523977052924918e-01
8.088523977052924918e-01
7.703356168621833255e-01
7.029312503867423123e-01
6.355268839113012991e-01
5.970101030681920218e-01
6.066392982789693411e-01
6.355268839113012991e-01
6.644144695436331460e-01
6.740436647544103543e-01
6.355268839113012991e-01
5.584933222250829665e-01
4.814597605388645785e-01
4.333137844849781484e-01
4.333137844849781484e-01
4.622013701173099953e-01
4.910889557496418423e-01
5.007181509604191616e-01
4.718305653280873146e-01
3.947970036418689821e-01
3.177634419556506495e-01
2.599882706909868446e-01
2.407298802694322892e-01
2.696174659017641639e-01
3.081342467448733302e-01
3.177634419556506495e-01
2.888758563233187471e-01
2.214714898478777061e-01
1.348087329508820820e-01
6.740436647544104098e-02
4.814597605388645785e-02
6.740436647544104098e-02
1.059211473185502073e-01
1.251795377401047904e-01
1.059211473185502073e-01
3.851678084310916628e-02
-4.814597605388645785e-02
-1.251795377401047904e-01
-1.540671233724366651e-01
-1.444379281616593735e-01
-1.059211473185502073e-01
-7.703356168621833255e-02
-8.666275689699562412e-02
-1.444379281616593735e-01
-2.311006850586549977e-01
-3.177634419556506495e-01
-3.562802227987598158e-01
-3.466510275879824965e-01
-3.081342467448733302e-01
-2.696174659017641639e-01
-2.696174659017641639e-01
-3.177634419556506495e-01
-4.044261988526462459e-01
-4.910889557496418423e-01
-5.488641270143056472e-01
-5.392349318035283279e-01
-5.007181509604191616e-01
-4.525721749065326760e-01
-4.429429796957554122e-01
-4.814597605388645785e-01
-5.584933222250829665e-01
-6.547852743328558267e-01
-7.125604455975196316e-01
-7.125604455975196316e-01
-6.740436647544103543e-01
-6.162684934897466604e-01
-5.970101030681920218e-01
-6.162684934897466604e-01
-6.933020551759649930e-01
-7.895940072837379642e-01
-8.569983737591789774e-01
-8.666275689699562967e-01
-8.281107881268470194e-01
-7.607064216514060062e-01
-7.221896408082968399e-01
-7.318188360190741593e-01
-7.992232024945151725e-01
-8.955151546022881437e-01
-9.629195210777291569e-01
-9.821779114992836845e-01
-9.436611306561746293e-01
-8.762567641807335050e-01
-8.184815929160698111e-01
-8.184815929160698111e-01
-8.762567641807335050e-01
-9.629195210777291569e-01
-1.039953082763947378e+00
-1.068840668396279447e+00
-1.030323887553170170e+00
-9.532903258669518376e-01
-8.858859593915108244e-01
-8.666275689699562967e-01
-9.147735450238426713e-01
-9.918071067100610039e-01
-1.078469863607056656e+00
-1.107357449239388503e+00
-1.078469863607056656e+00
-1.001436301920838323e+00
-9.244027402346199906e-01
-8.858859593915108244e-01
-9.147735450238426713e-01
-9.918071067100610039e-01
-1.068840668396279447e+00
-1.116986644450165933e+00
-1.088099058817833864e+00
-1.011065497131615532e+00
-9.147735450238426713e-01
-8.666275689699562967e-01
-8.762567641807335050e-01
-9.436611306561746293e-01
-1.030323887553170170e+00
-1.078469863607056656e+00
-1.059211473185502017e+00
-9.821779114992836845e-01
-8.762567641807335050e-01
-8.088523977052924918e-01
-7.992232024945151725e-01
-8.569983737591789774e-01
-9.436611306561746293e-01
-1.001436301920838323e+00
-9.918071067100610039e-01
-9.147735450238426713e-01
-7.992232024945151725e-01
-7.125604455975196316e-01
-6.933020551759649930e-01
-7.414480312298514786e-01
-8.184815929160698111e-01
-8.858859593915108244e-01
-8.858859593915108244e-01
-8.088523977052924918e-01
-7.029312503867423123e-01
-5.970101030681920218e-01
-5.584933222250829665e-01
-5.873809078574148135e-01
-6.740436647544103543e-01
-7.414480312298514786e-01
-7.510772264406286869e-01
-6.836728599651876737e-01
-5.681225174358601748e-01
-4.525721749065326760e-01
-3.947970036418689821e-01
-4.140553940634235097e-01
-4.910889557496418423e-01
-5.681225174358601748e-01
-5.873809078574148135e-01
-5.392349318035283279e-01
-4.140553940634235097e-01
-2.888758563233187471e-01
-2.214714898478777061e-01
-2.214714898478777061e-01
-2.888758563233187471e-01
-3.755386132203143434e-01
-4.140553940634235097e-01
-3.659094180095370796e-01
-2.503590754802095808e-01
-1.155503425293274988e-01
-2.888758563233187471e-02
-1.925839042155458314e-02
-7.703356168621833255e-02
-1.636963185832139567e-01
-2.118422946371004145e-01
-1.829547090047685398e-01
-7.703356168621833255e-02
5.777517126466374942e-02
1.636963185832139567e-01
1.925839042155458314e-01
1.444379281616593735e-01
4.814597605388645785e-02
-1.925839042155458314e-02
-0.000000000000000000e+00
9.629195210777291569e-02
2.311006850586549977e-01
3.562802227987598158e-01
3.947970036418689821e-01
3.562802227987598158e-01
2.599882706909868446e-01
1.829547090047685398e-01
1.733255137939912482e-01
2.599882706909868446e-01
4.044261988526462459e-01
5.296057365927510086e-01
5.873809078574148135e-01
5.584933222250829665e-01
4.622013701173099953e-01
3.755386132203143434e-01
3.466510275879824965e-01
4.140553940634235097e-01
5.488641270143056472e-01
6.836728599651876737e-01
7.607064216514060062e-01
7.414480312298514786e-01
6.547852743328558267e-01
5.488641270143056472e-01
5.007181509604191616e-01
5.488641270143056472e-01
6.740436647544103543e-01
8.184815929160698111e-01
9.147735450238426713e-01
9.051443498130653520e-01
8.184815929160698111e-01
7.029312503867423123e-01
6.355268839113012991e-01
6.644144695436331460e-01
7.799648120729606449e-01
9.244027402346199906e-01
1.020694692342392962e+00
1.030323887553170170e+00
9.532903258669518376e-01
8.281107881268470194e-01
7.414480312298514786e-01
7.414480312298514786e-01
8.473691785484016581e-01
9.918071067100610039e-01
1.107357449239388503e+00
1.126615839660943141e+00
1.049582277974724809e+00
9.147735450238426713e-01
8.088523977052924918e-01
7.895940072837379642e-01
8.762567641807335050e-01
1.020694692342392962e+00
1.145874230082497780e+00
1.174761815714829627e+00
1.107357449239388503e+00
9.821779114992836845e-01
8.569983737591789774e-01
8.088523977052924918e-01
8.666275689699562967e-01
1.001436301920838323e+00
1.136245034871720350e+00
1.194020206136384044e+00
1.136245034871720350e+00
1.001436301920838323e+00
8.569983737591789774e-01
7.895940072837379642e-01
8.281107881268470194e-01
9.532903258669518376e-01
1.088099058817833864e+00
1.165132620504052197e+00
1.116986644450165933e+00
9.821779114992836845e-01
8.281107881268470194e-01
7.318188360190741593e-01
7.510772264406286869e-01
8.666275689699562967e-01
1.001436301920838323e+00
1.088099058817833864e+00
1.059211473185502017e+00
9.340319354453973100e-01
7.703356168621833255e-01
6.547852743328558267e-01
6.451560791220785074e-01
7.414480312298514786e-01
8.762567641807335050e-01
9.821779114992836845e-01
9.725487162885064762e-01
8.473691785484016581e-01
6.740436647544103543e-01
5.392349318035283279e-01
5.007181509604191616e-01
5.777517126466374942e-01
7.221896408082968399e-01
8.377399833376243388e-01
8.473691785484016581e-01
7.414480312298514786e-01
5.584933222250829665e-01
4.044261988526462459e-01
3.370218323772051772e-01
3.947970036418689821e-01
5.392349318035283279e-01
6.644144695436331460e-01
6.933020551759649930e-01
5.970101030681920218e-01
4.236845892742008290e-01
2.503590754802095808e-01
1.540671233724366651e-01
1.925839042155458314e-01
3.273926371664279134e-01
4.622013701173099953e-01
5.199765413819736892e-01
4.429429796957554122e-01
2.696174659017641639e-01
7.703356168621833255e-02
-2.888758563233187471e-02
-1.925839042155458314e-02
1.059211473185502073e-01
2.503590754802095808e-01
3.273926371664279134e-01
2.696174659017641639e-01
1.059211473185502073e-01
-8.666275689699562412e-02
-2.214714898478777061e-01
-2.311006850586549977e-01
-1.251795377401047904e-01
2.888758563233187471e-02
1.251795377401047904e-01
9.629195210777291569e-02
-5.777517126466374942e-02
-2.599882706909868446e-01
-4.140553940634235097e-01
-4.525721749065326760e-01
-3.562802227987598158e-01
-1.925839042155458314e-01
-7.703356168621833255e-02
-7.703356168621833255e-02
-2.118422946371004145e-01
-4.140553940634235097e-01
-5.873809078574148135e-01
-6.451560791220785074e-01
-5.681225174358601748e-01
-4.140553940634235097e-01
-2.696174659017641639e-01
-2.407298802694322892e-01
-3.562802227987598158e-01
-5.584933222250829665e-01
-7.510772264406286869e-01
-8.281107881268470194e-01
-7.703356168621833255e-01
-6.162684934897466604e-01
-4.525721749065326760e-01
-3.947970036418689821e-01
-4.814597605388645785e-01
-6.740436647544103543e-01
-8.762567641807335050e-01
-9.821779114992836845e-01
-9.436611306561746293e-01
-7.895940072837379642e-01
-6.162684934897466604e-01
-5.296057365927510086e-01
-5.873809078574148135e-01
-7.703356168621833255e-01
-9.725487162885064762e-01
-1.107357449239388503e+00
-1.088099058817833864e+00
-9.436611306561746293e-01
-7.510772264406286869e-01
-6.355268839113012991e-01
-6.644144695436331460e-01
-8.281107881268470194e-01
-1.039953082763947378e+00
-1.184391010925606835e+00
-1.194020206136384044e+00
-1.059211473185502017e+00
-8.569983737591789774e-01
-7.125604455975196316e-01
-7.029312503867423123e-01
-8.473691785484016581e-01
-1.059211473185502017e+00
-1.232536986979493321e+00
-1.261424572611825168e+00
-1.136245034871720350e+00
-9.340319354453973100e-01
-7.607064216514060062e-01
-7.221896408082968399e-01
-8.377399833376243388e-01
-1.039953082763947378e+00
-1.222907791768716113e+00
-1.280682963033379806e+00
-1.184391010925606835e+00
-9.725487162885064762e-01
-7.799648120729606449e-01
-7.029312503867423123e-01
-7.895940072837379642e-01
-9.821779114992836845e-01
-1.174761815714829627e+00
-1.261424572611825168e+00
-1.184391010925606835e+00
-9.725487162885064762e-01
-7.607064216514060062e-01
-6.451560791220785074e-01
-7.029312503867423123e-01
-8.858859593915108244e-01
-1.088099058817833864e+00
-1.194020206136384044e+00
-1.136245034871720350e+00
-9.436611306561746293e-01
-7.125604455975196316e-01
-5.681225174358601748e-01
-5.873809078574148135e-01
-7.510772264406286869e-01
-9.629195210777291569e-01
-1.097728254028611294e+00
-1.059211473185502017e+00
-8.762567641807335050e-01
-6.355268839113012991e-01
-4.525721749065326760e-01
-4.333137844849781484e-01
-5.777517126466374942e-01
-7.992232024945151725e-01
-9.532903258669518376e-01
-9.532903258669518376e-01
-7.799648120729606449e-01
-5.296057365927510086e-01
-3.273926371664279134e-01
-2.696174659017641639e-01
-3.851678084310916628e-01
-5.970101030681920218e-01
-7.799648120729606449e-01
-8.088523977052924918e-01
-6.644144695436331460e-01
-4.044261988526462459e-01
-1.733255137939912482e-01
-8.666275689699562412e-02
-1.733255137939912482e-01
-3.851678084310916628e-01
-5.777517126466374942e-01
-6.355268839113012991e-01
-5.199765413819736892e-01
-2.696174659017641639e-01
-1.925839042155458314e-02
1.059211473185502073e-01
4.814597605388645785e-02
-1.444379281616593735e-01
-3.562802227987598158e-01
-4.525721749065326760e-01
-3.659094180095370796e-01
-1.251795377401047904e-01
1.444379281616593735e-01
3.081342467448733302e-01
2.792466611125414833e-01
9.629195210777291569e-02
-1.251795377401047904e-01
-2.599882706909868446e-01
-2.022130994263231230e-01
2.888758563233187471e-02
3.081342467448733302e-01
5.007181509604191616e-01
5.007181509604191616e-01
3.370218323772051772e-01
1.059211473185502073e-01
-5.777517126466374942e-02
-2.888758563233187471e-02
1.733255137939912482e-01
4.525721749065326760e-01
6.740436647544103543e-01
7.125604455975196316e-01
5.681225174358601748e-01
3.370218323772051772e-01
1.444379281616593735e-01
1.251795377401047904e-01
2.985050515340960109e-01
5.873809078574148135e-01
8.281107881268470194e-01
9.051443498130653520e-01
7.895940072837379642e-01
5.488641270143056472e-01
3.370218323772051772e-01
2.792466611125414833e-01
4.140553940634235097e-01
6.933020551759649930e-01
9.532903258669518376e-01
1.068840668396279447e+00
9.821779114992836845e-01
7.414480312298514786e-01
5.007181509604191616e-01
4.044261988526462459e-01
5.103473461711964809e-01
7.703356168621833255e-01
1.049582277974724809e+00
1.203649401347161474e+00
1.145874230082497780e+00
9.147735450238426713e-01
6.547852743328558267e-01
5.103473461711964809e-01
5.777517126466374942e-01
8.184815929160698111e-01
1.107357449239388503e+00
1.290312158244157015e+00
1.261424572611825168e+00
1.049582277974724809e+00
7.703356168621833255e-01
5.970101030681920218e-01
6.162684934897466604e-01
8.377399833376243388e-01
1.126615839660943141e+00
1.338458134298043500e+00
1.348087329508820709e+00
1.155503425293274988e+00
8.666275689699562967e-01
6.451560791220785074e-01
6.258976887005239798e-01
8.088523977052924918e-01
1.097728254028611294e+00
1.338458134298043500e+00
1.386604110351929986e+00
1.213278596557938682e+00
9.244027402346199906e-01
6.740436647544103543e-01
5.970101030681920218e-01
7.510772264406286869e-01
1.030323887553170170e+00
1.290312158244157015e+00
1.376974915141152778e+00
1.232536986979493321e+00
9.436611306561746293e-01
6.644144695436331460e-01
5.392349318035283279e-01
6.547852743328558267e-01
9.244027402346199906e-01
1.203649401347161474e+00
1.319199743876488862e+00
1.213278596557938682e+00
9.340319354453973100e-01
6.258976887005239798e-01
4.622013701173099953e-01
5.296057365927510086e-01
7.799648120729606449e-01
1.068840668396279447e+00
1.222907791768716113e+00
1.155503425293274988e+00
8.858859593915108244e-01
5.584933222250829665e-01
3.562802227987598158e-01
3.755386132203143434e-01
5.970101030681920218e-01
8.955151546022881437e-01
1.088099058817833864e+00
1.059211473185502017e+00
8.088523977052924918e-01
4.718305653280873146e-01
2.214714898478777061e-01
1.925839042155458314e-01
3.947970036418689821e-01
6.933020551759649930e-01
9.147735450238426713e-01
9.244027402346199906e-01
7.029312503867423123e-01
3.659094180095370796e-01
7.703356168621833255e-02
0.000000000000000000e+00
1.636963185832139567e-01
4.622013701173099953e-01
7.221896408082968399e-01
7.703356168621833255e-01
5.777517126466374942e-01
2.407298802694322892e-01
-7.703356168621833255e-02
-2.022130994263231230e-01
-7.703356168621833255e-02
2.118422946371004145e-01
4.910889557496418423e-01
5.970101030681920218e-01
4.429429796957554122e-01
1.059211473185502073e-01
-2.311006850586549977e-01
-4.044261988526462459e-01
-3.177634419556506495e-01
-4.814597605388645785e-02
2.599882706909868446e-01
4.044261988526462459e-01
2.985050515340960109e-01
-1.925839042155458314e-02
-3.851678084310916628e-01
-5.970101030681920218e-01
-5.584933222250829665e-01
-3.081342467448733302e-01
9.629195210777291569e-03
2.022130994263231230e-01
1.444379281616593735e-01
-1.444379281616593735e-01
-5.199765413819736892e-01
-7.799648120729606449e-01
-7.895940072837379642e-01
-5.584933222250829665e-01
-2.311006850586549977e-01
0.000000000000000000e+00
-9.629195210777291569e-03
-2.696174659017641639e-01
-6.451560791220785074e-01
-9.340319354453973100e-01
-9.918071067100610039e-01
-7.895940072837379642e-01
-4.622013701173099953e-01
-1.925839042155458314e-01
-1.444379281616593735e-01
-3.659094180095370796e-01
-7.414480312298514786e-01
-1.059211473185502017e+00
-1.165132620504052197e+00
-1.001436301920838323e+00
-6.740436647544103543e-01
-3.659094180095370796e-01
-2.696174659017641639e-01
-4.429429796957554122e-01
-8.088523977052924918e-01
-1.155503425293274988e+00
-1.309570548665711653e+00
-1.184391010925606835e+00
-8.666275689699562967e-01
-5.296057365927510086e-01
-3.755386132203143434e-01
-5.007181509604191616e-01
-8.377399833376243388e-01
-1.213278596557938682e+00
-1.405862500773484625e+00
-1.328828939087266292e+00
-1.020694692342392962e+00
-6.644144695436331460e-01
-4.525721749065326760e-01
-5.296057365927510086e-01
-8.377399833376243388e-01
-1.222907791768716113e+00
-1.463637672038148319e+00
-1.434750086405816472e+00
-1.145874230082497780e+00
-7.703356168621833255e-01
-5.103473461711964809e-01
-5.199765413819736892e-01
-7.992232024945151725e-01
-1.194020206136384044e+00
-1.473266867248925527e+00
-1.492525257670480165e+00
-1.232536986979493321e+00
-8.377399833376243388e-01
-5.392349318035283279e-01
-4.910889557496418423e-01
-7.318188360190741593e-01
-1.116986644450165933e+00
-1.425120891195039263e+00
-1.492525257670480165e+00
-1.271053767822602598e+00
-8.858859593915108244e-01
-5.392349318035283279e-01
-4.333137844849781484e-01
-6.162684934897466604e-01
-9.918071067100610039e-01
-1.338458134298043500e+00
-1.454008476827371110e+00
-1.280682963033379806e+00
-8.858859593915108244e-01
-5.103473461711964809e-01
-3.466510275879824965e-01
-4.814597605388645785e-01
-8.377399833376243388e-01
-1.203649401347161474e+00
-1.376974915141152778e+00
-1.242166182190270529e+00
-8.666275689699562967e-01
-4.525721749065326760e-01
-2.311006850586549977e-01
-3.081342467448733302e-01
-6.355268839113012991e-01
-1.030323887553170170e+00
-1.242166182190270529e+00
-1.165132620504052197e+00
-8.088523977052924918e-01
-3.851678084310916628e-01
-1.059211473185502073e-01
-1.251795377401047904e-01
-4.140553940634235097e-01
-8.184815929160698111e-01
-1.078469863607056656e+00
-1.049582277974724809e+00
-7.318188360190741593e-01
-2.888758563233187471e-01
3.851678084310916628e-02
8.666275689699562412e-02
-1.733255137939912482e-01
-5.681225174358601748e-01
-8.762567641807335050e-01
-9.051443498130653520e-01
-6.258976887005239798e-01
-1.829547090047685398e-01
1.925839042155458314e-01
2.985050515340960109e-01
8.666275689699562412e-02
-3.081342467448733302e-01
-6.547852743328558267e-01
-7.414480312298514786e-01
-5.103473461711964809e-01
-6.740436647544104098e-02
3.370218323772051772e-01
5.103473461711964809e-01
3.466510275879824965e-01
-3.851678084310916628e-02
-4.140553940634235097e-01
-5.584933222250829665e-01
-3.851678084310916628e-01
3.851678084310916628e-02
4.814597605388645785e-01
7.125604455975196316e-01
6.066392982789693411e-01
2.407298802694322892e-01
-1.636963185832139567e-01
-3.659094180095370796e-01
-2.503590754802095808e-01
1.540671233724366651e-01
6.162684934897466604e-01
8.955151546022881437e-01
8.569983737591789774e-01
5.199765413819736892e-01
9.629195210777291569e-02
-1.733255137939912482e-01
-1.155503425293274988e-01
2.503590754802095808e-01
7.221896408082968399e-01
1.059211473185502017e+00
1.078469863607056656e+00
7.799648120729606449e-01
3.370218323772051772e-01
1.925839042155458314e-02
9.629195210777291569e-03
3.370218323772051772e-01
8.088523977052924918e-01
1.194020206136384044e+00
1.271053767822602598e+00
1.011065497131615532e+00
5.681225174358601748e-01
2.022130994263231230e-01
1.251795377401047904e-01
3.947970036418689821e-01
8.666275689699562967e-01
1.290312158244157015e+00
1.425120891195039263e+00
1.213278596557938682e+00
7.799648120729606449e-01
3.755386132203143434e-01
2.214714898478777061e-01
4.333137844849781484e-01
8.858859593915108244e-01
1.338458134298043500e+00
1.540671233724366651e+00
1.386604110351929986e+00
9.629195210777291569e-01
5.199765413819736892e-01
3.081342467448733302e-01
4.429429796957554122e-01
8.762567641807335050e-01
1.348087329508820709e+00
1.608075600199807775e+00
1.511783648092034804e+00
1.107357449239388503e+00
6.355268839113012991e-01
3.562802227987598158e-01
4.333137844849781484e-01
8.184815929160698111e-01
1.309570548665711653e+00
1.627333990621362192e+00
1.588817209778253137e+00
1.222907791768716113e+00
7.318188360190741593e-01
3.851678084310916628e-01
3.851678084310916628e-01
7.318188360190741593e-01
1.222907791768716113e+00
1.588817209778253137e+00
1.617704795410584984e+00
1.290312158244157015e+00
7.895940072837379642e-01
3.947970036418689821e-01
3.177634419556506495e-01
6.066392982789693411e-01
1.088099058817833864e+00
1.502154452881257374e+00
1.598446404989030345e+00
1.319199743876488862e+00
8.184815929160698111e-01
3.659094180095370796e-01
2.214714898478777061e-01
4.429429796957554122e-01
9.147735450238426713e-01
1.367345719930375347e+00
1.531042038513589443e+00
1.309570548665711653e+00
8.184815929160698111e-01
3.273926371664279134e-01
9.629195210777291569e-02
2.599882706909868446e-01
7.125604455975196316e-01
1.184391010925606835e+00
1.415491695984261833e+00
1.251795377401047960e+00
7.895940072837379642e-01
2.599882706909868446e-01
-2.888758563233187471e-02
5.777517126466374942e-02
4.718305653280873146e-01
9.629195210777291569e-01
1.251795377401047960e+00
1.165132620504052197e+00
7.318188360190741593e-01
1.829547090047685398e-01
-1.829547090047685398e-01
-1.636963185832139567e-01
2.022130994263231230e-01
7.125604455975196316e-01
1.059211473185502017e+00
1.039953082763947378e+00
6.547852743328558267e-01
9.629195210777291569e-02
-3.273926371664279134e-01
-3.947970036418689821e-01
-7.703356168621833255e-02
4.333137844849781484e-01
8.377399833376243388e-01
8.955151546022881437e-01
5.584933222250829665e-01
0.000000000000000000e+00
-4.718305653280873146e-01
-6.162684934897466604e-01
-3.562802227987598158e-01
1.444379281616593735e-01
5.970101030681920218e-01
7.318188360190741593e-01
4.525721749065326760e-01
-9.629195210777291569e-02
-6.162684934897466604e-01
-8.377399833376243388e-01
-6.355268839113012991e-01
-1.540671233724366651e-01
3.370218323772051772e-01
5.488641270143056472e-01
3.370218323772051772e-01
-1.829547090047685398e-01
-7.414480312298514786e-01
-1.030323887553170170e+00
-9.051443498130653520e-01
-4.525721749065326760e-01
7.703356168621833255e-02
3.562802227987598158e-01
2.214714898478777061e-01
-2.599882706909868446e-01
-8.473691785484016581e-01
-1.203649401347161474e+00
-1.155503425293274988e+00
-7.318188360190741593e-01
-1.829547090047685398e-01
1.636963185832139567e-01
1.155503425293274988e-01
-3.273926371664279134e-01
-9.147735450238426713e-01
-1.338458134298043500e+00
-1.367345719930375347e+00
-9.918071067100610039e-01
-4.333137844849781484e-01
-1.925839042155458314e-02
9.629195210777291569e-03
-3.659094180095370796e-01
-9.629195210777291569e-01
-1.434750086405816472e+00
-1.540671233724366651e+00
-1.222907791768716113e+00
-6.644144695436331460e-01
-1.925839042155458314e-01
-7.703356168621833255e-02
-3.851678084310916628e-01
-9.629195210777291569e-01
-1.492525257670480165e+00
-1.675479966675248678e+00
-1.415491695984261833e+00
-8.666275689699562967e-01
-3.466510275879824965e-01
-1.444379281616593735e-01
-3.851678084310916628e-01
-9.340319354453973100e-01
-1.502154452881257374e+00
-1.762142723572244440e+00
-1.569558819356698498e+00
-1.039953082763947378e+00
-4.814597605388645785e-01
-1.925839042155458314e-01
-3.466510275879824965e-01
-8.666275689699562967e-01
-1.454008476827371110e+00
-1.791030309204576287e+00
-1.675479966675248678e+00
-1.184391010925606835e+00
-5.873809078574148135e-01
-2.214714898478777061e-01
-2.888758563233187471e-01
-7.607064216514060062e-01
-1.367345719930375347e+00
-1.762142723572244440e+00
-1.733255137939912593e+00
-1.280682963033379806e+00
-6.644144695436331460e-01
-2.214714898478777061e-01
-2.022130994263231230e-01
-6.162684934897466604e-01
-1.222907791768716113e+00
-1.685109161886026108e+00
-1.733255137939912593e+00
-1.338458134298043500e+00
-7.125604455975196316e-01
-2.022130994263231230e-01
-9.629195210777291569e-02
-4.333137844849781484e-01
-1.039953082763947378e+00
-1.550300428935143859e+00
-1.685109161886026108e+00
-1.348087329508820709e+00
-7.318188360190741593e-01
-1.636963185832139567e-01
3.851678084310916628e-02
-2.311006850586549977e-01
-8.088523977052924918e-01
-1.367345719930375347e+00
-1.588817209778253137e+00
-1.328828939087266292e+00
-7.318188360190741593e-01
-1.155503425293274988e-01
1.733255137939912482e-01
-9.629195210777291569e-03
-5.488641270143056472e-01
-1.145874230082497780e+00
-1.444379281616593680e+00
-1.261424572611825168e+00
-6.933020551759649930e-01
-4.814597605388645785e-02
3.273926371664279134e-01
2.311006850586549977e-01
-2.696174659017641639e-01
-8.858859593915108244e-01
-1.261424572611825168e+00
-1.165132620504052197e+00
-6.451560791220785074e-01
2.888758563233187471e-02
4.814597605388645785e-01
4.814597605388645785e-01
2.888758563233187471e-02
-5.970101030681920218e-01
-1.049582277974724809e+00
-1.039953082763947378e+00
-5.777517126466374942e-01
1.059211473185502073e-01
6.355268839113012991e-01
7.221896408082968399e-01
3.370218323772051772e-01
-2.888758563233187471e-01
-7.992232024945151725e-01
-8.955151546022881437e-01
-4.910889557496418423e-01
1.829547090047685398e-01
7.703356168621833255e-01
9.532903258669518376e-01
6.451560791220785074e-01
2.888758563233187471e-02
-5.392349318035283279e-01
-7.221896408082968399e-01
-4.044261988526462459e-01
2.503590754802095808e-01
8.955151546022881437e-01
1.165132620504052197e+00
9.436611306561746293e-01
3.466510275879824965e-01
-2.696174659017641639e-01
-5.488641270143056472e-01
-3.177634419556506495e-01
3.081342467448733302e-01
9.918071067100610039e-01
1.357716524719598139e+00
1.213278596557938682e+00
6.547852743328558267e-01
0.000000000000000000e+00
-3.659094180095370796e-01
-2.214714898478777061e-01
3.562802227987598158e-01
1.059211473185502017e+00
1.502154452881257374e+00
1.454008476827371110e+00
9.436611306561746293e-01
2.696174659017641639e-01
-1.829547090047685398e-01
-1.444379281616593735e-01
3.755386132203143434e-01
1.088099058817833864e+00
1.608075600199807775e+00
1.656221576253694039e+00
1.203649401347161474e+00
5.199765413819736892e-01
-9.629195210777291569e-03
-7.703356168621833255e-02
3.755386132203143434e-01
1.078469863607056656e+00
1.665850771464471469e+00
1.810288699626130704e+00
1.425120891195039263e+00
7.414480312298514786e-01
1.444379281616593735e-01
-1.925839042155458314e-02
3.466510275879824965e-01
1.039953082763947378e+00
1.675479966675248678e+00
1.906580651733903675e+00
1.608075600199807775e+00
9.436611306561746293e-01
2.888758563233187471e-01
1.925839042155458314e-02
2.888758563233187471e-01
9.532903258669518376e-01
1.636963185832139622e+00
1.954726627787790161e+00
1.742884333150689802e+00
1.107357449239388503e+00
4.044261988526462459e-01
3.851678084310916628e-02
2.118422946371004145e-01
8.184815929160698111e-01
1.540671233724366651e+00
1.945097432577012952e+00
1.829547090047685343e+00
1.232536986979493321e+00
5.007181509604191616e-01
3.851678084310916628e-02
1.059211473185502073e-01
6.547852743328558267e-01
1.386604110351929986e+00
1.877693066101571828e+00
1.858434675680017190e+00
1.319199743876488862e+00
5.681225174358601748e-01
1.925839042155458314e-02
-1.925839042155458314e-02
4.622013701173099953e-01
1.194020206136384044e+00
1.762142723572244440e+00
1.829547090047685343e+00
1.367345719930375347e+00
6.162684934897466604e-01
-9.629195210777291569e-03
-1.636963185832139567e-01
2.311006850586549977e-01
9.532903258669518376e-01
1.579188014567475928e+00
1.762142723572244440e+00
1.376974915141152778e+00
6.355268839113012991e-01
-5.777517126466374942e-02
-3.273926371664279134e-01
-1.925839042155458314e-02
6.740436647544103543e-01
1.357716524719598139e+00
1.636963185832139622e+00
1.338458134298043500e+00
6.258976887005239798e-01
-1.155503425293274988e-01
-4.910889557496418423e-01
-2.792466611125414833e-01
3.659094180095370796e-01
1.088099058817833864e+00
1.473266867248925527e+00
1.271053767822602598e+00
5.970101030681920218e-01
-1.829547090047685398e-01
-6.547852743328558267e-01
-5.488641270143056472e-01
4.814597605388645785e-02
7.992232024945151725e-01
1.261424572611825168e+00
1.174761815714829627e+00
5.584933222250829665e-01
-2.503590754802095808e-01
-8.088523977052924918e-01
-8.184815929160698111e-01
-2.888758563233187471e-01
4.718305653280873146e-01
1.030323887553170170e+00
1.049582277974724809e+00
5.103473461711964809e-01
-3.081342467448733302e-01
-9.532903258669518376e-01
-1.068840668396279447e+00
-6.258976887005239798e-01
1.348087329508820820e-01
7.703356168621833255e-01
8.955151546022881437e-01
4.429429796957554122e-01
-3.562802227987598158e-01
-1.068840668396279447e+00
-1.309570548665711653e+00
-9.436611306561746293e-01
-2.022130994263231230e-01
4.910889557496418423e-01
7.414480312298514786e-01
3.755386132203143434e-01
-3.947970036418689821e-01
-1.165132620504052197e+00
-1.511783648092034804e+00
-1.242166182190270529e+00
-5.392349318035283279e-01
2.118422946371004145e-01
5.681225174358601748e-01
3.177634419556506495e-01
-4.140553940634235097e-01
-1.222907791768716113e+00
-1.675479966675248678e+00
-1.511783648092034804e+00
-8.473691785484016581e-01
-6.740436647544104098e-02
3.947970036418689821e-01
2.599882706909868446e-01
-4.140553940634235097e-01
-1.251795377401047960e+00
-1.791030309204576287e+00
-1.742884333150689802e+00
-1.145874230082497780e+00
-3.273926371664279134e-01
2.311006850586549977e-01
2.118422946371004145e-01
-3.851678084310916628e-01
-1.232536986979493321e+00
-1.858434675680017190e+00
-1.925839042155458314e+00
-1.396233305562707194e+00
-5.777517126466374942e-01
6.740436647544104098e-02
1.733255137939912482e-01
-3.370218323772051772e-01
-1.174761815714829627e+00
-1.877693066101571828e+00
-2.060647775106340340e+00
-1.617704795410584984e+00
-7.992232024945151725e-01
-7.703356168621833255e-02
1.540671233724366651e-01
-2.599882706909868446e-01
-1.068840668396279447e+00
-1.839176285258462773e+00
-2.128052141581781243e+00
-1.781401113993798857e+00
-9.918071067100610039e-01
-2.022130994263231230e-01
1.444379281616593735e-01
-1.540671233724366651e-01
-9.244027402346199906e-01
-1.742884333150689802e+00
-2.137681336792558895e+00
-1.896951456523126467e+00
-1.145874230082497780e+00
-3.081342467448733302e-01
1.540671233724366651e-01
-1.925839042155458314e-02
-7.414480312298514786e-01
-1.588817209778253137e+00
-2.089535360738672409e+00
-1.964355822998567369e+00
-1.271053767822602598e+00
-3.947970036418689821e-01
1.733255137939912482e-01
1.251795377401047904e-01
-5.103473461711964809e-01
-1.376974915141152778e+00
-1.983614213420122008e+00
-1.973985018209344799e+00
-1.348087329508820709e+00
-4.525721749065326760e-01
2.118422946371004145e-01
2.888758563233187471e-01
-2.599882706909868446e-01
-1.126615839660943141e+00
-1.810288699626130704e+00
-1.925839042155458314e+00
-1.386604110351929986e+00
-5.007181509604191616e-01
2.599882706909868446e-01
4.622013701173099953e-01
9.629195210777291569e-03
-8.377399833376243388e-01
-1.588817209778253137e+00
-1.819917894836908134e+00
-1.386604110351929986e+00
-5.199765413819736892e-01
3.081342467448733302e-01
6.451560791220785074e-01
3.081342467448733302e-01
-5.103473461711964809e-01
-1.328828939087266292e+00
-1.675479966675248678e+00
-1.348087329508820709e+00
-5.199765413819736892e-01
3.659094180095370796e-01
8.184815929160698111e-01
5.970101030681920218e-01
-1.636963185832139567e-01
-1.020694692342392962e+00
-1.492525257670480165e+00
-1.280682963033379806e+00
-5.007181509604191616e-01
4.236845892742008290e-01
9.918071067100610039e-01
8.955151546022881437e-01
2.022130994263231230e-01
-6.933020551759649930e-01
-1.261424572611825168e+00
-1.184391010925606835e+00
-4.814597605388645785e-01
4.718305653280873146e-01
1.136245034871720350e+00
1.174761815714829627e+00
5.584933222250829665e-01
-3.370218323772051772e-01
-1.011065497131615532e+00
-1.059211473185502017e+00
-4.429429796957554122e-01
5.007181509604191616e-01
1.271053767822602598e+00
1.434750086405816472e+00
9.147735450238426713e-01
1.925839042155458314e-02
-7.414480312298514786e-01
-9.244027402346199906e-01
-4.140553940634235097e-01
5.199765413819736892e-01
1.367345719930375347e+00
1.656221576253694039e+00
1.251795377401047960e+00
3.755386132203143434e-01
-4.525721749065326760e-01
-7.703356168621833255e-01
-3.755386132203143434e-01
5.199765413819736892e-01
1.425120891195039263e+00
1.848805480469239981e+00
1.550300428935143859e+00
7.221896408082968399e-01
-1.733255137939912482e-01
-6.162684934897466604e-01
-3.466510275879824965e-01
4.910889557496418423e-01
1.444379281616593680e+00
1.983614213420122008e+00
1.819917894836908134e+00
1.039953082763947378e+00
1.059211473185502073e-01
-4.525721749065326760e-01
-3.273926371664279134e-01
4.429429796957554122e-01
1.415491695984261833e+00
2.070276970317117549e+00
2.031760189474008715e+00
1.338458134298043500e+00
3.755386132203143434e-01
-2.985050515340960109e-01
-3.081342467448733302e-01
3.659094180095370796e-01
1.348087329508820709e+00
2.099164555949449618e+00
2.195456508057222589e+00
1.588817209778253137e+00
6.162684934897466604e-01
-1.540671233724366651e-01
-3.081342467448733302e-01
2.599882706909868446e-01
1.232536986979493321e+00
2.060647775106340340e+00
2.291748460164995560e+00
1.791030309204576287e+00
8.377399833376243388e-01
-2.888758563233187471e-02
-3.177634419556506495e-01
1.251795377401047904e-01
1.068840668396279447e+00
1.964355822998567369e+00
2.330265241008104393e+00
1.945097432577012952e+00
1.020694692342392962e+00
8.666275689699562412e-02
-3.466510275879824965e-01
-2.888758563233187471e-02
8.569983737591789774e-01
1.810288699626130704e+00
2.301377655375772768e+00
2.041389384684785924e+00
1.174761815714829627e+00
1.829547090047685398e-01
-3.755386132203143434e-01
-2.022130994263231230e-01
6.162684934897466604e-01
1.598446404989030345e+00
2.205085703267999797e+00
2.079906165527894757e+00
1.290312158244157015e+00
2.599882706909868446e-01
-4.236845892742008290e-01
-3.947970036418689821e-01
3.370218323772051772e-01
1.338458134298043500e+00
2.051018579895563132e+00
2.070276970317117549e+00
1.357716524719598139e+00
3.273926371664279134e-01
-4.718305653280873146e-01
-5.873809078574148135e-01
2.888758563233187471e-02
1.030323887553170170e+00
1.839176285258462773e+00
1.993243408630899438e+00
1.396233305562707194e+00
3.659094180095370796e-01
-5.296057365927510086e-01
-7.895940072837379642e-01
-2.888758563233187471e-01
6.933020551759649930e-01
1.579188014567475928e+00
1.877693066101571828e+00
1.396233305562707194e+00
3.947970036418689821e-01
-5.777517126466374942e-01
-9.918071067100610039e-01
-6.162684934897466604e-01
3.177634419556506495e-01
1.280682963033379806e+00
1.713996747518357955e+00
1.357716524719598139e+00
4.044261988526462459e-01
-6.258976887005239798e-01
-1.174761815714829627e+00
-9.436611306561746293e-01
-6.740436647544104098e-02
9.436611306561746293e-01
1.502154452881257374e+00
1.290312158244157015e+00
4.140553940634235097e-01
-6.644144695436331460e-01
-1.338458134298043500e+00
-1.251795377401047960e+00
-4.622013701173099953e-01
5.777517126466374942e-01
1.261424572611825168e+00
1.203649401347161474e+00
4.140553940634235097e-01
-6.836728599651876737e-01
-1.473266867248925527e+00
-1.540671233724366651e+00
-8.473691785484016581e-01
2.022130994263231230e-01
1.001436301920838323e+00
1.088099058817833864e+00
4.044261988526462459e-01
-6.836728599651876737e-01
-1.579188014567475928e+00
-1.791030309204576287e+00
-1.213278596557938682e+00
-1.829547090047685398e-01
7.221896408082968399e-01
9.629195210777291569e-01
4.044261988526462459e-01
-6.644144695436331460e-01
-1.646592381042916831e+00
-2.002872603841676646e+00
-1.550300428935143859e+00
-5.488641270143056472e-01
4.333137844849781484e-01
8.281107881268470194e-01
4.044261988526462459e-01
-6.162684934897466604e-01
-1.665850771464471469e+00
-2.166568922424890520e+00
-1.848805480469239981e+00
-9.051443498130653520e-01
1.444379281616593735e-01
6.836728599651876737e-01
4.044261988526462459e-01
-5.392349318035283279e-01
-1.636963185832139622e+00
-2.272490069743440699e+00
-2.108793751160226826e+00
-1.222907791768716113e+00
-1.348087329508820820e-01
5.392349318035283279e-01
4.236845892742008290e-01
-4.333137844849781484e-01
-1.559929624145921290e+00
-2.320636045797327185e+00
-2.301377655375772768e+00
-1.511783648092034804e+00
-4.044261988526462459e-01
4.044261988526462459e-01
4.429429796957554122e-01
-2.985050515340960109e-01
-1.425120891195039263e+00
-2.301377655375772768e+00
-2.436186388326654573e+00
-1.752513528361467010e+00
-6.451560791220785074e-01
2.792466611125414833e-01
4.814597605388645785e-01
-1.444379281616593735e-01
-1.251795377401047960e+00
-2.214714898478777005e+00
-2.503590754802095919e+00
-1.945097432577012952e+00
-8.569983737591789774e-01
1.540671233724366651e-01
5.296057365927510086e-01
3.851678084310916628e-02
-1.020694692342392962e+00
-2.070276970317117549e+00
-2.503590754802095919e+00
-2.079906165527894757e+00
-1.039953082763947378e+00
5.777517126466374942e-02
5.777517126466374942e-01
2.503590754802095808e-01
-7.510772264406286869e-01
-1.858434675680017190e+00
-2.436186388326654573e+00
-2.166568922424890520e+00
-1.184391010925606835e+00
-3.851678084310916628e-02
6.355268839113012991e-01
4.622013701173099953e-01
-4.525721749065326760e-01
-1.588817209778253137e+00
-2.301377655375772768e+00
-2.185827312846445381e+00
-1.290312158244157015e+00
-1.155503425293274988e-01
6.933020551759649930e-01
6.933020551759649930e-01
-1.155503425293274988e-01
-1.271053767822602598e+00
-2.108793751160226826e+00
-2.147310532003336103e+00
-1.367345719930375347e+00
-1.733255137939912482e-01
7.607064216514060062e-01
9.244027402346199906e-01
2.311006850586549977e-01
-9.051443498130653520e-01
-1.858434675680017190e+00
-2.060647775106340340e+00
-1.396233305562707194e+00
-2.214714898478777061e-01
8.088523977052924918e-01
1.145874230082497780e+00
5.970101030681920218e-01
-5.199765413819736892e-01
-1.559929624145921290e+00
-1.925839042155458314e+00
-1.396233305562707194e+00
-2.696174659017641639e-01
8.569983737591789774e-01
1.348087329508820709e+00
9.532903258669518376e-01
-1.059211473185502073e-01
-1.213278596557938682e+00
-1.742884333150689802e+00
-1.367345719930375347e+00
-2.985050515340960109e-01
8.858859593915108244e-01
1.540671233724366651e+00
1.299941353454934445e+00
3.177634419556506495e-01
-8.473691785484016581e-01
-1.521412843302812012e+00
-1.309570548665711653e+00
-3.273926371664279134e-01
8.955151546022881437e-01
1.694738357096803316e+00
1.617704795410584984e+00
7.318188360190741593e-01
-4.622013701173099953e-01
-1.271053767822602598e+00
-1.232536986979493321e+00
-3.562802227987598158e-01
8.858859593915108244e-01
1.810288699626130704e+00
1.906580651733903675e+00
1.136245034871720350e+00
-5.777517126466374942e-02
-1.001436301920838323e+00
-1.136245034871720350e+00
-3.851678084310916628e-01
8.473691785484016581e-01
1.887322261312349259e+00
2.147310532003336103e+00
1.511783648092034804e+00
3.370218323772051772e-01
-7.125604455975196316e-01
-1.020694692342392962e+00
-4.140553940634235097e-01
7.799648120729606449e-01
1.906580651733903675e+00
2.339894436218882046e+00
1.848805480469239981e+00
7.125604455975196316e-01
-4.236845892742008290e-01
-9.051443498130653520e-01
-4.525721749065326760e-01
6.836728599651876737e-01
1.877693066101571828e+00
2.474703169169763850e+00
2.137681336792558895e+00
1.068840668396279447e+00
-1.348087329508820820e-01
-7.799648120729606449e-01
-5.007181509604191616e-01
5.488641270143056472e-01
1.800659504415353496e+00
2.542107535645205196e+00
2.378411217061990879e+00
1.386604110351929986e+00
1.444379281616593735e-01
-6.547852743328558267e-01
-5.584933222250829665e-01
3.947970036418689821e-01
1.665850771464471469e+00
2.551736730855982405e+00
2.551736730855982405e+00
1.675479966675248678e+00
4.044261988526462459e-01
-5.392349318035283279e-01
-6.258976887005239798e-01
2.022130994263231230e-01
1.473266867248925527e+00
2.474703169169763850e+00
2.657657878174532584e+00
1.906580651733903675e+00
6.451560791220785074e-01
-4.236845892742008290e-01
-6.933020551759649930e-01
-1.925839042155458314e-02
1.232536986979493321e+00
2.339894436218882046e+00
2.686545463806864209e+00
2.079906165527894757e+00
8.473691785484016581e-01
-3.177634419556506495e-01
-7.703356168621833255e-01
-2.503590754802095808e-01
9.436611306561746293e-01
2.128052141581781243e+00
2.657657878174532584e+00
2.205085703267999797e+00
1.030323887553170170e+00
-2.214714898478777061e-01
-8.473691785484016581e-01
-5.007181509604191616e-01
6.066392982789693411e-01
1.868063870890794620e+00
2.551736730855982405e+00
2.262860874532663491e+00
1.174761815714829627e+00
-1.348087329508820820e-01
-9.244027402346199906e-01
-7.607064216514060062e-01
2.503590754802095808e-01
1.540671233724366651e+00
2.378411217061990879e+00
2.272490069743440699e+00
1.280682963033379806e+00
-5.777517126466374942e-02
-9.918071067100610039e-01
-1.020694692342392962e+00
-1.348087329508820820e-01
1.165132620504052197e+00
2.137681336792558895e+00
2.224344093689554214e+00
1.357716524719598139e+00
1.925839042155458314e-02
-1.059211473185502017e+00
-1.271053767822602598e+00
-5.296057365927510086e-01
7.607064216514060062e-01
1.848805480469239981e+00
2.118422946371004034e+00
1.396233305562707194e+00
7.703356168621833255e-02
-1.107357449239388503e+00
-1.511783648092034804e+00
-9.147735450238426713e-01
3.273926371664279134e-01
1.511783648092034804e+00
1.964355822998567369e+00
1.405862500773484625e+00
1.444379281616593735e-01
-1.136245034871720350e+00
-1.723625942729135163e+00
-1.299941353454934445e+00
-1.251795377401047904e-01
1.145874230082497780e+00
1.771771918783021649e+00
1.386604110351929986e+00
2.022130994263231230e-01
-1.145874230082497780e+00
-1.906580651733903675e+00
-1.665850771464471469e+00
-5.681225174358601748e-01
7.510772264406286869e-01
1.540671233724366651e+00
1.348087329508820709e+00
2.599882706909868446e-01
-1.126615839660943141e+00
-2.041389384684785924e+00
-1.983614213420122008e+00
-1.011065497131615532e+00
3.370218323772051772e-01
1.280682963033379806e+00
1.280682963033379806e+00
3.177634419556506495e-01
-1.068840668396279447e+00
-2.128052141581781243e+00
-2.272490069743440699e+00
-1.425120891195039263e+00
-7.703356168621833255e-02
1.001436301920838323e+00
1.203649401347161474e+00
3.851678084310916628e-01
-9.918071067100610039e-01
-2.166568922424890520e+00
-2.493961559591318711e+00
-1.800659504415353496e+00
-4.814597605388645785e-01
7.125604455975196316e-01
1.107357449239388503e+00
4.622013701173099953e-01
-8.666275689699562967e-01
-2.147310532003336103e+00
-2.667287073385309792e+00
-2.137681336792558895e+00
-8.666275689699562967e-01
4.236845892742008290e-01
1.011065497131615532e+00
5.392349318035283279e-01
-7.125604455975196316e-01
-2.070276970317117549e+00
-2.763579025493082764e+00
-2.416927997905100156e+00
-1.222907791768716113e+00
1.444379281616593735e-01
9.051443498130653520e-01
6.355268839113012991e-01
-5.296057365927510086e-01
-1.925839042155458314e+00
-2.792466611125414389e+00
-2.628770292542200515e+00
-1.540671233724366651e+00
-1.348087329508820820e-01
7.992232024945151725e-01
7.318188360190741593e-01
-3.081342467448733302e-01
-1.733255137939912593e+00
-2.744320635071527903e+00
-2.773208220703859972e+00
-1.810288699626130704e+00
-3.947970036418689821e-01
6.933020551759649930e-01
8.281107881268470194e-01
-5.777517126466374942e-02
-1.473266867248925527e+00
-2.619141097331423307e+00
-2.850241782390078527e+00
-2.031760189474008715e+00
-6.258976887005239798e-01
5.970101030681920218e-01
9.340319354453973100e-01
2.118422946371004145e-01
-1.165132620504052197e+00
-2.426557193115877364e+00
-2.850241782390078527e+00
-2.195456508057222589e+00
-8.281107881268470194e-01
4.910889557496418423e-01
1.039953082763947378e+00
5.007181509604191616e-01
-8.184815929160698111e-01
-2.166568922424890520e+00
-2.782837415914637180e+00
-2.311006850586549977e+00
-1.011065497131615532e+00
4.044261988526462459e-01
1.136245034871720350e+00
7.895940072837379642e-01
-4.333137844849781484e-01
-1.839176285258462773e+00
-2.628770292542200515e+00
-2.359152826640436462e+00
-1.155503425293274988e+00
3.177634419556506495e-01
1.232536986979493321e+00
1.088099058817833864e+00
-1.925839042155458314e-02
-1.463637672038148319e+00
-2.426557193115877364e+00
-2.349523631429659254e+00
-1.261424572611825168e+00
2.311006850586549977e-01
1.309570548665711653e+00
1.376974915141152778e+00
4.044261988526462459e-01
-1.039953082763947378e+00
-2.147310532003336103e+00
-2.282119264954217908e+00
-1.348087329508820709e+00
1.444379281616593735e-01
1.367345719930375347e+00
1.646592381042916831e+00
8.377399833376243388e-01
-5.873809078574148135e-01
-1.829547090047685343e+00
-2.166568922424890520e+00
-1.396233305562707194e+00
6.740436647544104098e-02
1.405862500773484625e+00
1.887322261312349259e+00
1.261424572611825168e+00
-1.155503425293274988e-01
-1.463637672038148319e+00
-2.002872603841676646e+00
-1.415491695984261833e+00
-1.925839042155458314e-02
1.415491695984261833e+00
2.099164555949449618e+00
1.665850771464471469e+00
3.562802227987598158e-01
-1.068840668396279447e+00
-1.800659504415353496e+00
-1.415491695984261833e+00
-1.059211473185502073e-01
1.386604110351929986e+00
2.262860874532663491e+00
2.031760189474008715e+00
8.281107881268470194e-01
-6.451560791220785074e-01
-1.559929624145921290e+00
-1.386604110351929986e+00
-2.022130994263231230e-01
1.328828939087266292e+00
2.378411217061990879e+00
2.349523631429659254e+00
1.280682963033379806e+00
-2.214714898478777061e-01
-1.299941353454934445e+00
-1.338458134298043500e+00
-3.081342467448733302e-01
1.232536986979493321e+00
2.436186388326654573e+00
2.619141097331423307e+00
1.704367552307580524e+00
2.022130994263231230e-01
-1.020694692342392962e+00
-1.280682963033379806e+00
-4.140553940634235097e-01
1.097728254028611294e+00
2.426557193115877364e+00
2.830983391968523666e+00
2.079906165527894757e+00
6.162684934897466604e-01
-7.414480312298514786e-01
-1.213278596557938682e+00
-5.392349318035283279e-01
9.244027402346199906e-01
2.359152826640436462e+00
2.965792124919405914e+00
2.407298802694322948e+00
1.001436301920838323e+00
-4.525721749065326760e-01
-1.136245034871720350e+00
-6.644144695436331460e-01
7.125604455975196316e-01
2.224344093689554214e+00
3.023567296184069608e+00
2.667287073385309792e+00
1.357716524719598139e+00
-1.636963185832139567e-01
-1.049582277974724809e+00
-7.895940072837379642e-01
4.622013701173099953e-01
2.022130994263231063e+00
3.004308905762514748e+00
2.859870977600855735e+00
1.675479966675248678e+00
1.059211473185502073e-01
-9.629195210777291569e-01
-9.340319354453973100e-01
1.829547090047685398e-01
1.762142723572244440e+00
2.908016953654742220e+00
2.975421320130183123e+00
1.935468237366235522e+00
3.562802227987598158e-01
-8.762567641807335050e-01
-1.068840668396279447e+00
-1.155503425293274988e-01
1.444379281616593680e+00
2.725062244649973486e+00
3.023567296184069608e+00
2.147310532003336103e+00
5.873809078574148135e-01
-7.895940072837379642e-01
-1.203649401347161474e+00
-4.429429796957554122e-01
1.068840668396279447e+00
2.484332364380541058e+00
2.985050515340960331e+00
2.301377655375772768e+00
7.895940072837379642e-01
-6.933020551759649930e-01
-1.338458134298043500e+00
-7.799648120729606449e-01
6.644144695436331460e-01
2.166568922424890520e+00
2.879129368022410151e+00
2.388040412272768087e+00
9.725487162885064762e-01
-6.066392982789693411e-01
-1.454008476827371110e+00
-1.107357449239388503e+00
2.214714898478777061e-01
1.781401113993798857e+00
2.696174659017641417e+00
2.426557193115877364e+00
1.116986644450165933e+00
-5.103473461711964809e-01
-1.550300428935143859e+00
-1.434750086405816472e+00
-2.407298802694322892e-01
1.357716524719598139e+00
2.445815583537432225e+00
2.407298802694322948e+00
1.242166182190270529e+00
-4.140553940634235097e-01
-1.627333990621362192e+00
-1.742884333150689802e+00
-7.029312503867423123e-01
8.955151546022881437e-01
2.147310532003336103e+00
2.330265241008104393e+00
1.328828939087266292e+00
-3.081342467448733302e-01
-1.685109161886026108e+00
-2.031760189474008715e+00
-1.165132620504052197e+00
4.044261988526462459e-01
1.791030309204576287e+00
2.205085703267999797e+00
1.396233305562707194e+00
-2.022130994263231230e-01
-1.694738357096803316e+00
-2.272490069743440699e+00
-1.608075600199807775e+00
-9.629195210777291569e-02
1.396233305562707194e+00
2.031760189474008715e+00
1.434750086405816472e+00
-8.666275689699562412e-02
-1.675479966675248678e+00
-2.465073973958986642e+00
-2.022130994263231063e+00
-6.066392982789693411e-01
9.821779114992836845e-01
1.829547090047685343e+00
1.444379281616593680e+00
3.851678084310916628e-02
-1.617704795410584984e+00
-2.609511902120646099e+00
-2.388040412272768087e+00
-1.088099058817833864e+00
5.488641270143056472e-01
1.588817209778253137e+00
1.444379281616593680e+00
1.733255137939912482e-01
-1.521412843302812012e+00
-2.696174659017641417e+00
-2.705803854228419070e+00
-1.550300428935143859e+00
1.059211473185502073e-01
1.328828939087266292e+00
1.425120891195039263e+00
3.177634419556506495e-01
-1.367345719930375347e+00
-2.705803854228419070e+00
-2.956162929708628706e+00
-1.973985018209344799e+00
-3.273926371664279134e-01
1.059211473185502017e+00
1.386604110351929986e+00
4.814597605388645785e-01
-1.174761815714829627e+00
-2.657657878174532584e+00
-3.129488443502619788e+00
-2.339894436218882046e+00
-7.414480312298514786e-01
7.703356168621833255e-01
1.348087329508820709e+00
6.451560791220785074e-01
-9.436611306561746293e-01
-2.532478340434427544e+00
-3.235409590821169967e+00
-2.657657878174532584e+00
-1.126615839660943141e+00
4.910889557496418423e-01
1.290312158244157015e+00
8.088523977052924918e-01
-6.740436647544103543e-01
-2.339894436218882046e+00
-3.245038786031947176e+00
-2.898387758443964568e+00
-1.473266867248925527e+00
2.118422946371004145e-01
1.222907791768716113e+00
9.918071067100610039e-01
-3.659094180095370796e-01
-2.070276970317117549e+00
-3.177634419556506273e+00
-3.062084077027178886e+00
-1.781401113993798857e+00
-5.777517126466374942e-02
1.155503425293274988e+00
1.165132620504052197e+00
-2.888758563233187471e-02
-1.742884333150689802e+00
-3.033196491394846817e+00
-3.148746833924174204e+00
-2.031760189474008715e+00
-2.985050515340960109e-01
1.078469863607056656e+00
1.338458134298043500e+00
3.370218323772051772e-01
-1.367345719930375347e+00
-2.802095806336192041e+00
-3.158376029134951857e+00
-2.233973288900331866e+00
-5.296057365927510086e-01
9.918071067100610039e-01
1.502154452881257374e+00
7.029312503867423123e-01
-9.340319354453973100e-01
-2.503590754802095919e+00
-3.090971662659510510e+00
-2.378411217061990879e+00
-7.414480312298514786e-01
9.051443498130653520e-01
1.656221576253694039e+00
1.078469863607056656e+00
-4.718305653280873146e-01
-2.128052141581781243e+00
-2.946533734497851054e+00
-2.455444778748209433e+00
-9.244027402346199906e-01
8.088523977052924918e-01
1.781401113993798857e+00
1.454008476827371110e+00
1.925839042155458314e-02
-1.704367552307580524e+00
-2.734691439860750695e+00
-2.484332364380541058e+00
-1.078469863607056656e+00
7.029312503867423123e-01
1.887322261312349259e+00
1.800659504415353496e+00
5.199765413819736892e-01
-1.232536986979493321e+00
-2.455444778748209433e+00
-2.455444778748209433e+00
-1.213278596557938682e+00
5.970101030681920218e-01
1.954726627787790161e+00
2.128052141581781243e+00
1.020694692342392962e+00
-7.221896408082968399e-01
-2.128052141581781243e+00
-2.368782021851213671e+00
-1.319199743876488862e+00
4.622013701173099953e-01
1.993243408630899438e+00
2.407298802694322948e+00
1.511783648092034804e+00
-2.022130994263231230e-01
-1.742884333150689802e+00
-2.243602484111109074e+00
-1.396233305562707194e+00
3.273926371664279134e-01
1.983614213420122008e+00
2.648028682963755376e+00
1.964355822998567369e+00
3.273926371664279134e-01
-1.328828939087266292e+00
-2.070276970317117549e+00
-1.454008476827371110e+00
1.733255137939912482e-01
1.925839042155458314e+00
2.830983391968523666e+00
2.378411217061990879e+00
8.473691785484016581e-01
-8.955151546022881437e-01
-1.868063870890794620e+00
-1.502154452881257374e+00
9.629195210777291569e-03
1.829547090047685343e+00
2.946533734497851054e+00
2.744320635071527903e+00
1.348087329508820709e+00
-4.525721749065326760e-01
-1.627333990621362192e+00
-1.521412843302812012e+00
-1.733255137939912482e-01
1.675479966675248678e+00
2.985050515340960331e+00
3.042825686605624025e+00
1.810288699626130704e+00
-0.000000000000000000e+00
-1.376974915141152778e+00
-1.521412843302812012e+00
-3.659094180095370796e-01
1.473266867248925527e+00
2.956162929708628706e+00
3.264297176453502036e+00
2.224344093689554214e+00
4.333137844849781484e-01
-1.107357449239388503e+00
-1.521412843302812012e+00
-5.681225174358601748e-01
1.222907791768716113e+00
2.850241782390078527e+00
3.408735104615161049e+00
2.590253511699091238e+00
8.473691785484016581e-01
-8.281107881268470194e-01
-1.492525257670480165e+00
-7.799648120729606449e-01
9.244027402346199906e-01
2.667287073385309792e+00
3.466510275879825187e+00
2.879129368022410151e+00
1.232536986979493321e+00
-5.488641270143056472e-01
-1.463637672038148319e+00
-1.001436301920838323e+00
5.873809078574148135e-01
2.407298802694322948e+00
3.437622690247493118e+00
3.100600857870287719e+00
1.569558819356698498e+00
-2.792466611125414833e-01
-1.415491695984261833e+00
-1.213278596557938682e+00
2.214714898478777061e-01
2.079906165527894757e+00
3.322072347718165730e+00
3.235409590821169967e+00
1.868063870890794620e+00
-9.629195210777291569e-03
-1.367345719930375347e+00
-1.425120891195039263e+00
-1.733255137939912482e-01
1.694738357096803316e+00
3.119859248291842579e+00
3.293184762085833661e+00
2.118422946371004034e+00
2.311006850586549977e-01
-1.299941353454934445e+00
-1.636963185832139622e+00
-5.777517126466374942e-01
1.251795377401047960e+00
2.840612587179300874e+00
3.273926371664279245e+00
2.301377655375772768e+00
4.622013701173099953e-01
-1.222907791768716113e+00
-1.819917894836908134e+00
-1.001436301920838323e+00
7.703356168621833255e-01
2.484332364380541058e+00
3.177634419556506273e+00
2.436186388326654573e+00
6.740436647544103543e-01
-1.126615839660943141e+00
-1.983614213420122008e+00
-1.415491695984261833e+00
2.503590754802095808e-01
2.070276970317117549e+00
2.994679710551737539e+00
2.513219950012873127e+00
8.666275689699562967e-01
-1.030323887553170170e+00
-2.118422946371004034e+00
-1.810288699626130704e+00
-2.792466611125414833e-01
1.598446404989030345e+00
2.753949830282305555e+00
2.532478340434427544e+00
1.039953082763947378e+00
-9.051443498130653520e-01
-2.214714898478777005e+00
-2.176198117635667728e+00
-8.184815929160698111e-01
1.088099058817833864e+00
2.445815583537432225e+00
2.493961559591318711e+00
1.184391010925606835e+00
-7.703356168621833255e-01
-2.272490069743440699e+00
-2.503590754802095919e+00
-1.348087329508820709e+00
5.488641270143056472e-01
2.089535360738672409e+00
2.407298802694322948e+00
1.309570548665711653e+00
-6.162684934897466604e-01
-2.282119264954217908e+00
-2.792466611125414389e+00
-1.848805480469239981e+00
-9.629195210777291569e-03
1.694738357096803316e+00
2.282119264954217908e+00
1.415491695984261833e+00
-4.333137844849781484e-01
-2.243602484111109074e+00
-3.013938100973292400e+00
-2.311006850586549977e+00
-5.584933222250829665e-01
1.261424572611825168e+00
2.108793751160226826e+00
1.502154452881257374e+00
-2.407298802694322892e-01
-2.156939727214113312e+00
-3.168005224345729065e+00
-2.725062244649973486e+00
-1.088099058817833864e+00
8.184815929160698111e-01
1.906580651733903675e+00
1.569558819356698498e+00
-3.851678084310916628e-02
-2.002872603841676646e+00
-3.245038786031947176e+00
-3.071713272237956094e+00
-1.588817209778253137e+00
3.562802227987598158e-01
1.675479966675248678e+00
1.617704795410584984e+00
1.925839042155458314e-01
-1.800659504415353496e+00
-3.245038786031947176e+00
-3.350959933350497355e+00
-2.051018579895563132e+00
-8.666275689699562412e-02
1.434750086405816472e+00
1.646592381042916831e+00
4.333137844849781484e-01
-1.540671233724366651e+00
-3.168005224345729065e+00
-3.543543837566043297e+00
-2.455444778748209433e+00
-5.296057365927510086e-01
1.165132620504052197e+00
1.665850771464471469e+00
6.933020551759649930e-01
-1.222907791768716113e+00
-3.004308905762514748e+00
-3.649464984884593477e+00
-2.802095806336192041e+00
-9.340319354453973100e-01
8.955151546022881437e-01
1.675479966675248678e+00
9.436611306561746293e-01
-8.666275689699562967e-01
-2.763579025493082764e+00
-3.668723375306147894e+00
-3.071713272237956094e+00
-1.319199743876488862e+00
6.258976887005239798e-01
1.665850771464471469e+00
1.213278596557938682e+00
-4.718305653280873146e-01
-2.445815583537432225e+00
-3.591689813619929783e+00
-3.264297176453502036e+00
-1.646592381042916831e+00
3.562802227987598158e-01
1.636963185832139622e+00
1.463637672038148319e+00
-4.814597605388645785e-02
-2.051018579895563132e+00
-3.427993495036715910e+00
-3.379847518982829424e+00
-1.935468237366235522e+00
9.629195210777291569e-02
1.588817209778253137e+00
1.713996747518357955e+00
4.044261988526462459e-01
-1.608075600199807775e+00
-3.168005224345729065e+00
-3.408735104615161049e+00
-2.176198117635667728e+00
-1.540671233724366651e-01
1.531042038513589443e+00
1.945097432577012952e+00
8.569983737591789774e-01
-1.107357449239388503e+00
-2.840612587179300874e+00
-3.360589128561274563e+00
-2.359152826640436462e+00
-3.851678084310916628e-01
1.454008476827371110e+00
2.147310532003336103e+00
1.319199743876488862e+00
-5.681225174358601748e-01
-2.436186388326654573e+00
-3.225780395610392759e+00
-2.484332364380541058e+00
-6.066392982789693411e-01
1.357716524719598139e+00
2.320636045797327185e+00
1.762142723572244440e+00
-9.629195210777291569e-03
-1.973985018209344799e+00
-3.023567296184069608e+00
-2.551736730855982405e+00
-8.088523977052924918e-01
1.242166182190270529e+00
2.455444778748209433e+00
2.176198117635667728e+00
5.584933222250829665e-01
-1.463637672038148319e+00
-2.753949830282305555e+00
-2.570995121277536821e+00
-9.918071067100610039e-01
1.097728254028611294e+00
2.551736730855982405e+00
2.551736730855982405e+00
1.126615839660943141e+00
-9.147735450238426713e-01
-2.426557193115877364e+00
-2.532478340434427544e+00
-1.155503425293274988e+00
9.340319354453973100e-01
2.580624316488314030e+00
2.888758563233187360e+00
1.675479966675248678e+00
-3.562802227987598158e-01
-2.051018579895563132e+00
-2.445815583537432225e+00
-1.309570548665711653e+00
7.414480312298514786e-01
2.561365926066759613e+00
3.158376029134951857e+00
2.185827312846445381e+00
2.214714898478777061e-01
-1.636963185832139622e+00
-2.320636045797327185e+00
-1.434750086405816472e+00
5.296057365927510086e-01
2.484332364380541058e+00
3.350959933350497355e+00
2.648028682963755376e+00
7.799648120729606449e-01
-1.194020206136384044e+00
-2.156939727214113312e+00
-1.550300428935143859e+00
2.888758563233187471e-01
2.349523631429659254e+00
3.476139471090602395e+00
3.052454881816401233e+00
1.319199743876488862e+00
-7.414480312298514786e-01
-1.964355822998567369e+00
-1.646592381042916831e+00
2.888758563233187471e-02
2.147310532003336103e+00
3.514656251933711228e+00
3.379847518982829424e+00
1.819917894836908134e+00
-2.792466611125414833e-01
-1.742884333150689802e+00
-1.733255137939912593e+00
-2.503590754802095808e-01
1.877693066101571828e+00
3.466510275879825187e+00
3.630206594463039060e+00
2.272490069743440699e+00
1.733255137939912482e-01
-1.502154452881257374e+00
-1.791030309204576287e+00
-5.392349318035283279e-01
1.559929624145921290e+00
3.331701542928942938e+00
3.784273717835475725e+00
2.667287073385309792e+00
6.066392982789693411e-01
-1.242166182190270529e+00
-1.839176285258462773e+00
-8.377399833376243388e-01
1.194020206136384044e+00
3.119859248291842579e+00
3.851678084310916628e+00
2.994679710551737539e+00
1.011065497131615532e+00
-9.821779114992836845e-01
-1.868063870890794620e+00
-1.145874230082497780e+00
7.703356168621833255e-01
2.811725001546969249e+00
3.822790498678584559e+00
3.235409590821169967e+00
1.376974915141152778e+00
-7.221896408082968399e-01
-1.877693066101571828e+00
-1.454008476827371110e+00
3.177634419556506495e-01
2.436186388326654573e+00
3.707240156149257171e+00
3.408735104615161049e+00
1.704367552307580524e+00
-4.525721749065326760e-01
-1.868063870890794620e+00
-1.742884333150689802e+00
-1.636963185832139567e-01
1.983614213420122008e+00
3.485768666301379604e+00
3.495397861512156812e+00
1.983614213420122008e+00
-1.925839042155458314e-01
-1.829547090047685343e+00
-2.022130994263231063e+00
-6.547852743328558267e-01
1.482896062459702957e+00
3.187263614767283482e+00
3.495397861512156812e+00
2.214714898478777005e+00
5.777517126466374942e-02
-1.781401113993798857e+00
-2.272490069743440699e+00
-1.155503425293274988e+00
9.340319354453973100e-01
2.811725001546969249e+00
3.418364299825938701e+00
2.388040412272768087e+00
2.985050515340960109e-01
-1.694738357096803316e+00
-2.493961559591318711e+00
-1.646592381042916831e+00
3.466510275879824965e-01
2.359152826640436462e+00
3.254667981242724384e+00
2.513219950012873127e+00
5.296057365927510086e-01
-1.588817209778253137e+00
-2.667287073385309792e+00
-2.118422946371004034e+00
-2.503590754802095808e-01
1.858434675680017190e+00
3.033196491394846817e+00
2.580624316488314030e+00
7.510772264406286869e-01
-1.444379281616593680e+00
-2.792466611125414389e+00
-2.542107535645205196e+00
-8.569983737591789774e-01
1.319199743876488862e+00
2.734691439860750695e+00
2.599882706909868890e+00
9.532903258669518376e-01
-1.280682963033379806e+00
-2.859870977600855735e+00
-2.927275344076296637e+00
-1.444379281616593680e+00
7.414480312298514786e-01
2.388040412272768087e+00
2.561365926066759613e+00
1.145874230082497780e+00
-1.078469863607056656e+00
-2.879129368022410151e+00
-3.245038786031947176e+00
-2.002872603841676646e+00
1.540671233724366651e-01
2.002872603841676646e+00
2.484332364380541058e+00
1.319199743876488862e+00
-8.473691785484016581e-01
-2.821354196757746458e+00
-3.495397861512156812e+00
-2.513219950012873127e+00
-4.236845892742008290e-01
1.579188014567475928e+00
2.359152826640436462e+00
1.482896062459702957e+00
-5.873809078574148135e-01
-2.696174659017641417e+00
-3.668723375306147894e+00
-2.965792124919405914e+00
-9.918071067100610039e-01
1.126615839660943141e+00
2.205085703267999797e+00
1.627333990621362192e+00
-3.081342467448733302e-01
-2.503590754802095919e+00
-3.755386132203143656e+00
-3.350959933350497355e+00
-1.531042038513589443e+00
6.740436647544103543e-01
2.022130994263231063e+00
1.752513528361467010e+00
0.000000000000000000e+00
-2.253231679321886283e+00
-3.745756936992366448e+00
-3.659094180095370685e+00
-2.031760189474008715e+00
2.118422946371004145e-01
1.810288699626130704e+00
1.868063870890794620e+00
3.273926371664279134e-01
-1.925839042155458314e+00
-3.649464984884593477e+00
-3.870936474732471044e+00
-2.474703169169763850e+00
-2.311006850586549977e-01
1.579188014567475928e+00
1.954726627787790161e+00
6.740436647544103543e-01
-1.550300428935143859e+00
-3.466510275879825187e+00
-3.996116012472576084e+00
-2.850241782390078527e+00
-6.644144695436331460e-01
1.338458134298043500e+00
2.031760189474008715e+00
1.020694692342392962e+00
-1.116986644450165933e+00
-3.187263614767283482e+00
-4.015374402894130945e+00
-3.148746833924174204e+00
-1.059211473185502017e+00
1.088099058817833864e+00
2.079906165527894757e+00
1.376974915141152778e+00
-6.355268839113012991e-01
-2.821354196757746458e+00
-3.947970036418689599e+00
-3.370218323772052216e+00
-1.425120891195039263e+00
8.281107881268470194e-01
2.108793751160226826e+00
1.713996747518357955e+00
-1.251795377401047904e-01
-2.378411217061990879e+00
-3.774644522624698517e+00
-3.514656251933711228e+00
-1.742884333150689802e+00
5.584933222250829665e-01
2.108793751160226826e+00
2.041389384684785924e+00
4.044261988526462459e-01
-1.877693066101571828e+00
-3.514656251933711228e+00
-3.572431423198375366e+00
-2.012501799052453855e+00
2.985050515340960109e-01
2.079906165527894757e+00
2.339894436218882046e+00
9.436611306561746293e-01
-1.319199743876488862e+00
-3.168005224345729065e+00
-3.553173032776820506e+00
-2.233973288900331866e+00
3.851678084310916628e-02
2.022130994263231063e+00
2.609511902120646099e+00
1.473266867248925527e+00
-7.221896408082968399e-01
-2.744320635071527903e+00
-3.447251885458270326e+00
-2.407298802694322948e+00
-2.118422946371004145e-01
1.935468237366235522e+00
2.830983391968523666e+00
1.993243408630899438e+00
-1.059211473185502073e-01
-2.262860874532663491e+00
-3.264297176453502036e+00
-2.532478340434427544e+00
-4.622013701173099953e-01
1.800659504415353496e+00
3.004308905762514748e+00
2.474703169169763850e+00
5.296057365927510086e-01
-1.733255137939912593e+00
-3.013938100973292400e+00
-2.599882706909868890e+00
-6.933020551759649930e-01
1.646592381042916831e+00
3.110230053081065371e+00
2.908016953654742220e+00
1.155503425293274988e+00
-1.155503425293274988e+00
-2.705803854228419070e+00
-2.619141097331423307e+00
-9.244027402346199906e-01
1.444379281616593680e+00
3.158376029134951857e+00
3.283555566875056453e+00
1.752513528361467010e+00
-5.584933222250829665e-01
-2.349523631429659254e+00
-2.590253511699091238e+00
-1.136245034871720350e+00
1.203649401347161474e+00
3.139117638713396996e+00
3.591689813619929783e+00
2.311006850586549977e+00
3.851678084310916628e-02
-1.954726627787790161e+00
-2.522849145223650336e+00
-1.348087329508820709e+00
9.340319354453973100e-01
3.042825686605624025e+00
3.813161303467807350e+00
2.821354196757746458e+00
6.258976887005239798e-01
-1.521412843302812012e+00
-2.416927997905100156e+00
-1.540671233724366651e+00
6.258976887005239798e-01
2.879129368022410151e+00
3.947970036418689599e+00
3.264297176453502036e+00
1.203649401347161474e+00
-1.068840668396279447e+00
-2.272490069743440699e+00
-1.713996747518357955e+00
2.888758563233187471e-01
2.628770292542200515e+00
3.996116012472576084e+00
3.620577399252261408e+00
1.733255137939912593e+00
-6.162684934897466604e-01
-2.099164555949449618e+00
-1.877693066101571828e+00
-6.740436647544104098e-02
2.320636045797327185e+00
3.938340841207912391e+00
3.899824060364803113e+00
2.214714898478777005e+00
-1.636963185832139567e-01
-1.896951456523126467e+00
-2.012501799052453855e+00
-4.429429796957554122e-01
1.935468237366235522e+00
3.793902913046252934e+00
4.082778769369571847e+00
2.638399487752977723e+00
2.792466611125414833e-01
-1.685109161886026108e+00
-2.137681336792558895e+00
-8.377399833376243388e-01
1.492525257670480165e+00
3.543543837566043297e+00
4.159812331055789514e+00
2.994679710551737539e+00
7.029312503867423123e-01
-1.444379281616593680e+00
-2.233973288900331866e+00
-1.232536986979493321e+00
1.001436301920838323e+00
3.206522005188837898e+00
4.140553940634235097e+00
3.273926371664279245e+00
1.088099058817833864e+00
-1.194020206136384044e+00
-2.311006850586549977e+00
-1.627333990621362192e+00
4.718305653280873146e-01
2.782837415914637180e+00
4.025003598104907709e+00
3.476139471090602395e+00
1.444379281616593680e+00
-9.436611306561746293e-01
-2.349523631429659254e+00
-2.002872603841676646e+00
-9.629195210777291569e-02
2.291748460164995560e+00
3.803532108257030142e+00
3.591689813619929783e+00
1.752513528361467010e+00
-6.836728599651876737e-01
-2.359152826640436462e+00
-2.349523631429659254e+00
-6.644144695436331460e-01
1.733255137939912593e+00
3.505027056722934020e+00
3.630206594463039060e+00
2.022130994263231063e+00
-4.140553940634235097e-01
-2.330265241008104393e+00
-2.667287073385309792e+00
-1.242166182190270529e+00
1.136245034871720350e+00
3.119859248291842579e+00
3.582060618409152575e+00
2.243602484111109074e+00
-1.444379281616593735e-01
-2.272490069743440699e+00
-2.946533734497851054e+00
-1.800659504415353496e+00
5.007181509604191616e-01
2.657657878174532584e+00
3.447251885458270326e+00
2.416927997905100156e+00
1.251795377401047904e-01
-2.156939727214113312e+00
-3.168005224345729065e+00
-2.339894436218882046e+00
-1.540671233724366651e-01
2.137681336792558895e+00
3.254667981242724384e+00
2.542107535645205196e+00
3.851678084310916628e-01
-2.012501799052453855e+00
-3.322072347718165730e+00
-2.830983391968523666e+00
-8.088523977052924918e-01
1.579188014567475928e+00
2.985050515340960331e+00
2.609511902120646099e+00
6.451560791220785074e-01
-1.819917894836908134e+00
-3.418364299825938701e+00
-3.264297176453502036e+00
-1.444379281616593680e+00
9.918071067100610039e-01
2.667287073385309792e+00
2.638399487752977723e+00
9.051443498130653520e-01
-1.588817209778253137e+00
-3.437622690247493118e+00
-3.620577399252261408e+00
-2.051018579895563132e+00
3.851678084310916628e-01
2.301377655375772768e+00
2.619141097331423307e+00
1.145874230082497780e+00
-1.309570548665711653e+00
-3.370218323772052216e+00
-3.909453255575580322e+00
-2.609511902120646099e+00
-2.311006850586549977e-01
1.896951456523126467e+00
2.561365926066759613e+00
1.386604110351929986e+00
-9.918071067100610039e-01
-3.235409590821169967e+00
-4.102037159791126264e+00
-3.110230053081065371e+00
-8.184815929160698111e-01
1.473266867248925527e+00
2.465073973958986642e+00
1.608075600199807775e+00
-6.355268839113012991e-01
-3.013938100973292400e+00
-4.198329111898899235e+00
-3.524285447144488881e+00
-1.386604110351929986e+00
1.020694692342392962e+00
2.339894436218882046e+00
1.819917894836908134e+00
-2.503590754802095808e-01
-2.715433049439196278e+00
-4.188699916688121583e+00
-3.861307279521693836e+00
-1.906580651733903675e+00
5.681225174358601748e-01
2.185827312846445381e+00
2.012501799052453855e+00
1.636963185832139567e-01
-2.339894436218882046e+00
-4.092407964580348612e+00
-4.102037159791126264e+00
-2.378411217061990879e+00
1.251795377401047904e-01
1.993243408630899438e+00
2.185827312846445381e+00
5.873809078574148135e-01
-1.896951456523126467e+00
-3.880565669943248697e+00
-4.246475087952785721e+00
-2.782837415914637180e+00
-3.081342467448733302e-01
1.791030309204576287e+00
2.339894436218882046e+00
1.030323887553170170e+00
-1.396233305562707194e+00
-3.582060618409152575e+00
-4.284991868795894554e+00
-3.110230053081065371e+00
-7.221896408082968399e-01
1.569558819356698498e+00
2.455444778748209433e+00
1.463637672038148319e+00
-8.473691785484016581e-01
-3.187263614767283482e+00
-4.217587502320453652e+00
-3.370218323772052216e+00
-1.097728254028611294e+00
1.319199743876488862e+00
2.542107535645205196e+00
1.887322261312349259e+00
-2.696174659017641639e-01
-2.715433049439196278e+00
-4.063520378948017431e+00
-3.543543837566043297e+00
-1.444379281616593680e+00
1.068840668396279447e+00
2.599882706909868890e+00
2.291748460164995560e+00
3.370218323772051772e-01
-2.166568922424890520e+00
-3.803532108257030142e+00
-3.639835789673816269e+00
-1.752513528361467010e+00
7.992232024945151725e-01
2.609511902120646099e+00
2.667287073385309792e+00
9.532903258669518376e-01
-1.569558819356698498e+00
-3.456881080669047535e+00
-3.649464984884593477e+00
-2.022130994263231063e+00
5.296057365927510086e-01
2.580624316488314030e+00
2.994679710551737539e+00
1.559929624145921290e+00
-9.244027402346199906e-01
-3.033196491394846817e+00
-3.582060618409152575e+00
-2.243602484111109074e+00
2.503590754802095808e-01
2.503590754802095919e+00
3.273926371664279245e+00
2.137681336792558895e+00
-2.503590754802095808e-01
-2.542107535645205196e+00
-3.437622690247493118e+00
-2.416927997905100156e+00
-3.851678084310916628e-02
2.378411217061990879e+00
3.485768666301379604e+00
2.676916268596087001e+00
4.236845892742008290e-01
-2.002872603841676646e+00
-3.225780395610392759e+00
-2.542107535645205196e+00
-3.177634419556506495e-01
2.205085703267999797e+00
3.630206594463039060e+00
3.168005224345729065e+00
1.097728254028611294e+00
-1.425120891195039263e+00
-2.946533734497851054e+00
-2.619141097331423307e+00
-6.066392982789693411e-01
1.973985018209344799e+00
3.697610960938479963e+00
3.591689813619929783e+00
1.733255137939912593e+00
-8.184815929160698111e-01
-2.628770292542200515e+00
-2.657657878174532584e+00
-8.955151546022881437e-01
1.704367552307580524e+00
3.678352570516925546e+00
3.928711645997134738e+00
2.339894436218882046e+00
-2.022130994263231230e-01
-2.253231679321886283e+00
-2.657657878174532584e+00
-1.174761815714829627e+00
1.376974915141152778e+00
3.572431423198375366e+00
4.188699916688121583e+00
2.888758563233187360e+00
4.044261988526462459e-01
-1.848805480469239981e+00
-2.619141097331423307e+00
-1.444379281616593680e+00
1.011065497131615532e+00
3.379847518982829424e+00
4.342767040060558692e+00
3.360589128561274563e+00
9.918071067100610039e-01
-1.425120891195039263e+00
-2.532478340434427544e+00
-1.704367552307580524e+00
6.066392982789693411e-01
3.110230053081065371e+00
4.400542211325221942e+00
3.755386132203143656e+00
1.550300428935143859e+00
-9.821779114992836845e-01
-2.426557193115877364e+00
-1.945097432577012952e+00
1.733255137939912482e-01
2.753949830282305555e+00
4.342767040060558692e+00
4.063520378948017431e+00
2.051018579895563132e+00
-5.392349318035283279e-01
-2.282119264954217908e+00
-2.176198117635667728e+00
-2.888758563233187471e-01
2.320636045797327185e+00
4.188699916688121583e+00
4.265733478374340137e+00
2.503590754802095919e+00
-1.059211473185502073e-01
-2.108793751160226826e+00
-2.378411217061990879e+00
-7.607064216514060062e-01
1.819917894836908134e+00
3.928711645997134738e+00
4.362025430482113109e+00
2.888758563233187360e+00
3.177634419556506495e-01
-1.906580651733903675e+00
-2.551736730855982405e+00
-1.242166182190270529e+00
1.261424572611825168e+00
3.572431423198375366e+00
4.362025430482113109e+00
3.196892809978060690e+00
7.221896408082968399e-01
-1.694738357096803316e+00
-2.686545463806864209e+00
-1.723625942729135163e+00
6.644144695436331460e-01
3.119859248291842579e+00
4.256104283163562485e+00
3.427993495036715910e+00
1.088099058817833864e+00
-1.454008476827371110e+00
-2.792466611125414389e+00
-2.176198117635667728e+00
3.851678084310916628e-02
2.599882706909868890e+00
4.053891183737239778e+00
3.582060618409152575e+00
1.434750086405816472e+00
-1.203649401347161474e+00
-2.850241782390078527e+00
-2.599882706909868890e+00
-6.066392982789693411e-01
2.012501799052453855e+00
3.765015327413920865e+00
3.659094180095370685e+00
1.742884333150689802e+00
-9.244027402346199906e-01
-2.859870977600855735e+00
-2.985050515340960331e+00
-1.251795377401047960e+00
1.367345719930375347e+00
3.379847518982829424e+00
3.649464984884593477e+00
2.002872603841676646e+00
-6.451560791220785074e-01
-2.821354196757746458e+00
-3.322072347718165730e+00
-1.877693066101571828e+00
6.933020551759649930e-01
2.927275344076296637e+00
3.562802227987597714e+00
2.224344093689554214e+00
-3.466510275879824965e-01
-2.725062244649973486e+00
-3.591689813619929783e+00
-2.465073973958986642e+00
-0.000000000000000000e+00
2.416927997905100156e+00
3.408735104615161049e+00
2.407298802694322948e+00
-3.851678084310916628e-02
-2.580624316488314030e+00
-3.784273717835475725e+00
-3.013938100973292400e+00
-6.933020551759649930e-01
1.848805480469239981e+00
3.187263614767283482e+00
2.542107535645205196e+00
2.696174659017641639e-01
-2.368782021851213671e+00
-3.909453255575580322e+00
-3.495397861512156812e+00
-1.367345719930375347e+00
1.261424572611825168e+00
2.908016953654742220e+00
2.628770292542200515e+00
5.873809078574148135e-01
-2.108793751160226826e+00
-3.938340841207912391e+00
-3.899824060364803113e+00
-2.012501799052453855e+00
6.451560791220785074e-01
2.580624316488314030e+00
2.686545463806864209e+00
9.051443498130653520e-01
-1.791030309204576287e+00
-3.880565669943248697e+00
-4.207958307109675999e+00
-2.599882706909868890e+00
2.888758563233187471e-02
2.205085703267999797e+00
2.696174659017641417e+00
1.213278596557938682e+00
-1.415491695984261833e+00
-3.726498546570812032e+00
-4.429429796957554011e+00
-3.129488443502619788e+00
-5.681225174358601748e-01
1.810288699626130704e+00
2.667287073385309792e+00
1.521412843302812012e+00
-1.001436301920838323e+00
-3.485768666301379604e+00
-4.544980139486881399e+00
-3.582060618409152575e+00
-1.145874230082497780e+00
1.396233305562707194e+00
2.609511902120646099e+00
1.819917894836908134e+00
-5.488641270143056472e-01
-3.158376029134951857e+00
-4.554609334697659051e+00
-3.947970036418689599e+00
-1.685109161886026108e+00
9.629195210777291569e-01
2.513219950012873127e+00
2.089535360738672409e+00
-5.777517126466374942e-02
-2.744320635071527903e+00
-4.448688187379108427e+00
-4.217587502320453652e+00
-2.176198117635667728e+00
5.296057365927510086e-01
2.388040412272768087e+00
2.349523631429659254e+00
4.429429796957554122e-01
-2.253231679321886283e+00
-4.236845892742008068e+00
-4.381283820903667525e+00
-2.599882706909868890e+00
1.059211473185502073e-01
2.224344093689554214e+00
2.580624316488314030e+00
9.629195210777291569e-01
-1.704367552307580524e+00
-3.919082450786357530e+00
-4.439058992168331663e+00
-2.965792124919405914e+00
-3.081342467448733302e-01
2.041389384684785924e+00
2.773208220703859972e+00
1.482896062459702957e+00
-1.097728254028611294e+00
-3.514656251933711228e+00
-4.400542211325221942e+00
-3.254667981242724384e+00
-7.029312503867423123e-01
1.829547090047685343e+00
2.927275344076296637e+00
1.983614213420122008e+00
-4.525721749065326760e-01
-3.013938100973292400e+00
-4.256104283163562485e+00
-3.466510275879825187e+00
-1.068840668396279447e+00
1.588817209778253137e+00
3.033196491394846817e+00
2.465073973958986642e+00
2.118422946371004145e-01
-2.445815583537432225e+00
-4.015374402894130945e+00
-3.591689813619929783e+00
-1.405862500773484625e+00
1.328828939087266292e+00
3.100600857870287719e+00
2.908016953654742220e+00
8.858859593915108244e-01
-1.819917894836908134e+00
-3.687981765727702754e+00
-3.649464984884593477e+00
-1.704367552307580524e+00
1.049582277974724809e+00
3.100600857870287719e+00
3.302813957296610869e+00
1.550300428935143859e+00
-1.145874230082497780e+00
-3.273926371664279245e+00
-3.620577399252261408e+00
-1.973985018209344799e+00
7.510772264406286869e-01
3.042825686605624025e+00
3.630206594463039060e+00
2.195456508057222589e+00
-4.525721749065326760e-01
-2.802095806336192041e+00
-3.524285447144488881e+00
-2.205085703267999797e+00
4.333137844849781484e-01
2.927275344076296637e+00
3.890194865154025905e+00
2.782837415914637180e+00
2.599882706909868446e-01
-2.262860874532663491e+00
-3.360589128561274563e+00
-2.388040412272768087e+00
1.059211473185502073e-01
2.753949830282305555e+00
4.063520378948017431e+00
3.322072347718165730e+00
9.629195210777291569e-01
-1.694738357096803316e+00
-3.129488443502619788e+00
-2.542107535645205196e+00
-2.311006850586549977e-01
2.503590754802095919e+00
4.150183135845012750e+00
3.784273717835475725e+00
1.636963185832139622e+00
-1.097728254028611294e+00
-2.850241782390078527e+00
-2.648028682963755376e+00
-5.777517126466374942e-01
2.205085703267999797e+00
4.140553940634235097e+00
4.169441526266567166e+00
2.262860874532663491e+00
-4.814597605388645785e-01
-2.522849145223650336e+00
-2.715433049439196278e+00
-9.244027402346199906e-01
1.839176285258462773e+00
4.044261988526462126e+00
4.448688187379108427e+00
2.840612587179300874e+00
1.251795377401047904e-01
-2.166568922424890520e+00
-2.744320635071527903e+00
-1.271053767822602598e+00
1.425120891195039263e+00
3.842048889100139419e+00
4.631642896383877606e+00
3.341330738139720147e+00
7.221896408082968399e-01
-1.781401113993798857e+00
-2.734691439860750695e+00
-1.617704795410584984e+00
9.532903258669518376e-01
3.543543837566043297e+00
4.699047262859318508e+00
3.765015327413920865e+00
1.280682963033379806e+00
-1.367345719930375347e+00
-2.696174659017641417e+00
-1.945097432577012952e+00
4.525721749065326760e-01
3.158376029134951857e+00
4.650901286805432022e+00
4.092407964580348612e+00
1.800659504415353496e+00
-9.532903258669518376e-01
-2.609511902120646099e+00
-2.253231679321886283e+00
-7.703356168621833255e-02
2.696174659017641417e+00
4.496834163432994913e+00
4.323508649639004275e+00
2.262860874532663491e+00
-5.296057365927510086e-01
-2.503590754802095919e+00
-2.532478340434427544e+00
-6.258976887005239798e-01
2.147310532003336103e+00
4.236845892742008068e+00
4.458317382589886080e+00
2.667287073385309792e+00
-1.155503425293274988e-01
-2.349523631429659254e+00
-2.792466611125414389e+00
-1.184391010925606835e+00
1.550300428935143859e+00
3.870936474732471044e+00
4.477575773011440496e+00
3.004308905762514748e+00
2.888758563233187471e-01
-2.176198117635667728e+00
-3.004308905762514748e+00
-1.733255137939912593e+00
8.955151546022881437e-01
3.418364299825938701e+00
4.390913016114445178e+00
3.273926371664279245e+00
6.740436647544103543e-01
-1.964355822998567369e+00
-3.168005224345729065e+00
-2.262860874532663491e+00
2.118422946371004145e-01
2.879129368022410151e+00
4.217587502320453652e+00
3.466510275879825187e+00
1.030323887553170170e+00
-1.723625942729135163e+00
-3.273926371664279245e+00
-2.763579025493082764e+00
-4.814597605388645785e-01
2.272490069743440699e+00
3.938340841207912391e+00
3.572431423198375366e+00
1.367345719930375347e+00
-1.463637672038148319e+00
-3.331701542928942938e+00
-3.216151200399615551e+00
-1.174761815714829627e+00
1.608075600199807775e+00
3.582060618409152575e+00
3.610948204041484200e+00
1.665850771464471469e+00
-1.165132620504052197e+00
-3.322072347718165730e+00
-3.601319008830706991e+00
-1.858434675680017190e+00
9.147735450238426713e-01
3.148746833924174204e+00
3.572431423198375366e+00
1.935468237366235522e+00
-8.569983737591789774e-01
-3.254667981242724384e+00
-3.919082450786357530e+00
-2.503590754802095919e+00
2.022130994263231230e-01
2.657657878174532584e+00
3.466510275879825187e+00
2.176198117635667728e+00
-5.199765413819736892e-01
-3.110230053081065371e+00
-4.159812331055789514e+00
-3.090971662659510510e+00
-5.103473461711964809e-01
2.108793751160226826e+00
3.302813957296610869e+00
2.378411217061990879e+00
-1.636963185832139567e-01
-2.898387758443964568e+00
-4.304250259217448971e+00
-3.610948204041484200e+00
-1.213278596557938682e+00
1.531042038513589443e+00
3.071713272237956094e+00
2.532478340434427544e+00
2.118422946371004145e-01
-2.609511902120646099e+00
-4.352396235271335456e+00
-4.053891183737239778e+00
-1.877693066101571828e+00
9.340319354453973100e-01
2.802095806336192041e+00
2.657657878174532584e+00
5.873809078574148135e-01
-2.262860874532663491e+00
-4.304250259217448971e+00
-4.400542211325221942e+00
-2.493961559591318711e+00
3.273926371664279134e-01
2.484332364380541058e+00
2.744320635071527903e+00
9.725487162885064762e-01
-1.858434675680017190e+00
-4.159812331055789514e+00
-4.641272091594654370e+00
-3.042825686605624025e+00
-2.696174659017641639e-01
2.128052141581781243e+00
2.792466611125414389e+00
1.357716524719598139e+00
-1.396233305562707194e+00
-3.909453255575580322e+00
-4.776080824545536174e+00
-3.524285447144488881e+00
-8.473691785484016581e-01
1.752513528361467010e+00
2.811725001546969249e+00
1.733255137939912593e+00
-8.762567641807335050e-01
-3.553173032776820506e+00
-4.795339214967091479e+00
-3.909453255575580322e+00
-1.386604110351929986e+00
1.357716524719598139e+00
2.782837415914637180e+00
2.089535360738672409e+00
-3.273926371664279134e-01
-3.119859248291842579e+00
-4.708676458070095272e+00
-4.198329111898899235e+00
-1.877693066101571828e+00
9.532903258669518376e-01
2.715433049439196278e+00
2.426557193115877364e+00
2.407298802694322892e-01
-2.599882706909868890e+00
-4.506463358643772565e+00
-4.390913016114445178e+00
-2.320636045797327185e+00
5.488641270143056472e-01
2.619141097331423307e+00
2.734691439860750695e+00
8.377399833376243388e-01
-2.012501799052453855e+00
-4.188699916688121583e+00
-4.477575773011440496e+00
-2.705803854228419070e+00
1.444379281616593735e-01
2.484332364380541058e+00
3.004308905762514748e+00
1.425120891195039263e+00
-1.357716524719598139e+00
-3.784273717835475725e+00
-4.467946577800663732e+00
-3.023567296184069608e+00
-2.503590754802095808e-01
2.311006850586549977e+00
3.225780395610392759e+00
2.002872603841676646e+00
-6.740436647544103543e-01
-3.283555566875056453e+00
-4.352396235271335456e+00
-3.264297176453502036e+00
-6.258976887005239798e-01
2.099164555949449618e+00
3.399105909404383841e+00
2.551736730855982405e+00
3.851678084310916628e-02
-2.705803854228419070e+00
-4.130924745423458333e+00
-3.437622690247493118e+00
-9.821779114992836845e-01
1.858434675680017190e+00
3.505027056722934020e+00
3.052454881816401233e+00
7.607064216514060062e-01
-2.070276970317117549e+00
-3.832419693889362211e+00
-3.533914642355266089e+00
-1.319199743876488862e+00
1.588817209778253137e+00
3.553173032776820506e+00
3.505027056722934020e+00
1.473266867248925527e+00
-1.386604110351929986e+00
-3.456881080669047535e+00
-3.553173032776820506e+00
-1.617704795410584984e+00
1.280682963033379806e+00
3.533914642355266089e+00
3.880565669943248697e+00
2.156939727214113312e+00
-6.740436647544103543e-01
-3.004308905762514748e+00
-3.514656251933711228e+00
-1.896951456523126467e+00
9.436611306561746293e-01
3.427993495036715910e+00
4.188699916688121583e+00
2.792466611125414389e+00
4.814597605388645785e-02
-2.493961559591318711e+00
-3.399105909404383841e+00
-2.147310532003336103e+00
5.777517126466374942e-01
3.254667981242724384e+00
4.390913016114445178e+00
3.370218323772052216e+00
7.607064216514060062e-01
-1.945097432577012952e+00
-3.235409590821169967e+00
-2.359152826640436462e+00
1.925839042155458314e-01
3.004308905762514748e+00
4.506463358643772565e+00
3.870936474732471044e+00
1.454008476827371110e+00
-1.376974915141152778e+00
-3.013938100973292400e+00
-2.542107535645205196e+00
-2.022130994263231230e-01
2.686545463806864209e+00
4.516092553854549330e+00
4.275362673585117790e+00
2.099164555949449618e+00
-7.799648120729606449e-01
-2.744320635071527903e+00
-2.686545463806864209e+00
-6.162684934897466604e-01
2.291748460164995560e+00
4.429429796957554011e+00
4.583496920329991120e+00
2.696174659017641417e+00
-1.925839042155458314e-01
-2.436186388326654573e+00
-2.792466611125414389e+00
-1.039953082763947378e+00
1.839176285258462773e+00
4.227216697531231304e+00
4.785710019756313827e+00
3.216151200399615551e+00
3.947970036418689821e-01
-2.099164555949449618e+00
-2.859870977600855735e+00
-1.454008476827371110e+00
1.328828939087266292e+00
3.919082450786357530e+00
4.882001971864086798e+00
3.659094180095370685e+00
9.436611306561746293e-01
-1.742884333150689802e+00
-2.888758563233187360e+00
-1.858434675680017190e+00
7.703356168621833255e-01
3.524285447144488881e+00
4.853114386231754729e+00
4.005745207683353293e+00
1.463637672038148319e+00
-1.357716524719598139e+00
-2.879129368022410151e+00
-2.253231679321886283e+00
1.733255137939912482e-01
3.033196491394846817e+00
4.708676458070095272e+00
4.265733478374340137e+00
1.935468237366235522e+00
-9.725487162885064762e-01
-2.830983391968523666e+00
-2.609511902120646099e+00
-4.333137844849781484e-01
2.465073973958986642e+00
4.458317382589886080e+00
4.419800601746777247e+00
2.359152826640436462e+00
-5.777517126466374942e-01
-2.744320635071527903e+00
-2.936904539287073845e+00
-1.059211473185502017e+00
1.829547090047685343e+00
4.102037159791126264e+00
4.467946577800663732e+00
2.715433049439196278e+00
-1.829547090047685398e-01
-2.619141097331423307e+00
-3.225780395610392759e+00
-1.675479966675248678e+00
1.145874230082497780e+00
3.649464984884593477e+00
4.410171406535999594e+00
3.004308905762514748e+00
1.925839042155458314e-01
-2.445815583537432225e+00
-3.456881080669047535e+00
-2.272490069743440699e+00
4.236845892742008290e-01
3.110230053081065371e+00
4.265733478374340137e+00
3.225780395610392759e+00
5.681225174358601748e-01
-2.233973288900331866e+00
-3.620577399252261408e+00
-2.830983391968523666e+00
-3.081342467448733302e-01
2.503590754802095919e+00
4.025003598104907709e+00
3.379847518982829424e+00
9.244027402346199906e-01
-1.983614213420122008e+00
-3.726498546570812032e+00
-3.331701542928942938e+00
-1.049582277974724809e+00
1.848805480469239981e+00
3.697610960938479963e+00
3.466510275879825187e+00
1.261424572611825168e+00
-1.694738357096803316e+00
-3.755386132203143656e+00
-3.774644522624698517e+00
-1.762142723572244440e+00
1.145874230082497780e+00
3.302813957296610869e+00
3.485768666301379604e+00
1.569558819356698498e+00
-1.367345719930375347e+00
-3.707240156149257171e+00
-4.140553940634235097e+00
-2.436186388326654573e+00
4.333137844849781484e-01
2.840612587179300874e+00
3.437622690247493118e+00
1.858434675680017190e+00
-1.011065497131615532e+00
-3.582060618409152575e+00
-4.419800601746777247e+00
-3.062084077027178886e+00
-2.888758563233187471e-01
2.330265241008104393e+00
3.331701542928942938e+00
2.118422946371004034e+00
-6.258976887005239798e-01
-3.370218323772052216e+00
-4.593126115540767884e+00
-3.620577399252261408e+00
-9.918071067100610039e-01
1.791030309204576287e+00
3.168005224345729065e+00
2.349523631429659254e+00
-2.118422946371004145e-01
-3.081342467448733302e+00
-4.670159677226986439e+00
-4.082778769369571847e+00
-1.665850771464471469e+00
1.222907791768716113e+00
2.956162929708628706e+00
2.542107535645205196e+00
2.214714898478777061e-01
-2.715433049439196278e+00
-4.641272091594654370e+00
-4.458317382589886080e+00
-2.291748460164995560e+00
6.451560791220785074e-01
2.696174659017641417e+00
2.705803854228419070e+00
6.740436647544103543e-01
-2.282119264954217908e+00
-4.496834163432994913e+00
-4.727934848491650577e+00
-2.859870977600855735e+00
6.740436647544104098e-02
2.407298802694322948e+00
2.840612587179300874e+00
1.126615839660943141e+00
-1.781401113993798857e+00
-4.246475087952785721e+00
-4.882001971864086798e+00
-3.350959933350497355e+00
-4.910889557496418423e-01
2.079906165527894757e+00
2.927275344076296637e+00
1.569558819356698498e+00
-1.222907791768716113e+00
-3.890194865154025905e+00
-4.930147947917973283e+00
-3.755386132203143656e+00
-1.020694692342392962e+00
1.733255137939912593e+00
2.975421320130183123e+00
2.002872603841676646e+00
-6.258976887005239798e-01
-3.437622690247493118e+00
-4.853114386231754729e+00
-4.063520378948017431e+00
-1.511783648092034804e+00
1.376974915141152778e+00
2.985050515340960331e+00
2.416927997905100156e+00
0.000000000000000000e+00
-2.898387758443964568e+00
-4.660530482016208786e+00
-4.275362673585117790e+00
-1.964355822998567369e+00
1.001436301920838323e+00
2.946533734497851054e+00
2.802095806336192041e+00
6.547852743328558267e-01
-2.291748460164995560e+00
-4.362025430482113109e+00
-4.390913016114445178e+00
-2.359152826640436462e+00
6.162684934897466604e-01
2.869500172811632943e+00
3.148746833924174204e+00
1.299941353454934445e+00
-1.617704795410584984e+00
-3.967228426840244015e+00
-4.410171406535999594e+00
-2.686545463806864209e+00
2.407298802694322892e-01
2.744320635071527903e+00
3.437622690247493118e+00
1.935468237366235522e+00
-9.051443498130653520e-01
-3.476139471090602395e+00
-4.323508649639004275e+00
-2.956162929708628706e+00
-1.348087329508820820e-01
2.570995121277536821e+00
3.668723375306147894e+00
2.542107535645205196e+00
-1.636963185832139567e-01
-2.908016953654742220e+00
-4.150183135845012750e+00
-3.168005224345729065e+00
-5.007181509604191616e-01
2.359152826640436462e+00
3.832419693889362211e+00
3.100600857870287719e+00
5.873809078574148135e-01
-2.282119264954217908e+00
-3.890194865154025905e+00
-3.312443152507388078e+00
-8.569983737591789774e-01
2.099164555949449618e+00
3.919082450786357530e+00
3.601319008830706991e+00
1.328828939087266292e+00
-1.608075600199807775e+00
-3.543543837566043297e+00
-3.379847518982829424e+00
-1.203649401347161474e+00
1.791030309204576287e+00
3.928711645997134738e+00
4.025003598104907709e+00
2.041389384684785924e+00
-9.051443498130653520e-01
-3.139117638713396996e+00
-3.399105909404383841e+00
-1.521412843302812012e+00
1.444379281616593680e+00
3.851678084310916628e+00
4.362025430482113109e+00
2.705803854228419070e+00
-1.925839042155458314e-01
-2.676916268596087001e+00
-3.350959933350497355e+00
-1.819917894836908134e+00
1.059211473185502017e+00
3.697610960938479963e+00
4.612384505962322301e+00
3.302813957296610869e+00
5.199765413819736892e-01
-2.166568922424890520e+00
-3.245038786031947176e+00
-2.099164555949449618e+00
6.451560791220785074e-01
3.447251885458270326e+00
4.756822434123981758e+00
3.832419693889362211e+00
1.213278596557938682e+00
-1.627333990621362192e+00
-3.090971662659510510e+00
-2.339894436218882046e+00
2.022130994263231230e-01
3.119859248291842579e+00
4.785710019756313827e+00
4.265733478374340137e+00
1.858434675680017190e+00
-1.078469863607056656e+00
-2.888758563233187360e+00
-2.561365926066759613e+00
-2.696174659017641639e-01
2.715433049439196278e+00
4.708676458070095272e+00
4.593126115540767884e+00
2.455444778748209433e+00
-5.199765413819736892e-01
-2.648028682963755376e+00
-2.744320635071527903e+00
-7.414480312298514786e-01
2.233973288900331866e+00
4.516092553854549330e+00
4.824226800599422660e+00
2.985050515340960331e+00
2.888758563233187471e-02
-2.378411217061990879e+00
-2.888758563233187360e+00
-1.222907791768716113e+00
1.685109161886026108e+00
4.207958307109675999e+00
4.930147947917973283e+00
3.437622690247493118e+00
5.681225174358601748e-01
-2.070276970317117549e+00
-3.004308905762514748e+00
-1.704367552307580524e+00
1.088099058817833864e+00
3.813161303467807350e+00
4.920518752707195631e+00
3.803532108257030142e+00
1.068840668396279447e+00
-1.742884333150689802e+00
-3.071713272237956094e+00
-2.166568922424890520e+00
4.525721749065326760e-01
3.312443152507388078e+00
4.804968410177868243e+00
4.073149574158794195e+00
1.540671233724366651e+00
-1.396233305562707194e+00
-3.090971662659510510e+00
-2.599882706909868890e+00
-2.022130994263231230e-01
2.734691439860750695e+00
4.564238529908435815e+00
4.256104283163562485e+00
1.954726627787790161e+00
-1.039953082763947378e+00
-3.062084077027178886e+00
-2.994679710551737539e+00
-8.762567641807335050e-01
2.089535360738672409e+00
4.227216697531231304e+00
4.333137844849781040e+00
2.330265241008104393e+00
-6.740436647544103543e-01
-2.994679710551737539e+00
-3.350959933350497355e+00
-1.550300428935143859e+00
1.386604110351929986e+00
3.793902913046252934e+00
4.313879454428226623e+00
2.638399487752977723e+00
-2.985050515340960109e-01
-2.869500172811632943e+00
-3.639835789673816269e+00
-2.195456508057222589e+00
6.451560791220785074e-01
3.273926371664279245e+00
4.198329111898899235e+00
2.888758563233187360e+00
6.740436647544104098e-02
-2.696174659017641417e+00
-3.870936474732471044e+00
-2.802095806336192041e+00
-1.059211473185502073e-01
2.686545463806864209e+00
4.005745207683353293e+00
3.081342467448733302e+00
4.333137844849781484e-01
-2.474703169169763850e+00
-4.015374402894130945e+00
-3.350959933350497355e+00
-8.666275689699562967e-01
2.041389384684785924e+00
3.726498546570812032e+00
3.216151200399615551e+00
7.992232024945151725e-01
-2.195456508057222589e+00
-4.092407964580348612e+00
-3.842048889100139419e+00
-1.598446404989030345e+00
1.367345719930375347e+00
3.370218323772052216e+00
3.283555566875056453e+00
1.145874230082497780e+00
-1.868063870890794620e+00
-4.073149574158794195e+00
-4.246475087952785721e+00
-2.291748460164995560e+00
6.644144695436331460e-01
2.965792124919405914e+00
3.302813957296610869e+00
1.473266867248925527e+00
-1.502154452881257374e+00
-3.967228426840244015e+00
-4.554609334697659051e+00
-2.936904539287073845e+00
-3.851678084310916628e-02
2.503590754802095919e+00
3.254667981242724384e+00
1.791030309204576287e+00
-1.088099058817833864e+00
-3.774644522624698517e+00
-4.766451629334759410e+00
-3.514656251933711228e+00
-7.318188360190741593e-01
2.002872603841676646e+00
3.168005224345729065e+00
2.079906165527894757e+00
-6.451560791220785074e-01
-3.485768666301379604e+00
-4.862743581442532381e+00
-4.005745207683353293e+00
-1.396233305562707194e+00
1.482896062459702957e+00
3.023567296184069608e+00
2.349523631429659254e+00
-1.636963185832139567e-01
-3.119859248291842579e+00
-4.843485191020977965e+00
-4.400542211325221942e+00
-2.022130994263231063e+00
9.532903258669518376e-01
2.840612587179300874e+00
2.580624316488314030e+00
3.273926371664279134e-01
-2.667287073385309792e+00
-4.718305653280872924e+00
-4.679788872437764091e+00
-2.580624316488314030e+00
4.140553940634235097e-01
2.609511902120646099e+00
2.782837415914637180e+00
8.377399833376243388e-01
-2.147310532003336103e+00
-4.477575773011440496e+00
-4.862743581442532381e+00
-3.071713272237956094e+00
-1.155503425293274988e-01
2.359152826640436462e+00
2.956162929708628706e+00
1.348087329508820709e+00
-1.559929624145921290e+00
-4.130924745423458333e+00
-4.920518752707195631e+00
-3.485768666301379604e+00
-6.162684934897466604e-01
2.070276970317117549e+00
3.081342467448733302e+00
1.848805480469239981e+00
-9.244027402346199906e-01
-3.687981765727702754e+00
-4.872372776653309145e+00
-3.813161303467807350e+00
-1.097728254028611294e+00
1.762142723572244440e+00
3.158376029134951857e+00
2.330265241008104393e+00
-2.599882706909868446e-01
-3.148746833924174204e+00
-4.699047262859318508e+00
-4.044261988526462126e+00
-1.531042038513589443e+00
1.434750086405816472e+00
3.196892809978060690e+00
2.782837415914637180e+00
4.236845892742008290e-01
-2.532478340434427544e+00
-4.429429796957554011e+00
-4.179070721477344819e+00
-1.925839042155458314e+00
1.088099058817833864e+00
3.177634419556506273e+00
3.187263614767283482e+00
1.116986644450165933e+00
-1.848805480469239981e+00
-4.053891183737239778e+00
-4.227216697531231304e+00
-2.272490069743440699e+00
7.318188360190741593e-01
3.110230053081065371e+00
3.543543837566043297e+00
1.800659504415353496e+00
-1.126615839660943141e+00
-3.591689813619929783e+00
-4.179070721477344819e+00
-2.561365926066759613e+00
3.659094180095370796e-01
2.985050515340960331e+00
3.832419693889362211e+00
2.445815583537432225e+00
-3.755386132203143434e-01
-3.052454881816401233e+00
-4.044261988526462126e+00
-2.802095806336192041e+00
0.000000000000000000e+00
2.802095806336192041e+00
4.044261988526462126e+00
3.052454881816401233e+00
3.755386132203143434e-01
-2.445815583537432225e+00
-3.832419693889362211e+00
-2.985050515340960331e+00
-3.659094180095370796e-01
2.561365926066759613e+00
4.179070721477344819e+00
3.591689813619929783e+00
1.126615839660943141e+00
-1.800659504415353496e+00
-3.543543837566043297e+00
-3.110230053081065371e+00
-7.318188360190741593e-01
2.272490069743440699e+00
4.227216697531231304e+00
4.053891183737239778e+00
1.848805480469239981e+00
-1.116986644450165933e+00
-3.187263614767283482e+00
-3.177634419556506273e+00
-1.088099058817833864e+00
1.925839042155458314e+00
4.179070721477344819e+00
4.429429796957554011e+00
2.532478340434427544e+00
-4.236845892742008290e-01
-2.782837415914637180e+00
-3.196892809978060690e+00
-1.434750086405816472e+00
1.531042038513589443e+00
4.044261988526462126e+00
4.699047262859318508e+00
3.148746833924174204e+00
2.599882706909868446e-01
-2.330265241008104393e+00
-3.158376029134951857e+00
-1.762142723572244440e+00
1.097728254028611294e+00
3.813161303467807350e+00
4.872372776653309145e+00
3.687981765727702754e+00
9.244027402346199906e-01
-1.848805480469239981e+00
-3.081342467448733302e+00
-2.070276970317117549e+00
6.162684934897466604e-01
3.485768666301379604e+00
4.920518752707195631e+00
4.130924745423458333e+00
1.559929624145921290e+00
-1.348087329508820709e+00
-2.956162929708628706e+00
-2.359152826640436462e+00
1.155503425293274988e-01
3.071713272237956094e+00
4.862743581442532381e+00
4.477575773011440496e+00
2.147310532003336103e+00
-8.377399833376243388e-01
-2.782837415914637180e+00
-2.609511902120646099e+00
-4.140553940634235097e-01
2.580624316488314030e+00
4.679788872437764091e+00
4.718305653280872924e+00
2.667287073385309792e+00
-3.273926371664279134e-01
-2.580624316488314030e+00
-2.840612587179300874e+00
-9.532903258669518376e-01
2.022130994263231063e+00
4.400542211325221942e+00
4.843485191020977965e+00
3.119859248291842579e+00
1.636963185832139567e-01
-2.349523631429659254e+00
-3.023567296184069608e+00
-1.482896062459702957e+00
1.396233305562707194e+00
4.005745207683353293e+00
4.862743581442532381e+00
3.485768666301379604e+00
6.451560791220785074e-01
-2.079906165527894757e+00
-3.168005224345729065e+00
-2.002872603841676646e+00
7.318188360190741593e-01
3.514656251933711228e+00
4.766451629334759410e+00
3.774644522624698517e+00
1.088099058817833864e+00
-1.791030309204576287e+00
-3.254667981242724384e+00
-2.503590754802095919e+00
3.851678084310916628e-02
2.936904539287073845e+00
4.554609334697659051e+00
3.967228426840244015e+00
1.502154452881257374e+00
-1.473266867248925527e+00
-3.302813957296610869e+00
-2.965792124919405914e+00
-6.644144695436331460e-01
2.291748460164995560e+00
4.246475087952785721e+00
4.073149574158794195e+00
1.868063870890794620e+00
-1.145874230082497780e+00
-3.283555566875056453e+00
-3.370218323772052216e+00
-1.367345719930375347e+00
1.598446404989030345e+00
3.842048889100139419e+00
4.092407964580348612e+00
2.195456508057222589e+00
-7.992232024945151725e-01
-3.216151200399615551e+00
-3.726498546570812032e+00
-2.041389384684785924e+00
8.666275689699562967e-01
3.350959933350497355e+00
4.015374402894130945e+00
2.474703169169763850e+00
-4.333137844849781484e-01
-3.081342467448733302e+00
-4.005745207683353293e+00
-2.686545463806864209e+00
1.059211473185502073e-01
2.802095806336192041e+00
3.870936474732471044e+00
2.696174659017641417e+00
-6.740436647544104098e-02
-2.888758563233187360e+00
-4.198329111898899235e+00
-3.273926371664279245e+00
-6.451560791220785074e-01
2.195456508057222589e+00
3.639835789673816269e+00
2.869500172811632943e+00
2.985050515340960109e-01
-2.638399487752977723e+00
-4.313879454428226623e+00
-3.793902913046252934e+00
-1.386604110351929986e+00
1.550300428935143859e+00
3.350959933350497355e+00
2.994679710551737539e+00
6.740436647544103543e-01
-2.330265241008104393e+00
-4.333137844849781040e+00
-4.227216697531231304e+00
-2.089535360738672409e+00
8.762567641807335050e-01
2.994679710551737539e+00
3.062084077027178886e+00
1.039953082763947378e+00
-1.954726627787790161e+00
-4.256104283163562485e+00
-4.564238529908435815e+00
-2.734691439860750695e+00
2.022130994263231230e-01
2.599882706909868890e+00
3.090971662659510510e+00
1.396233305562707194e+00
-1.540671233724366651e+00
-4.073149574158794195e+00
-4.804968410177868243e+00
-3.312443152507388078e+00
-4.525721749065326760e-01
2.166568922424890520e+00
3.071713272237956094e+00
1.742884333150689802e+00
-1.068840668396279447e+00
-3.803532108257030142e+00
-4.920518752707195631e+00
-3.813161303467807350e+00
-1.088099058817833864e+00
1.704367552307580524e+00
3.004308905762514748e+00
2.070276970317117549e+00
-5.681225174358601748e-01
-3.437622690247493118e+00
-4.930147947917973283e+00
-4.207958307109675999e+00
-1.685109161886026108e+00
1.222907791768716113e+00
2.888758563233187360e+00
2.378411217061990879e+00
-2.888758563233187471e-02
-2.985050515340960331e+00
-4.824226800599422660e+00
-4.516092553854549330e+00
-2.233973288900331866e+00
7.414480312298514786e-01
2.744320635071527903e+00
2.648028682963755376e+00
5.199765413819736892e-01
-2.455444778748209433e+00
-4.593126115540767884e+00
-4.708676458070095272e+00
-2.715433049439196278e+00
2.696174659017641639e-01
2.561365926066759613e+00
2.888758563233187360e+00
1.078469863607056656e+00
-1.858434675680017190e+00
-4.265733478374340137e+00
-4.785710019756313827e+00
-3.119859248291842579e+00
-2.022130994263231230e-01
2.339894436218882046e+00
3.090971662659510510e+00
1.627333990621362192e+00
-1.213278596557938682e+00
-3.832419693889362211e+00
-4.756822434123981758e+00
-3.447251885458270326e+00
-6.451560791220785074e-01
2.099164555949449618e+00
3.245038786031947176e+00
2.166568922424890520e+00
-5.199765413819736892e-01
-3.302813957296610869e+00
-4.612384505962322301e+00
-3.697610960938479963e+00
-1.059211473185502017e+00
1.819917894836908134e+00
3.350959933350497355e+00
2.676916268596087001e+00
1.925839042155458314e-01
-2.705803854228419070e+00
-4.362025430482113109e+00
-3.851678084310916628e+00
-1.444379281616593680e+00
1.521412843302812012e+00
3.399105909404383841e+00
3.139117638713396996e+00
9.051443498130653520e-01
-2.041389384684785924e+00
-4.025003598104907709e+00
-3.928711645997134738e+00
-1.791030309204576287e+00
1.203649401347161474e+00
3.379847518982829424e+00
3.543543837566043297e+00
1.608075600199807775e+00
-1.328828939087266292e+00
-3.601319008830706991e+00
-3.919082450786357530e+00
-2.099164555949449618e+00
8.569983737591789774e-01
3.312443152507388078e+00
3.890194865154025905e+00
2.282119264954217908e+00
-5.873809078574148135e-01
-3.100600857870287719e+00
-3.832419693889362211e+00
-2.359152826640436462e+00
5.007181509604191616e-01
3.168005224345729065e+00
4.150183135845012750e+00
2.908016953654742220e+00
1.636963185832139567e-01
-2.542107535645205196e+00
-3.668723375306147894e+00
-2.570995121277536821e+00
1.348087329508820820e-01
2.956162929708628706e+00
4.323508649639004275e+00
3.476139471090602395e+00
9.051443498130653520e-01
-1.935468237366235522e+00
-3.437622690247493118e+00
-2.744320635071527903e+00
-2.407298802694322892e-01
2.686545463806864209e+00
4.410171406535999594e+00
3.967228426840244015e+00
1.617704795410584984e+00
-1.299941353454934445e+00
-3.148746833924174204e+00
-2.869500172811632943e+00
-6.162684934897466604e-01
2.359152826640436462e+00
4.390913016114445178e+00
4.362025430482113109e+00
2.291748460164995560e+00
-6.547852743328558267e-01
-2.802095806336192041e+00
-2.946533734497851054e+00
-1.001436301920838323e+00
1.964355822998567369e+00
4.275362673585117790e+00
4.660530482016208786e+00
2.898387758443964568e+00
-0.000000000000000000e+00
-2.416927997905100156e+00
-2.985050515340960331e+00
-1.376974915141152778e+00
1.511783648092034804e+00
4.063520378948017431e+00
4.853114386231754729e+00
3.437622690247493118e+00
6.258976887005239798e-01
-2.002872603841676646e+00
-2.975421320130183123e+00
-1.733255137939912593e+00
1.020694692342392962e+00
3.755386132203143656e+00
4.930147947917973283e+00
3.890194865154025905e+00
1.222907791768716113e+00
-1.569558819356698498e+00
-2.927275344076296637e+00
-2.079906165527894757e+00
4.910889557496418423e-01
3.350959933350497355e+00
4.882001971864086798e+00
4.246475087952785721e+00
1.781401113993798857e+00
-1.126615839660943141e+00
-2.840612587179300874e+00
-2.407298802694322948e+00
-6.740436647544104098e-02
2.859870977600855735e+00
4.727934848491650577e+00
4.496834163432994913e+00
2.282119264954217908e+00
-6.740436647544103543e-01
-2.705803854228419070e+00
-2.696174659017641417e+00
-6.451560791220785074e-01
2.291748460164995560e+00
4.458317382589886080e+00
4.641272091594654370e+00
2.715433049439196278e+00
-2.214714898478777061e-01
-2.542107535645205196e+00
-2.956162929708628706e+00
-1.222907791768716113e+00
1.665850771464471469e+00
4.082778769369571847e+00
4.670159677226986439e+00
3.081342467448733302e+00
2.118422946371004145e-01
-2.349523631429659254e+00
-3.168005224345729065e+00
-1.791030309204576287e+00
9.918071067100610039e-01
3.620577399252261408e+00
4.593126115540767884e+00
3.370218323772052216e+00
6.258976887005239798e-01
-2.118422946371004034e+00
-3.331701542928942938e+00
-2.330265241008104393e+00
2.888758563233187471e-01
3.062084077027178886e+00
4.419800601746777247e+00
3.582060618409152575e+00
1.011065497131615532e+00
-1.858434675680017190e+00
-3.437622690247493118e+00
-2.840612587179300874e+00
-4.333137844849781484e-01
2.436186388326654573e+00
4.140553940634235097e+00
3.707240156149257171e+00
1.367345719930375347e+00
-1.569558819356698498e+00
-3.485768666301379604e+00
-3.302813957296610869e+00
-1.145874230082497780e+00
1.762142723572244440e+00
3.774644522624698517e+00
3.755386132203143656e+00
1.694738357096803316e+00
-1.261424572611825168e+00
-3.466510275879825187e+00
-3.697610960938479963e+00
-1.848805480469239981e+00
1.049582277974724809e+00
3.331701542928942938e+00
3.726498546570812032e+00
1.983614213420122008e+00
-9.244027402346199906e-01
-3.379847518982829424e+00
-4.025003598104907709e+00
-2.503590754802095919e+00
3.081342467448733302e-01
2.830983391968523666e+00
3.620577399252261408e+00
2.233973288900331866e+00
-5.681225174358601748e-01
-3.225780395610392759e+00
-4.265733478374340137e+00
-3.110230053081065371e+00
-4.236845892742008290e-01
2.272490069743440699e+00
3.456881080669047535e+00
2.445815583537432225e+00
-1.925839042155458314e-01
-3.004308905762514748e+00
-4.410171406535999594e+00
-3.649464984884593477e+00
-1.145874230082497780e+00
1.675479966675248678e+00
3.225780395610392759e+00
2.619141097331423307e+00
1.829547090047685398e-01
-2.715433049439196278e+00
-4.467946577800663732e+00
-4.102037159791126264e+00
-1.829547090047685343e+00
1.059211473185502017e+00
2.936904539287073845e+00
2.744320635071527903e+00
5.777517126466374942e-01
-2.359152826640436462e+00
-4.419800601746777247e+00
-4.458317382589886080e+00
-2.465073973958986642e+00
4.333137844849781484e-01
2.609511902120646099e+00
2.830983391968523666e+00
9.725487162885064762e-01
-1.935468237366235522e+00
-4.265733478374340137e+00
-4.708676458070095272e+00
-3.033196491394846817e+00
-1.733255137939912482e-01
2.253231679321886283e+00
2.879129368022410151e+00
1.357716524719598139e+00
-1.463637672038148319e+00
-4.005745207683353293e+00
-4.853114386231754729e+00
-3.524285447144488881e+00
-7.703356168621833255e-01
1.858434675680017190e+00
2.888758563233187360e+00
1.742884333150689802e+00
-9.436611306561746293e-01
-3.659094180095370685e+00
-4.882001971864086798e+00
-3.919082450786357530e+00
-1.328828939087266292e+00
1.454008476827371110e+00
2.859870977600855735e+00
2.099164555949449618e+00
-3.947970036418689821e-01
-3.216151200399615551e+00
-4.785710019756313827e+00
-4.227216697531231304e+00
-1.839176285258462773e+00
1.039953082763947378e+00
2.792466611125414389e+00
2.436186388326654573e+00
1.925839042155458314e-01
-2.696174659017641417e+00
-4.583496920329991120e+00
-4.429429796957554011e+00
-2.291748460164995560e+00
6.162684934897466604e-01
2.686545463806864209e+00
2.744320635071527903e+00
7.799648120729606449e-01
-2.099164555949449618e+00
-4.275362673585117790e+00
-4.516092553854549330e+00
-2.686545463806864209e+00
2.022130994263231230e-01
2.542107535645205196e+00
3.013938100973292400e+00
1.376974915141152778e+00
-1.454008476827371110e+00
-3.870936474732471044e+00
-4.506463358643772565e+00
-3.004308905762514748e+00
-1.925839042155458314e-01
2.359152826640436462e+00
3.235409590821169967e+00
1.945097432577012952e+00
-7.607064216514060062e-01
-3.370218323772052216e+00
-4.390913016114445178e+00
-3.254667981242724384e+00
-5.777517126466374942e-01
2.147310532003336103e+00
3.399105909404383841e+00
2.493961559591318711e+00
-4.814597605388645785e-02
-2.792466611125414389e+00
-4.188699916688121583e+00
-3.427993495036715910e+00
-9.436611306561746293e-01
1.896951456523126467e+00
3.514656251933711228e+00
3.004308905762514748e+00
6.740436647544103543e-01
-2.156939727214113312e+00
-3.880565669943248697e+00
-3.533914642355266089e+00
-1.280682963033379806e+00
1.617704795410584984e+00
3.553173032776820506e+00
3.456881080669047535e+00
1.386604110351929986e+00
-1.473266867248925527e+00
-3.505027056722934020e+00
-3.553173032776820506e+00
-1.588817209778253137e+00
1.319199743876488862e+00
3.533914642355266089e+00
3.832419693889362211e+00
2.070276970317117549e+00
-7.607064216514060062e-01
-3.052454881816401233e+00
-3.505027056722934020e+00
-1.858434675680017190e+00
9.821779114992836845e-01
3.437622690247493118e+00
4.130924745423458333e+00
2.705803854228419070e+00
-3.851678084310916628e-02
-2.551736730855982405e+00
-3.399105909404383841e+00
-2.099164555949449618e+00
6.258976887005239798e-01
3.264297176453502036e+00
4.352396235271335456e+00
3.283555566875056453e+00
6.740436647544103543e-01
-2.002872603841676646e+00
-3.225780395610392759e+00
-2.311006850586549977e+00
2.503590754802095808e-01
3.023567296184069608e+00
4.467946577800663732e+00
3.784273717835475725e+00
1.357716524719598139e+00
-1.425120891195039263e+00
-3.004308905762514748e+00
-2.484332364380541058e+00
-1.444379281616593735e-01
2.705803854228419070e+00
4.477575773011440496e+00
4.188699916688121583e+00
2.012501799052453855e+00
-8.377399833376243388e-01
-2.734691439860750695e+00
-2.619141097331423307e+00
-5.488641270143056472e-01
2.320636045797327185e+00
4.390913016114445178e+00
4.506463358643772565e+00
2.599882706909868890e+00
-2.407298802694322892e-01
-2.426557193115877364e+00
-2.715433049439196278e+00
-9.532903258669518376e-01
1.877693066101571828e+00
4.198329111898899235e+00
4.708676458070095272e+00
3.119859248291842579e+00
3.273926371664279134e-01
-2.089535360738672409e+00
-2.782837415914637180e+00
-1.357716524719598139e+00
1.386604110351929986e+00
3.909453255575580322e+00
4.795339214967091479e+00
3.553173032776820506e+00
8.762567641807335050e-01
-1.733255137939912593e+00
-2.811725001546969249e+00
-1.752513528361467010e+00
8.473691785484016581e-01
3.524285447144488881e+00
4.776080824545536174e+00
3.909453255575580322e+00
1.396233305562707194e+00
-1.357716524719598139e+00
-2.792466611125414389e+00
-2.128052141581781243e+00
2.696174659017641639e-01
3.042825686605624025e+00
4.641272091594654370e+00
4.159812331055789514e+00
1.858434675680017190e+00
-9.725487162885064762e-01
-2.744320635071527903e+00
-2.484332364380541058e+00
-3.273926371664279134e-01
2.493961559591318711e+00
4.400542211325221942e+00
4.304250259217448971e+00
2.262860874532663491e+00
-5.873809078574148135e-01
-2.657657878174532584e+00
-2.802095806336192041e+00
-9.340319354453973100e-01
1.877693066101571828e+00
4.053891183737239778e+00
4.352396235271335456e+00
2.609511902120646099e+00
-2.118422946371004145e-01
-2.532478340434427544e+00
-3.071713272237956094e+00
-1.531042038513589443e+00
1.213278596557938682e+00
3.610948204041484200e+00
4.304250259217448971e+00
2.898387758443964568e+00
1.636963185832139567e-01
-2.378411217061990879e+00
-3.302813957296610869e+00
-2.108793751160226826e+00
5.103473461711964809e-01
3.090971662659510510e+00
4.159812331055789514e+00
3.110230053081065371e+00
5.199765413819736892e-01
-2.176198117635667728e+00
-3.466510275879825187e+00
-2.657657878174532584e+00
-2.022130994263231230e-01
2.503590754802095919e+00
3.919082450786357530e+00
3.254667981242724384e+00
8.569983737591789774e-01
-1.935468237366235522e+00
-3.572431423198375366e+00
-3.148746833924174204e+00
-9.147735450238426713e-01
1.858434675680017190e+00
3.601319008830706991e+00
3.322072347718165730e+00
1.165132620504052197e+00
-1.665850771464471469e+00
-3.610948204041484200e+00
-3.582060618409152575e+00
-1.608075600199807775e+00
1.174761815714829627e+00
3.216151200399615551e+00
3.331701542928942938e+00
1.463637672038148319e+00
-1.367345719930375347e+00
-3.572431423198375366e+00
-3.938340841207912391e+00
-2.272490069743440699e+00
4.814597605388645785e-01
2.763579025493082764e+00
3.273926371664279245e+00
1.723625942729135163e+00
-1.030323887553170170e+00
-3.466510275879825187e+00
-4.217587502320453652e+00
-2.879129368022410151e+00
-2.118422946371004145e-01
2.262860874532663491e+00
3.168005224345729065e+00
1.964355822998567369e+00
-6.740436647544103543e-01
-3.273926371664279245e+00
-4.390913016114445178e+00
-3.418364299825938701e+00
-8.955151546022881437e-01
1.733255137939912593e+00
3.004308905762514748e+00
2.176198117635667728e+00
-2.888758563233187471e-01
-3.004308905762514748e+00
-4.477575773011440496e+00
-3.870936474732471044e+00
-1.550300428935143859e+00
1.184391010925606835e+00
2.792466611125414389e+00
2.349523631429659254e+00
1.155503425293274988e-01
-2.667287073385309792e+00
-4.458317382589886080e+00
-4.236845892742008068e+00
-2.147310532003336103e+00
6.258976887005239798e-01
2.532478340434427544e+00
2.503590754802095919e+00
5.296057365927510086e-01
-2.262860874532663491e+00
-4.323508649639004275e+00
-4.496834163432994913e+00
-2.696174659017641417e+00
7.703356168621833255e-02
2.253231679321886283e+00
2.609511902120646099e+00
9.532903258669518376e-01
-1.800659504415353496e+00
-4.092407964580348612e+00
-4.650901286805432022e+00
-3.158376029134951857e+00
-4.525721749065326760e-01
1.945097432577012952e+00
2.696174659017641417e+00
1.367345719930375347e+00
-1.280682963033379806e+00
-3.765015327413920865e+00
-4.699047262859318508e+00
-3.543543837566043297e+00
-9.532903258669518376e-01
1.617704795410584984e+00
2.734691439860750695e+00
1.781401113993798857e+00
-7.221896408082968399e-01
-3.341330738139720147e+00
-4.631642896383877606e+00
-3.842048889100139419e+00
-1.425120891195039263e+00
1.271053767822602598e+00
2.744320635071527903e+00
2.166568922424890520e+00
-1.251795377401047904e-01
-2.840612587179300874e+00
-4.448688187379108427e+00
-4.044261988526462126e+00
-1.839176285258462773e+00
9.244027402346199906e-01
2.715433049439196278e+00
2.522849145223650336e+00
4.814597605388645785e-01
-2.262860874532663491e+00
-4.169441526266567166e+00
-4.140553940634235097e+00
-2.205085703267999797e+00
5.777517126466374942e-01
2.648028682963755376e+00
2.850241782390078527e+00
1.097728254028611294e+00
-1.636963185832139622e+00
-3.784273717835475725e+00
-4.150183135845012750e+00
-2.503590754802095919e+00
2.311006850586549977e-01
2.542107535645205196e+00
3.129488443502619788e+00
1.694738357096803316e+00
-9.629195210777291569e-01
-3.322072347718165730e+00
-4.063520378948017431e+00
-2.753949830282305555e+00
-1.059211473185502073e-01
2.388040412272768087e+00
3.360589128561274563e+00
2.262860874532663491e+00
-2.599882706909868446e-01
-2.782837415914637180e+00
-3.890194865154025905e+00
-2.927275344076296637e+00
-4.333137844849781484e-01
2.205085703267999797e+00
3.524285447144488881e+00
2.802095806336192041e+00
4.525721749065326760e-01
-2.195456508057222589e+00
-3.630206594463039060e+00
-3.042825686605624025e+00
-7.510772264406286869e-01
1.973985018209344799e+00
3.620577399252261408e+00
3.273926371664279245e+00
1.145874230082497780e+00
-1.550300428935143859e+00
-3.302813957296610869e+00
-3.100600857870287719e+00
-1.049582277974724809e+00
1.704367552307580524e+00
3.649464984884593477e+00
3.687981765727702754e+00
1.819917894836908134e+00
-8.858859593915108244e-01
-2.908016953654742220e+00
-3.100600857870287719e+00
-1.328828939087266292e+00
1.405862500773484625e+00
3.591689813619929783e+00
4.015374402894130945e+00
2.445815583537432225e+00
-2.118422946371004145e-01
-2.465073973958986642e+00
-3.033196491394846817e+00
-1.588817209778253137e+00
1.068840668396279447e+00
3.466510275879825187e+00
4.256104283163562485e+00
3.013938100973292400e+00
4.525721749065326760e-01
-1.983614213420122008e+00
-2.927275344076296637e+00
-1.829547090047685343e+00
7.029312503867423123e-01
3.254667981242724384e+00
4.400542211325221942e+00
3.514656251933711228e+00
1.097728254028611294e+00
-1.482896062459702957e+00
-2.773208220703859972e+00
-2.041389384684785924e+00
3.081342467448733302e-01
2.965792124919405914e+00
4.439058992168331663e+00
3.919082450786357530e+00
1.704367552307580524e+00
-9.629195210777291569e-01
-2.580624316488314030e+00
-2.224344093689554214e+00
-1.059211473185502073e-01
2.599882706909868890e+00
4.381283820903667525e+00
4.236845892742008068e+00
2.253231679321886283e+00
-4.429429796957554122e-01
-2.349523631429659254e+00
-2.388040412272768087e+00
-5.296057365927510086e-01
2.176198117635667728e+00
4.217587502320453652e+00
4.448688187379108427e+00
2.744320635071527903e+00
5.777517126466374942e-02
-2.089535360738672409e+00
-2.513219950012873127e+00
-9.629195210777291569e-01
1.685109161886026108e+00
3.947970036418689599e+00
4.554609334697659051e+00
3.158376029134951857e+00
5.488641270143056472e-01
-1.819917894836908134e+00
-2.609511902120646099e+00
-1.396233305562707194e+00
1.145874230082497780e+00
3.582060618409152575e+00
4.544980139486881399e+00
3.485768666301379604e+00
1.001436301920838323e+00
-1.521412843302812012e+00
-2.667287073385309792e+00
-1.810288699626130704e+00
5.681225174358601748e-01
3.129488443502619788e+00
4.429429796957554011e+00
3.726498546570812032e+00
1.415491695984261833e+00
-1.213278596557938682e+00
-2.696174659017641417e+00
-2.205085703267999797e+00
-2.888758563233187471e-02
2.599882706909868890e+00
4.207958307109675999e+00
3.880565669943248697e+00
1.791030309204576287e+00
-9.051443498130653520e-01
-2.686545463806864209e+00
-2.580624316488314030e+00
-6.451560791220785074e-01
2.012501799052453855e+00
3.899824060364803113e+00
3.938340841207912391e+00
2.108793751160226826e+00
-5.873809078574148135e-01
-2.628770292542200515e+00
-2.908016953654742220e+00
-1.261424572611825168e+00
1.367345719930375347e+00
3.495397861512156812e+00
3.909453255575580322e+00
2.368782021851213671e+00
-2.696174659017641639e-01
-2.542107535645205196e+00
-3.187263614767283482e+00
-1.848805480469239981e+00
6.933020551759649930e-01
3.013938100973292400e+00
3.784273717835475725e+00
2.580624316488314030e+00
3.851678084310916628e-02
-2.407298802694322948e+00
-3.408735104615161049e+00
-2.416927997905100156e+00
0.000000000000000000e+00
2.465073973958986642e+00
3.591689813619929783e+00
2.725062244649973486e+00
3.466510275879824965e-01
-2.224344093689554214e+00
-3.562802227987597714e+00
-2.927275344076296637e+00
-6.933020551759649930e-01
1.877693066101571828e+00
3.322072347718165730e+00
2.821354196757746458e+00
6.451560791220785074e-01
-2.002872603841676646e+00
-3.649464984884593477e+00
-3.379847518982829424e+00
-1.367345719930375347e+00
1.251795377401047960e+00
2.985050515340960331e+00
2.859870977600855735e+00
9.244027402346199906e-01
-1.742884333150689802e+00
-3.659094180095370685e+00
-3.765015327413920865e+00
-2.012501799052453855e+00
6.066392982789693411e-01
2.599882706909868890e+00
2.850241782390078527e+00
1.203649401347161474e+00
-1.434750086405816472e+00
-3.582060618409152575e+00
-4.053891183737239778e+00
-2.599882706909868890e+00
-3.851678084310916628e-02
2.176198117635667728e+00
2.792466611125414389e+00
1.454008476827371110e+00
-1.088099058817833864e+00
-3.427993495036715910e+00
-4.256104283163562485e+00
-3.119859248291842579e+00
-6.644144695436331460e-01
1.723625942729135163e+00
2.686545463806864209e+00
1.694738357096803316e+00
-7.221896408082968399e-01
-3.196892809978060690e+00
-4.362025430482113109e+00
-3.572431423198375366e+00
-1.261424572611825168e+00
1.242166182190270529e+00
2.551736730855982405e+00
1.906580651733903675e+00
-3.177634419556506495e-01
-2.888758563233187360e+00
-4.362025430482113109e+00
-3.928711645997134738e+00
-1.819917894836908134e+00
7.607064216514060062e-01
2.378411217061990879e+00
2.108793751160226826e+00
1.059211473185502073e-01
-2.503590754802095919e+00
-4.265733478374340137e+00
-4.188699916688121583e+00
-2.320636045797327185e+00
2.888758563233187471e-01
2.176198117635667728e+00
2.282119264954217908e+00
5.392349318035283279e-01
-2.051018579895563132e+00
-4.063520378948017431e+00
-4.342767040060558692e+00
-2.753949830282305555e+00
-1.733255137939912482e-01
1.945097432577012952e+00
2.426557193115877364e+00
9.821779114992836845e-01
-1.550300428935143859e+00
-3.755386132203143656e+00
-4.400542211325221942e+00
-3.110230053081065371e+00
-6.066392982789693411e-01
1.704367552307580524e+00
2.532478340434427544e+00
1.425120891195039263e+00
-9.918071067100610039e-01
-3.360589128561274563e+00
-4.342767040060558692e+00
-3.379847518982829424e+00
-1.011065497131615532e+00
1.444379281616593680e+00
2.619141097331423307e+00
1.848805480469239981e+00
-4.044261988526462459e-01
-2.888758563233187360e+00
-4.188699916688121583e+00
-3.572431423198375366e+00
-1.376974915141152778e+00
1.174761815714829627e+00
2.657657878174532584e+00
2.253231679321886283e+00
2.022130994263231230e-01
-2.339894436218882046e+00
-3.928711645997134738e+00
-3.678352570516925546e+00
-1.704367552307580524e+00
8.955151546022881437e-01
2.657657878174532584e+00
2.628770292542200515e+00
8.184815929160698111e-01
-1.733255137939912593e+00
-3.591689813619929783e+00
-3.697610960938479963e+00
-1.973985018209344799e+00
6.066392982789693411e-01
2.619141097331423307e+00
2.946533734497851054e+00
1.425120891195039263e+00
-1.097728254028611294e+00
-3.168005224345729065e+00
-3.630206594463039060e+00
-2.205085703267999797e+00
3.177634419556506495e-01
2.542107535645205196e+00
3.225780395610392759e+00
2.002872603841676646e+00
-4.236845892742008290e-01
-2.676916268596087001e+00
-3.485768666301379604e+00
-2.378411217061990879e+00
3.851678084310916628e-02
2.416927997905100156e+00
3.437622690247493118e+00
2.542107535645205196e+00
2.503590754802095808e-01
-2.137681336792558895e+00
-3.273926371664279245e+00
-2.503590754802095919e+00
-2.503590754802095808e-01
2.243602484111109074e+00
3.582060618409152575e+00
3.033196491394846817e+00
9.244027402346199906e-01
-1.559929624145921290e+00
-2.994679710551737539e+00
-2.580624316488314030e+00
-5.296057365927510086e-01
2.022130994263231063e+00
3.649464984884593477e+00
3.456881080669047535e+00
1.569558819356698498e+00
-9.532903258669518376e-01
-2.667287073385309792e+00
-2.609511902120646099e+00
-7.992232024945151725e-01
1.752513528361467010e+00
3.639835789673816269e+00
3.803532108257030142e+00
2.166568922424890520e+00
-3.370218323772051772e-01
-2.291748460164995560e+00
-2.599882706909868890e+00
-1.068840668396279447e+00
1.444379281616593680e+00
3.543543837566043297e+00
4.063520378948017431e+00
2.715433049439196278e+00
2.696174659017641639e-01
-1.887322261312349259e+00
-2.542107535645205196e+00
-1.319199743876488862e+00
1.097728254028611294e+00
3.370218323772052216e+00
4.217587502320453652e+00
3.187263614767283482e+00
8.473691785484016581e-01
-1.463637672038148319e+00
-2.455444778748209433e+00
-1.569558819356698498e+00
7.221896408082968399e-01
3.110230053081065371e+00
4.284991868795894554e+00
3.582060618409152575e+00
1.396233305562707194e+00
-1.030323887553170170e+00
-2.339894436218882046e+00
-1.791030309204576287e+00
3.081342467448733302e-01
2.782837415914637180e+00
4.246475087952785721e+00
3.880565669943248697e+00
1.896951456523126467e+00
-5.873809078574148135e-01
-2.185827312846445381e+00
-1.993243408630899438e+00
-1.251795377401047904e-01
2.378411217061990879e+00
4.102037159791126264e+00
4.092407964580348612e+00
2.339894436218882046e+00
-1.636963185832139567e-01
-2.012501799052453855e+00
-2.185827312846445381e+00
-5.681225174358601748e-01
1.906580651733903675e+00
3.861307279521693836e+00
4.188699916688121583e+00
2.715433049439196278e+00
2.503590754802095808e-01
-1.819917894836908134e+00
-2.339894436218882046e+00
-1.020694692342392962e+00
1.386604110351929986e+00
3.524285447144488881e+00
4.198329111898899235e+00
3.013938100973292400e+00
6.355268839113012991e-01
-1.608075600199807775e+00
-2.465073973958986642e+00
-1.473266867248925527e+00
8.184815929160698111e-01
3.110230053081065371e+00
4.102037159791126264e+00
3.235409590821169967e+00
9.918071067100610039e-01
-1.386604110351929986e+00
-2.561365926066759613e+00
-1.896951456523126467e+00
2.311006850586549977e-01
2.609511902120646099e+00
3.909453255575580322e+00
3.370218323772052216e+00
1.309570548665711653e+00
-1.145874230082497780e+00
-2.619141097331423307e+00
-2.301377655375772768e+00
-3.851678084310916628e-01
2.051018579895563132e+00
3.620577399252261408e+00
3.437622690247493118e+00
1.588817209778253137e+00
-9.051443498130653520e-01
-2.638399487752977723e+00
-2.667287073385309792e+00
-9.918071067100610039e-01
1.444379281616593680e+00
3.264297176453502036e+00
3.418364299825938701e+00
1.819917894836908134e+00
-6.451560791220785074e-01
-2.609511902120646099e+00
-2.985050515340960331e+00
-1.579188014567475928e+00
8.088523977052924918e-01
2.830983391968523666e+00
3.322072347718165730e+00
2.012501799052453855e+00
-3.851678084310916628e-01
-2.542107535645205196e+00
-3.254667981242724384e+00
-2.137681336792558895e+00
1.540671233724366651e-01
2.339894436218882046e+00
3.168005224345729065e+00
2.156939727214113312e+00
-1.251795377401047904e-01
-2.416927997905100156e+00
-3.447251885458270326e+00
-2.657657878174532584e+00
-5.007181509604191616e-01
1.800659504415353496e+00
2.946533734497851054e+00
2.272490069743440699e+00
1.444379281616593735e-01
-2.243602484111109074e+00
-3.582060618409152575e+00
-3.119859248291842579e+00
-1.136245034871720350e+00
1.242166182190270529e+00
2.667287073385309792e+00
2.330265241008104393e+00
4.140553940634235097e-01
-2.022130994263231063e+00
-3.630206594463039060e+00
-3.505027056722934020e+00
-1.733255137939912593e+00
6.644144695436331460e-01
2.349523631429659254e+00
2.359152826640436462e+00
6.836728599651876737e-01
-1.752513528361467010e+00
-3.591689813619929783e+00
-3.803532108257030142e+00
-2.291748460164995560e+00
9.629195210777291569e-02
2.002872603841676646e+00
2.349523631429659254e+00
9.436611306561746293e-01
-1.444379281616593680e+00
-3.476139471090602395e+00
-4.025003598104907709e+00
-2.782837415914637180e+00
-4.718305653280873146e-01
1.627333990621362192e+00
2.311006850586549977e+00
1.194020206136384044e+00
-1.088099058817833864e+00
-3.273926371664279245e+00
-4.140553940634235097e+00
-3.206522005188837898e+00
-1.001436301920838323e+00
1.232536986979493321e+00
2.233973288900331866e+00
1.444379281616593680e+00
-7.029312503867423123e-01
-2.994679710551737539e+00
-4.159812331055789514e+00
-3.543543837566043297e+00
-1.492525257670480165e+00
8.377399833376243388e-01
2.137681336792558895e+00
1.685109161886026108e+00
-2.792466611125414833e-01
-2.638399487752977723e+00
-4.082778769369571847e+00
-3.793902913046252934e+00
-1.935468237366235522e+00
4.429429796957554122e-01
2.012501799052453855e+00
1.896951456523126467e+00
1.636963185832139567e-01
-2.214714898478777005e+00
-3.899824060364803113e+00
-3.938340841207912391e+00
-2.320636045797327185e+00
6.740436647544104098e-02
1.877693066101571828e+00
2.099164555949449618e+00
6.162684934897466604e-01
-1.733255137939912593e+00
-3.620577399252261408e+00
-3.996116012472576084e+00
-2.628770292542200515e+00
-2.888758563233187471e-01
1.713996747518357955e+00
2.272490069743440699e+00
1.068840668396279447e+00
-1.203649401347161474e+00
-3.264297176453502036e+00
-3.947970036418689599e+00
-2.879129368022410151e+00
-6.258976887005239798e-01
1.540671233724366651e+00
2.416927997905100156e+00
1.521412843302812012e+00
-6.258976887005239798e-01
-2.821354196757746458e+00
-3.813161303467807350e+00
-3.042825686605624025e+00
-9.340319354453973100e-01
1.348087329508820709e+00
2.522849145223650336e+00
1.954726627787790161e+00
-3.851678084310916628e-02
-2.311006850586549977e+00
-3.591689813619929783e+00
-3.139117638713396996e+00
-1.203649401347161474e+00
1.136245034871720350e+00
2.590253511699091238e+00
2.349523631429659254e+00
5.584933222250829665e-01
-1.752513528361467010e+00
-3.283555566875056453e+00
-3.158376029134951857e+00
-1.444379281616593680e+00
9.244027402346199906e-01
2.619141097331423307e+00
2.705803854228419070e+00
1.155503425293274988e+00
-1.155503425293274988e+00
-2.908016953654742220e+00
-3.110230053081065371e+00
-1.646592381042916831e+00
6.933020551759649930e-01
2.599882706909868890e+00
3.013938100973292400e+00
1.733255137939912593e+00
-5.296057365927510086e-01
-2.474703169169763850e+00
-3.004308905762514748e+00
-1.800659504415353496e+00
4.622013701173099953e-01
2.532478340434427544e+00
3.264297176453502036e+00
2.262860874532663491e+00
1.059211473185502073e-01
-1.993243408630899438e+00
-2.830983391968523666e+00
-1.935468237366235522e+00
2.118422946371004145e-01
2.407298802694322948e+00
3.447251885458270326e+00
2.744320635071527903e+00
7.221896408082968399e-01
-1.473266867248925527e+00
-2.609511902120646099e+00
-2.022130994263231063e+00
-3.851678084310916628e-02
2.233973288900331866e+00
3.553173032776820506e+00
3.168005224345729065e+00
1.319199743876488862e+00
-9.436611306561746293e-01
-2.339894436218882046e+00
-2.079906165527894757e+00
-2.985050515340960109e-01
2.012501799052453855e+00
3.572431423198375366e+00
3.514656251933711228e+00
1.877693066101571828e+00
-4.044261988526462459e-01
-2.041389384684785924e+00
-2.108793751160226826e+00
-5.584933222250829665e-01
1.742884333150689802e+00
3.514656251933711228e+00
3.774644522624698517e+00
2.378411217061990879e+00
1.251795377401047904e-01
-1.713996747518357955e+00
-2.108793751160226826e+00
-8.281107881268470194e-01
1.425120891195039263e+00
3.370218323772052216e+00
3.947970036418689599e+00
2.821354196757746458e+00
6.355268839113012991e-01
-1.376974915141152778e+00
-2.079906165527894757e+00
-1.088099058817833864e+00
1.059211473185502017e+00
3.148746833924174204e+00
4.015374402894130945e+00
3.187263614767283482e+00
1.116986644450165933e+00
-1.020694692342392962e+00
-2.031760189474008715e+00
-1.338458134298043500e+00
6.644144695436331460e-01
2.850241782390078527e+00
3.996116012472576084e+00
3.466510275879825187e+00
1.550300428935143859e+00
-6.740436647544103543e-01
-1.954726627787790161e+00
-1.579188014567475928e+00
2.311006850586549977e-01
2.474703169169763850e+00
3.870936474732471044e+00
3.649464984884593477e+00
1.925839042155458314e+00
-3.273926371664279134e-01
-1.868063870890794620e+00
-1.810288699626130704e+00
-2.118422946371004145e-01
2.031760189474008715e+00
3.659094180095370685e+00
3.745756936992366448e+00
2.253231679321886283e+00
-0.000000000000000000e+00
-1.752513528361467010e+00
-2.022130994263231063e+00
-6.740436647544103543e-01
1.531042038513589443e+00
3.350959933350497355e+00
3.755386132203143656e+00
2.503590754802095919e+00
3.081342467448733302e-01
-1.627333990621362192e+00
-2.205085703267999797e+00
-1.126615839660943141e+00
9.918071067100610039e-01
2.965792124919405914e+00
3.668723375306147894e+00
2.696174659017641417e+00
5.873809078574148135e-01
-1.482896062459702957e+00
-2.359152826640436462e+00
-1.579188014567475928e+00
4.236845892742008290e-01
2.513219950012873127e+00
3.495397861512156812e+00
2.821354196757746458e+00
8.473691785484016581e-01
-1.319199743876488862e+00
-2.484332364380541058e+00
-2.002872603841676646e+00
-1.540671233724366651e-01
2.002872603841676646e+00
3.245038786031947176e+00
2.879129368022410151e+00
1.078469863607056656e+00
-1.145874230082497780e+00
-2.561365926066759613e+00
-2.388040412272768087e+00
-7.414480312298514786e-01
1.444379281616593680e+00
2.927275344076296637e+00
2.859870977600855735e+00
1.280682963033379806e+00
-9.532903258669518376e-01
-2.599882706909868890e+00
-2.734691439860750695e+00
-1.319199743876488862e+00
8.569983737591789774e-01
2.542107535645205196e+00
2.792466611125414389e+00
1.444379281616593680e+00
-7.510772264406286869e-01
-2.580624316488314030e+00
-3.033196491394846817e+00
-1.858434675680017190e+00
2.503590754802095808e-01
2.118422946371004034e+00
2.667287073385309792e+00
1.588817209778253137e+00
-5.296057365927510086e-01
-2.513219950012873127e+00
-3.254667981242724384e+00
-2.359152826640436462e+00
-3.466510275879824965e-01
1.646592381042916831e+00
2.493961559591318711e+00
1.694738357096803316e+00
-2.985050515340960109e-01
-2.388040412272768087e+00
-3.418364299825938701e+00
-2.811725001546969249e+00
-9.340319354453973100e-01
1.155503425293274988e+00
2.272490069743440699e+00
1.781401113993798857e+00
-5.777517126466374942e-02
-2.214714898478777005e+00
-3.495397861512156812e+00
-3.187263614767283482e+00
-1.482896062459702957e+00
6.547852743328558267e-01
2.022130994263231063e+00
1.829547090047685343e+00
1.925839042155458314e-01
-1.983614213420122008e+00
-3.495397861512156812e+00
-3.485768666301379604e+00
-1.983614213420122008e+00
1.636963185832139567e-01
1.742884333150689802e+00
1.868063870890794620e+00
4.525721749065326760e-01
-1.704367552307580524e+00
-3.408735104615161049e+00
-3.707240156149257171e+00
-2.436186388326654573e+00
-3.177634419556506495e-01
1.454008476827371110e+00
1.877693066101571828e+00
7.221896408082968399e-01
-1.376974915141152778e+00
-3.235409590821169967e+00
-3.822790498678584559e+00
-2.811725001546969249e+00
-7.703356168621833255e-01
1.145874230082497780e+00
1.868063870890794620e+00
9.821779114992836845e-01
-1.011065497131615532e+00
-2.994679710551737539e+00
-3.851678084310916628e+00
-3.119859248291842579e+00
-1.194020206136384044e+00
8.377399833376243388e-01
1.839176285258462773e+00
1.242166182190270529e+00
-6.066392982789693411e-01
-2.667287073385309792e+00
-3.784273717835475725e+00
-3.331701542928942938e+00
-1.559929624145921290e+00
5.392349318035283279e-01
1.791030309204576287e+00
1.502154452881257374e+00
-1.733255137939912482e-01
-2.272490069743440699e+00
-3.630206594463039060e+00
-3.466510275879825187e+00
-1.877693066101571828e+00
2.503590754802095808e-01
1.733255137939912593e+00
1.742884333150689802e+00
2.792466611125414833e-01
-1.819917894836908134e+00
-3.379847518982829424e+00
-3.514656251933711228e+00
-2.147310532003336103e+00
-2.888758563233187471e-02
1.646592381042916831e+00
1.964355822998567369e+00
7.414480312298514786e-01
-1.319199743876488862e+00
-3.052454881816401233e+00
-3.476139471090602395e+00
-2.349523631429659254e+00
-2.888758563233187471e-01
1.550300428935143859e+00
2.156939727214113312e+00
1.194020206136384044e+00
-7.799648120729606449e-01
-2.648028682963755376e+00
-3.350959933350497355e+00
-2.484332364380541058e+00
-5.296057365927510086e-01
1.434750086405816472e+00
2.320636045797327185e+00
1.636963185832139622e+00
-2.214714898478777061e-01
-2.185827312846445381e+00
-3.158376029134951857e+00
-2.561365926066759613e+00
-7.414480312298514786e-01
1.309570548665711653e+00
2.445815583537432225e+00
2.051018579895563132e+00
3.562802227987598158e-01
-1.675479966675248678e+00
-2.888758563233187360e+00
-2.580624316488314030e+00
-9.340319354453973100e-01
1.155503425293274988e+00
2.532478340434427544e+00
2.426557193115877364e+00
9.147735450238426713e-01
-1.126615839660943141e+00
-2.551736730855982405e+00
-2.551736730855982405e+00
-1.097728254028611294e+00
9.918071067100610039e-01
2.570995121277536821e+00
2.753949830282305555e+00
1.463637672038148319e+00
-5.584933222250829665e-01
-2.176198117635667728e+00
-2.455444778748209433e+00
-1.242166182190270529e+00
8.088523977052924918e-01
2.551736730855982405e+00
3.023567296184069608e+00
1.973985018209344799e+00
9.629195210777291569e-03
-1.762142723572244440e+00
-2.320636045797327185e+00
-1.357716524719598139e+00
6.066392982789693411e-01
2.484332364380541058e+00
3.225780395610392759e+00
2.436186388326654573e+00
5.681225174358601748e-01
-1.319199743876488862e+00
-2.147310532003336103e+00
-1.454008476827371110e+00
3.851678084310916628e-01
2.359152826640436462e+00
3.360589128561274563e+00
2.840612587179300874e+00
1.107357449239388503e+00
-8.569983737591789774e-01
-1.945097432577012952e+00
-1.531042038513589443e+00
1.540671233724366651e-01
2.176198117635667728e+00
3.408735104615161049e+00
3.168005224345729065e+00
1.608075600199807775e+00
-4.044261988526462459e-01
-1.713996747518357955e+00
-1.588817209778253137e+00
-9.629195210777291569e-02
1.935468237366235522e+00
3.379847518982829424e+00
3.427993495036715910e+00
2.051018579895563132e+00
4.814597605388645785e-02
-1.463637672038148319e+00
-1.636963185832139622e+00
-3.562802227987598158e-01
1.646592381042916831e+00
3.264297176453502036e+00
3.591689813619929783e+00
2.445815583537432225e+00
4.718305653280873146e-01
-1.213278596557938682e+00
-1.665850771464471469e+00
-6.258976887005239798e-01
1.319199743876488862e+00
3.071713272237956094e+00
3.668723375306147894e+00
2.763579025493082764e+00
8.666275689699562967e-01
-9.436611306561746293e-01
-1.675479966675248678e+00
-8.955151546022881437e-01
9.340319354453973100e-01
2.802095806336192041e+00
3.649464984884593477e+00
3.004308905762514748e+00
1.222907791768716113e+00
-6.933020551759649930e-01
-1.665850771464471469e+00
-1.165132620504052197e+00
5.296057365927510086e-01
2.455444778748209433e+00
3.543543837566043297e+00
3.168005224345729065e+00
1.540671233724366651e+00
-4.333137844849781484e-01
-1.646592381042916831e+00
-1.434750086405816472e+00
8.666275689699562412e-02
2.051018579895563132e+00
3.350959933350497355e+00
3.245038786031947176e+00
1.800659504415353496e+00
-1.925839042155458314e-01
-1.617704795410584984e+00
-1.675479966675248678e+00
-3.562802227987598158e-01
1.588817209778253137e+00
3.071713272237956094e+00
3.245038786031947176e+00
2.002872603841676646e+00
3.851678084310916628e-02
-1.569558819356698498e+00
-1.906580651733903675e+00
-8.184815929160698111e-01
1.088099058817833864e+00
2.725062244649973486e+00
3.168005224345729065e+00
2.156939727214113312e+00
2.407298802694322892e-01
-1.502154452881257374e+00
-2.108793751160226826e+00
-1.261424572611825168e+00
5.584933222250829665e-01
2.311006850586549977e+00
3.013938100973292400e+00
2.243602484111109074e+00
4.333137844849781484e-01
-1.415491695984261833e+00
-2.282119264954217908e+00
-1.694738357096803316e+00
9.629195210777291569e-03
1.848805480469239981e+00
2.792466611125414389e+00
2.282119264954217908e+00
6.162684934897466604e-01
-1.309570548665711653e+00
-2.407298802694322948e+00
-2.089535360738672409e+00
-5.488641270143056472e-01
1.348087329508820709e+00
2.503590754802095919e+00
2.272490069743440699e+00
7.703356168621833255e-01
-1.184391010925606835e+00
-2.493961559591318711e+00
-2.445815583537432225e+00
-1.088099058817833864e+00
8.184815929160698111e-01
2.176198117635667728e+00
2.214714898478777005e+00
9.051443498130653520e-01
-1.039953082763947378e+00
-2.532478340434427544e+00
-2.753949830282305555e+00
-1.598446404989030345e+00
2.792466611125414833e-01
1.810288699626130704e+00
2.118422946371004034e+00
1.030323887553170170e+00
-8.666275689699562967e-01
-2.513219950012873127e+00
-2.994679710551737539e+00
-2.070276970317117549e+00
-2.503590754802095808e-01
1.415491695984261833e+00
1.983614213420122008e+00
1.126615839660943141e+00
-6.740436647544103543e-01
-2.436186388326654573e+00
-3.177634419556506273e+00
-2.484332364380541058e+00
-7.703356168621833255e-01
1.001436301920838323e+00
1.819917894836908134e+00
1.222907791768716113e+00
-4.622013701173099953e-01
-2.301377655375772768e+00
-3.273926371664279245e+00
-2.840612587179300874e+00
-1.251795377401047960e+00
5.777517126466374942e-01
1.636963185832139622e+00
1.299941353454934445e+00
-2.311006850586549977e-01
-2.118422946371004034e+00
-3.293184762085833661e+00
-3.119859248291842579e+00
-1.694738357096803316e+00
1.733255137939912482e-01
1.425120891195039263e+00
1.367345719930375347e+00
9.629195210777291569e-03
-1.868063870890794620e+00
-3.235409590821169967e+00
-3.322072347718165730e+00
-2.079906165527894757e+00
-2.214714898478777061e-01
1.213278596557938682e+00
1.415491695984261833e+00
2.792466611125414833e-01
-1.569558819356698498e+00
-3.100600857870287719e+00
-3.437622690247493118e+00
-2.407298802694322948e+00
-5.873809078574148135e-01
1.001436301920838323e+00
1.463637672038148319e+00
5.488641270143056472e-01
-1.232536986979493321e+00
-2.879129368022410151e+00
-3.466510275879825187e+00
-2.667287073385309792e+00
-9.244027402346199906e-01
7.799648120729606449e-01
1.492525257670480165e+00
8.281107881268470194e-01
-8.473691785484016581e-01
-2.590253511699091238e+00
-3.408735104615161049e+00
-2.850241782390078527e+00
-1.222907791768716113e+00
5.681225174358601748e-01
1.521412843302812012e+00
1.107357449239388503e+00
-4.333137844849781484e-01
-2.224344093689554214e+00
-3.264297176453502036e+00
-2.956162929708628706e+00
-1.473266867248925527e+00
3.659094180095370796e-01
1.521412843302812012e+00
1.376974915141152778e+00
0.000000000000000000e+00
-1.810288699626130704e+00
-3.042825686605624025e+00
-2.985050515340960331e+00
-1.675479966675248678e+00
1.733255137939912482e-01
1.521412843302812012e+00
1.627333990621362192e+00
4.525721749065326760e-01
-1.348087329508820709e+00
-2.744320635071527903e+00
-2.946533734497851054e+00
-1.829547090047685343e+00
-9.629195210777291569e-03
1.502154452881257374e+00
1.868063870890794620e+00
8.955151546022881437e-01
-8.473691785484016581e-01
-2.378411217061990879e+00
-2.830983391968523666e+00
-1.925839042155458314e+00
-1.733255137939912482e-01
1.454008476827371110e+00
2.070276970317117549e+00
1.328828939087266292e+00
-3.273926371664279134e-01
-1.964355822998567369e+00
-2.648028682963755376e+00
-1.983614213420122008e+00
-3.273926371664279134e-01
1.396233305562707194e+00
2.243602484111109074e+00
1.742884333150689802e+00
2.022130994263231230e-01
-1.511783648092034804e+00
-2.407298802694322948e+00
-1.993243408630899438e+00
-4.622013701173099953e-01
1.319199743876488862e+00
2.368782021851213671e+00
2.128052141581781243e+00
7.221896408082968399e-01
-1.020694692342392962e+00
-2.128052141581781243e+00
-1.954726627787790161e+00
-5.970101030681920218e-01
1.213278596557938682e+00
2.455444778748209433e+00
2.455444778748209433e+00
1.232536986979493321e+00
-5.199765413819736892e-01
-1.800659504415353496e+00
-1.887322261312349259e+00
-7.029312503867423123e-01
1.078469863607056656e+00
2.484332364380541058e+00
2.734691439860750695e+00
1.704367552307580524e+00
-1.925839042155458314e-02
-1.454008476827371110e+00
-1.781401113993798857e+00
-8.088523977052924918e-01
9.244027402346199906e-01
2.455444778748209433e+00
2.946533734497851054e+00
2.128052141581781243e+00
4.718305653280873146e-01
-1.078469863607056656e+00
-1.656221576253694039e+00
-9.051443498130653520e-01
7.414480312298514786e-01
2.378411217061990879e+00
3.090971662659510510e+00
2.503590754802095919e+00
9.340319354453973100e-01
-7.029312503867423123e-01
-1.502154452881257374e+00
-9.918071067100610039e-01
5.296057365927510086e-01
2.233973288900331866e+00
3.158376029134951857e+00
2.802095806336192041e+00
1.367345719930375347e+00
-3.370218323772051772e-01
-1.338458134298043500e+00
-1.078469863607056656e+00
2.985050515340960109e-01
2.031760189474008715e+00
3.148746833924174204e+00
3.033196491394846817e+00
1.742884333150689802e+00
2.888758563233187471e-02
-1.165132620504052197e+00
-1.155503425293274988e+00
5.777517126466374942e-02
1.781401113993798857e+00
3.062084077027178886e+00
3.177634419556506273e+00
2.070276970317117549e+00
3.659094180095370796e-01
-9.918071067100610039e-01
-1.222907791768716113e+00
-2.118422946371004145e-01
1.473266867248925527e+00
2.898387758443964568e+00
3.245038786031947176e+00
2.339894436218882046e+00
6.740436647544103543e-01
-8.088523977052924918e-01
-1.290312158244157015e+00
-4.910889557496418423e-01
1.126615839660943141e+00
2.657657878174532584e+00
3.235409590821169967e+00
2.532478340434427544e+00
9.436611306561746293e-01
-6.451560791220785074e-01
-1.348087329508820709e+00
-7.703356168621833255e-01
7.414480312298514786e-01
2.339894436218882046e+00
3.129488443502619788e+00
2.657657878174532584e+00
1.174761815714829627e+00
-4.814597605388645785e-01
-1.386604110351929986e+00
-1.059211473185502017e+00
3.273926371664279134e-01
1.973985018209344799e+00
2.956162929708628706e+00
2.705803854228419070e+00
1.367345719930375347e+00
-3.177634419556506495e-01
-1.425120891195039263e+00
-1.328828939087266292e+00
-1.059211473185502073e-01
1.550300428935143859e+00
2.705803854228419070e+00
2.696174659017641417e+00
1.521412843302812012e+00
-1.733255137939912482e-01
-1.444379281616593680e+00
-1.588817209778253137e+00
-5.488641270143056472e-01
1.088099058817833864e+00
2.388040412272768087e+00
2.609511902120646099e+00
1.617704795410584984e+00
-3.851678084310916628e-02
-1.444379281616593680e+00
-1.829547090047685343e+00
-9.821779114992836845e-01
6.066392982789693411e-01
2.022130994263231063e+00
2.465073973958986642e+00
1.675479966675248678e+00
8.666275689699562412e-02
-1.434750086405816472e+00
-2.031760189474008715e+00
-1.396233305562707194e+00
9.629195210777291569e-02
1.608075600199807775e+00
2.272490069743440699e+00
1.694738357096803316e+00
2.022130994263231230e-01
-1.396233305562707194e+00
-2.205085703267999797e+00
-1.791030309204576287e+00
-4.044261988526462459e-01
1.165132620504052197e+00
2.031760189474008715e+00
1.685109161886026108e+00
3.081342467448733302e-01
-1.328828939087266292e+00
-2.330265241008104393e+00
-2.147310532003336103e+00
-8.955151546022881437e-01
7.029312503867423123e-01
1.742884333150689802e+00
1.627333990621362192e+00
4.140553940634235097e-01
-1.242166182190270529e+00
-2.407298802694322948e+00
-2.445815583537432225e+00
-1.357716524719598139e+00
2.407298802694322892e-01
1.434750086405816472e+00
1.550300428935143859e+00
5.103473461711964809e-01
-1.116986644450165933e+00
-2.426557193115877364e+00
-2.696174659017641417e+00
-1.781401113993798857e+00
-2.214714898478777061e-01
1.107357449239388503e+00
1.454008476827371110e+00
6.066392982789693411e-01
-9.725487162885064762e-01
-2.388040412272768087e+00
-2.879129368022410151e+00
-2.166568922424890520e+00
-6.644144695436331460e-01
7.799648120729606449e-01
1.338458134298043500e+00
6.933020551759649930e-01
-7.895940072837379642e-01
-2.301377655375772768e+00
-2.985050515340960331e+00
-2.484332364380541058e+00
-1.068840668396279447e+00
4.429429796957554122e-01
1.203649401347161474e+00
7.895940072837379642e-01
-5.873809078574148135e-01
-2.147310532003336103e+00
-3.023567296184069608e+00
-2.725062244649973486e+00
-1.444379281616593680e+00
1.155503425293274988e-01
1.068840668396279447e+00
8.762567641807335050e-01
-3.562802227987598158e-01
-1.935468237366235522e+00
-2.975421320130183123e+00
-2.908016953654742220e+00
-1.762142723572244440e+00
-1.829547090047685398e-01
9.340319354453973100e-01
9.629195210777291569e-01
-1.059211473185502073e-01
-1.675479966675248678e+00
-2.859870977600855735e+00
-3.004308905762514748e+00
-2.022130994263231063e+00
-4.622013701173099953e-01
7.895940072837379642e-01
1.049582277974724809e+00
1.636963185832139567e-01
-1.357716524719598139e+00
-2.667287073385309792e+00
-3.023567296184069608e+00
-2.224344093689554214e+00
-7.125604455975196316e-01
6.644144695436331460e-01
1.136245034871720350e+00
4.525721749065326760e-01
-1.001436301920838323e+00
-2.407298802694322948e+00
-2.965792124919405914e+00
-2.359152826640436462e+00
-9.244027402346199906e-01
5.392349318035283279e-01
1.213278596557938682e+00
7.414480312298514786e-01
-6.162684934897466604e-01
-2.079906165527894757e+00
-2.830983391968523666e+00
-2.426557193115877364e+00
-1.097728254028611294e+00
4.140553940634235097e-01
1.280682963033379806e+00
1.020694692342392962e+00
-2.022130994263231230e-01
-1.704367552307580524e+00
-2.619141097331423307e+00
-2.436186388326654573e+00
-1.232536986979493321e+00
3.081342467448733302e-01
1.338458134298043500e+00
1.299941353454934445e+00
2.214714898478777061e-01
-1.280682963033379806e+00
-2.349523631429659254e+00
-2.378411217061990879e+00
-1.328828939087266292e+00
2.022130994263231230e-01
1.386604110351929986e+00
1.559929624145921290e+00
6.451560791220785074e-01
-8.281107881268470194e-01
-2.031760189474008715e+00
-2.262860874532663491e+00
-1.386604110351929986e+00
1.059211473185502073e-01
1.415491695984261833e+00
1.800659504415353496e+00
1.068840668396279447e+00
-3.562802227987598158e-01
-1.665850771464471469e+00
-2.099164555949449618e+00
-1.415491695984261833e+00
1.925839042155458314e-02
1.415491695984261833e+00
2.002872603841676646e+00
1.463637672038148319e+00
1.155503425293274988e-01
-1.261424572611825168e+00
-1.887322261312349259e+00
-1.405862500773484625e+00
-6.740436647544104098e-02
1.396233305562707194e+00
2.166568922424890520e+00
1.829547090047685343e+00
5.873809078574148135e-01
-8.377399833376243388e-01
-1.646592381042916831e+00
-1.367345719930375347e+00
-1.444379281616593735e-01
1.348087329508820709e+00
2.282119264954217908e+00
2.147310532003336103e+00
1.039953082763947378e+00
-4.044261988526462459e-01
-1.376974915141152778e+00
-1.309570548665711653e+00
-2.311006850586549977e-01
1.261424572611825168e+00
2.349523631429659254e+00
2.426557193115877364e+00
1.463637672038148319e+00
1.925839042155458314e-02
-1.088099058817833864e+00
-1.232536986979493321e+00
-3.177634419556506495e-01
1.155503425293274988e+00
2.359152826640436462e+00
2.628770292542200515e+00
1.839176285258462773e+00
4.333137844849781484e-01
-7.895940072837379642e-01
-1.136245034871720350e+00
-4.044261988526462459e-01
1.011065497131615532e+00
2.311006850586549977e+00
2.782837415914637180e+00
2.166568922424890520e+00
8.184815929160698111e-01
-5.007181509604191616e-01
-1.039953082763947378e+00
-4.910889557496418423e-01
8.281107881268470194e-01
2.195456508057222589e+00
2.850241782390078527e+00
2.426557193115877364e+00
1.165132620504052197e+00
-2.118422946371004145e-01
-9.340319354453973100e-01
-5.970101030681920218e-01
6.258976887005239798e-01
2.031760189474008715e+00
2.850241782390078527e+00
2.619141097331423307e+00
1.473266867248925527e+00
5.777517126466374942e-02
-8.281107881268470194e-01
-6.933020551759649930e-01
3.947970036418689821e-01
1.810288699626130704e+00
2.773208220703859972e+00
2.744320635071527903e+00
1.733255137939912593e+00
3.081342467448733302e-01
-7.318188360190741593e-01
-7.992232024945151725e-01
1.348087329508820820e-01
1.540671233724366651e+00
2.628770292542200515e+00
2.792466611125414389e+00
1.925839042155458314e+00
5.296057365927510086e-01
-6.355268839113012991e-01
-9.051443498130653520e-01
-1.444379281616593735e-01
1.222907791768716113e+00
2.416927997905100156e+00
2.763579025493082764e+00
2.070276970317117549e+00
7.125604455975196316e-01
-5.392349318035283279e-01
-1.011065497131615532e+00
-4.236845892742008290e-01
8.666275689699562967e-01
2.137681336792558895e+00
2.667287073385309792e+00
2.147310532003336103e+00
8.666275689699562967e-01
-4.622013701173099953e-01
-1.107357449239388503e+00
-7.125604455975196316e-01
4.814597605388645785e-01
1.800659504415353496e+00
2.493961559591318711e+00
2.166568922424890520e+00
9.918071067100610039e-01
-3.851678084310916628e-01
-1.203649401347161474e+00
-1.001436301920838323e+00
7.703356168621833255e-02
1.425120891195039263e+00
2.272490069743440699e+00
2.128052141581781243e+00
1.068840668396279447e+00
-3.177634419556506495e-01
-1.280682963033379806e+00
-1.280682963033379806e+00
-3.370218323772051772e-01
1.011065497131615532e+00
1.983614213420122008e+00
2.041389384684785924e+00
1.126615839660943141e+00
-2.599882706909868446e-01
-1.348087329508820709e+00
-1.540671233724366651e+00
-7.510772264406286869e-01
5.681225174358601748e-01
1.665850771464471469e+00
1.906580651733903675e+00
1.145874230082497780e+00
-2.022130994263231230e-01
-1.386604110351929986e+00
-1.771771918783021649e+00
-1.145874230082497780e+00
1.251795377401047904e-01
1.299941353454934445e+00
1.723625942729135163e+00
1.136245034871720350e+00
-1.444379281616593735e-01
-1.405862500773484625e+00
-1.964355822998567369e+00
-1.511783648092034804e+00
-3.273926371664279134e-01
9.147735450238426713e-01
1.511783648092034804e+00
1.107357449239388503e+00
-7.703356168621833255e-02
-1.396233305562707194e+00
-2.118422946371004034e+00
-1.848805480469239981e+00
-7.607064216514060062e-01
5.296057365927510086e-01
1.271053767822602598e+00
1.059211473185502017e+00
-1.925839042155458314e-02
-1.357716524719598139e+00
-2.224344093689554214e+00
-2.137681336792558895e+00
-1.165132620504052197e+00
1.348087329508820820e-01
1.020694692342392962e+00
9.918071067100610039e-01
5.777517126466374942e-02
-1.280682963033379806e+00
-2.272490069743440699e+00
-2.378411217061990879e+00
-1.540671233724366651e+00
-2.503590754802095808e-01
7.607064216514060062e-01
9.244027402346199906e-01
1.348087329508820820e-01
-1.174761815714829627e+00
-2.262860874532663491e+00
-2.551736730855982405e+00
-1.868063870890794620e+00
-6.066392982789693411e-01
5.007181509604191616e-01
8.473691785484016581e-01
2.214714898478777061e-01
-1.030323887553170170e+00
-2.205085703267999797e+00
-2.657657878174532584e+00
-2.128052141581781243e+00
-9.436611306561746293e-01
2.503590754802095808e-01
7.703356168621833255e-01
3.177634419556506495e-01
-8.473691785484016581e-01
-2.079906165527894757e+00
-2.686545463806864209e+00
-2.339894436218882046e+00
-1.232536986979493321e+00
1.925839042155458314e-02
6.933020551759649930e-01
4.236845892742008290e-01
-6.451560791220785074e-01
-1.906580651733903675e+00
-2.657657878174532584e+00
-2.474703169169763850e+00
-1.473266867248925527e+00
-2.022130994263231230e-01
6.258976887005239798e-01
5.392349318035283279e-01
-4.044261988526462459e-01
-1.675479966675248678e+00
-2.551736730855982405e+00
-2.551736730855982405e+00
-1.665850771464471469e+00
-3.947970036418689821e-01
5.584933222250829665e-01
6.547852743328558267e-01
-1.444379281616593735e-01
-1.386604110351929986e+00
-2.378411217061990879e+00
-2.542107535645205196e+00
-1.800659504415353496e+00
-5.488641270143056472e-01
5.007181509604191616e-01
7.799648120729606449e-01
1.348087329508820820e-01
-1.068840668396279447e+00
-2.137681336792558895e+00
-2.474703169169763850e+00
-1.877693066101571828e+00
-6.836728599651876737e-01
4.525721749065326760e-01
9.051443498130653520e-01
4.236845892742008290e-01
-7.125604455975196316e-01
-1.848805480469239981e+00
-2.339894436218882046e+00
-1.906580651733903675e+00
-7.799648120729606449e-01
4.140553940634235097e-01
1.020694692342392962e+00
7.125604455975196316e-01
-3.370218323772051772e-01
-1.511783648092034804e+00
-2.147310532003336103e+00
-1.887322261312349259e+00
-8.473691785484016581e-01
3.851678084310916628e-01
1.136245034871720350e+00
1.001436301920838323e+00
5.777517126466374942e-02
-1.136245034871720350e+00
-1.906580651733903675e+00
-1.810288699626130704e+00
-8.858859593915108244e-01
3.562802227987598158e-01
1.232536986979493321e+00
1.271053767822602598e+00
4.622013701173099953e-01
-7.318188360190741593e-01
-1.617704795410584984e+00
-1.694738357096803316e+00
-8.955151546022881437e-01
3.273926371664279134e-01
1.309570548665711653e+00
1.521412843302812012e+00
8.473691785484016581e-01
-3.177634419556506495e-01
-1.299941353454934445e+00
-1.540671233724366651e+00
-8.858859593915108244e-01
2.985050515340960109e-01
1.367345719930375347e+00
1.742884333150689802e+00
1.213278596557938682e+00
1.059211473185502073e-01
-9.532903258669518376e-01
-1.348087329508820709e+00
-8.569983737591789774e-01
2.696174659017641639e-01
1.396233305562707194e+00
1.925839042155458314e+00
1.559929624145921290e+00
5.199765413819736892e-01
-5.970101030681920218e-01
-1.145874230082497780e+00
-8.088523977052924918e-01
2.214714898478777061e-01
1.396233305562707194e+00
2.060647775106340340e+00
1.858434675680017190e+00
9.051443498130653520e-01
-2.311006850586549977e-01
-9.244027402346199906e-01
-7.607064216514060062e-01
1.733255137939912482e-01
1.367345719930375347e+00
2.147310532003336103e+00
2.108793751160226826e+00
1.271053767822602598e+00
1.155503425293274988e-01
-6.933020551759649930e-01
-6.933020551759649930e-01
1.155503425293274988e-01
1.290312158244157015e+00
2.185827312846445381e+00
2.301377655375772768e+00
1.588817209778253137e+00
4.525721749065326760e-01
-4.622013701173099953e-01
-6.355268839113012991e-01
3.851678084310916628e-02
1.184391010925606835e+00
2.166568922424890520e+00
2.436186388326654573e+00
1.858434675680017190e+00
7.510772264406286869e-01
-2.503590754802095808e-01
-5.777517126466374942e-01
-5.777517126466374942e-02
1.039953082763947378e+00
2.079906165527894757e+00
2.503590754802095919e+00
2.070276970317117549e+00
1.020694692342392962e+00
-3.851678084310916628e-02
-5.296057365927510086e-01
-1.540671233724366651e-01
8.569983737591789774e-01
1.945097432577012952e+00
2.503590754802095919e+00
2.214714898478777005e+00
1.251795377401047960e+00
1.444379281616593735e-01
-4.814597605388645785e-01
-2.792466611125414833e-01
6.451560791220785074e-01
1.752513528361467010e+00
2.436186388326654573e+00
2.301377655375772768e+00
1.425120891195039263e+00
2.985050515340960109e-01
-4.429429796957554122e-01
-4.044261988526462459e-01
4.044261988526462459e-01
1.511783648092034804e+00
2.301377655375772768e+00
2.320636045797327185e+00
1.559929624145921290e+00
4.333137844849781484e-01
-4.236845892742008290e-01
-5.392349318035283279e-01
1.348087329508820820e-01
1.222907791768716113e+00
2.108793751160226826e+00
2.272490069743440699e+00
1.636963185832139622e+00
5.392349318035283279e-01
-4.044261988526462459e-01
-6.836728599651876737e-01
-1.444379281616593735e-01
9.051443498130653520e-01
1.848805480469239981e+00
2.166568922424890520e+00
1.665850771464471469e+00
6.162684934897466604e-01
-4.044261988526462459e-01
-8.281107881268470194e-01
-4.333137844849781484e-01
5.488641270143056472e-01
1.550300428935143859e+00
2.002872603841676646e+00
1.646592381042916831e+00
6.644144695436331460e-01
-4.044261988526462459e-01
-9.629195210777291569e-01
-7.221896408082968399e-01
1.829547090047685398e-01
1.213278596557938682e+00
1.791030309204576287e+00
1.579188014567475928e+00
6.836728599651876737e-01
-4.044261988526462459e-01
-1.088099058817833864e+00
-1.001436301920838323e+00
-2.022130994263231230e-01
8.473691785484016581e-01
1.540671233724366651e+00
1.473266867248925527e+00
6.836728599651876737e-01
-4.140553940634235097e-01
-1.203649401347161474e+00
-1.261424572611825168e+00
-5.777517126466374942e-01
4.622013701173099953e-01
1.251795377401047960e+00
1.338458134298043500e+00
6.644144695436331460e-01
-4.140553940634235097e-01
-1.290312158244157015e+00
-1.502154452881257374e+00
-9.436611306561746293e-01
6.740436647544104098e-02
9.436611306561746293e-01
1.174761815714829627e+00
6.258976887005239798e-01
-4.044261988526462459e-01
-1.357716524719598139e+00
-1.713996747518357955e+00
-1.280682963033379806e+00
-3.177634419556506495e-01
6.162684934897466604e-01
9.918071067100610039e-01
5.777517126466374942e-01
-3.947970036418689821e-01
-1.396233305562707194e+00
-1.877693066101571828e+00
-1.579188014567475928e+00
-6.933020551759649930e-01
2.888758563233187471e-01
7.895940072837379642e-01
5.296057365927510086e-01
-3.659094180095370796e-01
-1.396233305562707194e+00
-1.993243408630899438e+00
-1.839176285258462773e+00
-1.030323887553170170e+00
-2.888758563233187471e-02
5.873809078574148135e-01
4.718305653280873146e-01
-3.273926371664279134e-01
-1.357716524719598139e+00
-2.070276970317117549e+00
-2.051018579895563132e+00
-1.338458134298043500e+00
-3.370218323772051772e-01
3.947970036418689821e-01
4.236845892742008290e-01
-2.599882706909868446e-01
-1.290312158244157015e+00
-2.079906165527894757e+00
-2.205085703267999797e+00
-1.598446404989030345e+00
-6.162684934897466604e-01
2.022130994263231230e-01
3.755386132203143434e-01
-1.829547090047685398e-01
-1.174761815714829627e+00
-2.041389384684785924e+00
-2.301377655375772768e+00
-1.810288699626130704e+00
-8.569983737591789774e-01
2.888758563233187471e-02
3.466510275879824965e-01
-8.666275689699562412e-02
-1.020694692342392962e+00
-1.945097432577012952e+00
-2.330265241008104393e+00
-1.964355822998567369e+00
-1.068840668396279447e+00
-1.251795377401047904e-01
3.177634419556506495e-01
2.888758563233187471e-02
-8.377399833376243388e-01
-1.791030309204576287e+00
-2.291748460164995560e+00
-2.060647775106340340e+00
-1.232536986979493321e+00
-2.599882706909868446e-01
3.081342467448733302e-01
1.540671233724366651e-01
-6.162684934897466604e-01
-1.588817209778253137e+00
-2.195456508057222589e+00
-2.099164555949449618e+00
-1.348087329508820709e+00
-3.659094180095370796e-01
3.081342467448733302e-01
2.985050515340960109e-01
-3.755386132203143434e-01
-1.338458134298043500e+00
-2.031760189474008715e+00
-2.070276970317117549e+00
-1.415491695984261833e+00
-4.429429796957554122e-01
3.273926371664279134e-01
4.525721749065326760e-01
-1.059211473185502073e-01
-1.039953082763947378e+00
-1.819917894836908134e+00
-1.983614213420122008e+00
-1.444379281616593680e+00
-4.910889557496418423e-01
3.466510275879824965e-01
6.162684934897466604e-01
1.733255137939912482e-01
-7.221896408082968399e-01
-1.550300428935143859e+00
-1.848805480469239981e+00
-1.425120891195039263e+00
-5.199765413819736892e-01
3.755386132203143434e-01
7.703356168621833255e-01
4.525721749065326760e-01
-3.755386132203143434e-01
-1.251795377401047960e+00
-1.656221576253694039e+00
-1.367345719930375347e+00
-5.199765413819736892e-01
4.140553940634235097e-01
9.244027402346199906e-01
7.414480312298514786e-01
-1.925839042155458314e-02
-9.147735450238426713e-01
-1.434750086405816472e+00
-1.271053767822602598e+00
-5.007181509604191616e-01
4.429429796957554122e-01
1.059211473185502017e+00
1.011065497131615532e+00
3.370218323772051772e-01
-5.584933222250829665e-01
-1.174761815714829627e+00
-1.136245034871720350e+00
-4.718305653280873146e-01
4.814597605388645785e-01
1.184391010925606835e+00
1.261424572611825168e+00
6.933020551759649930e-01
-2.022130994263231230e-01
-8.955151546022881437e-01
-9.918071067100610039e-01
-4.236845892742008290e-01
5.007181509604191616e-01
1.280682963033379806e+00
1.492525257670480165e+00
1.020694692342392962e+00
1.636963185832139567e-01
-5.970101030681920218e-01
-8.184815929160698111e-01
-3.659094180095370796e-01
5.199765413819736892e-01
1.348087329508820709e+00
1.675479966675248678e+00
1.328828939087266292e+00
5.103473461711964809e-01
-3.081342467448733302e-01
-6.451560791220785074e-01
-3.081342467448733302e-01
5.199765413819736892e-01
1.386604110351929986e+00
1.819917894836908134e+00
1.588817209778253137e+00
8.377399833376243388e-01
-9.629195210777291569e-03
-4.622013701173099953e-01
-2.599882706909868446e-01
5.007181509604191616e-01
1.386604110351929986e+00
1.925839042155458314e+00
1.810288699626130704e+00
1.126615839660943141e+00
2.599882706909868446e-01
-2.888758563233187471e-01
-2.118422946371004145e-01
4.525721749065326760e-01
1.348087329508820709e+00
1.973985018209344799e+00
1.983614213420122008e+00
1.376974915141152778e+00
5.103473461711964809e-01
-1.251795377401047904e-01
-1.733255137939912482e-01
3.947970036418689821e-01
1.271053767822602598e+00
1.964355822998567369e+00
2.089535360738672409e+00
1.588817209778253137e+00
7.414480312298514786e-01
1.925839042155458314e-02
-1.540671233724366651e-01
3.081342467448733302e-01
1.145874230082497780e+00
1.896951456523126467e+00
2.137681336792558895e+00
1.742884333150689802e+00
9.244027402346199906e-01
1.540671233724366651e-01
-1.444379281616593735e-01
2.022130994263231230e-01
9.918071067100610039e-01
1.781401113993798857e+00
2.128052141581781243e+00
1.839176285258462773e+00
1.068840668396279447e+00
2.599882706909868446e-01
-1.540671233724366651e-01
7.703356168621833255e-02
7.992232024945151725e-01
1.617704795410584984e+00
2.060647775106340340e+00
1.877693066101571828e+00
1.174761815714829627e+00
3.370218323772051772e-01
-1.733255137939912482e-01
-6.740436647544104098e-02
5.777517126466374942e-01
1.396233305562707194e+00
1.925839042155458314e+00
1.858434675680017190e+00
1.232536986979493321e+00
3.851678084310916628e-01
-2.118422946371004145e-01
-2.311006850586549977e-01
3.273926371664279134e-01
1.145874230082497780e+00
1.742884333150689802e+00
1.791030309204576287e+00
1.251795377401047960e+00
4.140553940634235097e-01
-2.599882706909868446e-01
-3.947970036418689821e-01
6.740436647544104098e-02
8.473691785484016581e-01
1.511783648092034804e+00
1.675479966675248678e+00
1.222907791768716113e+00
4.140553940634235097e-01
-3.177634419556506495e-01
-5.681225174358601748e-01
-2.118422946371004145e-01
5.392349318035283279e-01
1.242166182190270529e+00
1.511783648092034804e+00
1.165132620504052197e+00
3.947970036418689821e-01
-3.755386132203143434e-01
-7.414480312298514786e-01
-4.910889557496418423e-01
2.022130994263231230e-01
9.436611306561746293e-01
1.309570548665711653e+00
1.068840668396279447e+00
3.562802227987598158e-01
-4.429429796957554122e-01
-8.955151546022881437e-01
-7.703356168621833255e-01
-1.348087329508820820e-01
6.258976887005239798e-01
1.068840668396279447e+00
9.532903258669518376e-01
3.081342467448733302e-01
-5.103473461711964809e-01
-1.049582277974724809e+00
-1.030323887553170170e+00
-4.718305653280873146e-01
2.888758563233187471e-01
8.184815929160698111e-01
8.088523977052924918e-01
2.503590754802095808e-01
-5.584933222250829665e-01
-1.174761815714829627e+00
-1.261424572611825168e+00
-7.992232024945151725e-01
-4.814597605388645785e-02
5.488641270143056472e-01
6.547852743328558267e-01
1.829547090047685398e-01
-5.970101030681920218e-01
-1.271053767822602598e+00
-1.473266867248925527e+00
-1.088099058817833864e+00
-3.659094180095370796e-01
2.792466611125414833e-01
4.910889557496418423e-01
1.155503425293274988e-01
-6.258976887005239798e-01
-1.338458134298043500e+00
-1.636963185832139622e+00
-1.357716524719598139e+00
-6.740436647544103543e-01
1.925839042155458314e-02
3.273926371664279134e-01
5.777517126466374942e-02
-6.355268839113012991e-01
-1.376974915141152778e+00
-1.762142723572244440e+00
-1.579188014567475928e+00
-9.532903258669518376e-01
-2.311006850586549977e-01
1.636963185832139567e-01
9.629195210777291569e-03
-6.162684934897466604e-01
-1.367345719930375347e+00
-1.829547090047685343e+00
-1.762142723572244440e+00
-1.194020206136384044e+00
-4.622013701173099953e-01
1.925839042155458314e-02
-1.925839042155458314e-02
-5.681225174358601748e-01
-1.319199743876488862e+00
-1.858434675680017190e+00
-1.877693066101571828e+00
-1.386604110351929986e+00
-6.547852743328558267e-01
-1.059211473185502073e-01
-3.851678084310916628e-02
-5.007181509604191616e-01
-1.232536986979493321e+00
-1.829547090047685343e+00
-1.945097432577012952e+00
-1.540671233724366651e+00
-8.184815929160698111e-01
-2.118422946371004145e-01
-3.851678084310916628e-02
-4.044261988526462459e-01
-1.107357449239388503e+00
-1.742884333150689802e+00
-1.954726627787790161e+00
-1.636963185832139622e+00
-9.532903258669518376e-01
-2.888758563233187471e-01
-1.925839042155458314e-02
-2.888758563233187471e-01
-9.436611306561746293e-01
-1.608075600199807775e+00
-1.906580651733903675e+00
-1.675479966675248678e+00
-1.039953082763947378e+00
-3.466510275879824965e-01
1.925839042155458314e-02
-1.444379281616593735e-01
-7.414480312298514786e-01
-1.425120891195039263e+00
-1.810288699626130704e+00
-1.665850771464471469e+00
-1.078469863607056656e+00
-3.755386132203143434e-01
7.703356168621833255e-02
9.629195210777291569e-03
-5.199765413819736892e-01
-1.203649401347161474e+00
-1.656221576253694039e+00
-1.608075600199807775e+00
-1.088099058817833864e+00
-3.755386132203143434e-01
1.444379281616593735e-01
1.829547090047685398e-01
-2.696174659017641639e-01
-9.436611306561746293e-01
-1.454008476827371110e+00
-1.502154452881257374e+00
-1.059211473185502017e+00
-3.562802227987598158e-01
2.214714898478777061e-01
3.659094180095370796e-01
-0.000000000000000000e+00
-6.547852743328558267e-01
-1.213278596557938682e+00
-1.357716524719598139e+00
-9.918071067100610039e-01
-3.081342467448733302e-01
3.177634419556506495e-01
5.488641270143056472e-01
2.696174659017641639e-01
-3.466510275879824965e-01
-9.436611306561746293e-01
-1.165132620504052197e+00
-8.955151546022881437e-01
-2.503590754802095808e-01
4.044261988526462459e-01
7.221896408082968399e-01
5.392349318035283279e-01
-2.888758563233187471e-02
-6.451560791220785074e-01
-9.532903258669518376e-01
-7.703356168621833255e-01
-1.829547090047685398e-01
4.910889557496418423e-01
8.955151546022881437e-01
7.992232024945151725e-01
2.888758563233187471e-01
-3.370218323772051772e-01
-7.221896408082968399e-01
-6.355268839113012991e-01
-1.059211473185502073e-01
5.777517126466374942e-01
1.039953082763947378e+00
1.049582277974724809e+00
5.970101030681920218e-01
-2.888758563233187471e-02
-4.814597605388645785e-01
-4.814597605388645785e-01
-2.888758563233187471e-02
6.451560791220785074e-01
1.165132620504052197e+00
1.261424572611825168e+00
8.858859593915108244e-01
2.696174659017641639e-01
-2.311006850586549977e-01
-3.273926371664279134e-01
4.814597605388645785e-02
6.933020551759649930e-01
1.261424572611825168e+00
1.444379281616593680e+00
1.145874230082497780e+00
5.488641270143056472e-01
9.629195210777291569e-03
-1.733255137939912482e-01
1.155503425293274988e-01
7.318188360190741593e-01
1.328828939087266292e+00
1.588817209778253137e+00
1.367345719930375347e+00
8.088523977052924918e-01
2.311006850586549977e-01
-3.851678084310916628e-02
1.636963185832139567e-01
7.318188360190741593e-01
1.348087329508820709e+00
1.685109161886026108e+00
1.550300428935143859e+00
1.039953082763947378e+00
4.333137844849781484e-01
9.629195210777291569e-02
2.022130994263231230e-01
7.125604455975196316e-01
1.338458134298043500e+00
1.733255137939912593e+00
1.685109161886026108e+00
1.222907791768716113e+00
6.162684934897466604e-01
2.022130994263231230e-01
2.214714898478777061e-01
6.644144695436331460e-01
1.280682963033379806e+00
1.733255137939912593e+00
1.762142723572244440e+00
1.367345719930375347e+00
7.607064216514060062e-01
2.888758563233187471e-01
2.214714898478777061e-01
5.873809078574148135e-01
1.184391010925606835e+00
1.675479966675248678e+00
1.791030309204576287e+00
1.454008476827371110e+00
8.666275689699562967e-01
3.466510275879824965e-01
1.925839042155458314e-01
4.814597605388645785e-01
1.039953082763947378e+00
1.569558819356698498e+00
1.762142723572244440e+00
1.502154452881257374e+00
9.340319354453973100e-01
3.851678084310916628e-01
1.444379281616593735e-01
3.466510275879824965e-01
8.666275689699562967e-01
1.415491695984261833e+00
1.675479966675248678e+00
1.492525257670480165e+00
9.629195210777291569e-01
3.851678084310916628e-01
7.703356168621833255e-02
1.925839042155458314e-01
6.644144695436331460e-01
1.222907791768716113e+00
1.540671233724366651e+00
1.434750086405816472e+00
9.629195210777291569e-01
3.659094180095370796e-01
-9.629195210777291569e-03
1.925839042155458314e-02
4.333137844849781484e-01
9.918071067100610039e-01
1.367345719930375347e+00
1.338458134298043500e+00
9.147735450238426713e-01
3.273926371664279134e-01
-1.155503425293274988e-01
-1.636963185832139567e-01
1.829547090047685398e-01
7.318188360190741593e-01
1.155503425293274988e+00
1.203649401347161474e+00
8.473691785484016581e-01
2.599882706909868446e-01
-2.214714898478777061e-01
-3.562802227987598158e-01
-7.703356168621833255e-02
4.525721749065326760e-01
9.051443498130653520e-01
1.030323887553170170e+00
7.414480312298514786e-01
1.829547090047685398e-01
-3.370218323772051772e-01
-5.488641270143056472e-01
-3.370218323772051772e-01
1.540671233724366651e-01
6.355268839113012991e-01
8.377399833376243388e-01
6.162684934897466604e-01
9.629195210777291569e-02
-4.525721749065326760e-01
-7.318188360190741593e-01
-5.970101030681920218e-01
-1.444379281616593735e-01
3.562802227987598158e-01
6.162684934897466604e-01
4.718305653280873146e-01
-0.000000000000000000e+00
-5.584933222250829665e-01
-8.955151546022881437e-01
-8.377399833376243388e-01
-4.333137844849781484e-01
7.703356168621833255e-02
3.947970036418689821e-01
3.273926371664279134e-01
-9.629195210777291569e-02
-6.547852743328558267e-01
-1.039953082763947378e+00
-1.059211473185502017e+00
-7.125604455975196316e-01
-2.022130994263231230e-01
1.636963185832139567e-01
1.829547090047685398e-01
-1.829547090047685398e-01
-7.318188360190741593e-01
-1.165132620504052197e+00
-1.251795377401047960e+00
-9.629195210777291569e-01
-4.718305653280873146e-01
-5.777517126466374942e-02
2.888758563233187471e-02
-2.599882706909868446e-01
-7.895940072837379642e-01
-1.251795377401047960e+00
-1.415491695984261833e+00
-1.184391010925606835e+00
-7.125604455975196316e-01
-2.599882706909868446e-01
-9.629195210777291569e-02
-3.273926371664279134e-01
-8.184815929160698111e-01
-1.309570548665711653e+00
-1.531042038513589443e+00
-1.367345719930375347e+00
-9.147735450238426713e-01
-4.429429796957554122e-01
-2.214714898478777061e-01
-3.659094180095370796e-01
-8.184815929160698111e-01
-1.319199743876488862e+00
-1.598446404989030345e+00
-1.502154452881257374e+00
-1.088099058817833864e+00
-6.066392982789693411e-01
-3.177634419556506495e-01
-3.947970036418689821e-01
-7.895940072837379642e-01
-1.290312158244157015e+00
-1.617704795410584984e+00
-1.588817209778253137e+00
-1.222907791768716113e+00
-7.318188360190741593e-01
-3.851678084310916628e-01
-3.851678084310916628e-01
-7.318188360190741593e-01
-1.222907791768716113e+00
-1.588817209778253137e+00
-1.627333990621362192e+00
-1.309570548665711653e+00
-8.184815929160698111e-01
-4.333137844849781484e-01
-3.562802227987598158e-01
-6.355268839113012991e-01
-1.107357449239388503e+00
-1.511783648092034804e+00
-1.608075600199807775e+00
-1.348087329508820709e+00
-8.762567641807335050e-01
-4.429429796957554122e-01
-3.081342467448733302e-01
-5.199765413819736892e-01
-9.629195210777291569e-01
-1.386604110351929986e+00
-1.540671233724366651e+00
-1.338458134298043500e+00
-8.858859593915108244e-01
-4.333137844849781484e-01
-2.214714898478777061e-01
-3.755386132203143434e-01
-7.799648120729606449e-01
-1.213278596557938682e+00
-1.425120891195039263e+00
-1.290312158244157015e+00
-8.666275689699562967e-01
-3.947970036418689821e-01
-1.251795377401047904e-01
-2.022130994263231230e-01
-5.681225174358601748e-01
-1.011065497131615532e+00
-1.271053767822602598e+00
-1.194020206136384044e+00
-8.088523977052924918e-01
-3.370218323772051772e-01
-9.629195210777291569e-03
-1.925839042155458314e-02
-3.370218323772051772e-01
-7.799648120729606449e-01
-1.078469863607056656e+00
-1.059211473185502017e+00
-7.221896408082968399e-01
-2.503590754802095808e-01
1.155503425293274988e-01
1.733255137939912482e-01
-9.629195210777291569e-02
-5.199765413819736892e-01
-8.569983737591789774e-01
-8.955151546022881437e-01
-6.162684934897466604e-01
-1.540671233724366651e-01
2.503590754802095808e-01
3.659094180095370796e-01
1.636963185832139567e-01
-2.407298802694322892e-01
-6.066392982789693411e-01
-7.125604455975196316e-01
-4.814597605388645785e-01
-3.851678084310916628e-02
3.851678084310916628e-01
5.584933222250829665e-01
4.140553940634235097e-01
3.851678084310916628e-02
-3.466510275879824965e-01
-5.103473461711964809e-01
-3.370218323772051772e-01
6.740436647544104098e-02
5.103473461711964809e-01
7.414480312298514786e-01
6.547852743328558267e-01
3.081342467448733302e-01
-8.666275689699562412e-02
-2.985050515340960109e-01
-1.925839042155458314e-01
1.829547090047685398e-01
6.258976887005239798e-01
9.051443498130653520e-01
8.762567641807335050e-01
5.681225174358601748e-01
1.733255137939912482e-01
-8.666275689699562412e-02
-3.851678084310916628e-02
2.888758563233187471e-01
7.318188360190741593e-01
1.049582277974724809e+00
1.078469863607056656e+00
8.184815929160698111e-01
4.140553940634235097e-01
1.251795377401047904e-01
1.059211473185502073e-01
3.851678084310916628e-01
8.088523977052924918e-01
1.165132620504052197e+00
1.242166182190270529e+00
1.030323887553170170e+00
6.355268839113012991e-01
3.081342467448733302e-01
2.311006850586549977e-01
4.525721749065326760e-01
8.666275689699562967e-01
1.242166182190270529e+00
1.376974915141152778e+00
1.203649401347161474e+00
8.377399833376243388e-01
4.814597605388645785e-01
3.466510275879824965e-01
5.103473461711964809e-01
8.858859593915108244e-01
1.280682963033379806e+00
1.454008476827371110e+00
1.338458134298043500e+00
9.918071067100610039e-01
6.162684934897466604e-01
4.333137844849781484e-01
5.392349318035283279e-01
8.858859593915108244e-01
1.271053767822602598e+00
1.492525257670480165e+00
1.425120891195039263e+00
1.116986644450165933e+00
7.318188360190741593e-01
4.910889557496418423e-01
5.392349318035283279e-01
8.377399833376243388e-01
1.232536986979493321e+00
1.492525257670480165e+00
1.473266867248925527e+00
1.194020206136384044e+00
7.992232024945151725e-01
5.199765413819736892e-01
5.103473461711964809e-01
7.703356168621833255e-01
1.145874230082497780e+00
1.434750086405816472e+00
1.463637672038148319e+00
1.222907791768716113e+00
8.377399833376243388e-01
5.296057365927510086e-01
4.525721749065326760e-01
6.644144695436331460e-01
1.020694692342392962e+00
1.328828939087266292e+00
1.405862500773484625e+00
1.213278596557938682e+00
8.377399833376243388e-01
5.007181509604191616e-01
3.755386132203143434e-01
5.296057365927510086e-01
8.666275689699562967e-01
1.184391010925606835e+00
1.309570548665711653e+00
1.155503425293274988e+00
8.088523977052924918e-01
4.429429796957554122e-01
2.696174659017641639e-01
3.659094180095370796e-01
6.740436647544103543e-01
1.001436301920838323e+00
1.165132620504052197e+00
1.059211473185502017e+00
7.414480312298514786e-01
3.659094180095370796e-01
1.444379281616593735e-01
1.925839042155458314e-01
4.622013701173099953e-01
7.895940072837379642e-01
9.918071067100610039e-01
9.340319354453973100e-01
6.451560791220785074e-01
2.696174659017641639e-01
9.629195210777291569e-03
-0.000000000000000000e+00
2.311006850586549977e-01
5.584933222250829665e-01
7.895940072837379642e-01
7.799648120729606449e-01
5.199765413819736892e-01
1.444379281616593735e-01
-1.444379281616593735e-01
-2.022130994263231230e-01
-9.629195210777291569e-03
3.081342467448733302e-01
5.584933222250829665e-01
5.970101030681920218e-01
3.851678084310916628e-01
1.925839042155458314e-02
-2.985050515340960109e-01
-4.044261988526462459e-01
-2.599882706909868446e-01
4.814597605388645785e-02
3.177634419556506495e-01
4.044261988526462459e-01
2.311006850586549977e-01
-1.059211473185502073e-01
-4.429429796957554122e-01
-5.970101030681920218e-01
-4.910889557496418423e-01
-2.118422946371004145e-01
7.703356168621833255e-02
2.022130994263231230e-01
7.703356168621833255e-02
-2.407298802694322892e-01
-5.777517126466374942e-01
-7.703356168621833255e-01
-7.221896408082968399e-01
-4.622013701173099953e-01
-1.636963185832139567e-01
-0.000000000000000000e+00
-7.703356168621833255e-02
-3.659094180095370796e-01
-7.029312503867423123e-01
-9.244027402346199906e-01
-9.147735450238426713e-01
-6.933020551759649930e-01
-3.947970036418689821e-01
-1.925839042155458314e-01
-2.214714898478777061e-01
-4.718305653280873146e-01
-8.088523977052924918e-01
-1.059211473185502017e+00
-1.088099058817833864e+00
-8.955151546022881437e-01
-5.970101030681920218e-01
-3.755386132203143434e-01
-3.562802227987598158e-01
-5.584933222250829665e-01
-8.858859593915108244e-01
-1.155503425293274988e+00
-1.222907791768716113e+00
-1.068840668396279447e+00
-7.799648120729606449e-01
-5.296057365927510086e-01
-4.622013701173099953e-01
-6.258976887005239798e-01
-9.340319354453973100e-01
-1.213278596557938682e+00
-1.319199743876488862e+00
-1.203649401347161474e+00
-9.244027402346199906e-01
-6.547852743328558267e-01
-5.392349318035283279e-01
-6.644144695436331460e-01
-9.436611306561746293e-01
-1.232536986979493321e+00
-1.376974915141152778e+00
-1.290312158244157015e+00
-1.030323887553170170e+00
-7.510772264406286869e-01
-5.970101030681920218e-01
-6.740436647544103543e-01
-9.244027402346199906e-01
-1.213278596557938682e+00
-1.386604110351929986e+00
-1.338458134298043500e+00
-1.097728254028611294e+00
-8.088523977052924918e-01
-6.258976887005239798e-01
-6.451560791220785074e-01
-8.666275689699562967e-01
-1.155503425293274988e+00
-1.348087329508820709e+00
-1.338458134298043500e+00
-1.126615839660943141e+00
-8.377399833376243388e-01
-6.162684934897466604e-01
-5.970101030681920218e-01
-7.703356168621833255e-01
-1.049582277974724809e+00
-1.261424572611825168e+00
-1.290312158244157015e+00
-1.107357449239388503e+00
-8.184815929160698111e-01
-5.777517126466374942e-01
-5.103473461711964809e-01
-6.547852743328558267e-01
-9.147735450238426713e-01
-1.145874230082497780e+00
-1.203649401347161474e+00
-1.049582277974724809e+00
-7.703356168621833255e-01
-5.103473461711964809e-01
-4.044261988526462459e-01
-5.007181509604191616e-01
-7.414480312298514786e-01
-9.821779114992836845e-01
-1.068840668396279447e+00
-9.532903258669518376e-01
-6.933020551759649930e-01
-4.140553940634235097e-01
-2.792466611125414833e-01
-3.370218323772051772e-01
-5.488641270143056472e-01
-7.895940072837379642e-01
-9.051443498130653520e-01
-8.281107881268470194e-01
-5.873809078574148135e-01
-2.985050515340960109e-01
-1.251795377401047904e-01
-1.444379281616593735e-01
-3.370218323772051772e-01
-5.681225174358601748e-01
-7.125604455975196316e-01
-6.740436647544103543e-01
-4.525721749065326760e-01
-1.733255137939912482e-01
2.888758563233187471e-02
5.777517126466374942e-02
-1.059211473185502073e-01
-3.370218323772051772e-01
-5.007181509604191616e-01
-5.007181509604191616e-01
-3.081342467448733302e-01
-2.888758563233187471e-02
2.022130994263231230e-01
2.599882706909868446e-01
1.251795377401047904e-01
-9.629195210777291569e-02
-2.792466611125414833e-01
-3.081342467448733302e-01
-1.444379281616593735e-01
1.251795377401047904e-01
3.659094180095370796e-01
4.525721749065326760e-01
3.562802227987598158e-01
1.444379281616593735e-01
-4.814597605388645785e-02
-1.059211473185502073e-01
1.925839042155458314e-02
2.696174659017641639e-01
5.199765413819736892e-01
6.355268839113012991e-01
5.777517126466374942e-01
3.851678084310916628e-01
1.733255137939912482e-01
8.666275689699562412e-02
1.733255137939912482e-01
4.044261988526462459e-01
6.644144695436331460e-01
8.088523977052924918e-01
7.799648120729606449e-01
5.970101030681920218e-01
3.851678084310916628e-01
2.696174659017641639e-01
3.273926371664279134e-01
5.296057365927510086e-01
7.799648120729606449e-01
9.532903258669518376e-01
9.532903258669518376e-01
7.992232024945151725e-01
5.777517126466374942e-01
4.333137844849781484e-01
4.525721749065326760e-01
6.355268839113012991e-01
8.762567641807335050e-01
1.059211473185502017e+00
1.097728254028611294e+00
9.629195210777291569e-01
7.510772264406286869e-01
5.873809078574148135e-01
5.681225174358601748e-01
7.125604455975196316e-01
9.436611306561746293e-01
1.136245034871720350e+00
1.194020206136384044e+00
1.088099058817833864e+00
8.858859593915108244e-01
7.029312503867423123e-01
6.451560791220785074e-01
7.607064216514060062e-01
9.725487162885064762e-01
1.184391010925606835e+00
1.261424572611825168e+00
1.174761815714829627e+00
9.821779114992836845e-01
7.895940072837379642e-01
7.029312503867423123e-01
7.799648120729606449e-01
9.725487162885064762e-01
1.184391010925606835e+00
1.280682963033379806e+00
1.222907791768716113e+00
1.039953082763947378e+00
8.377399833376243388e-01
7.221896408082968399e-01
7.607064216514060062e-01
9.340319354453973100e-01
1.136245034871720350e+00
1.261424572611825168e+00
1.232536986979493321e+00
1.059211473185502017e+00
8.473691785484016581e-01
7.029312503867423123e-01
7.125604455975196316e-01
8.569983737591789774e-01
1.059211473185502017e+00
1.194020206136384044e+00
1.184391010925606835e+00
1.039953082763947378e+00
8.281107881268470194e-01
6.644144695436331460e-01
6.355268839113012991e-01
7.510772264406286869e-01
9.436611306561746293e-01
1.088099058817833864e+00
1.107357449239388503e+00
9.725487162885064762e-01
7.703356168621833255e-01
5.873809078574148135e-01
5.296057365927510086e-01
6.162684934897466604e-01
7.895940072837379642e-01
9.436611306561746293e-01
9.821779114992836845e-01
8.762567641807335050e-01
6.740436647544103543e-01
4.814597605388645785e-01
3.947970036418689821e-01
4.525721749065326760e-01
6.162684934897466604e-01
7.703356168621833255e-01
8.281107881268470194e-01
7.510772264406286869e-01
5.584933222250829665e-01
3.562802227987598158e-01
2.407298802694322892e-01
2.696174659017641639e-01
4.140553940634235097e-01
5.681225174358601748e-01
6.451560791220785074e-01
5.873809078574148135e-01
4.140553940634235097e-01
2.118422946371004145e-01
7.703356168621833255e-02
7.703356168621833255e-02
1.925839042155458314e-01
3.562802227987598158e-01
4.525721749065326760e-01
4.140553940634235097e-01
2.599882706909868446e-01
5.777517126466374942e-02
-9.629195210777291569e-02
-1.251795377401047904e-01
-2.888758563233187471e-02
1.251795377401047904e-01
2.311006850586549977e-01
2.214714898478777061e-01
8.666275689699562412e-02
-1.059211473185502073e-01
-2.696174659017641639e-01
-3.273926371664279134e-01
-2.503590754802095808e-01
-1.059211473185502073e-01
1.925839042155458314e-02
2.888758563233187471e-02
-7.703356168621833255e-02
-2.696174659017641639e-01
-4.429429796957554122e-01
-5.199765413819736892e-01
-4.622013701173099953e-01
-3.273926371664279134e-01
-1.925839042155458314e-01
-1.540671233724366651e-01
-2.503590754802095808e-01
-4.236845892742008290e-01
-5.970101030681920218e-01
-6.933020551759649930e-01
-6.644144695436331460e-01
-5.392349318035283279e-01
-3.947970036418689821e-01
-3.370218323772051772e-01
-4.044261988526462459e-01
-5.584933222250829665e-01
-7.414480312298514786e-01
-8.473691785484016581e-01
-8.377399833376243388e-01
-7.221896408082968399e-01
-5.777517126466374942e-01
-5.007181509604191616e-01
-5.392349318035283279e-01
-6.740436647544103543e-01
-8.473691785484016581e-01
-9.725487162885064762e-01
-9.821779114992836845e-01
-8.762567641807335050e-01
-7.414480312298514786e-01
-6.451560791220785074e-01
-6.547852743328558267e-01
-7.703356168621833255e-01
-9.340319354453973100e-01
-1.059211473185502017e+00
-1.088099058817833864e+00
-1.001436301920838323e+00
-8.666275689699562967e-01
-7.510772264406286869e-01
-7.318188360190741593e-01
-8.281107881268470194e-01
-9.821779114992836845e-01
-1.116986644450165933e+00
-1.165132620504052197e+00
-1.088099058817833864e+00
-9.532903258669518376e-01
-8.281107881268470194e-01
-7.895940072837379642e-01
-8.569983737591789774e-01
-1.001436301920838323e+00
-1.136245034871720350e+00
-1.194020206136384044e+00
-1.136245034871720350e+00
-1.001436301920838323e+00
-8.666275689699562967e-01
-8.088523977052924918e-01
-8.569983737591789774e-01
-9.821779114992836845e-01
-1.107357449239388503e+00
-1.174761815714829627e+00
-1.145874230082497780e+00
-1.020694692342392962e+00
-8.762567641807335050e-01
-7.895940072837379642e-01
-8.088523977052924918e-01
-9.147735450238426713e-01
-1.049582277974724809e+00
-1.126615839660943141e+00
-1.107357449239388503e+00
-9.918071067100610039e-01
-8.473691785484016581e-01
-7.414480312298514786e-01
-7.414480312298514786e-01
-8.281107881268470194e-01
-9.532903258669518376e-01
-1.030323887553170170e+00
-1.020694692342392962e+00
-9.244027402346199906e-01
-7.799648120729606449e-01
-6.644144695436331460e-01
-6.355268839113012991e-01
-7.029312503867423123e-01
-8.184815929160698111e-01
-9.051443498130653520e-01
-9.147735450238426713e-01
-8.184815929160698111e-01
-6.740436647544103543e-01
-5.488641270143056472e-01
-5.007181509604191616e-01
-5.488641270143056472e-01
-6.547852743328558267e-01
-7.414480312298514786e-01
-7.607064216514060062e-01
-6.836728599651876737e-01
-5.488641270143056472e-01
-4.140553940634235097e-01
-3.466510275879824965e-01
-3.755386132203143434e-01
-4.622013701173099953e-01
-5.584933222250829665e-01
-5.873809078574148135e-01
-5.296057365927510086e-01
-4.044261988526462459e-01
-2.599882706909868446e-01
-1.733255137939912482e-01
-1.829547090047685398e-01
-2.599882706909868446e-01
-3.562802227987598158e-01
-3.947970036418689821e-01
-3.562802227987598158e-01
-2.311006850586549977e-01
-9.629195210777291569e-02
0.000000000000000000e+00
1.925839042155458314e-02
-4.814597605388645785e-02
-1.444379281616593735e-01
-1.925839042155458314e-01
-1.636963185832139567e-01
-5.777517126466374942e-02
7.703356168621833255e-02
1.829547090047685398e-01
2.118422946371004145e-01
1.636963185832139567e-01
7.703356168621833255e-02
1.925839042155458314e-02
2.888758563233187471e-02
1.155503425293274988e-01
2.503590754802095808e-01
3.659094180095370796e-01
4.140553940634235097e-01
3.755386132203143434e-01
2.888758563233187471e-01
2.214714898478777061e-01
2.214714898478777061e-01
2.888758563233187471e-01
4.140553940634235097e-01
5.392349318035283279e-01
5.873809078574148135e-01
5.681225174358601748e-01
4.910889557496418423e-01
4.140553940634235097e-01
3.947970036418689821e-01
4.525721749065326760e-01
5.681225174358601748e-01
6.836728599651876737e-01
7.510772264406286869e-01
7.414480312298514786e-01
6.740436647544103543e-01
5.873809078574148135e-01
5.584933222250829665e-01
5.970101030681920218e-01
7.029312503867423123e-01
8.088523977052924918e-01
8.858859593915108244e-01
8.858859593915108244e-01
8.184815929160698111e-01
7.414480312298514786e-01
6.933020551759649930e-01
7.125604455975196316e-01
7.992232024945151725e-01
9.147735450238426713e-01
9.918071067100610039e-01
1.001436301920838323e+00
9.436611306561746293e-01
8.569983737591789774e-01
7.992232024945151725e-01
8.088523977052924918e-01
8.762567641807335050e-01
9.821779114992836845e-01
1.059211473185502017e+00
1.078469863607056656e+00
1.030323887553170170e+00
9.436611306561746293e-01
8.762567641807335050e-01
8.666275689699562967e-01
9.147735450238426713e-01
1.011065497131615532e+00
1.088099058817833864e+00
1.116986644450165933e+00
1.068840668396279447e+00
9.918071067100610039e-01
9.147735450238426713e-01
8.858859593915108244e-01
9.244027402346199906e-01
1.001436301920838323e+00
1.078469863607056656e+00
1.107357449239388503e+00
1.078469863607056656e+00
9.918071067100610039e-01
9.147735450238426713e-01
8.666275689699562967e-01
8.858859593915108244e-01
9.532903258669518376e-01
1.030323887553170170e+00
1.068840668396279447e+00
1.039953082763947378e+00
9.629195210777291569e-01
8.762567641807335050e-01
8.184815929160698111e-01
8.184815929160698111e-01
8.762567641807335050e-01
9.436611306561746293e-01
9.821779114992836845e-01
9.629195210777291569e-01
8.955151546022881437e-01
7.992232024945151725e-01
7.318188360190741593e-01
7.221896408082968399e-01
7.607064216514060062e-01
8.281107881268470194e-01
8.666275689699562967e-01
8.569983737591789774e-01
7.895940072837379642e-01
6.933020551759649930e-01
6.162684934897466604e-01
5.970101030681920218e-01
6.162684934897466604e-01
6.740436647544103543e-01
7.125604455975196316e-01
7.125604455975196316e-01
6.547852743328558267e-01
5.584933222250829665e-01
4.814597605388645785e-01
4.429429796957554122e-01
4.525721749065326760e-01
5.007181509604191616e-01
5.392349318035283279e-01
5.488641270143056472e-01
4.910889557496418423e-01
4.044261988526462459e-01
3.177634419556506495e-01
2.696174659017641639e-01
2.696174659017641639e-01
3.081342467448733302e-01
3.466510275879824965e-01
3.562802227987598158e-01
3.177634419556506495e-01
2.311006850586549977e-01
1.444379281616593735e-01
8.666275689699562412e-02
7.703356168621833255e-02
1.059211473185502073e-01
1.444379281616593735e-01
1.540671233724366651e-01
1.251795377401047904e-01
4.814597605388645785e-02
-3.851678084310916628e-02
-1.059211473185502073e-01
-1.251795377401047904e-01
-1.059211473185502073e-01
-6.740436647544104098e-02
-4.814597605388645785e-02
-6.740436647544104098e-02
-1.348087329508820820e-01
-2.214714898478777061e-01
-2.888758563233187471e-01
-3.177634419556506495e-01
-3.081342467448733302e-01
-2.696174659017641639e-01
-2.407298802694322892e-01
-2.599882706909868446e-01
-3.177634419556506495e-01
-3.947970036418689821e-01
-4.718305653280873146e-01
-5.007181509604191616e-01
-4.910889557496418423e-01
-4.622013701173099953e-01
-4.333137844849781484e-01
-4.333137844849781484e-01
-4.814597605388645785e-01
-5.584933222250829665e-01
-6.355268839113012991e-01
-6.740436647544103543e-01
-6.644144695436331460e-01
-6.355268839113012991e-01
-6.066392982789693411e-01
-5.970101030681920218e-01
-6.355268839113012991e-01
-7.029312503867423123e-01
-7.703356168621833255e-01
-8.088523977052924918e-01
-8.088523977052924918e-01
-7.799648120729606449e-01
-7.510772264406286869e-01
-7.318188360190741593e-01
-7.607064216514060062e-01
-8.184815929160698111e-01
-8.762567641807335050e-01
-9.244027402346199906e-01
-9.244027402346199906e-01
-9.051443498130653520e-01
-8.666275689699562967e-01
-8.377399833376243388e-01
-8.569983737591789774e-01
-9.051443498130653520e-01
-9.629195210777291569e-01
-1.001436301920838323e+00
-1.011065497131615532e+00
-9.821779114992836845e-01
-9.436611306561746293e-01
-9.147735450238426713e-01
-9.147735450238426713e-01
-9.532903258669518376e-01
-1.001436301920838323e+00
-1.039953082763947378e+00
-1.049582277974724809e+00
-1.030323887553170170e+00
-9.821779114992836845e-01
-9.532903258669518376e-01
-9.436611306561746293e-01
-9.629195210777291569e-01
-1.011065497131615532e+00
-1.049582277974724809e+00
-1.059211473185502017e+00
-1.030323887553170170e+00
-9.918071067100610039e-01
-9.436611306561746293e-01
-9.244027402346199906e-01
-9.436611306561746293e-01
-9.725487162885064762e-01
-1.011065497131615532e+00
-1.020694692342392962e+00
-1.001436301920838323e+00
-9.532903258669518376e-01
-9.051443498130653520e-01
-8.762567641807335050e-01
-8.762567641807335050e-01
-9.051443498130653520e-01
-9.340319354453973100e-01
-9.436611306561746293e-01
-9.244027402346199906e-01
-8.858859593915108244e-01
-8.281107881268470194e-01
-7.992232024945151725e-01
-7.895940072837379642e-01
-7.992232024945151725e-01
-8.281107881268470194e-01
-8.377399833376243388e-01
-8.184815929160698111e-01
-7.703356168621833255e-01
-7.221896408082968399e-01
-6.836728599651876737e-01
-6.644144695436331460e-01
-6.644144695436331460e-01
-6.836728599651876737e-01
-6.933020551759649930e-01
-6.836728599651876737e-01
-6.355268839113012991e-01
-5.873809078574148135e-01
-5.392349318035283279e-01
-5.103473461711964809e-01
-5.103473461711964809e-01
-5.199765413819736892e-01
-5.296057365927510086e-01
-5.199765413819736892e-01
-4.718305653280873146e-01
-4.236845892742008290e-01
-3.755386132203143434e-01
-3.370218323772051772e-01
-3.273926371664279134e-01
-3.370218323772051772e-01
-3.466510275879824965e-01
-3.370218323772051772e-01
-2.985050515340960109e-01
-2.407298802694322892e-01
-1.925839042155458314e-01
-1.540671233724366651e-01
-1.444379281616593735e-01
-1.444379281616593735e-01
-1.444379281616593735e-01
-1.348087329508820820e-01
-1.059211473185502073e-01
-5.777517126466374942e-02
-0.000000000000000000e+00
3.851678084310916628e-02
5.777517126466374942e-02
5.777517126466374942e-02
5.777517126466374942e-02
5.777517126466374942e-02
8.666275689699562412e-02
1.348087329508820820e-01
1.829547090047685398e-01
2.311006850586549977e-01
2.503590754802095808e-01
2.599882706909868446e-01
2.503590754802095808e-01
2.599882706909868446e-01
2.792466611125414833e-01
3.177634419556506495e-01
3.755386132203143434e-01
4.140553940634235097e-01
4.333137844849781484e-01
4.429429796957554122e-01
4.429429796957554122e-01
4.429429796957554122e-01
4.622013701173099953e-01
5.007181509604191616e-01
5.392349318035283279e-01
5.777517126466374942e-01
6.066392982789693411e-01
6.162684934897466604e-01
6.162684934897466604e-01
6.066392982789693411e-01
6.258976887005239798e-01
6.547852743328558267e-01
6.933020551759649930e-01
7.318188360190741593e-01
7.510772264406286869e-01
7.607064216514060062e-01
7.607064216514060062e-01
7.510772264406286869e-01
7.607064216514060062e-01
7.799648120729606449e-01
8.184815929160698111e-01
8.473691785484016581e-01
8.762567641807335050e-01
8.762567641807335050e-01
8.762567641807335050e-01
8.666275689699562967e-01
8.666275689699562967e-01
8.858859593915108244e-01
9.051443498130653520e-01
9.340319354453973100e-01
9.532903258669518376e-01
9.629195210777291569e-01
9.532903258669518376e-01
9.436611306561746293e-01
9.436611306561746293e-01
9.436611306561746293e-01
9.629195210777291569e-01
9.918071067100610039e-01
1.011065497131615532e+00
1.011065497131615532e+00
1.001436301920838323e+00
9.918071067100610039e-01
9.821779114992836845e-01
9.821779114992836845e-01
9.918071067100610039e-01
1.001436301920838323e+00
1.020694692342392962e+00
1.020694692342392962e+00
1.011065497131615532e+00
9.918071067100610039e-01
9.725487162885064762e-01
9.725487162885064762e-01
9.725487162885064762e-01
9.821779114992836845e-01
9.918071067100610039e-01
9.918071067100610039e-01
9.725487162885064762e-01
9.532903258669518376e-01
9.340319354453973100e-01
9.244027402346199906e-01
9.244027402346199906e-01
9.244027402346199906e-01
9.244027402346199906e-01
9.244027402346199906e-01
9.051443498130653520e-01
8.858859593915108244e-01
8.569983737591789774e-01
8.377399833376243388e-01
8.281107881268470194e-01
8.281107881268470194e-01
8.281107881268470194e-01
8.184815929160698111e-01
7.992232024945151725e-01
7.799648120729606449e-01
7.510772264406286869e-01
7.221896408082968399e-01
7.125604455975196316e-01
7.029312503867423123e-01
6.933020551759649930e-01
6.836728599651876737e-01
6.644144695436331460e-01
6.355268839113012991e-01
6.066392982789693411e-01
5.873809078574148135e-01
5.584933222250829665e-01
5.488641270143056472e-01
5.392349318035283279e-01
5.296057365927510086e-01
5.007181509604191616e-01
4.814597605388645785e-01
4.429429796957554122e-01
4.140553940634235097e-01
3.947970036418689821e-01
3.755386132203143434e-01
3.659094180095370796e-01
3.466510275879824965e-01
3.273926371664279134e-01
2.985050515340960109e-01
2.696174659017641639e-01
2.311006850586549977e-01
2.118422946371004145e-01
1.829547090047685398e-01
1.733255137939912482e-01
1.540671233724366651e-01
1.348087329508820820e-01
1.059211473185502073e-01
7.703356168621833255e-02
3.851678084310916628e-02
1.925839042155458314e-02
-9.629195210777291569e-03
-2.888758563233187471e-02
-4.814597605388645785e-02
-6.740436647544104098e-02
-8.666275689699562412e-02
-1.251795377401047904e-01
-1.540671233724366651e-01
-1.829547090047685398e-01
-2.022130994263231230e-01
-2.214714898478777061e-01
-2.407298802694322892e-01
-2.599882706909868446e-01
-2.792466611125414833e-01
-3.081342467448733302e-01
-3.370218323772051772e-01
-3.659094180095370796e-01
-3.851678084310916628e-01
-4.044261988526462459e-01
-4.236845892742008290e-01
-4.429429796957554122e-01
-4.622013701173099953e-01
-4.910889557496418423e-01
-5.199765413819736892e-01
-5.392349318035283279e-01
-5.584933222250829665e-01
-5.777517126466374942e-01
-5.970101030681920218e-01
-6.066392982789693411e-01
-6.258976887005239798e-01
-6.451560791220785074e-01
-6.740436647544103543e-01
-6.933020551759649930e-01
-7.125604455975196316e-01
-7.318188360190741593e-01
-7.414480312298514786e-01
-7.510772264406286869e-01
-7.703356168621833255e-01
-7.895940072837379642e-01
-7.992232024945151725e-01
-8.184815929160698111e-01
-8.377399833376243388e-01
-8.473691785484016581e-01
-8.569983737591789774e-01
-8.666275689699562967e-01
-8.762567641807335050e-01
-8.858859593915108244e-01
-9.051443498130653520e-01
-9.147735450238426713e-01
-9.244027402346199906e-01
-9.340319354453973100e-01
-9.436611306561746293e-01
-9.436611306561746293e-01
-9.532903258669518376e-01
-9.629195210777291569e-01
-9.725487162885064762e-01
-9.725487162885064762e-01
-9.821779114992836845e-01
-9.918071067100610039e-01
-9.918071067100610039e-01
-9.918071067100610039e-01
-9.918071067100610039e-01
-9.918071067100610039e-01
-1.001436301920838323e+00
-1.001436301920838323e+00
-1.001436301920838323e+00
-1.001436301920838323e+00
-1.001436301920838323e+00
-1.001436301920838323e+00
-9.918071067100610039e-01
-9.918071067100610039e-01
-9.918071067100610039e-01
-9.821779114992836845e-01
-9.821779114992836845e-01
-9.821779114992836845e-01
-9.725487162885064762e-01
-9.629195210777291569e-01
-9.532903258669518376e-01
-9.436611306561746293e-01
-9.436611306561746293e-01
-9.340319354453973100e-01
-9.244027402346199906e-01
-9.147735450238426713e-01
-9.051443498130653520e-01
-8.955151546022881437e-01
-8.858859593915108244e-01
-8.666275689699562967e-01
-8.569983737591789774e-01
-8.473691785484016581e-01
-8.281107881268470194e-01
-8.184815929160698111e-01
-7.992232024945151725e-01
-7.895940072837379642e-01
-7.703356168621833255e-01
-7.607064216514060062e-01
-7.414480312298514786e-01
-7.221896408082968399e-01
-7.029312503867423123e-01
-6.933020551759649930e-01
-6.740436647544103543e-01
-6.547852743328558267e-01
-6.355268839113012991e-01
-6.162684934897466604e-01
-5.970101030681920218e-01
-5.777517126466374942e-01
-5.584933222250829665e-01
-5.392349318035283279e-01
-5.103473461711964809e-01
-4.910889557496418423e-01
-4.718305653280873146e-01
-4.525721749065326760e-01
-4.236845892742008290e-01
-4.044261988526462459e-01
-3.851678084310916628e-01
-3.562802227987598158e-01
-3.370218323772051772e-01
-3.177634419556506495e-01
-2.888758563233187471e-01
-2.696174659017641639e-01
-2.407298802694322892e-01
-2.214714898478777061e-01
-1.925839042155458314e-01
-1.733255137939912482e-01
-1.444379281616593735e-01
-1.251795377401047904e-01
-9.629195210777291569e-02
-7.703356168621833255e-02
-4.814597605388645785e-02
-2.888758563233187471e-02
-0.000000000000000000e+00
2.888758563233187471e-02
4.814597605388645785e-02
7.703356168621833255e-02
9.629195210777291569e-02
1.251795377401047904e-01
1.444379281616593735e-01
1.733255137939912482e-01
1.925839042155458314e-01
2.214714898478777061e-01
2.407298802694322892e-01
2.696174659017641639e-01
2.888758563233187471e-01
3.177634419556506495e-01
3.370218323772051772e-01
3.562802227987598158e-01
3.851678084310916628e-01
4.044261988526462459e-01
4.236845892742008290e-01
4.525721749065326760e-01
4.718305653280873146e-01
4.910889557496418423e-01
5.103473461711964809e-01
5.392349318035283279e-01
5.584933222250829665e-01
5.777517126466374942e-01
5.970101030681920218e-01
6.162684934897466604e-01
6.355268839113012991e-01
6.547852743328558267e-01
6.740436647544103543e-01
6.933020551759649930e-01
7.029312503867423123e-01
7.221896408082968399e-01
7.414480312298514786e-01
7.607064216514060062e-01
7.703356168621833255e-01
7.895940072837379642e-01
7.992232024945151725e-01
8.184815929160698111e-01
8.281107881268470194e-01
8.473691785484016581e-01
8.569983737591789774e-01
8.666275689699562967e-01
8.858859593915108244e-01
8.955151546022881437e-01
9.051443498130653520e-01
9.147735450238426713e-01
9.244027402346199906e-01
9.340319354453973100e-01
9.436611306561746293e-01
9.436611306561746293e-01
9.532903258669518376e-01
9.629195210777291569e-01
9.725487162885064762e-01
9.821779114992836845e-01
9.821779114992836845e-01
9.821779114992836845e-01
9.918071067100610039e-01
9.918071067100610039e-01
9.918071067100610039e-01
1.001436301920838323e+00
1.001436301920838323e+00
1.001436301920838323e+00
1.001436301920838323e+00
1.001436301920838323e+00
1.001436301920838323e+00
9.918071067100610039e-01
9.918071067100610039e-01
9.918071067100610039e-01
9.918071067100610039e-01
9.918071067100610039e-01
9.821779114992836845e-01
9.725487162885064762e-01
9.725487162885064762e-01
9.629195210777291569e-01
9.532903258669518376e-01
9.436611306561746293e-01
9.436611306561746293e-01
9.340319354453973100e-01
9.244027402346199906e-01
9.147735450238426713e-01
9.051443498130653520e-01
8.858859593915108244e-01
8.762567641807335050e-01
8.666275689699562967e-01
8.569983737591789774e-01
8.473691785484016581e-01
8.377399833376243388e-01
8.184815929160698111e-01
7.992232024945151725e-01
7.895940072837379642e-01
7.703356168621833255e-01
7.510772264406286869e-01
7.414480312298514786e-01
7.318188360190741593e-01
7.125604455975196316e-01
6.933020551759649930e-01
6.740436647544103543e-01
6.451560791220785074e-01
6.258976887005239798e-01
6.066392982789693411e-01
5.970101030681920218e-01
5.777517126466374942e-01
5.584933222250829665e-01
5.392349318035283279e-01
5.199765413819736892e-01
4.910889557496418423e-01
4.622013701173099953e-01
4.429429796957554122e-01
4.236845892742008290e-01
4.044261988526462459e-01
3.851678084310916628e-01
3.659094180095370796e-01
3.370218323772051772e-01
3.081342467448733302e-01
2.792466611125414833e-01
2.599882706909868446e-01
2.407298802694322892e-01
2.214714898478777061e-01
2.022130994263231230e-01
1.829547090047685398e-01
1.540671233724366651e-01
1.251795377401047904e-01
8.666275689699562412e-02
6.740436647544104098e-02
4.814597605388645785e-02
2.888758563233187471e-02
9.629195210777291569e-03
-1.925839042155458314e-02
-3.851678084310916628e-02
-7.703356168621833255e-02
-1.059211473185502073e-01
-1.348087329508820820e-01
-1.540671233724366651e-01
-1.733255137939912482e-01
-1.829547090047685398e-01
-2.118422946371004145e-01
-2.311006850586549977e-01
-2.696174659017641639e-01
-2.985050515340960109e-01
-3.273926371664279134e-01
-3.466510275879824965e-01
-3.659094180095370796e-01
-3.755386132203143434e-01
-3.947970036418689821e-01
-4.140553940634235097e-01
-4.429429796957554122e-01
-4.814597605388645785e-01
-5.007181509604191616e-01
-5.296057365927510086e-01
-5.392349318035283279e-01
-5.488641270143056472e-01
-5.584933222250829665e-01
-5.873809078574148135e-01
-6.066392982789693411e-01
-6.355268839113012991e-01
-6.644144695436331460e-01
-6.836728599651876737e-01
-6.933020551759649930e-01
-7.029312503867423123e-01
-7.125604455975196316e-01
-7.221896408082968399e-01
-7.510772264406286869e-01
-7.799648120729606449e-01
-7.992232024945151725e-01
-8.184815929160698111e-01
-8.281107881268470194e-01
-8.281107881268470194e-01
-8.281107881268470194e-01
-8.377399833376243388e-01
-8.569983737591789774e-01
-8.858859593915108244e-01
-9.051443498130653520e-01
-9.244027402346199906e-01
-9.244027402346199906e-01
-9.244027402346199906e-01
-9.244027402346199906e-01
-9.244027402346199906e-01
-9.340319354453973100e-01
-9.532903258669518376e-01
-9.725487162885064762e-01
-9.918071067100610039e-01
-9.918071067100610039e-01
-9.821779114992836845e-01
-9.725487162885064762e-01
-9.725487162885064762e-01
-9.725487162885064762e-01
-9.918071067100610039e-01
-1.011065497131615532e+00
-1.020694692342392962e+00
-1.020694692342392962e+00
-1.001436301920838323e+00
-9.918071067100610039e-01
-9.821779114992836845e-01
-9.821779114992836845e-01
-9.918071067100610039e-01
-1.001436301920838323e+00
-1.011065497131615532e+00
-1.011065497131615532e+00
-9.918071067100610039e-01
-9.629195210777291569e-01
-9.436611306561746293e-01
-9.436611306561746293e-01
-9.436611306561746293e-01
-9.532903258669518376e-01
-9.629195210777291569e-01
-9.532903258669518376e-01
-9.340319354453973100e-01
-9.051443498130653520e-01
-8.858859593915108244e-01
-8.666275689699562967e-01
-8.666275689699562967e-01
-8.762567641807335050e-01
-8.762567641807335050e-01
-8.762567641807335050e-01
-8.473691785484016581e-01
-8.184815929160698111e-01
-7.799648120729606449e-01
-7.607064216514060062e-01
-7.510772264406286869e-01
-7.607064216514060062e-01
-7.607064216514060062e-01
-7.510772264406286869e-01
-7.318188360190741593e-01
-6.933020551759649930e-01
-6.547852743328558267e-01
-6.258976887005239798e-01
-6.066392982789693411e-01
-6.162684934897466604e-01
-6.162684934897466604e-01
-6.066392982789693411e-01
-5.777517126466374942e-01
-5.392349318035283279e-01
-5.007181509604191616e-01
-4.622013701173099953e-01
-4.429429796957554122e-01
-4.429429796957554122e-01
-4.429429796957554122e-01
-4.333137844849781484e-01
-4.140553940634235097e-01
-3.755386132203143434e-01
-3.177634419556506495e-01
-2.792466611125414833e-01
-2.599882706909868446e-01
-2.503590754802095808e-01
-2.599882706909868446e-01
-2.503590754802095808e-01
-2.311006850586549977e-01
-1.829547090047685398e-01
-1.348087329508820820e-01
-8.666275689699562412e-02
-5.777517126466374942e-02
-5.777517126466374942e-02
-5.777517126466374942e-02
-5.777517126466374942e-02
-3.851678084310916628e-02
0.000000000000000000e+00
5.777517126466374942e-02
1.059211473185502073e-01
1.348087329508820820e-01
1.444379281616593735e-01
1.444379281616593735e-01
1.444379281616593735e-01
1.540671233724366651e-01
1.925839042155458314e-01
2.407298802694322892e-01
2.985050515340960109e-01
3.370218323772051772e-01
3.466510275879824965e-01
3.370218323772051772e-01
3.273926371664279134e-01
3.370218323772051772e-01
3.755386132203143434e-01
4.236845892742008290e-01
4.718305653280873146e-01
5.199765413819736892e-01
5.296057365927510086e-01
5.199765413819736892e-01
5.103473461711964809e-01
5.103473461711964809e-01
5.392349318035283279e-01
5.873809078574148135e-01
6.355268839113012991e-01
6.836728599651876737e-01
6.933020551759649930e-01
6.836728599651876737e-01
6.644144695436331460e-01
6.644144695436331460e-01
6.836728599651876737e-01
7.221896408082968399e-01
7.703356168621833255e-01
8.184815929160698111e-01
8.377399833376243388e-01
8.281107881268470194e-01
7.992232024945151725e-01
7.895940072837379642e-01
7.992232024945151725e-01
8.281107881268470194e-01
8.858859593915108244e-01
9.244027402346199906e-01
9.436611306561746293e-01
9.340319354453973100e-01
9.051443498130653520e-01
8.762567641807335050e-01
8.762567641807335050e-01
9.051443498130653520e-01
9.532903258669518376e-01
1.001436301920838323e+00
1.020694692342392962e+00
1.011065497131615532e+00
9.725487162885064762e-01
9.436611306561746293e-01
9.244027402346199906e-01
9.436611306561746293e-01
9.918071067100610039e-01
1.030323887553170170e+00
1.059211473185502017e+00
1.049582277974724809e+00
1.011065497131615532e+00
9.629195210777291569e-01
9.436611306561746293e-01
9.532903258669518376e-01
9.821779114992836845e-01
1.030323887553170170e+00
1.049582277974724809e+00
1.039953082763947378e+00
1.001436301920838323e+00
9.532903258669518376e-01
9.147735450238426713e-01
9.147735450238426713e-01
9.436611306561746293e-01
9.821779114992836845e-01
1.011065497131615532e+00
1.001436301920838323e+00
9.629195210777291569e-01
9.051443498130653520e-01
8.569983737591789774e-01
8.377399833376243388e-01
8.666275689699562967e-01
9.051443498130653520e-01
9.244027402346199906e-01
9.244027402346199906e-01
8.762567641807335050e-01
8.184815929160698111e-01
7.607064216514060062e-01
7.318188360190741593e-01
7.510772264406286869e-01
7.799648120729606449e-01
8.088523977052924918e-01
8.088523977052924918e-01
7.703356168621833255e-01
7.029312503867423123e-01
6.355268839113012991e-01
5.970101030681920218e-01
6.066392982789693411e-01
6.355268839113012991e-01
6.644144695436331460e-01
6.740436647544103543e-01
6.355268839113012991e-01
5.584933222250829665e-01
4.814597605388645785e-01
4.333137844849781484e-01
4.333137844849781484e-01
4.622013701173099953e-01
4.910889557496418423e-01
5.007181509604191616e-01
4.718305653280873146e-01
3.947970036418689821e-01
3.177634419556506495e-01
2.599882706909868446e-01
2.407298802694322892e-01
2.696174659017641639e-01
3.081342467448733302e-01
3.177634419556506495e-01
2.888758563233187471e-01
2.214714898478777061e-01
1.348087329508820820e-01
6.740436647544104098e-02
4.814597605388645785e-02
6.740436647544104098e-02
1.059211473185502073e-01
1.251795377401047904e-01
1.059211473185502073e-01
3.851678084310916628e-02
-4.814597605388645785e-02
-1.251795377401047904e-01
-1.540671233724366651e-01
-1.444379281616593735e-01
-1.059211473185502073e-01
-7.703356168621833255e-02
-8.666275689699562412e-02
-1.444379281616593735e-01
-2.311006850586549977e-01
-3.177634419556506495e-01
-3.562802227987598158e-01
-3.466510275879824965e-01
-3.081342467448733302e-01
-2.696174659017641639e-01
-2.696174659017641639e-01
-3.177634419556506495e-01
-4.044261988526462459e-01
-4.910889557496418423e-01
-5.488641270143056472e-01
-5.392349318035283279e-01
-5.007181509604191616e-01
-4.525721749065326760e-01
-4.429429796957554122e-01
-4.814597605388645785e-01
-5.584933222250829665e-01
-6.547852743328558267e-01
-7.125604455975196316e-01
-7.125604455975196316e-01
-6.740436647544103543e-01
-6.162684934897466604e-01
-5.970101030681920218e-01
-6.162684934897466604e-01
-6.933020551759649930e-01
-7.895940072837379642e-01
-8.569983737591789774e-01
-8.666275689699562967e-01
-8.281107881268470194e-01
-7.607064216514060062e-01
-7.221896408082968399e-01
-7.318188360190741593e-01
-7.992232024945151725e-01
-8.955151546022881437e-01
-9.629195210777291569e-01
-9.821779114992836845e-01
-9.436611306561746293e-01
-8.762567641807335050e-01
-8.184815929160698111e-01
-8.184815929160698111e-01
-8.762567641807335050e-01
-9.629195210777291569e-01
-1.039953082763947378e+00
-1.068840668396279447e+00
-1.030323887553170170e+00
-9.532903258669518376e-01
-8.858859593915108244e-01
-8.666275689699562967e-01
-9.147735450238426713e-01
-9.918071067100610039e-01
-1.078469863607056656e+00
-1.107357449239388503e+00
-1.078469863607056656e+00
-1.001436301920838323e+00
-9.244027402346199906e-01
-8.858859593915108244e-01
-9.147735450238426713e-01
-9.918071067100610039e-01
-1.068840668396279447e+00
-1.116986644450165933e+00
-1.088099058817833864e+00
-1.011065497131615532e+00
-9.147735450238426713e-01
-8.666275689699562967e-01
-8.762567641807335050e-01
-9.436611306561746293e-01
-1.030323887553170170e+00
-1.078469863607056656e+00
-1.059211473185502017e+00
-9.821779114992836845e-01
-8.762567641807335050e-01
-8.088523977052924918e-01
-7.992232024945151725e-01
-8.569983737591789774e-01
-9.436611306561746293e-01
-1.001436301920838323e+00
-9.918071067100610039e-01
-9.147735450238426713e-01
-7.992232024945151725e-01
-7.125604455975196316e-01
-6.933020551759649930e-01
-7.414480312298514786e-01
-8.184815929160698111e-01
-8.858859593915108244e-01
-8.858859593915108244e-01
-8.088523977052924918e-01
-7.029312503867423123e-01
-5.970101030681920218e-01
-5.584933222250829665e-01
-5.873809078574148135e-01
-6.740436647544103543e-01
-7.414480312298514786e-01
-7.510772264406286869e-01
-6.836728599651876737e-01
-5.681225174358601748e-01
-4.525721749065326760e-01
-3.947970036418689821e-01
-4.140553940634235097e-01
-4.910889557496418423e-01
-5.681225174358601748e-01
-5.873809078574148135e-01
-5.392349318035283279e-01
-4.140553940634235097e-01
-2.888758563233187471e-01
-2.214714898478777061e-01
-2.214714898478777061e-01
-2.888758563233187471e-01
-3.755386132203143434e-01
-4.140553940634235097e-01
-3.659094180095370796e-01
-2.503590754802095808e-01
-1.155503425293274988e-01
-2.888758563233187471e-02
-1.925839042155458314e-02
-7.703356168621833255e-02
-1.636963185832139567e-01
-2.118422946371004145e-01
-1.829547090047685398e-01
-7.703356168621833255e-02
5.777517126466374942e-02
1.636963185832139567e-01
1.925839042155458314e-01
1.444379281616593735e-01
4.814597605388645785e-02
-1.925839042155458314e-02
-0.000000000000000000e+00
9.629195210777291569e-02
2.311006850586549977e-01
3.562802227987598158e-01
3.947970036418689821e-01
3.562802227987598158e-01
2.599882706909868446e-01
1.829547090047685398e-01
1.733255137939912482e-01
2.599882706909868446e-01
4.044261988526462459e-01
5.296057365927510086e-01
5.873809078574148135e-01
5.584933222250829665e-01
4.622013701173099953e-01
3.755386132203143434e-01
3.466510275879824965e-01
4.140553940634235097e-01
5.488641270143056472e-01
6.836728599651876737e-01
7.607064216514060062e-01
7.414480312298514786e-01
6.547852743328558267e-01
5.488641270143056472e-01
5.007181509604191616e-01
5.488641270143056472e-01
6.740436647544103543e-01
8.184815929160698111e-01
9.147735450238426713e-01
9.051443498130653520e-01
8.184815929160698111e-01
7.029312503867423123e-01
6.355268839113012991e-01
6.644144695436331460e-01
7.799648120729606449e-01
9.244027402346199906e-01
1.020694692342392962e+00
1.030323887553170170e+00
9.532903258669518376e-01
8.281107881268470194e-01
7.414480312298514786e-01
7.414480312298514786e-01
8.473691785484016581e-01
9.918071067100610039e-01
1.107357449239388503e+00
1.126615839660943141e+00
1.049582277974724809e+00
9.147735450238426713e-01
8.088523977052924918e-01
7.895940072837379642e-01
8.762567641807335050e-01
1.020694692342392962e+00
1.145874230082497780e+00
1.174761815714829627e+00
1.107357449239388503e+00
9.821779114992836845e-01
8.569983737591789774e-01
8.088523977052924918e-01
8.666275689699562967e-01
1.001436301920838323e+00
1.136245034871720350e+00
1.194020206136384044e+00
1.136245034871720350e+00
1.001436301920838323e+00
8.569983737591789774e-01
7.895940072837379642e-01
8.281107881268470194e-01
9.532903258669518376e-01
1.088099058817833864e+00
1.165132620504052197e+00
1.116986644450165933e+00
9.821779114992836845e-01
8.281107881268470194e-01
7.318188360190741593e-01
7.510772264406286869e-01
8.666275689699562967e-01
1.001436301920838323e+00
1.088099058817833864e+00
1.059211473185502017e+00
9.340319354453973100e-01
7.703356168621833255e-01
6.547852743328558267e-01
6.451560791220785074e-01
7.414480312298514786e-01
8.762567641807335050e-01
9.821779114992836845e-01
9.725487162885064762e-01
8.473691785484016581e-01
6.740436647544103543e-01
5.392349318035283279e-01
5.007181509604191616e-01
5.777517126466374942e-01
7.221896408082968399e-01
8.377399833376243388e-01
8.473691785484016581e-01
7.414480312298514786e-01
5.584933222250829665e-01
4.044261988526462459e-01
3.370218323772051772e-01
3.947970036418689821e-01
5.392349318035283279e-01
6.644144695436331460e-01
6.933020551759649930e-01
5.970101030681920218e-01
4.236845892742008290e-01
2.503590754802095808e-01
1.540671233724366651e-01
1.925839042155458314e-01
3.273926371664279134e-01
4.622013701173099953e-01
5.199765413819736892e-01
4.429429796957554122e-01
2.696174659017641639e-01
7.703356168621833255e-02
-2.888758563233187471e-02
-1.925839042155458314e-02
1.059211473185502073e-01
2.503590754802095808e-01
3.273926371664279134e-01
2.696174659017641639e-01
1.059211473185502073e-01
-8.666275689699562412e-02
-2.214714898478777061e-01
-2.311006850586549977e-01
-1.251795377401047904e-01
2.888758563233187471e-02
1.251795377401047904e-01
9.629195210777291569e-02
-5.777517126466374942e-02
-2.599882706909868446e-01
-4.140553940634235097e-01
-4.525721749065326760e-01
-3.562802227987598158e-01
-1.925839042155458314e-01
-7.703356168621833255e-02
-7.703356168621833255e-02
-2.118422946371004145e-01
-4.140553940634235097e-01
-5.873809078574148135e-01
-6.451560791220785074e-01
-5.681225174358601748e-01
-4.140553940634235097e-01
-2.696174659017641639e-01
-2.407298802694322892e-01
-3.562802227987598158e-01
-5.584933222250829665e-01
-7.510772264406286869e-01
-8.281107881268470194e-01
-7.703356168621833255e-01
-6.162684934897466604e-01
-4.525721749065326760e-01
-3.947970036418689821e-01
-4.814597605388645785e-01
-6.740436647544103543e-01
-8.762567641807335050e-01
-9.821779114992836845e-01
-9.436611306561746293e-01
-7.895940072837379642e-01
-6.162684934897466604e-01
-5.296057365927510086e-01
-5.873809078574148135e-01
-7.703356168621833255e-01
-9.725487162885064762e-01
-1.107357449239388503e+00
-1.088099058817833864e+00
-9.436611306561746293e-01
-7.510772264406286869e-01
-6.355268839113012991e-01
-6.644144695436331460e-01
-8.281107881268470194e-01
-1.039953082763947378e+00
-1.184391010925606835e+00
-1.194020206136384044e+00
-1.059211473185502017e+00
-8.569983737591789774e-01
-7.125604455975196316e-01
-7.029312503867423123e-01
-8.473691785484016581e-01
-1.059211473185502017e+00
-1.232536986979493321e+00
-1.261424572611825168e+00
-1.136245034871720350e+00
-9.340319354453973100e-01
-7.607064216514060062e-01
-7.221896408082968399e-01
-8.377399833376243388e-01
-1.039953082763947378e+00
-1.222907791768716113e+00
-1.280682963033379806e+00
-1.184391010925606835e+00
-9.725487162885064762e-01
-7.799648120729606449e-01
-7.029312503867423123e-01
-7.895940072837379642e-01
-9.821779114992836845e-01
-1.174761815714829627e+00
-1.261424572611825168e+00
-1.184391010925606835e+00
-9.725487162885064762e-01
-7.607064216514060062e-01
-6.451560791220785074e-01
-7.029312503867423123e-01
-8.858859593915108244e-01
-1.088099058817833864e+00
-1.194020206136384044e+00
-1.136245034871720350e+00
-9.436611306561746293e-01
-7.125604455975196316e-01
-5.681225174358601748e-01
-5.873809078574148135e-01
-7.510772264406286869e-01
-9.629195210777291569e-01
-1.097728254028611294e+00
-1.059211473185502017e+00
-8.762567641807335050e-01
-6.355268839113012991e-01
-4.525721749065326760e-01
-4.333137844849781484e-01
-5.777517126466374942e-01
-7.992232024945151725e-01
-9.532903258669518376e-01
-9.532903258669518376e-01
-7.799648120729606449e-01
-5.296057365927510086e-01
-3.273926371664279134e-01
-2.696174659017641639e-01
-3.851678084310916628e-01
-5.970101030681920218e-01
-7.799648120729606449e-01
-8.088523977052924918e-01
-6.644144695436331460e-01
-4.044261988526462459e-01
-1.733255137939912482e-01
-8.666275689699562412e-02
-1.733255137939912482e-01
-3.851678084310916628e-01
-5.777517126466374942e-01
-6.355268839113012991e-01
-5.199765413819736892e-01
-2.696174659017641639e-01
-1.925839042155458314e-02
1.059211473185502073e-01
4.814597605388645785e-02
-1.444379281616593735e-01
-3.562802227987598158e-01
-4.525721749065326760e-01
-3.659094180095370796e-01
-1.251795377401047904e-01
1.444379281616593735e-01
3.081342467448733302e-01
2.792466611125414833e-01
9.629195210777291569e-02
-1.251795377401047904e-01
-2.599882706909868446e-01
-2.022130994263231230e-01
2.888758563233187471e-02
3.081342467448733302e-01
5.007181509604191616e-01
5.007181509604191616e-01
3.370218323772051772e-01
1.059211473185502073e-01
-5.777517126466374942e-02
-2.888758563233187471e-02
1.733255137939912482e-01
4.525721749065326760e-01
6.740436647544103543e-01
7.125604455975196316e-01
5.681225174358601748e-01
3.370218323772051772e-01
1.444379281616593735e-01
1.251795377401047904e-01
2.985050515340960109e-01
5.873809078574148135e-01
8.281107881268470194e-01
9.051443498130653520e-01
7.895940072837379642e-01
5.488641270143056472e-01
3.370218323772051772e-01
2.792466611125414833e-01
4.140553940634235097e-01
6.933020551759649930e-01
9.532903258669518376e-01
1.068840668396279447e+00
9.821779114992836845e-01
7.414480312298514786e-01
5.007181509604191616e-01
4.044261988526462459e-01
5.103473461711964809e-01
7.703356168621833255e-01
1.049582277974724809e+00
1.203649401347161474e+00
1.145874230082497780e+00
9.147735450238426713e-01
6.547852743328558267e-01
5.103473461711964809e-01
5.777517126466374942e-01
8.184815929160698111e-01
1.107357449239388503e+00
1.290312158244157015e+00
1.261424572611825168e+00
1.049582277974724809e+00
7.703356168621833255e-01
5.970101030681920218e-01
6.162684934897466604e-01
8.377399833376243388e-01
1.126615839660943141e+00
1.338458134298043500e+00
1.348087329508820709e+00
1.155503425293274988e+00
8.666275689699562967e-01
6.451560791220785074e-01
6.258976887005239798e-01
8.088523977052924918e-01
1.097728254028611294e+00
1.338458134298043500e+00
1.386604110351929986e+00
1.213278596557938682e+00
9.244027402346199906e-01
6.740436647544103543e-01
5.970101030681920218e-01
7.510772264406286869e-01
1.030323887553170170e+00
1.290312158244157015e+00
1.376974915141152778e+00
1.232536986979493321e+00
9.436611306561746293e-01
6.644144695436331460e-01
5.392349318035283279e-01
6.547852743328558267e-01
9.244027402346199906e-01
1.203649401347161474e+00
1.319199743876488862e+00
1.213278596557938682e+00
9.340319354453973100e-01
6.258976887005239798e-01
4.622013701173099953e-01
5.296057365927510086e-01
7.799648120729606449e-01
1.068840668396279447e+00
1.222907791768716113e+00
1.155503425293274988e+00
8.858859593915108244e-01
5.584933222250829665e-01
3.562802227987598158e-01
3.755386132203143434e-01
5.970101030681920218e-01
8.955151546022881437e-01
1.088099058817833864e+00
1.059211473185502017e+00
8.088523977052924918e-01
4.718305653280873146e-01
2.214714898478777061e-01
1.925839042155458314e-01
3.947970036418689821e-01
6.933020551759649930e-01
9.147735450238426713e-01
9.244027402346199906e-01
7.029312503867423123e-01
3.659094180095370796e-01
7.703356168621833255e-02
0.000000000000000000e+00
1.636963185832139567e-01
4.622013701173099953e-01
7.221896408082968399e-01
7.703356168621833255e-01
5.777517126466374942e-01
2.407298802694322892e-01
-7.703356168621833255e-02
-2.022130994263231230e-01
-7.703356168621833255e-02
2.118422946371004145e-01
4.910889557496418423e-01
5.970101030681920218e-01
4.429429796957554122e-01
1.059211473185502073e-01
-2.311006850586549977e-01
-4.044261988526462459e-01
-3.177634419556506495e-01
-4.814597605388645785e-02
2.599882706909868446e-01
4.044261988526462459e-01
2.985050515340960109e-01
-1.925839042155458314e-02
-3.851678084310916628e-01
-5.970101030681920218e-01
-5.584933222250829665e-01
-3.081342467448733302e-01
9.629195210777291569e-03
2.022130994263231230e-01
1.444379281616593735e-01
-1.444379281616593735e-01
-5.199765413819736892e-01
-7.799648120729606449e-01
-7.895940072837379642e-01
-5.584933222250829665e-01
-2.311006850586549977e-01
0.000000000000000000e+00
-9.629195210777291569e-03
-2.696174659017641639e-01
-6.451560791220785074e-01
-9.340319354453973100e-01
-9.918071067100610039e-01
-7.895940072837379642e-01
-4.622013701173099953e-01
-1.925839042155458314e-01
-1.444379281616593735e-01
-3.659094180095370796e-01
-7.414480312298514786e-01
-1.059211473185502017e+00
-1.165132620504052197e+00
-1.001436301920838323e+00
-6.740436647544103543e-01
-3.659094180095370796e-01
-2.696174659017641639e-01
-4.429429796957554122e-01
-8.088523977052924918e-01
-1.155503425293274988e+00
-1.309570548665711653e+00
-1.184391010925606835e+00
-8.666275689699562967e-01
-5.296057365927510086e-01
-3.755386132203143434e-01
-5.007181509604191616e-01
-8.377399833376243388e-01
-1.213278596557938682e+00
-1.405862500773484625e+00
-1.328828939087266292e+00
-1.020694692342392962e+00
-6.644144695436331460e-01
-4.525721749065326760e-01
-5.296057365927510086e-01
-8.377399833376243388e-01
-1.222907791768716113e+00
-1.463637672038148319e+00
-1.434750086405816472e+00
-1.145874230082497780e+00
-7.703356168621833255e-01
-5.103473461711964809e-01
-5.199765413819736892e-01
-7.992232024945151725e-01
-1.194020206136384044e+00
-1.473266867248925527e+00
-1.492525257670480165e+00
-1.232536986979493321e+00
-8.377399833376243388e-01
-5.392349318035283279e-01
-4.910889557496418423e-01
-7.318188360190741593e-01
-1.116986644450165933e+00
-1.425120891195039263e+00
-1.492525257670480165e+00
-1.271053767822602598e+00
-8.858859593915108244e-01
-5.392349318035283279e-01
-4.333137844849781484e-01
-6.162684934897466604e-01
-9.918071067100610039e-01
-1.338458134298043500e+00
-1.454008476827371110e+00
-1.280682963033379806e+00
-8.858859593915108244e-01
-5.103473461711964809e-01
-3.466510275879824965e-01
-4.814597605388645785e-01
-8.377399833376243388e-01
-1.203649401347161474e+00
-1.376974915141152778e+00
-1.242166182190270529e+00
-8.666275689699562967e-01
-4.525721749065326760e-01
-2.311006850586549977e-01
-3.081342467448733302e-01
-6.355268839113012991e-01
-1.030323887553170170e+00
-1.242166182190270529e+00
-1.165132620504052197e+00
-8.088523977052924918e-01
-3.851678084310916628e-01
-1.059211473185502073e-01
-1.251795377401047904e-01
-4.140553940634235097e-01
-8.184815929160698111e-01
-1.078469863607056656e+00
-1.049582277974724809e+00
-7.318188360190741593e-01
-2.888758563233187471e-01
3.851678084310916628e-02
8.666275689699562412e-02
-1.733255137939912482e-01
-5.681225174358601748e-01
-8.762567641807335050e-01
-9.051443498130653520e-01
-6.258976887005239798e-01
-1.829547090047685398e-01
1.925839042155458314e-01
2.985050515340960109e-01
8.666275689699562412e-02
-3.081342467448733302e-01
-6.547852743328558267e-01
-7.414480312298514786e-01
-5.103473461711964809e-01
-6.740436647544104098e-02
3.370218323772051772e-01
5.103473461711964809e-01
3.466510275879824965e-01
-3.851678084310916628e-02
-4.140553940634235097e-01
-5.584933222250829665e-01
-3.851678084310916628e-01
3.851678084310916628e-02
4.814597605388645785e-01
7.125604455975196316e-01
6.066392982789693411e-01
2.407298802694322892e-01
-1.636963185832139567e-01
-3.659094180095370796e-01
-2.503590754802095808e-01
1.540671233724366651e-01
6.162684934897466604e-01
8.955151546022881437e-01
8.569983737591789774e-01
5.199765413819736892e-01
9.629195210777291569e-02
-1.733255137939912482e-01
-1.155503425293274988e-01
2.503590754802095808e-01
7.221896408082968399e-01
1.059211473185502017e+00
1.078469863607056656e+00
7.799648120729606449e-01
3.370218323772051772e-01
1.925839042155458314e-02
9.629195210777291569e-03
3.370218323772051772e-01
8.088523977052924918e-01
1.194020206136384044e+00
1.271053767822602598e+00
1.011065497131615532e+00
5.681225174358601748e-01
2.022130994263231230e-01
1.251795377401047904e-01
3.947970036418689821e-01
8.666275689699562967e-01
1.290312158244157015e+00
1.425120891195039263e+00
1.213278596557938682e+00
7.799648120729606449e-01
3.755386132203143434e-01
2.214714898478777061e-01
4.333137844849781484e-01
8.858859593915108244e-01
1.338458134298043500e+00
1.540671233724366651e+00
1.386604110351929986e+00
9.629195210777291569e-01
5.199765413819736892e-01
3.081342467448733302e-01
4.429429796957554122e-01
8.762567641807335050e-01
1.348087329508820709e+00
1.608075600199807775e+00
1.511783648092034804e+00
1.107357449239388503e+00
6.355268839113012991e-01
3.562802227987598158e-01
4.333137844849781484e-01
8.184815929160698111e-01
1.309570548665711653e+00
1.627333990621362192e+00
1.588817209778253137e+00
1.222907791768716113e+00
7.318188360190741593e-01
3.851678084310916628e-01
3.851678084310916628e-01
7.318188360190741593e-01
1.222907791768716113e+00
1.588817209778253137e+00
1.617704795410584984e+00
1.290312158244157015e+00
7.895940072837379642e-01
3.947970036418689821e-01
3.177634419556506495e-01
6.066392982789693411e-01
1.088099058817833864e+00
1.502154452881257374e+00
1.598446404989030345e+00
1.319199743876488862e+00
8.184815929160698111e-01
3.659094180095370796e-01
2.214714898478777061e-01
4.429429796957554122e-01
9.147735450238426713e-01
1.367345719930375347e+00
1.531042038513589443e+00
1.309570548665711653e+00
8.184815929160698111e-01
3.273926371664279134e-01
9.629195210777291569e-02
2.599882706909868446e-01
7.125604455975196316e-01
1.184391010925606835e+00
1.415491695984261833e+00
1.251795377401047960e+00
7.895940072837379642e-01
2.599882706909868446e-01
-2.888758563233187471e-02
5.777517126466374942e-02
4.718305653280873146e-01
9.629195210777291569e-01
1.251795377401047960e+00
1.165132620504052197e+00
7.318188360190741593e-01
1.829547090047685398e-01
-1.829547090047685398e-01
-1.636963185832139567e-01
2.022130994263231230e-01
7.125604455975196316e-01
1.059211473185502017e+00
1.039953082763947378e+00
6.547852743328558267e-01
9.629195210777291569e-02
-3.273926371664279134e-01
-3.947970036418689821e-01
-7.703356168621833255e-02
4.333137844849781484e-01
8.377399833376243388e-01
8.955151546022881437e-01
5.584933222250829665e-01
0.000000000000000000e+00
-4.718305653280873146e-01
-6.162684934897466604e-01
-3.562802227987598158e-01
1.444379281616593735e-01
5.970101030681920218e-01
7.318188360190741593e-01
4.525721749065326760e-01
-9.629195210777291569e-02
-6.162684934897466604e-01
-8.377399833376243388e-01
-6.355268839113012991e-01
-1.540671233724366651e-01
3.370218323772051772e-01
5.488641270143056472e-01
3.370218323772051772e-01
-1.829547090047685398e-01
-7.414480312298514786e-01
-1.030323887553170170e+00
-9.051443498130653520e-01
-4.525721749065326760e-01
7.703356168621833255e-02
3.562802227987598158e-01
2.214714898478777061e-01
-2.599882706909868446e-01
-8.473691785484016581e-01
-1.203649401347161474e+00
-1.155503425293274988e+00
-7.318188360190741593e-01
-1.829547090047685398e-01
1.636963185832139567e-01
1.155503425293274988e-01
-3.273926371664279134e-01
-9.147735450238426713e-01
-1.338458134298043500e+00
-1.367345719930375347e+00
-9.918071067100610039e-01
-4.333137844849781484e-01
-1.925839042155458314e-02
9.629195210777291569e-03
-3.659094180095370796e-01
-9.629195210777291569e-01
-1.434750086405816472e+00
-1.540671233724366651e+00
-1.222907791768716113e+00
-6.644144695436331460e-01
-1.925839042155458314e-01
-7.703356168621833255e-02
-3.851678084310916628e-01
-9.629195210777291569e-01
-1.492525257670480165e+00
-1.675479966675248678e+00
-1.415491695984261833e+00
-8.666275689699562967e-01
-3.466510275879824965e-01
-1.444379281616593735e-01
-3.851678084310916628e-01
-9.340319354453973100e-01
-1.502154452881257374e+00
-1.762142723572244440e+00
-1.569558819356698498e+00
-1.039953082763947378e+00
-4.814597605388645785e-01
-1.925839042155458314e-01
-3.466510275879824965e-01
-8.666275689699562967e-01
-1.454008476827371110e+00
-1.791030309204576287e+00
-1.675479966675248678e+00
-1.184391010925606835e+00
-5.873809078574148135e-01
-2.214714898478777061e-01
-2.888758563233187471e-01
-7.607064216514060062e-01
-1.367345719930375347e+00
-1.762142723572244440e+00
-1.733255137939912593e+00
-1.280682963033379806e+00
-6.644144695436331460e-01
-2.214714898478777061e-01
-2.022130994263231230e-01
-6.162684934897466604e-01
-1.222907791768716113e+00
-1.685109161886026108e+00
-1.733255137939912593e+00
-1.338458134298043500e+00
-7.125604455975196316e-01
-2.022130994263231230e-01
-9.629195210777291569e-02
-4.333137844849781484e-01
-1.039953082763947378e+00
-1.550300428935143859e+00
-1.685109161886026108e+00
-1.348087329508820709e+00
-7.318188360190741593e-01
-1.636963185832139567e-01
3.851678084310916628e-02
-2.311006850586549977e-01
-8.088523977052924918e-01
-1.367345719930375347e+00
-1.588817209778253137e+00
-1.328828939087266292e+00
-7.318188360190741593e-01
-1.155503425293274988e-01
1.733255137939912482e-01
-9.629195210777291569e-03
-5.488641270143056472e-01
-1.145874230082497780e+00
-1.444379281616593680e+00
-1.261424572611825168e+00
-6.933020551759649930e-01
-4.814597605388645785e-02
3.273926371664279134e-01
2.311006850586549977e-01
-2.696174659017641639e-01
-8.858859593915108244e-01
-1.261424572611825168e+00
-1.165132620504052197e+00
-6.451560791220785074e-01
2.888758563233187471e-02
4.814597605388645785e-01
4.814597605388645785e-01
2.888758563233187471e-02
-5.970101030681920218e-01
-1.049582277974724809e+00
-1.039953082763947378e+00
-5.777517126466374942e-01
1.059211473185502073e-01
6.355268839113012991e-01
7.221896408082968399e-01
3.370218323772051772e-01
-2.888758563233187471e-01
-7.992232024945151725e-01
-8.955151546022881437e-01
-4.910889557496418423e-01
1.829547090047685398e-01
7.703356168621833255e-01
9.532903258669518376e-01
6.451560791220785074e-01
2.888758563233187471e-02
-5.392349318035283279e-01
-7.221896408082968399e-01
-4.044261988526462459e-01
2.503590754802095808e-01
8.955151546022881437e-01
1.165132620504052197e+00
9.436611306561746293e-01
3.466510275879824965e-01
-2.696174659017641639e-01
-5.488641270143056472e-01
-3.177634419556506495e-01
3.081342467448733302e-01
9.918071067100610039e-01
1.357716524719598139e+00
1.213278596557938682e+00
6.547852743328558267e-01
0.000000000000000000e+00
-3.659094180095370796e-01
-2.214714898478777061e-01
3.562802227987598158e-01
1.059211473185502017e+00
1.502154452881257374e+00
1.454008476827371110e+00
9.436611306561746293e-01
2.696174659017641639e-01
-1.829547090047685398e-01
-1.444379281616593735e-01
3.755386132203143434e-01
1.088099058817833864e+00
1.608075600199807775e+00
1.656221576253694039e+00
1.203649401347161474e+00
5.199765413819736892e-01
-9.629195210777291569e-03
-7.703356168621833255e-02
3.755386132203143434e-01
1.078469863607056656e+00
1.665850771464471469e+00
1.810288699626130704e+00
1.425120891195039263e+00
7.414480312298514786e-01
1.444379281616593735e-01
-1.925839042155458314e-02
3.466510275879824965e-01
1.039953082763947378e+00
1.675479966675248678e+00
1.906580651733903675e+00
1.608075600199807775e+00
9.436611306561746293e-01
2.888758563233187471e-01
1.925839042155458314e-02
2.888758563233187471e-01
9.532903258669518376e-01
1.636963185832139622e+00
1.954726627787790161e+00
1.742884333150689802e+00
1.107357449239388503e+00
4.044261988526462459e-01
3.851678084310916628e-02
2.118422946371004145e-01
8.184815929160698111e-01
1.540671233724366651e+00
1.945097432577012952e+00
1.829547090047685343e+00
1.232536986979493321e+00
5.007181509604191616e-01
3.851678084310916628e-02
1.059211473185502073e-01
6.547852743328558267e-01
1.386604110351929986e+00
1.877693066101571828e+00
1.858434675680017190e+00
1.319199743876488862e+00
5.681225174358601748e-01
1.925839042155458314e-02
-1.925839042155458314e-02
4.622013701173099953e-01
1.194020206136384044e+00
1.762142723572244440e+00
1.829547090047685343e+00
1.367345719930375347e+00
6.162684934897466604e-01
-9.629195210777291569e-03
-1.636963185832139567e-01
2.311006850586549977e-01
9.532903258669518376e-01
1.579188014567475928e+00
1.762142723572244440e+00
1.376974915141152778e+00
6.355268839113012991e-01
-5.777517126466374942e-02
-3.273926371664279134e-01
-1.925839042155458314e-02
6.740436647544103543e-01
1.357716524719598139e+00
1.636963185832139622e+00
1.338458134298043500e+00
6.258976887005239798e-01
-1.155503425293274988e-01
-4.910889557496418423e-01
-2.792466611125414833e-01
3.659094180095370796e-01
1.088099058817833864e+00
1.473266867248925527e+00
1.271053767822602598e+00
5.970101030681920218e-01
-1.829547090047685398e-01
-6.547852743328558267e-01
-5.488641270143056472e-01
4.814597605388645785e-02
7.992232024945151725e-01
1.261424572611825168e+00
1.174761815714829627e+00
5.584933222250829665e-01
-2.503590754802095808e-01
-8.088523977052924918e-01
-8.184815929160698111e-01
-2.888758563233187471e-01
4.718305653280873146e-01
1.030323887553170170e+00
1.049582277974724809e+00
5.103473461711964809e-01
-3.081342467448733302e-01
-9.532903258669518376e-01
-1.068840668396279447e+00
-6.258976887005239798e-01
1.348087329508820820e-01
7.703356168621833255e-01
8.955151546022881437e-01
4.429429796957554122e-01
-3.562802227987598158e-01
-1.068840668396279447e+00
-1.309570548665711653e+00
-9.436611306561746293e-01
-2.022130994263231230e-01
4.910889557496418423e-01
7.414480312298514786e-01
3.755386132203143434e-01
-3.947970036418689821e-01
-1.165132620504052197e+00
-1.511783648092034804e+00
-1.242166182190270529e+00
-5.392349318035283279e-01
2.118422946371004145e-01
5.681225174358601748e-01
3.177634419556506495e-01
-4.140553940634235097e-01
-1.222907791768716113e+00
-1.675479966675248678e+00
-1.511783648092034804e+00
-8.473691785484016581e-01
-6.740436647544104098e-02
3.947970036418689821e-01
2.599882706909868446e-01
-4.140553940634235097e-01
-1.251795377401047960e+00
-1.791030309204576287e+00
-1.742884333150689802e+00
-1.145874230082497780e+00
-3.273926371664279134e-01
2.311006850586549977e-01
2.118422946371004145e-01
-3.851678084310916628e-01
-1.232536986979493321e+00
-1.858434675680017190e+00
-1.925839042155458314e+00
-1.396233305562707194e+00
-5.777517126466374942e-01
6.740436647544104098e-02
1.733255137939912482e-01
-3.370218323772051772e-01
-1.174761815714829627e+00
-1.877693066101571828e+00
-2.060647775106340340e+00
-1.617704795410584984e+00
-7.992232024945151725e-01
-7.703356168621833255e-02
1.540671233724366651e-01
-2.599882706909868446e-01
-1.068840668396279447e+00
-1.839176285258462773e+00
-2.128052141581781243e+00
-1.781401113993798857e+00
-9.918071067100610039e-01
-2.022130994263231230e-01
1.444379281616593735e-01
-1.540671233724366651e-01
-9.244027402346199906e-01
-1.742884333150689802e+00
-2.137681336792558895e+00
-1.896951456523126467e+00
-1.145874230082497780e+00
-3.081342467448733302e-01
1.540671233724366651e-01
-1.925839042155458314e-02
-7.414480312298514786e-01
-1.588817209778253137e+00
-2.089535360738672409e+00
-1.964355822998567369e+00
-1.271053767822602598e+00
-3.947970036418689821e-01
1.733255137939912482e-01
1.251795377401047904e-01
-5.103473461711964809e-01
-1.376974915141152778e+00
-1.983614213420122008e+00
-1.973985018209344799e+00
-1.348087329508820709e+00
-4.525721749065326760e-01
2.118422946371004145e-01
2.888758563233187471e-01
-2.599882706909868446e-01
-1.126615839660943141e+00
-1.810288699626130704e+00
-1.925839042155458314e+00
-1.386604110351929986e+00
-5.007181509604191616e-01
2.599882706909868446e-01
4.622013701173099953e-01
9.629195210777291569e-03
-8.377399833376243388e-01
-1.588817209778253137e+00
-1.819917894836908134e+00
-1.386604110351929986e+00
-5.199765413819736892e-01
3.081342467448733302e-01
6.451560791220785074e-01
3.081342467448733302e-01
-5.103473461711964809e-01
-1.328828939087266292e+00
-1.675479966675248678e+00
-1.348087329508820709e+00
-5.199765413819736892e-01
3.659094180095370796e-01
8.184815929160698111e-01
5.970101030681920218e-01
-1.636963185832139567e-01
-1.020694692342392962e+00
-1.492525257670480165e+00
-1.280682963033379806e+00
-5.007181509604191616e-01
4.236845892742008290e-01
9.918071067100610039e-01
8.955151546022881437e-01
2.022130994263231230e-01
-6.933020551759649930e-01
-1.261424572611825168e+00
-1.184391010925606835e+00
-4.814597605388645785e-01
4.718305653280873146e-01
1.136245034871720350e+00
1.174761815714829627e+00
5.584933222250829665e-01
-3.370218323772051772e-01
-1.011065497131615532e+00
-1.059211473185502017e+00
-4.429429796957554122e-01
5.007181509604191616e-01
1.271053767822602598e+00
1.434750086405816472e+00
9.147735450238426713e-01
1.925839042155458314e-02
-7.414480312298514786e-01
-9.244027402346199906e-01
-4.140553940634235097e-01
5.199765413819736892e-01
1.367345719930375347e+00
1.656221576253694039e+00
1.251795377401047960e+00
3.755386132203143434e-01
-4.525721749065326760e-01
-7.703356168621833255e-01
-3.755386132203143434e-01
5.199765413819736892e-01
1.425120891195039263e+00
1.848805480469239981e+00
1.550300428935143859e+00
7.221896408082968399e-01
-1.733255137939912482e-01
-6.162684934897466604e-01
-3.466510275879824965e-01
4.910889557496418423e-01
1.444379281616593680e+00
1.983614213420122008e+00
1.819917894836908134e+00
1.039953082763947378e+00
1.059211473185502073e-01
-4.525721749065326760e-01
-3.273926371664279134e-01
4.429429796957554122e-01
1.415491695984261833e+00
2.070276970317117549e+00
2.031760189474008715e+00
1.338458134298043500e+00
3.755386132203143434e-01
-2.985050515340960109e-01
-3.081342467448733302e-01
3.659094180095370796e-01
1.348087329508820709e+00
2.099164555949449618e+00
2.195456508057222589e+00
1.588817209778253137e+00
6.162684934897466604e-01
-1.540671233724366651e-01
-3.081342467448733302e-01
2.599882706909868446e-01
1.232536986979493321e+00
2.060647775106340340e+00
2.291748460164995560e+00
1.791030309204576287e+00
8.377399833376243388e-01
-2.888758563233187471e-02
-3.177634419556506495e-01
1.251795377401047904e-01
1.068840668396279447e+00
1.964355822998567369e+00
2.330265241008104393e+00
1.945097432577012952e+00
1.020694692342392962e+00
8.666275689699562412e-02
-3.466510275879824965e-01
-2.888758563233187471e-02
8.569983737591789774e-01
1.810288699626130704e+00
2.301377655375772768e+00
2.041389384684785924e+00
1.174761815714829627e+00
1.829547090047685398e-01
-3.755386132203143434e-01
-2.022130994263231230e-01
6.162684934897466604e-01
1.598446404989030345e+00
2.205085703267999797e+00
2.079906165527894757e+00
1.290312158244157015e+00
2.599882706909868446e-01
-4.236845892742008290e-01
-3.947970036418689821e-01
3.370218323772051772e-01
1.338458134298043500e+00
2.051018579895563132e+00
2.070276970317117549e+00
1.357716524719598139e+00
3.273926371664279134e-01
-4.718305653280873146e-01
-5.873809078574148135e-01
2.888758563233187471e-02
1.030323887553170170e+00
1.839176285258462773e+00
1.993243408630899438e+00
1.396233305562707194e+00
3.659094180095370796e-01
-5.296057365927510086e-01
-7.895940072837379642e-01
-2.888758563233187471e-01
6.933020551759649930e-01
1.579188014567475928e+00
1.877693066101571828e+00
1.396233305562707194e+00
3.947970036418689821e-01
-5.777517126466374942e-01
-9.918071067100610039e-01
-6.162684934897466604e-01
3.177634419556506495e-01
1.280682963033379806e+00
1.713996747518357955e+00
1.357716524719598139e+00
4.044261988526462459e-01
-6.258976887005239798e-01
-1.174761815714829627e+00
-9.436611306561746293e-01
-6.740436647544104098e-02
9.436611306561746293e-01
1.502154452881257374e+00
1.290312158244157015e+00
4.140553940634235097e-01
-6.644144695436331460e-01
-1.338458134298043500e+00
-1.251795377401047960e+00
-4.622013701173099953e-01
5.777517126466374942e-01
1.261424572611825168e+00
1.203649401347161474e+00
4.140553940634235097e-01
-6.836728599651876737e-01
-1.473266867248925527e+00
-1.540671233724366651e+00
-8.473691785484016581e-01
2.022130994263231230e-01
1.001436301920838323e+00
1.088099058817833864e+00
4.044261988526462459e-01
-6.836728599651876737e-01
-1.579188014567475928e+00
-1.791030309204576287e+00
-1.213278596557938682e+00
-1.829547090047685398e-01
7.221896408082968399e-01
9.629195210777291569e-01
4.044261988526462459e-01
-6.644144695436331460e-01
-1.646592381042916831e+00
-2.002872603841676646e+00
-1.550300428935143859e+00
-5.488641270143056472e-01
4.333137844849781484e-01
8.281107881268470194e-01
4.044261988526462459e-01
-6.162684934897466604e-01
-1.665850771464471469e+00
-2.166568922424890520e+00
-1.848805480469239981e+00
-9.051443498130653520e-01
1.444379281616593735e-01
6.836728599651876737e-01
4.044261988526462459e-01
-5.392349318035283279e-01
-1.636963185832139622e+00
-2.272490069743440699e+00
-2.108793751160226826e+00
-1.222907791768716113e+00
-1.348087329508820820e-01
5.392349318035283279e-01
4.236845892742008290e-01
-4.333137844849781484e-01
-1.559929624145921290e+00
-2.320636045797327185e+00
-2.301377655375772768e+00
-1.511783648092034804e+00
-4.044261988526462459e-01
4.044261988526462459e-01
4.429429796957554122e-01
-2.985050515340960109e-01
-1.425120891195039263e+00
-2.301377655375772768e+00
-2.436186388326654573e+00
-1.752513528361467010e+00
-6.451560791220785074e-01
2.792466611125414833e-01
4.814597605388645785e-01
-1.444379281616593735e-01
-1.251795377401047960e+00
-2.214714898478777005e+00
-2.503590754802095919e+00
-1.945097432577012952e+00
-8.569983737591789774e-01
1.540671233724366651e-01
5.296057365927510086e-01
3.851678084310916628e-02
-1.020694692342392962e+00
-2.070276970317117549e+00
-2.503590754802095919e+00
-2.079906165527894757e+00
-1.039953082763947378e+00
5.777517126466374942e-02
5.777517126466374942e-01
2.503590754802095808e-01
-7.510772264406286869e-01
-1.858434675680017190e+00
-2.436186388326654573e+00
-2.166568922424890520e+00
-1.184391010925606835e+00
-3.851678084310916628e-02
6.355268839113012991e-01
4.622013701173099953e-01
-4.525721749065326760e-01
-1.588817209778253137e+00
-2.301377655375772768e+00
-2.185827312846445381e+00
-1.290312158244157015e+00
-1.155503425293274988e-01
6.933020551759649930e-01
6.933020551759649930e-01
-1.155503425293274988e-01
-1.271053767822602598e+00
-2.108793751160226826e+00
-2.147310532003336103e+00
-1.367345719930375347e+00
-1.733255137939912482e-01
7.607064216514060062e-01
9.244027402346199906e-01
2.311006850586549977e-01
-9.051443498130653520e-01
-1.858434675680017190e+00
-2.060647775106340340e+00
-1.396233305562707194e+00
-2.214714898478777061e-01
8.088523977052924918e-01
1.145874230082497780e+00
5.970101030681920218e-01
-5.199765413819736892e-01
-1.559929624145921290e+00
-1.925839042155458314e+00
-1.396233305562707194e+00
-2.696174659017641639e-01
8.569983737591789774e-01
1.348087329508820709e+00
9.532903258669518376e-01
-1.059211473185502073e-01
-1.213278596557938682e+00
-1.742884333150689802e+00
-1.367345719930375347e+00
-2.985050515340960109e-01
8.858859593915108244e-01
1.540671233724366651e+00
1.299941353454934445e+00
3.177634419556506495e-01
-8.473691785484016581e-01
-1.521412843302812012e+00
-1.309570548665711653e+00
-3.273926371664279134e-01
8.955151546022881437e-01
1.694738357096803316e+00
1.617704795410584984e+00
7.318188360190741593e-01
-4.622013701173099953e-01
-1.271053767822602598e+00
-1.232536986979493321e+00
-3.562802227987598158e-01
8.858859593915108244e-01
1.810288699626130704e+00
1.906580651733903675e+00
1.136245034871720350e+00
-5.777517126466374942e-02
-1.001436301920838323e+00
-1.136245034871720350e+00
-3.851678084310916628e-01
8.473691785484016581e-01
1.887322261312349259e+00
2.147310532003336103e+00
1.511783648092034804e+00
3.370218323772051772e-01
-7.125604455975196316e-01
-1.020694692342392962e+00
-4.140553940634235097e-01
7.799648120729606449e-01
1.906580651733903675e+00
2.339894436218882046e+00
1.848805480469239981e+00
7.125604455975196316e-01
-4.236845892742008290e-01
-9.051443498130653520e-01
-4.525721749065326760e-01
6.836728599651876737e-01
1.877693066101571828e+00
2.474703169169763850e+00
2.137681336792558895e+00
1.068840668396279447e+00
-1.348087329508820820e-01
-7.799648120729606449e-01
-5.007181509604191616e-01
5.488641270143056472e-01
1.800659504415353496e+00
2.542107535645205196e+00
2.378411217061990879e+00
1.386604110351929986e+00
1.444379281616593735e-01
-6.547852743328558267e-01
-5.584933222250829665e-01
3.947970036418689821e-01
1.665850771464471469e+00
2.551736730855982405e+00
2.551736730855982405e+00
1.675479966675248678e+00
4.044261988526462459e-01
-5.392349318035283279e-01
-6.258976887005239798e-01
2.022130994263231230e-01
1.473266867248925527e+00
2.474703169169763850e+00
2.657657878174532584e+00
1.906580651733903675e+00
6.451560791220785074e-01
-4.236845892742008290e-01
-6.933020551759649930e-01
-1.925839042155458314e-02
1.232536986979493321e+00
2.339894436218882046e+00
2.686545463806864209e+00
2.079906165527894757e+00
8.473691785484016581e-01
-3.177634419556506495e-01
-7.703356168621833255e-01
-2.503590754802095808e-01
9.436611306561746293e-01
2.128052141581781243e+00
2.657657878174532584e+00
2.205085703267999797e+00
1.030323887553170170e+00
-2.214714898478777061e-01
-8.473691785484016581e-01
-5.007181509604191616e-01
6.066392982789693411e-01
1.868063870890794620e+00
2.551736730855982405e+00
2.262860874532663491e+00
1.174761815714829627e+00
-1.348087329508820820e-01
-9.244027402346199906e-01
-7.607064216514060062e-01
2.503590754802095808e-01
1.540671233724366651e+00
2.378411217061990879e+00
2.272490069743440699e+00
1.280682963033379806e+00
-5.777517126466374942e-02
-9.918071067100610039e-01
-1.020694692342392962e+00
-1.348087329508820820e-01
1.165132620504052197e+00
2.137681336792558895e+00
2.224344093689554214e+00
1.357716524719598139e+00
1.925839042155458314e-02
-1.059211473185502017e+00
-1.271053767822602598e+00
-5.296057365927510086e-01
7.607064216514060062e-01
1.848805480469239981e+00
2.118422946371004034e+00
1.396233305562707194e+00
7.703356168621833255e-02
-1.107357449239388503e+00
-1.511783648092034804e+00
-9.147735450238426713e-01
3.273926371664279134e-01
1.511783648092034804e+00
1.964355822998567369e+00
1.405862500773484625e+00
1.444379281616593735e-01
-1.136245034871720350e+00
-1.723625942729135163e+00
-1.299941353454934445e+00
-1.251795377401047904e-01
1.145874230082497780e+00
1.771771918783021649e+00
1.386604110351929986e+00
2.022130994263231230e-01
-1.145874230082497780e+00
-1.906580651733903675e+00
-1.665850771464471469e+00
-5.681225174358601748e-01
7.510772264406286869e-01
1.540671233724366651e+00
1.348087329508820709e+00
2.599882706909868446e-01
-1.126615839660943141e+00
-2.041389384684785924e+00
-1.983614213420122008e+00
-1.011065497131615532e+00
3.370218323772051772e-01
1.280682963033379806e+00
1.280682963033379806e+00
3.177634419556506495e-01
-1.068840668396279447e+00
-2.128052141581781243e+00
-2.272490069743440699e+00
-1.425120891195039263e+00
-7.703356168621833255e-02
1.001436301920838323e+00
1.203649401347161474e+00
3.851678084310916628e-01
-9.918071067100610039e-01
-2.166568922424890520e+00
-2.493961559591318711e+00
-1.800659504415353496e+00
-4.814597605388645785e-01
7.125604455975196316e-01
1.107357449239388503e+00
4.622013701173099953e-01
-8.666275689699562967e-01
-2.147310532003336103e+00
-2.667287073385309792e+00
-2.137681336792558895e+00
-8.666275689699562967e-01
4.236845892742008290e-01
1.011065497131615532e+00
5.392349318035283279e-01
-7.125604455975196316e-01
-2.070276970317117549e+00
-2.763579025493082764e+00
-2.416927997905100156e+00
-1.222907791768716113e+00
1.444379281616593735e-01
9.051443498130653520e-01
6.355268839113012991e-01
-5.296057365927510086e-01
-1.925839042155458314e+00
-2.792466611125414389e+00
-2.628770292542200515e+00
-1.540671233724366651e+00
-1.348087329508820820e-01
7.992232024945151725e-01
7.318188360190741593e-01
-3.081342467448733302e-01
-1.733255137939912593e+00
-2.744320635071527903e+00
-2.773208220703859972e+00
-1.810288699626130704e+00
-3.947970036418689821e-01
6.933020551759649930e-01
8.281107881268470194e-01
-5.777517126466374942e-02
-1.473266867248925527e+00
-2.619141097331423307e+00
-2.850241782390078527e+00
-2.031760189474008715e+00
-6.258976887005239798e-01
5.970101030681920218e-01
9.340319354453973100e-01
2.118422946371004145e-01
-1.165132620504052197e+00
-2.426557193115877364e+00
-2.850241782390078527e+00
-2.195456508057222589e+00
-8.281107881268470194e-01
4.910889557496418423e-01
1.039953082763947378e+00
5.007181509604191616e-01
-8.184815929160698111e-01
-2.166568922424890520e+00
-2.782837415914637180e+00
-2.311006850586549977e+00
-1.011065497131615532e+00
4.044261988526462459e-01
1.136245034871720350e+00
7.895940072837379642e-01
-4.333137844849781484e-01
-1.839176285258462773e+00
-2.628770292542200515e+00
-2.359152826640436462e+00
-1.155503425293274988e+00
3.177634419556506495e-01
1.232536986979493321e+00
1.088099058817833864e+00
-1.925839042155458314e-02
-1.463637672038148319e+00
-2.426557193115877364e+00
-2.349523631429659254e+00
-1.261424572611825168e+00
2.311006850586549977e-01
1.309570548665711653e+00
1.376974915141152778e+00
4.044261988526462459e-01
-1.039953082763947378e+00
-2.147310532003336103e+00
-2.282119264954217908e+00
-1.348087329508820709e+00
1.444379281616593735e-01
1.367345719930375347e+00
1.646592381042916831e+00
8.377399833376243388e-01
-5.873809078574148135e-01
-1.829547090047685343e+00
-2.166568922424890520e+00
-1.396233305562707194e+00
6.740436647544104098e-02
1.405862500773484625e+00
1.887322261312349259e+00
1.261424572611825168e+00
-1.155503425293274988e-01
-1.463637672038148319e+00
-2.002872603841676646e+00
-1.415491695984261833e+00
-1.925839042155458314e-02
1.415491695984261833e+00
2.099164555949449618e+00
1.665850771464471469e+00
3.562802227987598158e-01
-1.068840668396279447e+00
-1.800659504415353496e+00
-1.415491695984261833e+00
-1.059211473185502073e-01
1.386604110351929986e+00
2.262860874532663491e+00
2.031760189474008715e+00
8.281107881268470194e-01
-6.451560791220785074e-01
-1.559929624145921290e+00
-1.386604110351929986e+00
-2.022130994263231230e-01
1.328828939087266292e+00
2.378411217061990879e+00
2.349523631429659254e+00
1.280682963033379806e+00
-2.214714898478777061e-01
-1.299941353454934445e+00
-1.338458134298043500e+00
-3.081342467448733302e-01
1.232536986979493321e+00
2.436186388326654573e+00
2.619141097331423307e+00
1.704367552307580524e+00
2.022130994263231230e-01
-1.020694692342392962e+00
-1.280682963033379806e+00
-4.140553940634235097e-01
1.097728254028611294e+00
2.426557193115877364e+00
2.830983391968523666e+00
2.079906165527894757e+00
6.162684934897466604e-01
-7.414480312298514786e-01
-1.213278596557938682e+00
-5.392349318035283279e-01
9.244027402346199906e-01
2.359152826640436462e+00
2.965792124919405914e+00
2.407298802694322948e+00
1.001436301920838323e+00
-4.525721749065326760e-01
-1.136245034871720350e+00
-6.644144695436331460e-01
7.125604455975196316e-01
2.224344093689554214e+00
3.023567296184069608e+00
2.667287073385309792e+00
1.357716524719598139e+00
-1.636963185832139567e-01
-1.049582277974724809e+00
-7.895940072837379642e-01
4.622013701173099953e-01
2.022130994263231063e+00
3.004308905762514748e+00
2.859870977600855735e+00
1.675479966675248678e+00
1.059211473185502073e-01
-9.629195210777291569e-01
-9.340319354453973100e-01
1.829547090047685398e-01
1.762142723572244440e+00
2.908016953654742220e+00
2.975421320130183123e+00
1.935468237366235522e+00
3.562802227987598158e-01
-8.762567641807335050e-01
-1.068840668396279447e+00
-1.155503425293274988e-01
1.444379281616593680e+00
2.725062244649973486e+00
3.023567296184069608e+00
2.147310532003336103e+00
5.873809078574148135e-01
-7.895940072837379642e-01
-1.203649401347161474e+00
-4.429429796957554122e-01
1.068840668396279447e+00
2.484332364380541058e+00
2.985050515340960331e+00
2.301377655375772768e+00
7.895940072837379642e-01
-6.933020551759649930e-01
-1.338458134298043500e+00
-7.799648120729606449e-01
6.644144695436331460e-01
2.166568922424890520e+00
2.879129368022410151e+00
2.388040412272768087e+00
9.725487162885064762e-01
-6.066392982789693411e-01
-1.454008476827371110e+00
-1.107357449239388503e+00
2.214714898478777061e-01
1.781401113993798857e+00
2.696174659017641417e+00
2.426557193115877364e+00
1.116986644450165933e+00
-5.103473461711964809e-01
-1.550300428935143859e+00
-1.434750086405816472e+00
-2.407298802694322892e-01
1.357716524719598139e+00
2.445815583537432225e+00
2.407298802694322948e+00
1.242166182190270529e+00
-4.140553940634235097e-01
-1.627333990621362192e+00
-1.742884333150689802e+00
-7.029312503867423123e-01
8.955151546022881437e-01
2.147310532003336103e+00
2.330265241008104393e+00
1.328828939087266292e+00
-3.081342467448733302e-01
-1.685109161886026108e+00
-2.031760189474008715e+00
-1.165132620504052197e+00
4.044261988526462459e-01
1.791030309204576287e+00
2.205085703267999797e+00
1.396233305562707194e+00
-2.022130994263231230e-01
-1.694738357096803316e+00
-2.272490069743440699e+00
-1.608075600199807775e+00
-9.629195210777291569e-02
1.396233305562707194e+00
2.031760189474008715e+00
1.434750086405816472e+00
-8.666275689699562412e-02
-1.675479966675248678e+00
-2.465073973958986642e+00
-2.022130994263231063e+00
-6.066392982789693411e-01
9.821779114992836845e-01
1.829547090047685343e+00
1.444379281616593680e+00
3.851678084310916628e-02
-1.617704795410584984e+00
-2.609511902120646099e+00
-2.388040412272768087e+00
-1.088099058817833864e+00
5.488641270143056472e-01
1.588817209778253137e+00
1.444379281616593680e+00
1.733255137939912482e-01
-1.521412843302812012e+00
-2.696174659017641417e+00
-2.705803854228419070e+00
-1.550300428935143859e+00
1.059211473185502073e-01
1.328828939087266292e+00
1.425120891195039263e+00
3.177634419556506495e-01
-1.367345719930375347e+00
-2.705803854228419070e+00
-2.956162929708628706e+00
-1.973985018209344799e+00
-3.273926371664279134e-01
1.059211473185502017e+00
1.386604110351929986e+00
4.814597605388645785e-01
-1.174761815714829627e+00
-2.657657878174532584e+00
-3.129488443502619788e+00
-2.339894436218882046e+00
-7.414480312298514786e-01
7.703356168621833255e-01
1.348087329508820709e+00
6.451560791220785074e-01
-9.436611306561746293e-01
-2.532478340434427544e+00
-3.235409590821169967e+00
-2.657657878174532584e+00
-1.126615839660943141e+00
4.910889557496418423e-01
1.290312158244157015e+00
8.088523977052924918e-01
-6.740436647544103543e-01
-2.339894436218882046e+00
-3.245038786031947176e+00
-2.898387758443964568e+00
-1.473266867248925527e+00
2.118422946371004145e-01
1.222907791768716113e+00
9.918071067100610039e-01
-3.659094180095370796e-01
-2.070276970317117549e+00
-3.177634419556506273e+00
-3.062084077027178886e+00
-1.781401113993798857e+00
-5.777517126466374942e-02
1.155503425293274988e+00
1.165132620504052197e+00
-2.888758563233187471e-02
-1.742884333150689802e+00
-3.033196491394846817e+00
-3.148746833924174204e+00
-2.031760189474008715e+00
-2.985050515340960109e-01
1.078469863607056656e+00
1.338458134298043500e+00
3.370218323772051772e-01
-1.367345719930375347e+00
-2.802095806336192041e+00
-3.158376029134951857e+00
-2.233973288900331866e+00
-5.296057365927510086e-01
9.918071067100610039e-01
1.502154452881257374e+00
7.029312503867423123e-01
-9.340319354453973100e-01
-2.503590754802095919e+00
-3.090971662659510510e+00
-2.378411217061990879e+00
-7.414480312298514786e-01
9.051443498130653520e-01
1.656221576253694039e+00
1.078469863607056656e+00
-4.718305653280873146e-01
-2.128052141581781243e+00
-2.946533734497851054e+00
-2.455444778748209433e+00
-9.244027402346199906e-01
8.088523977052924918e-01
1.781401113993798857e+00
1.454008476827371110e+00
1.925839042155458314e-02
-1.704367552307580524e+00
-2.734691439860750695e+00
-2.484332364380541058e+00
-1.078469863607056656e+00
7.029312503867423123e-01
1.887322261312349259e+00
1.800659504415353496e+00
5.199765413819736892e-01
-1.232536986979493321e+00
-2.455444778748209433e+00
-2.455444778748209433e+00
-1.213278596557938682e+00
5.970101030681920218e-01
1.954726627787790161e+00
2.128052141581781243e+00
1.020694692342392962e+00
-7.221896408082968399e-01
-2.128052141581781243e+00
-2.368782021851213671e+00
-1.319199743876488862e+00
4.622013701173099953e-01
1.993243408630899438e+00
2.407298802694322948e+00
1.511783648092034804e+00
-2.022130994263231230e-01
-1.742884333150689802e+00
-2.243602484111109074e+00
-1.396233305562707194e+00
3.273926371664279134e-01
1.983614213420122008e+00
2.648028682963755376e+00
1.964355822998567369e+00
3.273926371664279134e-01
-1.328828939087266292e+00
-2.070276970317117549e+00
-1.454008476827371110e+00
1.733255137939912482e-01
1.925839042155458314e+00
2.830983391968523666e+00
2.378411217061990879e+00
8.473691785484016581e-01
-8.955151546022881437e-01
-1.868063870890794620e+00
-1.502154452881257374e+00
9.629195210777291569e-03
1.829547090047685343e+00
2.946533734497851054e+00
2.744320635071527903e+00
1.348087329508820709e+00
-4.525721749065326760e-01
-1.627333990621362192e+00
-1.521412843302812012e+00
-1.733255137939912482e-01
1.675479966675248678e+00
2.985050515340960331e+00
3.042825686605624025e+00
1.810288699626130704e+00
-0.000000000000000000e+00
-1.376974915141152778e+00
-1.521412843302812012e+00
-3.659094180095370796e-01
1.473266867248925527e+00
2.956162929708628706e+00
3.264297176453502036e+00
2.224344093689554214e+00
4.333137844849781484e-01
-1.107357449239388503e+00
-1.521412843302812012e+00
-5.681225174358601748e-01
1.222907791768716113e+00
2.850241782390078527e+00
3.408735104615161049e+00
2.590253511699091238e+00
8.473691785484016581e-01
-8.281107881268470194e-01
-1.492525257670480165e+00
-7.799648120729606449e-01
9.244027402346199906e-01
2.667287073385309792e+00
3.466510275879825187e+00
2.879129368022410151e+00
1.232536986979493321e+00
-5.488641270143056472e-01
-1.463637672038148319e+00
-1.001436301920838323e+00
5.873809078574148135e-01
2.407298802694322948e+00
3.437622690247493118e+00
3.100600857870287719e+00
1.569558819356698498e+00
-2.792466611125414833e-01
-1.415491695984261833e+00
-1.213278596557938682e+00
2.214714898478777061e-01
2.079906165527894757e+00
3.322072347718165730e+00
3.235409590821169967e+00
1.868063870890794620e+00
-9.629195210777291569e-03
-1.367345719930375347e+00
-1.425120891195039263e+00
-1.733255137939912482e-01
1.694738357096803316e+00
3.119859248291842579e+00
3.293184762085833661e+00
2.118422946371004034e+00
2.311006850586549977e-01
-1.299941353454934445e+00
-1.636963185832139622e+00
-5.777517126466374942e-01
1.251795377401047960e+00
2.840612587179300874e+00
3.273926371664279245e+00
2.301377655375772768e+00
4.622013701173099953e-01
-1.222907791768716113e+00
-1.819917894836908134e+00
-1.001436301920838323e+00
7.703356168621833255e-01
2.484332364380541058e+00
3.177634419556506273e+00
2.436186388326654573e+00
6.740436647544103543e-01
-1.126615839660943141e+00
-1.983614213420122008e+00
-1.415491695984261833e+00
2.503590754802095808e-01
2.070276970317117549e+00
2.994679710551737539e+00
2.513219950012873127e+00
8.666275689699562967e-01
-1.030323887553170170e+00
-2.118422946371004034e+00
-1.810288699626130704e+00
-2.792466611125414833e-01
1.598446404989030345e+00
2.753949830282305555e+00
2.532478340434427544e+00
1.039953082763947378e+00
-9.051443498130653520e-01
-2.214714898478777005e+00
-2.176198117635667728e+00
-8.184815929160698111e-01
1.088099058817833864e+00
2.445815583537432225e+00
2.493961559591318711e+00
1.184391010925606835e+00
-7.703356168621833255e-01
-2.272490069743440699e+00
-2.503590754802095919e+00
-1.348087329508820709e+00
5.488641270143056472e-01
2.089535360738672409e+00
2.407298802694322948e+00
1.309570548665711653e+00
-6.162684934897466604e-01
-2.282119264954217908e+00
-2.792466611125414389e+00
-1.848805480469239981e+00
-9.629195210777291569e-03
1.694738357096803316e+00
2.282119264954217908e+00
1.415491695984261833e+00
-4.333137844849781484e-01
-2.243602484111109074e+00
-3.013938100973292400e+00
-2.311006850586549977e+00
-5.584933222250829665e-01
1.261424572611825168e+00
2.108793751160226826e+00
1.502154452881257374e+00
-2.407298802694322892e-01
-2.156939727214113312e+00
-3.168005224345729065e+00
-2.725062244649973486e+00
-1.088099058817833864e+00
8.184815929160698111e-01
1.906580651733903675e+00
1.569558819356698498e+00
-3.851678084310916628e-02
-2.002872603841676646e+00
-3.245038786031947176e+00
-3.071713272237956094e+00
-1.588817209778253137e+00
3.562802227987598158e-01
1.675479966675248678e+00
1.617704795410584984e+00
1.925839042155458314e-01
-1.800659504415353496e+00
-3.245038786031947176e+00
-3.350959933350497355e+00
-2.051018579895563132e+00
-8.666275689699562412e-02
1.434750086405816472e+00
1.646592381042916831e+00
4.333137844849781484e-01
-1.540671233724366651e+00
-3.168005224345729065e+00
-3.543543837566043297e+00
-2.455444778748209433e+00
-5.296057365927510086e-01
1.165132620504052197e+00
1.665850771464471469e+00
6.933020551759649930e-01
-1.222907791768716113e+00
-3.004308905762514748e+00
-3.649464984884593477e+00
-2.802095806336192041e+00
-9.340319354453973100e-01
8.955151546022881437e-01
1.675479966675248678e+00
9.436611306561746293e-01
-8.666275689699562967e-01
-2.763579025493082764e+00
-3.668723375306147894e+00
-3.071713272237956094e+00
-1.319199743876488862e+00
6.258976887005239798e-01
1.665850771464471469e+00
1.213278596557938682e+00
-4.718305653280873146e-01
-2.445815583537432225e+00
-3.591689813619929783e+00
-3.264297176453502036e+00
-1.646592381042916831e+00
3.562802227987598158e-01
1.636963185832139622e+00
1.463637672038148319e+00
-4.814597605388645785e-02
-2.051018579895563132e+00
-3.427993495036715910e+00
-3.379847518982829424e+00
-1.935468237366235522e+00
9.629195210777291569e-02
1.588817209778253137e+00
1.713996747518357955e+00
4.044261988526462459e-01
-1.608075600199807775e+00
-3.168005224345729065e+00
-3.408735104615161049e+00
-2.176198117635667728e+00
-1.540671233724366651e-01
1.531042038513589443e+00
1.945097432577012952e+00
8.569983737591789774e-01
-1.107357449239388503e+00
-2.840612587179300874e+00
-3.360589128561274563e+00
-2.359152826640436462e+00
-3.851678084310916628e-01
1.454008476827371110e+00
2.147310532003336103e+00
1.319199743876488862e+00
-5.681225174358601748e-01
-2.436186388326654573e+00
-3.225780395610392759e+00
-2.484332364380541058e+00
-6.066392982789693411e-01
1.357716524719598139e+00
2.320636045797327185e+00
1.762142723572244440e+00
-9.629195210777291569e-03
-1.973985018209344799e+00
-3.023567296184069608e+00
-2.551736730855982405e+00
-8.088523977052924918e-01
1.242166182190270529e+00
2.455444778748209433e+00
2.176198117635667728e+00
5.584933222250829665e-01
-1.463637672038148319e+00
-2.753949830282305555e+00
-2.570995121277536821e+00
-9.918071067100610039e-01
1.097728254028611294e+00
2.551736730855982405e+00
2.551736730855982405e+00
1.126615839660943141e+00
-9.147735450238426713e-01
-2.426557193115877364e+00
-2.532478340434427544e+00
-1.155503425293274988e+00
9.340319354453973100e-01
2.580624316488314030e+00
2.888758563233187360e+00
1.675479966675248678e+00
-3.562802227987598158e-01
-2.051018579895563132e+00
-2.445815583537432225e+00
-1.309570548665711653e+00
7.414480312298514786e-01
2.561365926066759613e+00
3.158376029134951857e+00
2.185827312846445381e+00
2.214714898478777061e-01
-1.636963185832139622e+00
-2.320636045797327185e+00
-1.434750086405816472e+00
5.296057365927510086e-01
2.484332364380541058e+00
3.350959933350497355e+00
2.648028682963755376e+00
7.799648120729606449e-01
-1.194020206136384044e+00
-2.156939727214113312e+00
-1.550300428935143859e+00
2.888758563233187471e-01
2.349523631429659254e+00
3.476139471090602395e+00
3.052454881816401233e+00
1.319199743876488862e+00
-7.414480312298514786e-01
-1.964355822998567369e+00
-1.646592381042916831e+00
2.888758563233187471e-02
2.147310532003336103e+00
3.514656251933711228e+00
3.379847518982829424e+00
1.819917894836908134e+00
-2.792466611125414833e-01
-1.742884333150689802e+00
-1.733255137939912593e+00
-2.503590754802095808e-01
1.877693066101571828e+00
3.466510275879825187e+00
3.630206594463039060e+00
2.272490069743440699e+00
1.733255137939912482e-01
-1.502154452881257374e+00
-1.791030309204576287e+00
-5.392349318035283279e-01
1.559929624145921290e+00
3.331701542928942938e+00
3.784273717835475725e+00
2.667287073385309792e+00
6.066392982789693411e-01
-1.242166182190270529e+00
-1.839176285258462773e+00
-8.377399833376243388e-01
1.194020206136384044e+00
3.119859248291842579e+00
3.851678084310916628e+00
2.994679710551737539e+00
1.011065497131615532e+00
-9.821779114992836845e-01
-1.868063870890794620e+00
-1.145874230082497780e+00
7.703356168621833255e-01
2.811725001546969249e+00
3.822790498678584559e+00
3.235409590821169967e+00
1.376974915141152778e+00
-7.221896408082968399e-01
-1.877693066101571828e+00
-1.454008476827371110e+00
3.177634419556506495e-01
2.436186388326654573e+00
3.707240156149257171e+00
3.408735104615161049e+00
1.704367552307580524e+00
-4.525721749065326760e-01
-1.868063870890794620e+00
-1.742884333150689802e+00
-1.636963185832139567e-01
1.983614213420122008e+00
3.485768666301379604e+00
3.495397861512156812e+00
1.983614213420122008e+00
-1.925839042155458314e-01
-1.829547090047685343e+00
-2.022130994263231063e+00
-6.547852743328558267e-01
1.482896062459702957e+00
3.187263614767283482e+00
3.495397861512156812e+00
2.214714898478777005e+00
5.777517126466374942e-02
-1.781401113993798857e+00
-2.272490069743440699e+00
-1.155503425293274988e+00
9.340319354453973100e-01
2.811725001546969249e+00
3.418364299825938701e+00
2.388040412272768087e+00
2.985050515340960109e-01
-1.694738357096803316e+00
-2.493961559591318711e+00
-1.646592381042916831e+00
3.466510275879824965e-01
2.359152826640436462e+00
3.254667981242724384e+00
2.513219950012873127e+00
5.296057365927510086e-01
-1.588817209778253137e+00
-2.667287073385309792e+00
-2.118422946371004034e+00
-2.503590754802095808e-01
1.858434675680017190e+00
3.033196491394846817e+00
2.580624316488314030e+00
7.510772264406286869e-01
-1.444379281616593680e+00
-2.792466611125414389e+00
-2.542107535645205196e+00
-8.569983737591789774e-01
1.319199743876488862e+00
2.734691439860750695e+00
2.599882706909868890e+00
9.532903258669518376e-01
-1.280682963033379806e+00
-2.859870977600855735e+00
-2.927275344076296637e+00
-1.444379281616593680e+00
7.414480312298514786e-01
2.388040412272768087e+00
2.561365926066759613e+00
1.145874230082497780e+00
-1.078469863607056656e+00
-2.879129368022410151e+00
-3.245038786031947176e+00
-2.002872603841676646e+00
1.540671233724366651e-01
2.002872603841676646e+00
2.484332364380541058e+00
1.319199743876488862e+00
-8.473691785484016581e-01
-2.821354196757746458e+00
-3.495397861512156812e+00
-2.513219950012873127e+00
-4.236845892742008290e-01
1.579188014567475928e+00
2.359152826640436462e+00
1.482896062459702957e+00
-5.873809078574148135e-01
-2.696174659017641417e+00
-3.668723375306147894e+00
-2.965792124919405914e+00
-9.918071067100610039e-01
1.126615839660943141e+00
2.205085703267999797e+00
1.627333990621362192e+00
-3.081342467448733302e-01
-2.503590754802095919e+00
-3.755386132203143656e+00
-3.350959933350497355e+00
-1.531042038513589443e+00
6.740436647544103543e-01
2.022130994263231063e+00
1.752513528361467010e+00
0.000000000000000000e+00
-2.253231679321886283e+00
-3.745756936992366448e+00
-3.659094180095370685e+00
-2.031760189474008715e+00
2.118422946371004145e-01
1.810288699626130704e+00
1.868063870890794620e+00
3.273926371664279134e-01
-1.925839042155458314e+00
-3.649464984884593477e+00
-3.870936474732471044e+00
-2.474703169169763850e+00
-2.311006850586549977e-01
1.579188014567475928e+00
1.954726627787790161e+00
6.740436647544103543e-01
-1.550300428935143859e+00
-3.466510275879825187e+00
-3.996116012472576084e+00
-2.850241782390078527e+00
-6.644144695436331460e-01
1.338458134298043500e+00
2.031760189474008715e+00
1.020694692342392962e+00
-1.116986644450165933e+00
-3.187263614767283482e+00
-4.015374402894130945e+00
-3.148746833924174204e+00
-1.059211473185502017e+00
1.088099058817833864e+00
2.079906165527894757e+00
1.376974915141152778e+00
-6.355268839113012991e-01
-2.821354196757746458e+00
-3.947970036418689599e+00
-3.370218323772052216e+00
-1.425120891195039263e+00
8.281107881268470194e-01
2.108793751160226826e+00
1.713996747518357955e+00
-1.251795377401047904e-01
-2.378411217061990879e+00
-3.774644522624698517e+00
-3.514656251933711228e+00
-1.742884333150689802e+00
5.584933222250829665e-01
2.108793751160226826e+00
2.041389384684785924e+00
4.044261988526462459e-01
-1.877693066101571828e+00
-3.514656251933711228e+00
-3.572431423198375366e+00
-2.012501799052453855e+00
2.985050515340960109e-01
2.079906165527894757e+00
2.339894436218882046e+00
9.436611306561746293e-01
-1.319199743876488862e+00
-3.168005224345729065e+00
-3.553173032776820506e+00
-2.233973288900331866e+00
3.851678084310916628e-02
2.022130994263231063e+00
2.609511902120646099e+00
1.473266867248925527e+00
-7.221896408082968399e-01
-2.744320635071527903e+00
-3.447251885458270326e+00
-2.407298802694322948e+00
-2.118422946371004145e-01
1.935468237366235522e+00
2.830983391968523666e+00
1.993243408630899438e+00
-1.059211473185502073e-01
-2.262860874532663491e+00
-3.264297176453502036e+00
-2.532478340434427544e+00
-4.622013701173099953e-01
1.800659504415353496e+00
3.004308905762514748e+00
2.474703169169763850e+00
5.296057365927510086e-01
-1.733255137939912593e+00
-3.013938100973292400e+00
-2.599882706909868890e+00
-6.933020551759649930e-01
1.646592381042916831e+00
3.110230053081065371e+00
2.908016953654742220e+00
1.155503425293274988e+00
-1.155503425293274988e+00
-2.705803854228419070e+00
-2.619141097331423307e+00
-9.244027402346199906e-01
1.444379281616593680e+00
3.158376029134951857e+00
3.283555566875056453e+00
1.752513528361467010e+00
-5.584933222250829665e-01
-2.349523631429659254e+00
-2.590253511699091238e+00
-1.136245034871720350e+00
1.203649401347161474e+00
3.139117638713396996e+00
3.591689813619929783e+00
2.311006850586549977e+00
3.851678084310916628e-02
-1.954726627787790161e+00
-2.522849145223650336e+00
-1.348087329508820709e+00
9.340319354453973100e-01
3.042825686605624025e+00
3.813161303467807350e+00
2.821354196757746458e+00
6.258976887005239798e-01
-1.521412843302812012e+00
-2.416927997905100156e+00
-1.540671233724366651e+00
6.258976887005239798e-01
2.879129368022410151e+00
3.947970036418689599e+00
3.264297176453502036e+00
1.203649401347161474e+00
-1.068840668396279447e+00
-2.272490069743440699e+00
-1.713996747518357955e+00
2.888758563233187471e-01
2.628770292542200515e+00
3.996116012472576084e+00
3.620577399252261408e+00
1.733255137939912593e+00
-6.162684934897466604e-01
-2.099164555949449618e+00
-1.877693066101571828e+00
-6.740436647544104098e-02
2.320636045797327185e+00
3.938340841207912391e+00
3.899824060364803113e+00
2.214714898478777005e+00
-1.636963185832139567e-01
-1.896951456523126467e+00
-2.012501799052453855e+00
-4.429429796957554122e-01
1.935468237366235522e+00
3.793902913046252934e+00
4.082778769369571847e+00
2.638399487752977723e+00
2.792466611125414833e-01
-1.685109161886026108e+00
-2.137681336792558895e+00
-8.377399833376243388e-01
1.492525257670480165e+00
3.543543837566043297e+00
4.159812331055789514e+00
2.994679710551737539e+00
7.029312503867423123e-01
-1.444379281616593680e+00
-2.233973288900331866e+00
-1.232536986979493321e+00
1.001436301920838323e+00
3.206522005188837898e+00
4.140553940634235097e+00
3.273926371664279245e+00
1.088099058817833864e+00
-1.194020206136384044e+00
-2.311006850586549977e+00
-1.627333990621362192e+00
4.718305653280873146e-01
2.782837415914637180e+00
4.025003598104907709e+00
3.476139471090602395e+00
1.444379281616593680e+00
-9.436611306561746293e-01
-2.349523631429659254e+00
-2.002872603841676646e+00
-9.629195210777291569e-02
2.291748460164995560e+00
3.803532108257030142e+00
3.591689813619929783e+00
1.752513528361467010e+00
-6.836728599651876737e-01
-2.359152826640436462e+00
-2.349523631429659254e+00
-6.644144695436331460e-01
1.733255137939912593e+00
3.505027056722934020e+00
3.630206594463039060e+00
2.022130994263231063e+00
-4.140553940634235097e-01
-2.330265241008104393e+00
-2.667287073385309792e+00
-1.242166182190270529e+00
1.136245034871720350e+00
3.119859248291842579e+00
3.582060618409152575e+00
2.243602484111109074e+00
-1.444379281616593735e-01
-2.272490069743440699e+00
-2.946533734497851054e+00
-1.800659504415353496e+00
5.007181509604191616e-01
2.657657878174532584e+00
3.447251885458270326e+00
2.416927997905100156e+00
1.251795377401047904e-01
-2.156939727214113312e+00
-3.168005224345729065e+00
-2.339894436218882046e+00
-1.540671233724366651e-01
2.137681336792558895e+00
3.254667981242724384e+00
2.542107535645205196e+00
3.851678084310916628e-01
-2.012501799052453855e+00
-3.322072347718165730e+00
-2.830983391968523666e+00
-8.088523977052924918e-01
1.579188014567475928e+00
2.985050515340960331e+00
2.609511902120646099e+00
6.451560791220785074e-01
-1.819917894836908134e+00
-3.418364299825938701e+00
-3.264297176453502036e+00
-1.444379281616593680e+00
9.918071067100610039e-01
2.667287073385309792e+00
2.638399487752977723e+00
9.051443498130653520e-01
-1.588817209778253137e+00
-3.437622690247493118e+00
-3.620577399252261408e+00
-2.051018579895563132e+00
3.851678084310916628e-01
2.301377655375772768e+00
2.619141097331423307e+00
1.145874230082497780e+00
-1.309570548665711653e+00
-3.370218323772052216e+00
-3.909453255575580322e+00
-2.609511902120646099e+00
-2.311006850586549977e-01
1.896951456523126467e+00
2.561365926066759613e+00
1.386604110351929986e+00
-9.918071067100610039e-01
-3.235409590821169967e+00
-4.102037159791126264e+00
-3.110230053081065371e+00
-8.184815929160698111e-01
1.473266867248925527e+00
2.465073973958986642e+00
1.608075600199807775e+00
-6.355268839113012991e-01
-3.013938100973292400e+00
-4.198329111898899235e+00
-3.524285447144488881e+00
-1.386604110351929986e+00
1.020694692342392962e+00
2.339894436218882046e+00
1.819917894836908134e+00
-2.503590754802095808e-01
-2.715433049439196278e+00
-4.188699916688121583e+00
-3.861307279521693836e+00
-1.906580651733903675e+00
5.681225174358601748e-01
2.185827312846445381e+00
2.012501799052453855e+00
1.636963185832139567e-01
-2.339894436218882046e+00
-4.092407964580348612e+00
-4.102037159791126264e+00
-2.378411217061990879e+00
1.251795377401047904e-01
1.993243408630899438e+00
2.185827312846445381e+00
5.873809078574148135e-01
-1.896951456523126467e+00
-3.880565669943248697e+00
-4.246475087952785721e+00
-2.782837415914637180e+00
-3.081342467448733302e-01
1.791030309204576287e+00
2.339894436218882046e+00
1.030323887553170170e+00
-1.396233305562707194e+00
-3.582060618409152575e+00
-4.284991868795894554e+00
-3.110230053081065371e+00
-7.221896408082968399e-01
1.569558819356698498e+00
2.455444778748209433e+00
1.463637672038148319e+00
-8.473691785484016581e-01
-3.187263614767283482e+00
-4.217587502320453652e+00
-3.370218323772052216e+00
-1.097728254028611294e+00
1.319199743876488862e+00
2.542107535645205196e+00
1.887322261312349259e+00
-2.696174659017641639e-01
-2.715433049439196278e+00
-4.063520378948017431e+00
-3.543543837566043297e+00
-1.444379281616593680e+00
1.068840668396279447e+00
2.599882706909868890e+00
2.291748460164995560e+00
3.370218323772051772e-01
-2.166568922424890520e+00
-3.803532108257030142e+00
-3.639835789673816269e+00
-1.752513528361467010e+00
7.992232024945151725e-01
2.609511902120646099e+00
2.667287073385309792e+00
9.532903258669518376e-01
-1.569558819356698498e+00
-3.456881080669047535e+00
-3.649464984884593477e+00
-2.022130994263231063e+00
5.296057365927510086e-01
2.580624316488314030e+00
2.994679710551737539e+00
1.559929624145921290e+00
-9.244027402346199906e-01
-3.033196491394846817e+00
-3.582060618409152575e+00
-2.243602484111109074e+00
2.503590754802095808e-01
2.503590754802095919e+00
3.273926371664279245e+00
2.137681336792558895e+00
-2.503590754802095808e-01
-2.542107535645205196e+00
-3.437622690247493118e+00
-2.416927997905100156e+00
-3.851678084310916628e-02
2.378411217061990879e+00
3.485768666301379604e+00
2.676916268596087001e+00
4.236845892742008290e-01
-2.002872603841676646e+00
-3.225780395610392759e+00
-2.542107535645205196e+00
-3.177634419556506495e-01
2.205085703267999797e+00
3.630206594463039060e+00
3.168005224345729065e+00
1.097728254028611294e+00
-1.425120891195039263e+00
-2.946533734497851054e+00
-2.619141097331423307e+00
-6.066392982789693411e-01
1.973985018209344799e+00
3.697610960938479963e+00
3.591689813619929783e+00
1.733255137939912593e+00
-8.184815929160698111e-01
-2.628770292542200515e+00
-2.657657878174532584e+00
-8.955151546022881437e-01
1.704367552307580524e+00
3.678352570516925546e+00
3.928711645997134738e+00
2.339894436218882046e+00
-2.022130994263231230e-01
-2.253231679321886283e+00
-2.657657878174532584e+00
-1.174761815714829627e+00
1.376974915141152778e+00
3.572431423198375366e+00
4.188699916688121583e+00
2.888758563233187360e+00
4.044261988526462459e-01
-1.848805480469239981e+00
-2.619141097331423307e+00
-1.444379281616593680e+00
1.011065497131615532e+00
3.379847518982829424e+00
4.342767040060558692e+00
3.360589128561274563e+00
9.918071067100610039e-01
-1.425120891195039263e+00
-2.532478340434427544e+00
-1.704367552307580524e+00
6.066392982789693411e-01
3.110230053081065371e+00
4.400542211325221942e+00
3.755386132203143656e+00
1.550300428935143859e+00
-9.821779114992836845e-01
-2.426557193115877364e+00
-1.945097432577012952e+00
1.733255137939912482e-01
2.753949830282305555e+00
4.342767040060558692e+00
4.063520378948017431e+00
2.051018579895563132e+00
-5.392349318035283279e-01
-2.282119264954217908e+00
-2.176198117635667728e+00
-2.888758563233187471e-01
2.320636045797327185e+00
4.188699916688121583e+00
4.265733478374340137e+00
2.503590754802095919e+00
-1.059211473185502073e-01
-2.108793751160226826e+00
-2.378411217061990879e+00
-7.607064216514060062e-01
1.819917894836908134e+00
3.928711645997134738e+00
4.362025430482113109e+00
2.888758563233187360e+00
3.177634419556506495e-01
-1.906580651733903675e+00
-2.551736730855982405e+00
-1.242166182190270529e+00
1.261424572611825168e+00
3.572431423198375366e+00
4.362025430482113109e+00
3.196892809978060690e+00
7.221896408082968399e-01
-1.694738357096803316e+00
-2.686545463806864209e+00
-1.723625942729135163e+00
6.644144695436331460e-01
3.119859248291842579e+00
4.256104283163562485e+00
3.427993495036715910e+00
1.088099058817833864e+00
-1.454008476827371110e+00
-2.792466611125414389e+00
-2.176198117635667728e+00
3.851678084310916628e-02
2.599882706909868890e+00
4.053891183737239778e+00
3.582060618409152575e+00
1.434750086405816472e+00
-1.203649401347161474e+00
-2.850241782390078527e+00
-2.599882706909868890e+00
-6.066392982789693411e-01
2.012501799052453855e+00
3.765015327413920865e+00
3.659094180095370685e+00
1.742884333150689802e+00
-9.244027402346199906e-01
-2.859870977600855735e+00
-2.985050515340960331e+00
-1.251795377401047960e+00
1.367345719930375347e+00
3.379847518982829424e+00
3.649464984884593477e+00
2.002872603841676646e+00
-6.451560791220785074e-01
-2.821354196757746458e+00
-3.322072347718165730e+00
-1.877693066101571828e+00
6.933020551759649930e-01
2.927275344076296637e+00
3.562802227987597714e+00
2.224344093689554214e+00
-3.466510275879824965e-01
-2.725062244649973486e+00
-3.591689813619929783e+00
-2.465073973958986642e+00
-0.000000000000000000e+00
2.416927997905100156e+00
3.408735104615161049e+00
2.407298802694322948e+00
-3.851678084310916628e-02
-2.580624316488314030e+00
-3.784273717835475725e+00
-3.013938100973292400e+00
-6.933020551759649930e-01
1.848805480469239981e+00
3.187263614767283482e+00
2.542107535645205196e+00
2.696174659017641639e-01
-2.368782021851213671e+00
-3.909453255575580322e+00
-3.495397861512156812e+00
-1.367345719930375347e+00
1.261424572611825168e+00
2.908016953654742220e+00
2.628770292542200515e+00
5.873809078574148135e-01
-2.108793751160226826e+00
-3.938340841207912391e+00
-3.899824060364803113e+00
-2.012501799052453855e+00
6.451560791220785074e-01
2.580624316488314030e+00
2.686545463806864209e+00
9.051443498130653520e-01
-1.791030309204576287e+00
-3.880565669943248697e+00
-4.207958307109675999e+00
-2.599882706909868890e+00
2.888758563233187471e-02
2.205085703267999797e+00
2.696174659017641417e+00
1.213278596557938682e+00
-1.415491695984261833e+00
-3.726498546570812032e+00
-4.429429796957554011e+00
-3.129488443502619788e+00
-5.681225174358601748e-01
1.810288699626130704e+00
2.667287073385309792e+00
1.521412843302812012e+00
-1.001436301920838323e+00
-3.485768666301379604e+00
-4.544980139486881399e+00
-3.582060618409152575e+00
-1.145874230082497780e+00
1.396233305562707194e+00
2.609511902120646099e+00
1.819917894836908134e+00
-5.488641270143056472e-01
-3.158376029134951857e+00
-4.554609334697659051e+00
-3.947970036418689599e+00
-1.685109161886026108e+00
9.629195210777291569e-01
2.513219950012873127e+00
2.089535360738672409e+00
-5.777517126466374942e-02
-2.744320635071527903e+00
-4.448688187379108427e+00
-4.217587502320453652e+00
-2.176198117635667728e+00
5.296057365927510086e-01
2.388040412272768087e+00
2.349523631429659254e+00
4.429429796957554122e-01
-2.253231679321886283e+00
-4.236845892742008068e+00
-4.381283820903667525e+00
-2.599882706909868890e+00
1.059211473185502073e-01
2.224344093689554214e+00
2.580624316488314030e+00
9.629195210777291569e-01
-1.704367552307580524e+00
-3.919082450786357530e+00
-4.439058992168331663e+00
-2.965792124919405914e+00
-3.081342467448733302e-01
2.041389384684785924e+00
2.773208220703859972e+00
1.482896062459702957e+00
-1.097728254028611294e+00
-3.514656251933711228e+00
-4.400542211325221942e+00
-3.254667981242724384e+00
-7.029312503867423123e-01
1.829547090047685343e+00
2.927275344076296637e+00
1.983614213420122008e+00
-4.525721749065326760e-01
-3.013938100973292400e+00
-4.256104283163562485e+00
-3.466510275879825187e+00
-1.068840668396279447e+00
1.588817209778253137e+00
3.033196491394846817e+00
2.465073973958986642e+00
2.118422946371004145e-01
-2.445815583537432225e+00
-4.015374402894130945e+00
-3.591689813619929783e+00
-1.405862500773484625e+00
1.328828939087266292e+00
3.100600857870287719e+00
2.908016953654742220e+00
8.858859593915108244e-01
-1.819917894836908134e+00
-3.687981765727702754e+00
-3.649464984884593477e+00
-1.704367552307580524e+00
1.049582277974724809e+00
3.100600857870287719e+00
3.302813957296610869e+00
1.550300428935143859e+00
-1.145874230082497780e+00
-3.273926371664279245e+00
-3.620577399252261408e+00
-1.973985018209344799e+00
7.510772264406286869e-01
3.042825686605624025e+00
3.630206594463039060e+00
2.195456508057222589e+00
-4.525721749065326760e-01
-2.802095806336192041e+00
-3.524285447144488881e+00
-2.205085703267999797e+00
4.333137844849781484e-01
2.927275344076296637e+00
3.890194865154025905e+00
2.782837415914637180e+00
2.599882706909868446e-01
-2.262860874532663491e+00
-3.360589128561274563e+00
-2.388040412272768087e+00
1.059211473185502073e-01
2.753949830282305555e+00
4.063520378948017431e+00
3.322072347718165730e+00
9.629195210777291569e-01
-1.694738357096803316e+00
-3.129488443502619788e+00
-2.542107535645205196e+00
-2.311006850586549977e-01
2.503590754802095919e+00
4.150183135845012750e+00
3.784273717835475725e+00
1.636963185832139622e+00
-1.097728254028611294e+00
-2.850241782390078527e+00
-2.648028682963755376e+00
-5.777517126466374942e-01
2.205085703267999797e+00
4.140553940634235097e+00
4.169441526266567166e+00
2.262860874532663491e+00
-4.814597605388645785e-01
-2.522849145223650336e+00
-2.715433049439196278e+00
-9.244027402346199906e-01
1.839176285258462773e+00
4.044261988526462126e+00
4.448688187379108427e+00
2.840612587179300874e+00
1.251795377401047904e-01
-2.166568922424890520e+00
-2.744320635071527903e+00
-1.271053767822602598e+00
1.425120891195039263e+00
3.842048889100139419e+00
4.631642896383877606e+00
3.341330738139720147e+00
7.221896408082968399e-01
-1.781401113993798857e+00
-2.734691439860750695e+00
-1.617704795410584984e+00
9.532903258669518376e-01
3.543543837566043297e+00
4.699047262859318508e+00
3.765015327413920865e+00
1.280682963033379806e+00
-1.367345719930375347e+00
-2.696174659017641417e+00
-1.945097432577012952e+00
4.525721749065326760e-01
3.158376029134951857e+00
4.650901286805432022e+00
4.092407964580348612e+00
1.800659504415353496e+00
-9.532903258669518376e-01
-2.609511902120646099e+00
-2.253231679321886283e+00
-7.703356168621833255e-02
2.696174659017641417e+00
4.496834163432994913e+00
4.323508649639004275e+00
2.262860874532663491e+00
-5.296057365927510086e-01
-2.503590754802095919e+00
-2.532478340434427544e+00
-6.258976887005239798e-01
2.147310532003336103e+00
4.236845892742008068e+00
4.458317382589886080e+00
2.667287073385309792e+00
-1.155503425293274988e-01
-2.349523631429659254e+00
-2.792466611125414389e+00
-1.184391010925606835e+00
1.550300428935143859e+00
3.870936474732471044e+00
4.477575773011440496e+00
3.004308905762514748e+00
2.888758563233187471e-01
-2.176198117635667728e+00
-3.004308905762514748e+00
-1.733255137939912593e+00
8.955151546022881437e-01
3.418364299825938701e+00
4.390913016114445178e+00
3.273926371664279245e+00
6.740436647544103543e-01
-1.964355822998567369e+00
-3.168005224345729065e+00
-2.262860874532663491e+00
2.118422946371004145e-01
2.879129368022410151e+00
4.217587502320453652e+00
3.466510275879825187e+00
1.030323887553170170e+00
-1.723625942729135163e+00
-3.273926371664279245e+00
-2.763579025493082764e+00
-4.814597605388645785e-01
2.272490069743440699e+00
3.938340841207912391e+00
3.572431423198375366e+00
1.367345719930375347e+00
-1.463637672038148319e+00
-3.331701542928942938e+00
-3.216151200399615551e+00
-1.174761815714829627e+00
1.608075600199807775e+00
3.582060618409152575e+00
3.610948204041484200e+00
1.665850771464471469e+00
-1.165132620504052197e+00
-3.322072347718165730e+00
-3.601319008830706991e+00
-1.858434675680017190e+00
9.147735450238426713e-01
3.148746833924174204e+00
3.572431423198375366e+00
1.935468237366235522e+00
-8.569983737591789774e-01
-3.254667981242724384e+00
-3.919082450786357530e+00
-2.503590754802095919e+00
2.022130994263231230e-01
2.657657878174532584e+00
3.466510275879825187e+00
2.176198117635667728e+00
-5.199765413819736892e-01
-3.110230053081065371e+00
-4.159812331055789514e+00
-3.090971662659510510e+00
-5.103473461711964809e-01
2.108793751160226826e+00
3.302813957296610869e+00
2.378411217061990879e+00
-1.636963185832139567e-01
-2.898387758443964568e+00
-4.304250259217448971e+00
-3.610948204041484200e+00
-1.213278596557938682e+00
1.531042038513589443e+00
3.071713272237956094e+00
2.532478340434427544e+00
2.118422946371004145e-01
-2.609511902120646099e+00
-4.352396235271335456e+00
-4.053891183737239778e+00
-1.877693066101571828e+00
9.340319354453973100e-01
2.802095806336192041e+00
2.657657878174532584e+00
5.873809078574148135e-01
-2.262860874532663491e+00
-4.304250259217448971e+00
-4.400542211325221942e+00
-2.493961559591318711e+00
3.273926371664279134e-01
2.484332364380541058e+00
2.744320635071527903e+00
9.725487162885064762e-01
-1.858434675680017190e+00
-4.159812331055789514e+00
-4.641272091594654370e+00
-3.042825686605624025e+00
-2.696174659017641639e-01
2.128052141581781243e+00
2.792466611125414389e+00
1.357716524719598139e+00
-1.396233305562707194e+00
-3.909453255575580322e+00
-4.776080824545536174e+00
-3.524285447144488881e+00
-8.473691785484016581e-01
1.752513528361467010e+00
2.811725001546969249e+00
1.733255137939912593e+00
-8.762567641807335050e-01
-3.553173032776820506e+00
-4.795339214967091479e+00
-3.909453255575580322e+00
-1.386604110351929986e+00
1.357716524719598139e+00
2.782837415914637180e+00
2.089535360738672409e+00
-3.273926371664279134e-01
-3.119859248291842579e+00
-4.708676458070095272e+00
-4.198329111898899235e+00
-1.877693066101571828e+00
9.532903258669518376e-01
2.715433049439196278e+00
2.426557193115877364e+00
2.407298802694322892e-01
-2.599882706909868890e+00
-4.506463358643772565e+00
-4.390913016114445178e+00
-2.320636045797327185e+00
5.488641270143056472e-01
2.619141097331423307e+00
2.734691439860750695e+00
8.377399833376243388e-01
-2.012501799052453855e+00
-4.188699916688121583e+00
-4.477575773011440496e+00
-2.705803854228419070e+00
1.444379281616593735e-01
2.484332364380541058e+00
3.004308905762514748e+00
1.425120891195039263e+00
-1.357716524719598139e+00
-3.784273717835475725e+00
-4.467946577800663732e+00
-3.023567296184069608e+00
-2.503590754802095808e-01
2.311006850586549977e+00
3.225780395610392759e+00
2.002872603841676646e+00
-6.740436647544103543e-01
-3.283555566875056453e+00
-4.352396235271335456e+00
-3.264297176453502036e+00
-6.258976887005239798e-01
2.099164555949449618e+00
3.399105909404383841e+00
2.551736730855982405e+00
3.851678084310916628e-02
-2.705803854228419070e+00
-4.130924745423458333e+00
-3.437622690247493118e+00
-9.821779114992836845e-01
1.858434675680017190e+00
3.505027056722934020e+00
3.052454881816401233e+00
7.607064216514060062e-01
-2.070276970317117549e+00
-3.832419693889362211e+00
-3.533914642355266089e+00
-1.319199743876488862e+00
1.588817209778253137e+00
3.553173032776820506e+00
3.505027056722934020e+00
1.473266867248925527e+00
-1.386604110351929986e+00
-3.456881080669047535e+00
-3.553173032776820506e+00
-1.617704795410584984e+00
1.280682963033379806e+00
3.533914642355266089e+00
3.880565669943248697e+00
2.156939727214113312e+00
-6.740436647544103543e-01
-3.004308905762514748e+00
-3.514656251933711228e+00
-1.896951456523126467e+00
9.436611306561746293e-01
3.427993495036715910e+00
4.188699916688121583e+00
2.792466611125414389e+00
4.814597605388645785e-02
-2.493961559591318711e+00
-3.399105909404383841e+00
-2.147310532003336103e+00
5.777517126466374942e-01
3.254667981242724384e+00
4.390913016114445178e+00
3.370218323772052216e+00
7.607064216514060062e-01
-1.945097432577012952e+00
-3.235409590821169967e+00
-2.359152826640436462e+00
1.925839042155458314e-01
3.004308905762514748e+00
4.506463358643772565e+00
3.870936474732471044e+00
1.454008476827371110e+00
-1.376974915141152778e+00
-3.013938100973292400e+00
-2.542107535645205196e+00
-2.022130994263231230e-01
2.686545463806864209e+00
4.516092553854549330e+00
4.275362673585117790e+00
2.099164555949449618e+00
-7.799648120729606449e-01
-2.744320635071527903e+00
-2.686545463806864209e+00
-6.162684934897466604e-01
2.291748460164995560e+00
4.429429796957554011e+00
4.583496920329991120e+00
2.696174659017641417e+00
-1.925839042155458314e-01
-2.436186388326654573e+00
-2.792466611125414389e+00
-1.039953082763947378e+00
1.839176285258462773e+00
4.227216697531231304e+00
4.785710019756313827e+00
3.216151200399615551e+00
3.947970036418689821e-01
-2.099164555949449618e+00
-2.859870977600855735e+00
-1.454008476827371110e+00
1.328828939087266292e+00
3.919082450786357530e+00
4.882001971864086798e+00
3.659094180095370685e+00
9.436611306561746293e-01
-1.742884333150689802e+00
-2.888758563233187360e+00
-1.858434675680017190e+00
7.703356168621833255e-01
3.524285447144488881e+00
4.853114386231754729e+00
4.005745207683353293e+00
1.463637672038148319e+00
-1.357716524719598139e+00
-2.879129368022410151e+00
-2.253231679321886283e+00
1.733255137939912482e-01
3.033196491394846817e+00
4.708676458070095272e+00
4.265733478374340137e+00
1.935468237366235522e+00
-9.725487162885064762e-01
-2.830983391968523666e+00
-2.609511902120646099e+00
-4.333137844849781484e-01
2.465073973958986642e+00
4.458317382589886080e+00
4.419800601746777247e+00
2.359152826640436462e+00
-5.777517126466374942e-01
-2.744320635071527903e+00
-2.936904539287073845e+00
-1.059211473185502017e+00
1.829547090047685343e+00
4.102037159791126264e+00
4.467946577800663732e+00
2.715433049439196278e+00
-1.829547090047685398e-01
-2.619141097331423307e+00
-3.225780395610392759e+00
-1.675479966675248678e+00
1.145874230082497780e+00
3.649464984884593477e+00
4.410171406535999594e+00
3.004308905762514748e+00
1.925839042155458314e-01
-2.445815583537432225e+00
-3.456881080669047535e+00
-2.272490069743440699e+00
4.236845892742008290e-01
3.110230053081065371e+00
4.265733478374340137e+00
3.225780395610392759e+00
5.681225174358601748e-01
-2.233973288900331866e+00
-3.620577399252261408e+00
-2.830983391968523666e+00
-3.081342467448733302e-01
2.503590754802095919e+00
4.025003598104907709e+00
3.379847518982829424e+00
9.244027402346199906e-01
-1.983614213420122008e+00
-3.726498546570812032e+00
-3.331701542928942938e+00
-1.049582277974724809e+00
1.848805480469239981e+00
3.697610960938479963e+00
3.466510275879825187e+00
1.261424572611825168e+00
-1.694738357096803316e+00
-3.755386132203143656e+00
-3.774644522624698517e+00
-1.762142723572244440e+00
1.145874230082497780e+00
3.302813957296610869e+00
3.485768666301379604e+00
1.569558819356698498e+00
-1.367345719930375347e+00
-3.707240156149257171e+00
-4.140553940634235097e+00
-2.436186388326654573e+00
4.333137844849781484e-01
2.840612587179300874e+00
3.437622690247493118e+00
1.858434675680017190e+00
-1.011065497131615532e+00
-3.582060618409152575e+00
-4.419800601746777247e+00
-3.062084077027178886e+00
-2.888758563233187471e-01
2.330265241008104393e+00
3.331701542928942938e+00
2.118422946371004034e+00
-6.258976887005239798e-01
-3.370218323772052216e+00
-4.593126115540767884e+00
-3.620577399252261408e+00
-9.918071067100610039e-01
1.791030309204576287e+00
3.168005224345729065e+00
2.349523631429659254e+00
-2.118422946371004145e-01
-3.081342467448733302e+00
-4.670159677226986439e+00
-4.082778769369571847e+00
-1.665850771464471469e+00
1.222907791768716113e+00
2.956162929708628706e+00
2.542107535645205196e+00
2.214714898478777061e-01
-2.715433049439196278e+00
-4.641272091594654370e+00
-4.458317382589886080e+00
-2.291748460164995560e+00
6.451560791220785074e-01
2.696174659017641417e+00
2.705803854228419070e+00
6.740436647544103543e-01
-2.282119264954217908e+00
-4.496834163432994913e+00
-4.727934848491650577e+00
-2.859870977600855735e+00
6.740436647544104098e-02
2.407298802694322948e+00
2.840612587179300874e+00
1.126615839660943141e+00
-1.781401113993798857e+00
-4.246475087952785721e+00
-4.882001971864086798e+00
-3.350959933350497355e+00
-4.910889557496418423e-01
2.079906165527894757e+00
2.927275344076296637e+00
1.569558819356698498e+00
-1.222907791768716113e+00
-3.890194865154025905e+00
-4.930147947917973283e+00
-3.755386132203143656e+00
-1.020694692342392962e+00
1.733255137939912593e+00
2.975421320130183123e+00
2.002872603841676646e+00
-6.258976887005239798e-01
-3.437622690247493118e+00
-4.853114386231754729e+00
-4.063520378948017431e+00
-1.511783648092034804e+00
1.376974915141152778e+00
2.985050515340960331e+00
2.416927997905100156e+00
0.000000000000000000e+00
-2.898387758443964568e+00
-4.660530482016208786e+00
-4.275362673585117790e+00
-1.964355822998567369e+00
1.001436301920838323e+00
2.946533734497851054e+00
2.802095806336192041e+00
6.547852743328558267e-01
-2.291748460164995560e+00
-4.362025430482113109e+00
-4.390913016114445178e+00
-2.359152826640436462e+00
6.162684934897466604e-01
2.869500172811632943e+00
3.148746833924174204e+00
1.299941353454934445e+00
-1.617704795410584984e+00
-3.967228426840244015e+00
-4.410171406535999594e+00
-2.686545463806864209e+00
2.407298802694322892e-01
2.744320635071527903e+00
3.437622690247493118e+00
1.935468237366235522e+00
-9.051443498130653520e-01
-3.476139471090602395e+00
-4.323508649639004275e+00
-2.956162929708628706e+00
-1.348087329508820820e-01
2.570995121277536821e+00
3.668723375306147894e+00
2.542107535645205196e+00
-1.636963185832139567e-01
-2.908016953654742220e+00
-4.150183135845012750e+00
-3.168005224345729065e+00
-5.007181509604191616e-01
2.359152826640436462e+00
3.832419693889362211e+00
3.100600857870287719e+00
5.873809078574148135e-01
-2.282119264954217908e+00
-3.890194865154025905e+00
-3.312443152507388078e+00
-8.569983737591789774e-01
2.099164555949449618e+00
3.919082450786357530e+00
3.601319008830706991e+00
1.328828939087266292e+00
-1.608075600199807775e+00
-3.543543837566043297e+00
-3.379847518982829424e+00
-1.203649401347161474e+00
1.791030309204576287e+00
3.928711645997134738e+00
4.025003598104907709e+00
2.041389384684785924e+00
-9.051443498130653520e-01
-3.139117638713396996e+00
-3.399105909404383841e+00
-1.521412843302812012e+00
1.444379281616593680e+00
3.851678084310916628e+00
4.362025430482113109e+00
2.705803854228419070e+00
-1.925839042155458314e-01
-2.676916268596087001e+00
-3.350959933350497355e+00
-1.819917894836908134e+00
1.059211473185502017e+00
3.697610960938479963e+00
4.612384505962322301e+00
3.302813957296610869e+00
5.199765413819736892e-01
-2.166568922424890520e+00
-3.245038786031947176e+00
-2.099164555949449618e+00
6.451560791220785074e-01
3.447251885458270326e+00
4.756822434123981758e+00
3.832419693889362211e+00
1.213278596557938682e+00
-1.627333990621362192e+00
-3.090971662659510510e+00
-2.339894436218882046e+00
2.022130994263231230e-01
3.119859248291842579e+00
4.785710019756313827e+00
4.265733478374340137e+00
1.858434675680017190e+00
-1.078469863607056656e+00
-2.888758563233187360e+00
-2.561365926066759613e+00
-2.696174659017641639e-01
2.715433049439196278e+00
4.708676458070095272e+00
4.593126115540767884e+00
2.455444778748209433e+00
-5.199765413819736892e-01
-2.648028682963755376e+00
-2.744320635071527903e+00
-7.414480312298514786e-01
2.233973288900331866e+00
4.516092553854549330e+00
4.824226800599422660e+00
2.985050515340960331e+00
2.888758563233187471e-02
-2.378411217061990879e+00
-2.888758563233187360e+00
-1.222907791768716113e+00
1.685109161886026108e+00
4.207958307109675999e+00
4.930147947917973283e+00
3.437622690247493118e+00
5.681225174358601748e-01
-2.070276970317117549e+00
-3.004308905762514748e+00
-1.704367552307580524e+00
1.088099058817833864e+00
3.813161303467807350e+00
4.920518752707195631e+00
3.803532108257030142e+00
1.068840668396279447e+00
-1.742884333150689802e+00
-3.071713272237956094e+00
-2.166568922424890520e+00
4.525721749065326760e-01
3.312443152507388078e+00
4.804968410177868243e+00
4.073149574158794195e+00
1.540671233724366651e+00
-1.396233305562707194e+00
-3.090971662659510510e+00
-2.599882706909868890e+00
-2.022130994263231230e-01
2.734691439860750695e+00
4.564238529908435815e+00
4.256104283163562485e+00
1.954726627787790161e+00
-1.039953082763947378e+00
-3.062084077027178886e+00
-2.994679710551737539e+00
-8.762567641807335050e-01
2.089535360738672409e+00
4.227216697531231304e+00
4.333137844849781040e+00
2.330265241008104393e+00
-6.740436647544103543e-01
-2.994679710551737539e+00
-3.350959933350497355e+00
-1.550300428935143859e+00
1.386604110351929986e+00
3.793902913046252934e+00
4.313879454428226623e+00
2.638399487752977723e+00
-2.985050515340960109e-01
-2.869500172811632943e+00
-3.639835789673816269e+00
-2.195456508057222589e+00
6.451560791220785074e-01
3.273926371664279245e+00
4.198329111898899235e+00
2.888758563233187360e+00
6.740436647544104098e-02
-2.696174659017641417e+00
-3.870936474732471044e+00
-2.802095806336192041e+00
-1.059211473185502073e-01
2.686545463806864209e+00
4.005745207683353293e+00
3.081342467448733302e+00
4.333137844849781484e-01
-2.474703169169763850e+00
-4.015374402894130945e+00
-3.350959933350497355e+00
-8.666275689699562967e-01
2.041389384684785924e+00
3.726498546570812032e+00
3.216151200399615551e+00
7.992232024945151725e-01
-2.195456508057222589e+00
-4.092407964580348612e+00
-3.842048889100139419e+00
-1.598446404989030345e+00
1.367345719930375347e+00
3.370218323772052216e+00
3.283555566875056453e+00
1.145874230082497780e+00
-1.868063870890794620e+00
-4.073149574158794195e+00
-4.246475087952785721e+00
-2.291748460164995560e+00
6.644144695436331460e-01
2.965792124919405914e+00
3.302813957296610869e+00
1.473266867248925527e+00
-1.502154452881257374e+00
-3.967228426840244015e+00
-4.554609334697659051e+00
-2.936904539287073845e+00
-3.851678084310916628e-02
2.503590754802095919e+00
3.254667981242724384e+00
1.791030309204576287e+00
-1.088099058817833864e+00
-3.774644522624698517e+00
-4.766451629334759410e+00
-3.514656251933711228e+00
-7.318188360190741593e-01
2.002872603841676646e+00
3.168005224345729065e+00
2.079906165527894757e+00
-6.451560791220785074e-01
-3.485768666301379604e+00
-4.862743581442532381e+00
-4.005745207683353293e+00
-1.396233305562707194e+00
1.482896062459702957e+00
3.023567296184069608e+00
2.349523631429659254e+00
-1.636963185832139567e-01
-3.119859248291842579e+00
-4.843485191020977965e+00
-4.400542211325221942e+00
-2.022130994263231063e+00
9.532903258669518376e-01
2.840612587179300874e+00
2.580624316488314030e+00
3.273926371664279134e-01
-2.667287073385309792e+00
-4.718305653280872924e+00
-4.679788872437764091e+00
-2.580624316488314030e+00
4.140553940634235097e-01
2.609511902120646099e+00
2.782837415914637180e+00
8.377399833376243388e-01
-2.147310532003336103e+00
-4.477575773011440496e+00
-4.862743581442532381e+00
-3.071713272237956094e+00
-1.155503425293274988e-01
2.359152826640436462e+00
2.956162929708628706e+00
1.348087329508820709e+00
-1.559929624145921290e+00
-4.130924745423458333e+00
-4.920518752707195631e+00
-3.485768666301379604e+00
-6.162684934897466604e-01
2.070276970317117549e+00
3.081342467448733302e+00
1.848805480469239981e+00
-9.244027402346199906e-01
-3.687981765727702754e+00
-4.872372776653309145e+00
-3.813161303467807350e+00
-1.097728254028611294e+00
1.762142723572244440e+00
3.158376029134951857e+00
2.330265241008104393e+00
-2.599882706909868446e-01
-3.148746833924174204e+00
-4.699047262859318508e+00
-4.044261988526462126e+00
-1.531042038513589443e+00
1.434750086405816472e+00
3.196892809978060690e+00
2.782837415914637180e+00
4.236845892742008290e-01
-2.532478340434427544e+00
-4.429429796957554011e+00
-4.179070721477344819e+00
-1.925839042155458314e+00
1.088099058817833864e+00
3.177634419556506273e+00
3.187263614767283482e+00
1.116986644450165933e+00
-1.848805480469239981e+00
-4.053891183737239778e+00
-4.227216697531231304e+00
-2.272490069743440699e+00
7.318188360190741593e-01
3.110230053081065371e+00
3.543543837566043297e+00
1.800659504415353496e+00
-1.126615839660943141e+00
-3.591689813619929783e+00
-4.179070721477344819e+00
-2.561365926066759613e+00
3.659094180095370796e-01
2.985050515340960331e+00
3.832419693889362211e+00
2.445815583537432225e+00
-3.755386132203143434e-01
-3.052454881816401233e+00
-4.044261988526462126e+00
-2.802095806336192041e+00
