9.388256545179883839e-01
5.708552023277468912e-01
9.661150037537200586e-01
7.612316013038844531e-01
-8.384810654224925663e-01
9.680472651102560722e-01
-9.979485971049530946e-01
9.960763833790400312e-01
9.670316068865885129e-01
9.435326868201375783e-01
-7.659082828089445183e-01
3.361952483416097981e-01
-9.652270220213443608e-01
-3.609422056663375705e-02
7.509699410474122150e-01
4.789904999742982672e-01
-4.911794056701837552e-01
-6.520156238914068259e-02
-9.870310012649985421e-01
9.974909337145667632e-01
9.964929787122278615e-01
-6.157354124560898700e-01
-4.779856847208935333e-01
7.719706954012490741e-01
-9.989350860341219551e-01
2.901971253456114841e-01
9.217479192476715211e-01
7.814786023503044188e-01
-9.944867667891716945e-01
-8.676131267429755267e-01
9.625094674073814138e-01
-3.408585989679516724e-03
-9.869436992675668652e-01
-1.670084479535746957e-01
3.908915488175146447e-01
6.055335469566179851e-01
-2.231998273813422251e-01
9.993487796797947409e-01
1.218672804424869027e-01
6.803856088440652927e-01
8.582725084817727224e-02
1.017945744096830502e-01
8.167807318855043741e-01
-6.495022026575563157e-01
-2.784952242003976841e-01
9.900035170763112902e-01
7.706911581439459535e-01
8.710361248597919825e-01
6.184564730455400783e-01
-5.769424547440217266e-01
6.361838747493395729e-01
-9.749850436025723210e-01
1.722570797767994377e-02
8.219696412127729390e-01
3.490278817079621732e-01
-4.785707767955697522e-01
-4.222781907677476410e-01
9.228602672968129195e-01
5.083417521301029085e-01
9.543759298699088234e-01
-2.367397141963760998e-01
9.639004518984674030e-01
9.579389516079089839e-01
-9.778454337657371820e-01
4.708808340850186847e-01
-9.995158401355300759e-01
6.010807215306021023e-01
-3.373472884568072816e-01
-9.764881877481198513e-01
9.910979621879322243e-01
1.383655081470638593e-01
-4.920391367116709880e-01
-8.054593484506303858e-01
6.198191154996751662e-01
-2.056686989922029973e-01
9.993041152525017345e-01
-2.095558246954700166e-01
3.409951274532723731e-01
9.997417188481710904e-01
-9.198073803578521446e-01
-9.010046515755061325e-01
-8.206447205179957516e-01
2.703208235393306236e-01
-3.872978721509486855e-01
-8.953417557925781312e-01
7.817375480264174836e-01
1.742012259879698599e-01
7.639814821209172102e-01
9.482261317376313725e-01
-7.970723125563088374e-01
8.078725488826060674e-01
-1.587918351674088568e-01
3.069967665716434313e-01
8.287153933811208795e-01
-9.702383603696123071e-01
9.966794946664673249e-01
-5.979605382650288181e-01
-8.439473195918395509e-01
-4.916594488923902162e-01
-9.999178619570300297e-01
-9.169249153439100741e-01
1.400063229384902741e-01
9.947059215981621794e-01
-4.061935782381400489e-02
-2.945678016648747843e-01
3.527415651699100652e-01
-9.480838353854944556e-01
9.928964775608638549e-01
5.262407836844016362e-01
6.272529838100032729e-01
-5.116785365298375243e-01
9.250877923558832316e-01
5.575593426680623965e-01
-9.806635859424345236e-01
-9.467906064958668544e-02
5.710064604178372027e-01
8.095066849033958345e-01
7.292051990494896607e-01
3.106225375619947604e-01
2.219407705556472321e-01
-1.021202091979527826e-01
-8.716560424011722263e-01
-4.632642171058405922e-01
-2.408579255564451960e-01
-9.950793372184005836e-01
6.673309173277113260e-01
-9.080600690697142596e-01
2.360161907299449247e-01
8.668680101317408626e-01
4.841157571081680655e-01
8.815198349878776707e-01
-3.216322464558091787e-01
-9.988923610398774411e-01
-6.889882533614742899e-01
2.035552012837999469e-01
3.525301321962134860e-01
5.495166330999200488e-01
7.745655295737304824e-01
1.082986572002726244e-01
9.991874453564182357e-01
-6.232469658714411276e-01
3.771443858313396347e-01
-5.976906493953279553e-02
-6.078800435209152225e-03
-9.687462669279978122e-01
-5.623457355903843657e-01
-9.933037430381667088e-01
-7.162535373152227602e-02
-1.314266777825801591e-01
7.903898185539077748e-01
-6.068708147743798742e-01
9.789716755363085943e-01
9.874804720342252873e-01
-6.077652127008799539e-03
-3.578432914010259980e-01
2.726038909587075731e-01
8.160244204249585964e-01
9.930878794576710744e-01
-2.903808558576485011e-01
-9.929320777441981161e-01
9.672029569135779381e-01
7.793074319094814850e-01
-6.591739099124568346e-01
-6.093302622613271380e-01
1.871782144378412449e-01
8.821003818180209177e-02
-3.097934574252529938e-01
6.564743579275671426e-01
3.449899056435747902e-01
-8.652804687947004414e-01
5.557368413274061947e-01
3.191681325103812306e-01
1.792143546105482571e-02
4.749850100788892693e-01
4.103468254543046201e-01
8.654809293194202224e-01
1.166522486213576321e-01
-1.895685480243513854e-01
-8.749763116842006472e-01
9.797448556033490075e-01
1.796787073942590907e-01
-9.919939810619370357e-01
9.898737585025257912e-01
3.217729763252297204e-01
6.593379241168030314e-01
-8.803277721294509028e-01
-9.406225127544337594e-01
9.097307899352998772e-01
-7.384601262278304157e-01
-8.236457685128084627e-01
3.541879478226712952e-02
7.018245775615248316e-01
-3.937194533083660519e-01
-9.500550597092093374e-01
7.107831552489993765e-01
-2.641628722955721709e-01
-6.018504411206031524e-01
-8.088984215441862302e-01
-9.429026895766723371e-01
-3.967149316021932326e-01
7.663672669670508197e-01
6.959301081604623018e-01
-1.451812308750893565e-01
-9.320689049735901843e-01
9.260686457403948246e-01
-2.461092724297193057e-01
-5.583374135104695046e-01
1.953179379115878578e-01
8.725157396712560631e-01
9.484765858460640908e-01
-2.169729793049128830e-01
-5.258839079872360545e-01
-7.336600308939139614e-01
-9.799249651069396050e-01
-3.198100660857706168e-01
-1.574494931860244695e-01
9.734226847480507150e-01
9.286331710435582476e-01
-3.675144912009285503e-01
3.973185745314261053e-01
4.380566111839889754e-01
-9.890787946971841826e-01
9.313234898530395878e-01
-9.834292649834590616e-01
-5.975697461366928920e-01
-5.802260452203292784e-01
-5.492752960598179524e-02
-6.621452810569410374e-01
-7.578041663112593529e-01
8.596102231116792280e-01
9.970018719254929440e-01
-7.403679826443268497e-02
-8.153245048074999612e-01
-9.941589438732547634e-01
7.960727848399137274e-01
2.566837787961993023e-01
-9.691737171298679954e-01
-6.974823968878738345e-01
-6.164687393637086066e-01
9.950578043060686051e-01
-7.149780283907508638e-01
9.450254278914769213e-01
-6.723212307453169112e-01
5.861585752760903878e-01
-2.622800465326221020e-01
-9.669102217865007676e-01
2.176618943425127073e-01
-4.376127313509378114e-01
9.915284400215901295e-01
-9.691290112045584104e-01
-9.946305965457223897e-01
-2.957046136226278432e-01
7.365626771091793312e-01
-7.014439108482133367e-01
2.348826264218945303e-01
2.376167681852757729e-01
3.511887461776654340e-01
9.034469369133498740e-01
3.191450864993239378e-01
-2.788874937457554992e-01
5.332881892720867656e-01
-6.941137049339417275e-02
-4.371158614531235886e-01
-1.792433135318265980e-01
-7.239569901206959202e-01
-9.846549221213791725e-01
8.351532105844802212e-01
2.583543369119919442e-01
-3.407924841942066574e-01
9.999933906593316824e-01
2.658753845018291817e-01
3.388161808225309546e-01
-6.675835795476314782e-01
-3.401833861681841653e-01
-9.883419251645918502e-01
-1.018602736813408877e-01
-2.870345179156966742e-01
9.971927516098758604e-01
3.443712112557706928e-01
8.332295423906453946e-01
1.470388158398046319e-01
9.959630170800509719e-01
-9.170607150641734151e-01
-1.842106225039875644e-01
5.053183812488016846e-01
-5.751624700797798306e-01
-8.142004277106927868e-01
2.791890819253161626e-01
-9.019013785125846727e-01
1.231802463201099596e-01
8.167079793742084703e-01
-9.752042876497101220e-01
1.160234607920483801e-01
9.846870459849885737e-01
8.211814147767306782e-01
-3.667435216114052210e-01
-9.286664791376223471e-01
9.915636843511290710e-01
-5.613148852390467125e-01
7.758126413295746322e-03
-7.583686391585251485e-01
9.146722493266664644e-01
9.857277994917902353e-01
-8.101251764587344972e-01
-2.886112739814919448e-01
8.771476134781162060e-01
-7.956962812899708304e-01
2.796767197823444850e-01
1.650787755459863781e-01
7.698907021407592755e-01
7.898616445111836804e-01
4.458359242692822716e-02
9.999252297540416334e-01
9.904452644624061053e-01
-8.109637685519787142e-01
-8.844107864869801272e-01
-9.806411750427103113e-01
9.618378813591712539e-01
9.582316887868893573e-01
-7.551133709662019022e-01
8.629777433780355667e-01
8.593562553799295456e-01
2.884814911788837755e-01
-4.904194209086346623e-01
-2.532071219052836053e-01
7.141593570457761553e-01
9.626156810841179912e-01
-7.765259036739784460e-01
-8.653604741878569984e-01
6.744252448050370718e-01
5.901484727178816225e-01
2.745799924003611281e-01
-9.672160348792887552e-01
-9.427111948356375892e-01
9.971146295628701139e-01
4.070679278405388568e-01
1.688752751940065522e-01
-6.993194885371485370e-01
-1.508059765965718835e-01
-4.943406693615901015e-01
-9.762886682557744278e-01
-8.029860256026296605e-01
4.419614765987242566e-01
9.770067800263106950e-01
4.208698131356263250e-01
-3.248486115398690477e-01
-7.105549198028253688e-01
8.670933491717024433e-01
-6.300471233092720391e-01
-6.285502569714260801e-01
6.394786946561196173e-01
6.803051844597411968e-01
3.120680433326792347e-01
8.530236815758442948e-01
-2.361866801884113937e-02
-8.735306244873106696e-01
-1.252748653218789532e-01
-1.980888908310818874e-01
-4.341916129344135511e-01
8.890392272708130816e-01
-7.658720497912584468e-01
-7.901945678694511921e-01
-9.144676667703918183e-01
-9.708585922377709343e-01
-1.973884153865164415e-01
8.784511707893331023e-01
9.984847083768351172e-01
-4.984256094898299461e-01
9.584948949896211490e-01
1.253245907381725643e-01
-1.428666125792028008e-01
4.135725217604430681e-01
6.177125945619892367e-01
9.757091775502479969e-01
9.961065185788652299e-01
-9.892626846890119063e-01
9.388185658901896380e-01
-9.959039781378169476e-01
8.163379061887070243e-02
-7.239792244837940371e-01
6.109877189079919724e-01
-9.848010171295958903e-01
7.049692317369432581e-01
-4.924231856275139707e-01
9.912789533388582930e-01
9.679052282468922908e-01
9.713920723688027614e-01
3.433023189188952884e-01
-9.505703676684020831e-01
-9.235654978407746851e-01
9.333674853668997295e-01
4.952049369538525370e-01
-6.424959464647574947e-01
1.356836993020722748e-01
-9.972005896470360620e-01
5.475434687157106906e-01
9.277863010331135474e-01
9.406127677414434507e-02
6.527094435766016556e-01
-7.639153558881430772e-01
-8.085524209512137128e-01
-2.771121309491940132e-01
-6.102786485697784397e-02
2.138964220746478184e-01
-9.636479578084646835e-01
8.812609134619929785e-01
3.617472470843222099e-01
4.015882809222744432e-01
4.143428365658820556e-01
5.677859076116555936e-01
3.325441392930657963e-02
6.063341933481316559e-01
-9.557327763490179873e-01
9.989804582459380633e-01
5.240983385063429090e-01
-7.294120423940932962e-01
-9.067687084772136918e-01
-4.785772310287870202e-01
1.357667213148467111e-01
-8.004487698086030223e-01
-8.591976904121766401e-01
-4.507785497476117231e-01
-2.015962242611028243e-01
9.965646512566077586e-01
8.687435227649459302e-01
-9.567090819396842916e-01
-2.982235731790311428e-01
-9.745119598845506381e-01
-9.430706299534324932e-01
-9.984283710450247984e-01
-8.531027684004758305e-01
7.448000342767694404e-01
-9.953059982202512312e-01
-7.882915536363315212e-01
-7.334300472766055456e-01
-9.687914262822019396e-01
-7.625561551065304089e-01
-3.667812683850258937e-01
-4.264517704549312116e-01
-7.096836355005671226e-01
-9.123854747583544367e-02
-6.063435069699261160e-01
-9.900679407553992784e-01
7.568642039259763088e-01
8.971164407662569618e-01
8.523260523106145348e-01
5.710415363914145281e-01
-7.076238017413768455e-01
9.184529155598937511e-02
-9.995642162545637088e-01
3.338752720547893960e-02
2.785398043571415405e-01
-7.457540468493475405e-01
-9.985382048874911209e-01
-9.470469485320973657e-01
6.505915440685027251e-01
3.386138040317890896e-01
6.205400502543128027e-01
-4.481524788762332734e-01
-3.570576066375545921e-01
-1.519507553514498344e-01
7.540069457441802570e-01
-9.988213059038565378e-01
-5.405890977369561812e-01
-1.122429595548142672e-01
9.764210827272831184e-01
8.121562479439323745e-01
9.884830835953550832e-01
-2.904834227682889791e-01
-9.993498280012298451e-01
-7.741485202046642922e-01
-7.429981664772552508e-01
-4.339175146119455539e-01
9.123489345462493239e-01
-9.422661177939711807e-01
9.973350883382925414e-01
9.209625156487691866e-01
1.592644662799259647e-01
3.800288300723128621e-01
-9.995465073465518158e-01
8.670265231587089005e-02
-7.814665836440161106e-01
-9.750363603515568300e-01
-1.596111460138970317e-01
-8.678698385131492499e-01
-5.314475287932570735e-01
9.715943642436754013e-01
3.037558656359398701e-01
8.493707631392990454e-01
-1.628149317705586685e-01
4.581254904650994969e-02
9.367867512855982959e-01
-8.056602591270254354e-01
-3.400677498561510692e-01
6.288842631598954291e-01
4.665516337075201192e-01
4.610205021395479830e-01
3.158865744339607318e-01
9.964062538275064718e-01
-9.431777622648670478e-01
-7.153528171151274373e-01
-8.407756844418302622e-01
-8.165600369938320613e-01
3.940742499150697298e-01
6.570882813174864223e-01
9.975284514628188770e-01
-4.783701564877075874e-01
-8.605347067898546642e-01
-4.357955887873075224e-02
3.549346663888683362e-01
-7.296871060788789887e-01
-4.993592583042832378e-01
3.580366967742571460e-01
-9.885935913492569505e-01
-4.054871345642510061e-01
-7.685193283331980263e-01
7.043877410726184785e-01
9.283676821337234486e-01
-7.865442447972731399e-01
9.830455314435712078e-01
8.416419454101794484e-01
9.951096766580697084e-01
1.414173234810266466e-01
-9.806097432709555139e-01
-8.149236488466269357e-01
7.721511874912675988e-02
8.986393830092852530e-01
7.230776893217386592e-01
-8.758824390697549367e-01
-6.559606676496418931e-01
9.819475770178656138e-01
3.097153848841445178e-01
-6.119970171217560262e-01
3.542673146456571942e-01
-7.844917627760056300e-01
9.802056018293509032e-01
-8.839751929954186016e-01
7.486284862129702899e-01
-8.499248608261213977e-01
7.938289449543262100e-01
-3.452833757271956405e-01
5.270284361676921270e-01
7.703815755503546914e-01
7.220083725673039909e-01
8.913107535958469940e-01
-7.787717079034831014e-02
9.457875361672182235e-01
-3.932315080709253285e-01
3.748835789033367893e-01
5.080062479715490298e-01
2.261099592185978058e-01
-9.484531624930937765e-02
9.998127959570091150e-01
-9.631744220710685145e-01
-7.233088557112523631e-01
2.333773036656409949e-01
-7.253909616830261919e-01
8.843371528920589419e-01
9.162300378816108370e-01
-9.038918726601625764e-01
-9.789289565131787940e-01
6.458262492617151684e-01
9.303767937116989017e-01
9.978298340130868915e-01
7.319170023192741459e-01
1.641798710590629262e-01
1.055330642894441312e-01
9.832229390019116000e-01
5.882690662468808007e-01
1.507424688003695945e-01
-6.363734166730190545e-01
3.959761196890786983e-01
-9.007902487835383054e-01
-2.652626944249343866e-01
-7.016222357835581735e-02
6.172470725584291440e-01
7.821170839233912986e-01
-1.489537925056800827e-01
-4.390451922538554652e-01
5.945623638484256457e-01
9.331407656157081343e-01
9.942432690996489963e-01
-3.553980499075972688e-01
-6.084837920091270558e-01
2.921721361370197001e-01
4.962558949667650876e-01
5.789430593007995896e-01
8.330746750026100100e-01
-4.934287566604724784e-01
-8.573869163369584045e-01
-9.973004276903416621e-01
-9.649660374599826618e-01
-3.003822469283207522e-02
9.958170609445359256e-01
9.341529166165190023e-01
7.435451224763682809e-01
1.221971227588958958e-01
-6.421808067948064913e-01
-8.638063929932018326e-01
-8.765212834073414783e-01
9.956184345553793502e-01
1.285339560155348559e-01
5.983967727937754277e-02
5.130428517627446672e-01
2.912379524151491039e-01
4.902132082539079061e-01
3.597260872681029564e-02
-7.028790264314331848e-01
8.918093852760520246e-01
4.621078842398206876e-01
-2.903879780037355585e-01
7.414382642945337443e-01
-5.446220917032208453e-01
9.050949678002974119e-01
-6.262113548031561505e-01
1.269446791676974717e-01
-2.743141567910202805e-01
-9.915793968411216186e-01
-7.992307118264131427e-01
1.093097172718720672e-01
-9.895883565864161957e-01
-3.785694824325257501e-01
-3.941721242918195811e-01
5.444477624553208939e-01
8.906367537761008535e-01
1.907458382449106760e-01
-3.610527369103245232e-01
-7.936431968752748478e-01
-2.342464619381523783e-01
7.494986750310198009e-02
6.280121490152130725e-01
-7.813969799513239556e-01
5.166909657397167344e-01
-9.180199687111840756e-01
-4.637431210430457695e-01
-4.320954090701690786e-01
-4.231462642396687790e-01
-6.155695664229769992e-01
-3.266665199878551196e-01
-2.683948417943826659e-01
5.666089638974278753e-01
-7.031774251704611123e-01
9.984373617228001763e-01
1.013181397120561239e-01
8.912791121275700501e-01
8.831040229353008808e-01
1.381347647091308306e-01
9.291594194591457079e-01
-6.170876856124429821e-01
-5.634978945039798015e-01
4.043023558631689274e-01
5.732106765465061482e-01
-4.277669881312308742e-01
-4.673087104140794534e-01
-2.479206756610675272e-02
-6.666254627189790449e-01
2.402188475880092100e-01
-7.526396423235462985e-01
3.498757896824280511e-01
-5.595691342680768621e-01
4.200789102475481207e-01
8.665944747025381423e-01
8.776504249049495998e-01
7.764357222096275324e-01
7.152911487158836179e-01
7.730005486833709805e-01
-9.979522214944964720e-01
9.996626031311273142e-01
-7.757992900488431820e-01
3.363282452213280926e-01
2.695915692568982003e-01
8.131564612151007676e-01
-4.828206470752314794e-01
9.855264136675456754e-01
5.902964362452695068e-01
9.884717882192209926e-01
-9.950583565391704077e-01
5.710727851865088356e-01
8.673711314427429153e-01
-1.579864450849690627e-01
-3.582435017890208684e-01
7.068756376464502278e-01
9.992118563249725582e-01
-9.860235978289709768e-01
4.497746475798231613e-01
-8.781955706700281805e-01
-9.696490176314432885e-01
6.324244515899242192e-01
-4.240947108840698587e-01
-3.933729079407024543e-01
9.985846486431965152e-01
3.827056180996826207e-01
4.849124508027056329e-02
-3.875515682774952064e-01
-8.834281661663349883e-02
5.939309743812166975e-02
9.588392367655051984e-01
-2.252394301563290790e-01
9.666396260852786471e-01
-3.883108190519535818e-01
-9.762382272695189211e-01
-2.796679673498732033e-01
9.295533818856784869e-01
3.129134418636615039e-02
-1.700050254471625333e-01
-9.358607438075871032e-01
9.731829242644089994e-01
9.970132845596397786e-01
-9.979131053145907648e-01
7.313414900523173001e-01
8.297595147701629648e-01
9.410592693618232696e-01
-8.220009382462528658e-01
9.511077440376758396e-01
9.955104790255138170e-01
-4.987204197789227855e-01
-8.684670762657071830e-01
5.396676924154009125e-01
5.817308111404564386e-01
9.635813792194080074e-01
-4.203674086448632718e-01
8.526149954255795027e-01
2.759125498280862732e-01
-9.633953406012473186e-01
-9.983419180671688764e-01
9.640101634596299762e-01
-1.459056803948050318e-01
-9.976544808192039371e-01
-9.238546386734159954e-01
-3.974219770620162628e-01
5.529110985627613273e-01
-6.134862807443690613e-01
9.832891136669510423e-01
-9.268998351972631555e-01
5.496664340022208162e-01
6.481821580047153475e-01
-8.504133970230229878e-01
-2.147943005549773909e-01
9.999713273127422974e-01
9.537006756634387461e-01
9.861519801704483612e-01
-9.574625216121687155e-01
-9.727096142108802024e-01
3.435218148259076842e-02
7.468188942030385968e-01
-8.241528760189004155e-02
2.431241510068890277e-01
8.735802496551693386e-01
-1.147604309830635577e-01
-7.382427327990391808e-01
9.030241388651840673e-01
-8.475980160910157046e-01
-9.996720967318596385e-01
-9.851588291668874620e-01
1.334983234170172839e-01
-5.667631571010541824e-01
7.307279464679024006e-01
-8.344608546619927125e-01
-1.371969960677672518e-01
-9.300767709654179649e-01
-3.759048877413289080e-01
7.987873751922170973e-01
-6.626252121522339111e-01
-5.212457491464308479e-01
-4.496807080900122044e-01
3.120023379925909168e-01
-8.010230236306240537e-01
8.523853035030005687e-01
1.602801661449451687e-01
9.814517268255011917e-01
-9.942693664544655086e-01
9.946796811585004727e-01
3.137676642840310781e-01
-9.918655795651670770e-01
-9.974019650637967471e-01
9.215917057892234476e-01
-9.186731881376737352e-01
-9.923665007400311877e-01
-2.126571586895404653e-01
-6.299868991059142109e-01
8.158220895990745403e-01
9.529381995001584560e-01
-3.524438099838334004e-01
1.292063106456337596e-01
-9.697101524500236769e-01
3.421819786609158753e-01
-9.752564091661141132e-01
4.052205455885146690e-01
-9.999981729115463569e-01
-7.767401437995022362e-02
9.699971544422711922e-01
1.196900630065700355e-01
-7.762571724535964890e-01
-9.854748284644098133e-01
-3.107174674582395268e-01
-5.549860326741749006e-01
8.969750890452837799e-01
-1.136401547928465733e-01
-8.251240970535842489e-01
9.886691242534798585e-01
-9.951809719116955222e-01
5.897040495523665493e-01
-4.127376595462239339e-01
-7.347548580649106986e-01
7.496417963659296468e-01
-7.553777016143150558e-01
6.227030767098023362e-02
9.014271956557406984e-01
1.578624629139354085e-01
7.300160287802703873e-02
5.164106553181381232e-01
-2.948032905384713187e-01
-3.010014247113484420e-01
-1.768695943371224877e-01
6.080388482338028311e-01
6.006516482035612059e-01
-9.999702601014136549e-01
5.548871738760309258e-01
6.439469482102609665e-02
6.284954933874168370e-01
2.050460796871111935e-01
3.030312242984619653e-01
-3.730934520957202016e-01
2.184602937660958810e-01
3.127492388973078241e-01
9.874728556768449517e-01
2.968771628819863451e-01
8.663958425199519420e-01
-5.484578990482292804e-01
-3.955491784774684549e-01
7.977098101916070272e-01
-1.640461512659228682e-01
3.745780006550590291e-01
3.850968671290939671e-01
-9.499117822597107075e-02
6.716894838970987047e-01
-9.996846915868149441e-01
-3.353538201285644615e-01
-5.365520772518832526e-01
-2.476652210143389654e-01
-5.687157816172833114e-01
9.594632686194758397e-01
5.297961093581019520e-01
-9.710895644485163514e-01
-9.013500634244570042e-01
-4.341885092313825523e-02
-7.010859591307715410e-01
-9.986244566801945055e-01
-5.967470331121099703e-01
-9.169685100505349240e-01
5.003272856870517593e-01
-4.853741388105681925e-02
7.644875577907588315e-01
8.915726831421726395e-01
-9.839296070485209489e-01
5.609703341304295154e-01
8.881008471399443049e-01
8.358991208996464639e-01
-9.997753488048526371e-01
4.535856002339512805e-01
9.165085706111576469e-01
5.146597451974595921e-02
9.093018211678646767e-02
-8.160952217154104904e-01
8.972088234565608333e-01
-8.994585141279394236e-01
9.326524250259224935e-01
-9.310456123758570346e-01
5.668337431269585558e-01
5.716815231176802792e-01
-9.831891416596099109e-01
1.298258260031051048e-01
-6.152218567423037854e-01
-3.906392984368206034e-01
7.281669280993721127e-01
-3.465052476892582223e-01
9.181412033247526860e-01
5.373367912167013039e-01
5.212800142084391686e-01
7.815173756219955248e-01
6.644114345303451241e-01
-7.030902848392893700e-01
-8.642728748062044053e-01
-9.691618955354764919e-01
-6.608418227075322227e-01
2.314663717466534654e-01
5.271114167108579274e-01
-4.221696203128658120e-01
-5.424833991601747674e-02
-9.943690935186244584e-01
6.152213449982311122e-01
-2.989763673650199793e-01
8.873941874532680352e-01
-4.688210186264767931e-01
9.605104921688429886e-01
6.056604944255664646e-01
-8.331935414014526309e-01
9.239950491606135907e-01
1.576180014758053194e-01
8.527592393808226534e-01
-5.988091596217275381e-01
1.608111424478450291e-01
-7.903348116084355501e-01
-8.910481312157800815e-01
1.405990551154337187e-01
6.558066971807152701e-01
9.592222225442179617e-01
-9.996098963975148521e-01
8.605850698534982524e-01
9.312841537382990920e-01
-7.576129306838506050e-01
-9.649428808144363545e-01
-7.710475010013270736e-02
-8.029548199827475363e-01
2.940972659110323573e-01
-8.828468991568526603e-01
6.356321217953524449e-01
-9.347585437425454113e-01
-9.499255743555791165e-01
5.687297088391021216e-01
-8.991741141295938045e-01
-2.339494677004291534e-01
6.172471683167355394e-01
3.355155132118382011e-01
6.053941702067764385e-01
-2.242081789111673162e-02
-3.961855682058482153e-01
1.619568020491223836e-01
-3.760014955007936477e-01
-8.773195598319963873e-01
-3.403664277484911294e-01
8.315533665008675301e-01
8.599615463397731752e-01
4.023336336348877773e-01
-9.989111318765495628e-01
2.878952114660983108e-01
-5.280912659425939237e-01
3.292696227007157472e-01
-8.929870393445069610e-01
-4.319768886558336685e-01
-9.568341837248043324e-01
-3.195469577047954091e-01
5.254230437368062612e-01
3.947340058091035053e-01
9.998114395079532590e-02
8.938947784181155987e-02
-3.063344272939403923e-01
5.579139355424896918e-01
-4.972818634653980441e-01
-7.283238522770472123e-01
-1.605142406969167768e-01
9.362063267758961027e-01
9.999927815481235438e-01
-7.459339292904336727e-01
9.417604631953923056e-01
-5.870638291037322265e-01
-4.975334662450036499e-02
4.988852921136130991e-01
-2.181722911887679361e-01
9.465513520633604960e-01
1.111311942285110425e-02
-8.251348853685501750e-01
-9.793808415805949075e-01
4.596615017976533185e-02
-3.738733837677383764e-01
7.157740169433806088e-01
-6.193851091959545752e-01
-9.992638468188753675e-01
5.479762645487552125e-02
-2.680060438420646118e-01
9.903781591878619839e-01
6.524258035745581497e-01
3.340031794703649526e-01
-8.774939039630589299e-01
-4.070313488658693357e-01
9.042169345264049474e-01
5.713583623613253254e-02
-6.798482008590196468e-01
8.739067907444874050e-01
-9.979219277723262449e-01
7.427667398681317978e-01
-7.993676615650011641e-01
-9.798480324650037376e-01
-8.940451908021237459e-01
6.112201704031603455e-01
7.992161247298699145e-01
3.367641304461757024e-01
-1.609015580113885568e-01
6.129065060290718181e-01
-7.939360839214412158e-01
-4.712655357601869821e-01
-5.746555692267900639e-01
7.987642203832310273e-01
-9.827791464718788061e-01
-5.194632146878718215e-01
7.997414964987477060e-01
9.997019083031344344e-01
-8.824999446293845251e-01
9.858177434142186835e-01
-6.175787426466541330e-01
-9.618871725784613469e-01
-9.184337693831562399e-01
4.836396242142781410e-01
6.989009640409905577e-01
-6.086708633498403298e-01
6.863545485895340414e-01
-7.291814403689378388e-01
-3.590228351620178282e-01
-9.418530349353330111e-01
-7.180379306039663678e-01
-9.153104838948130650e-01
-8.869909858841558137e-01
9.674646352041210706e-01
8.402315882408594172e-01
6.526400682857921298e-01
8.412841208406455218e-01
-1.483720786490362320e-01
-8.124782275512273388e-01
3.951004605414453613e-02
-7.952824244048373181e-01
1.209024693589975108e-01
9.363072751640391100e-01
-6.605247965575050673e-02
9.814475148137293825e-01
-8.939833935930894260e-01
9.972478448624290115e-01
9.061663294241384392e-01
-6.738378469614670907e-01
-6.282550652581594397e-01
9.057634081564148731e-01
-8.196311595788920989e-01
-8.215712079468585616e-01
8.111783522638551513e-01
7.797698292348195226e-01
-9.923840395502284695e-01
-5.826934457618325736e-01
8.377775121511864542e-01
-3.472401380103663504e-01
-5.925166427661993085e-01
-9.778166687713267802e-01
-9.859980372481792488e-01
9.312321402233025847e-01
9.062423405405797272e-01
9.296673545694371654e-01
3.628226994247248371e-01
-8.046402497398317255e-01
1.181936458707684434e-01
-1.491778860176592725e-01
9.159015845020754831e-01
-1.785025440046336953e-01
-8.892909836745923613e-01
-5.314515184132553305e-01
-5.378100829251293291e-01
-1.971955524393362580e-01
-6.490319945105506028e-01
-8.685975266939957029e-01
9.114632499133200616e-01
9.450465848666523838e-01
8.149636182640659365e-01
9.980417813228020796e-01
6.674002070435817169e-01
-9.259685772301970985e-01
-9.999896068659783754e-01
8.651398817372049077e-01
5.206105651204282481e-01
9.256468142830126533e-01
6.520410022940710260e-01
-9.471620293325664353e-01
-1.958571490004405447e-01
1.688803863172471664e-01
-9.999409899326487938e-01
-5.725404074800501814e-02
-9.599533035445114715e-01
-6.152907161062827202e-01
-6.293050666185340258e-01
2.655101725322186468e-01
-5.613609396321476153e-01
-3.063872800589200751e-01
9.945724154612981538e-01
-5.888199162128321396e-02
5.301851374832023955e-01
-1.008994710859612010e-02
-4.026919408701845615e-01
-8.889683383321316246e-01
-5.679352927291704267e-01
6.714727949558709774e-01
-8.328014130005052529e-01
-9.483779036671813323e-01
9.923036780758410780e-01
5.981132950479093324e-01
-3.092555834136307413e-01
2.267801693373674432e-01
-4.104712671882060349e-01
5.964241535191716626e-01
1.109203739195097904e-01
-8.602916023617149799e-01
9.983167662397479658e-01
-9.944681167716760140e-01
-8.488513765688927570e-01
-7.747280994531230425e-01
3.608435699108640815e-01
3.362005374199765750e-01
-9.900118895803829977e-01
7.700325620641977897e-01
-8.364225072792560445e-01
6.741981285040409277e-01
9.997148111663125558e-01
7.878370803734465744e-01
-1.268238853695475565e-01
-1.864284882882353833e-01
4.551724353284472002e-01
1.402749268571575059e-01
-1.950457070292563322e-01
-7.975267798218640958e-02
-9.787389633272575162e-01
-4.760046319780112944e-01
6.675876493106452925e-01
5.074906916850334682e-01
4.881387236555475573e-01
9.750029678688750812e-01
9.098328569849628567e-01
9.172445785106256855e-01
-6.790045144679941469e-01
-9.413967806595093801e-01
9.543660770093652657e-01
-5.073108531239630542e-02
-5.001704033376359604e-01
1.255152836097310765e-01
-9.371710330637939013e-01
7.151574827062191497e-01
2.596494415597196403e-01
6.140353513478412628e-01
9.268668380541436047e-01
3.341394610744431448e-01
-8.409686112325172047e-01
-7.956151603203203138e-01
-9.300610726884480650e-01
-9.815259940412071060e-01
7.616484805640904021e-01
7.913062355959728233e-02
7.608189163183651793e-01
-4.033059526166369313e-01
-2.296395361418641645e-01
-5.250036774158133301e-01
-9.519932276584509578e-01
7.757714450677715146e-01
-9.113345659412028787e-01
5.668592884761063377e-01
-6.742457932848936464e-01
-8.747436028865078761e-01
4.197618804495655831e-01
-8.094860996087613891e-01
-4.078358769381010274e-01
-6.174096349051474419e-01
7.049077959493078860e-02
3.179844612161240591e-01
-3.164396208813411437e-01
-5.978242141231994433e-02
8.746968235547754045e-01
-2.560614541367235986e-01
1.530969442882780251e-01
-7.847284902524772621e-01
6.032144538471452266e-01
-1.803878826997107887e-01
-9.584430675145712009e-01
-7.902568324487819762e-01
-2.141002454062428673e-01
9.745297193654826051e-01
-8.562630400960802302e-01
-5.266109356290665788e-01
-8.396121417780614271e-01
1.045336327579455826e-01
8.654540968209744056e-01
9.841183033817472170e-01
-2.753745561091453520e-01
-9.257187841464041833e-01
7.903566779887188920e-01
3.797072484375955681e-01
6.469567483522520313e-01
-8.745305815249584391e-01
5.915753433046302412e-01
-2.714137074224642898e-01
8.793527380859174070e-01
-9.588316606254264352e-02
-9.877107162602979384e-01
6.375746972060531981e-01
7.782230037524499044e-01
8.252834542907080406e-01
4.547372521716179228e-01
6.510542984829459368e-01
4.784158771524850418e-02
-6.617449022165181605e-01
8.154647637482194122e-01
6.806963182962342263e-01
9.674391451800783415e-01
-9.435992905070961223e-01
-3.851274654904059958e-01
-3.838335609318530017e-01
2.720447700259323587e-01
1.345653521267025643e-01
-9.420982430559620147e-01
6.195369653380798924e-01
-9.851391828757344316e-01
9.580899313720574462e-01
9.329971096925757101e-02
9.939013967520384796e-01
5.396435368391626630e-01
-8.048918589874480833e-01
9.782975725787891319e-01
-1.339128281495557959e-01
-8.977374122098632503e-01
8.239701271210373434e-01
7.951889767708925083e-01
-9.441579752842698126e-01
-9.812922733847244672e-01
2.256228437384519003e-01
8.758819323992537154e-01
3.328718020137446665e-01
-6.679315965876908567e-01
-9.669394171991181341e-01
-6.132925657947208009e-01
8.499372596210218456e-01
7.834710514993192820e-01
2.631406752753516765e-01
9.832079317676540864e-01
3.608660885285367992e-01
-6.693627199324493349e-01
-6.351640246365731768e-01
-3.561364233230878695e-01
9.986786930898130521e-01
-9.998502457348263928e-01
-6.300130487877982910e-01
-6.716995677046611046e-02
8.855423528735408834e-01
8.826870176140161339e-01
3.056785809589163683e-01
9.180888815565153571e-01
6.632438760445774975e-03
-9.378214421321383609e-01
4.088650442552168029e-01
-9.899016747315398934e-01
-9.946454179225918679e-01
2.701492904220959557e-01
1.963280994159952997e-01
9.989228953192080818e-01
-4.136800547353473023e-01
6.224761257265922776e-01
-2.521492824212038242e-01
-7.293099856249078694e-02
-8.108527762232080605e-01
9.118987722671941798e-01
1.591302757715154226e-01
4.358739198224717559e-02
-5.487543352895087878e-01
8.990236690194799429e-01
8.545339741714567117e-01
-9.922721475645555067e-01
6.302664356840241844e-01
-9.850432699399047642e-01
2.555771703888343183e-01
-4.705184336108213516e-01
-9.391551452061329686e-01
-4.237810263992911053e-01
9.397642723926673547e-01
9.167017224524541819e-01
-6.363811047717790048e-01
9.757342270237072679e-01
-9.995710111834403833e-01
-8.918174121523044784e-01
-9.927275270841259269e-01
7.860269936437978833e-02
-1.565532592498655728e-01
7.331007128676775286e-01
9.344379171388972338e-01
7.329100788836401259e-01
7.029832533670917760e-01
-5.576137389899350760e-02
4.094134490410814009e-01
-5.748965340272585434e-02
-9.994724748743416542e-01
-2.690694183275003093e-01
-9.996173548325792968e-01
-5.081677758936948425e-02
9.963700966215907062e-01
-4.144028321343071752e-01
-8.927793057601706161e-01
-4.795743505311896304e-01
-4.767768762015359152e-02
-4.212841434194055656e-01
9.078504341492328322e-01
9.728578294368959156e-01
9.986994287775469159e-01
5.616387203347500412e-01
3.753451410933767440e-01
9.911608254042642008e-01
1.181202086788104427e-01
-3.630467352688339644e-01
-2.459418952684452320e-01
5.487713320998280908e-01
9.138661849677075510e-01
-9.794506198679627795e-01
9.998024351416547884e-01
7.885020227054213571e-01
3.924006511707529565e-01
-5.921735539467010839e-02
-1.026617276751581320e-01
5.912826250586722399e-01
-6.153289915366296770e-01
6.957527824014186901e-01
9.749478924251673284e-01
-7.377263524914544623e-01
-1.502553201545241135e-01
-4.247241531891556843e-01
8.874936439770780838e-01
-3.085098219006600639e-01
-1.711055637538208829e-01
9.777615215007645633e-01
9.595586629271802837e-01
7.237218368837920746e-02
4.367498627111746079e-01
2.141043030084991555e-02
9.411803539029218665e-03
4.221180607945202445e-01
9.995385722075580404e-01
9.450633754491428729e-01
9.532715032902012720e-01
-9.884190690526660772e-01
-9.492393587754800466e-01
-1.927180777813722046e-01
7.178721750145355962e-01
5.555421863882703537e-01
4.941501414311231244e-01
1.964679817191813949e-01
4.541559063041530897e-01
-7.752595896481082050e-02
7.344297644218844567e-02
-4.674763004469086325e-01
4.552691559714631686e-01
9.931251699622913875e-01
5.385269680329778791e-02
-9.995653393621071192e-01
3.452262923353259239e-01
7.436052374846613411e-01
-5.993758911997303374e-01
5.068456829729310886e-01
7.241662633893006795e-01
-9.597464108827827856e-01
-2.986717230779252219e-01
7.711219086798589695e-01
-5.698380045438146135e-01
1.228936637940184345e-01
-7.215687666539924994e-01
8.645499664431888220e-01
8.604209301420893130e-01
8.022813773499309908e-01
4.281590224769708519e-01
6.668416582620254052e-02
-9.072865778730624386e-01
-8.103301956998971711e-01
9.464413141439369515e-01
-5.000441408560687417e-01
-9.681514920113195588e-01
-2.497021234893094244e-01
-9.760935653296582970e-01
2.478759614415367574e-01
-3.609138283105703393e-01
7.123153363700823748e-01
-8.683048131597322916e-01
-7.625280826030489401e-01
9.797124572096700401e-01
-4.415216649086744494e-01
8.564567920884850194e-01
1.915582632630765947e-01
-4.182702436666915213e-01
9.819342610237092872e-01
5.853545828727779732e-01
7.175916857275508320e-01
-6.460511840729116217e-01
-7.812086116759213716e-01
9.866624185496005728e-01
-6.768716640483954938e-01
-4.112808310576097637e-01
3.987390857177706138e-01
9.997715557217859983e-01
-9.574891273533209235e-01
9.636294732134453866e-01
2.466306313399711514e-01
-7.150092244846171230e-01
7.725459767184864601e-01
-1.643865663371101293e-01
9.850896907699723259e-01
-6.422189105960207645e-01
9.642259287192966877e-01
6.911464983135769957e-01
-6.212019381764347647e-01
-7.575555497764983048e-01
9.467567145240431969e-01
8.024690118261773586e-01
9.921852086079549493e-02
8.096576479987748209e-01
4.534542997091127181e-01
8.485482992581875328e-01
-2.720272828564549994e-01
-8.174193582426064753e-01
-2.187487810699260127e-01
-9.965598783611097078e-01
3.543893831211391565e-01
-8.903548407080057459e-01
-8.121118946858754128e-01
6.352006142186554793e-01
-9.014547569859586718e-01
-3.475409594911300221e-02
-6.233001425451145661e-01
9.970013379920104057e-01
-9.535358431883212971e-01
8.131027592881306942e-01
2.272897125982689670e-01
-5.270053472414999024e-02
2.538231788002984213e-01
2.240802662012476576e-01
-7.145262358825648086e-01
5.317827665306692486e-01
-7.035301054185676417e-01
-7.845594007226023292e-01
-4.333130905090946255e-02
-9.371144617365725349e-01
-4.933748767384352751e-01
2.958698002396054072e-01
5.680228425985137664e-01
-9.999585391856601335e-01
9.775583725385310618e-01
6.979897341698598767e-01
9.306392971384090940e-01
9.111650555721120259e-01
-8.656859176796970479e-01
-2.091571522035489683e-01
5.380979168203184893e-01
-1.259503091045487966e-01
8.657311377140781694e-01
7.330154570959893645e-01
-9.999003868013790486e-01
9.291368820428329567e-01
6.824219926578878326e-02
9.913839439050312619e-01
6.183983379019640791e-01
-6.807913430116846465e-01
8.032102442984825341e-01
-5.710931657597675404e-01
-8.406529527486081843e-01
9.953972638869655887e-01
1.342789953679545401e-01
-6.336877806143805802e-01
-8.968740477675013478e-01
4.369913405759127678e-01
-5.555579560966514840e-01
7.038390767416558003e-02
-9.246963986635968746e-01
4.155326332141542345e-01
7.310828191376307350e-01
-7.412405075470513971e-01
-5.771047440087173630e-01
-5.126967307714577204e-01
-3.471519325899551922e-01
-7.972058220744462353e-01
-8.729547404837307845e-01
3.976673183205771678e-01
-7.407594497139132761e-01
9.971785244299176121e-01
9.889363360107753520e-01
6.590847715576600430e-02
8.066419745991223467e-01
9.975960774415379984e-01
1.554588701199599299e-01
-8.893579142299423701e-01
8.476109140390188958e-04
9.943542023905319605e-01
4.830690676792446792e-01
9.384379301381648997e-01
-6.733446302235167602e-01
8.067853229221295663e-01
7.969308079892818419e-01
2.984676139214076929e-01
-8.107897282344075363e-01
7.177175558353249274e-01
-8.334592863191345735e-01
-4.184485320873677916e-02
2.628732674728205265e-01
9.586643932813019298e-01
-1.427539597573856955e-01
-9.911629996853238422e-01
9.375957884810193210e-01
9.924385707540693824e-01
-6.528207658137057390e-01
9.995419025576574024e-01
-9.436617822782858989e-01
-5.554718368611106794e-01
-4.955793261827758367e-01
-5.977476223773992015e-01
8.787373662778472649e-01
5.806911661424875026e-01
-1.568585725370761075e-01
-3.950566365854708550e-01
-8.167218384309079537e-01
-9.162113240035789641e-01
-2.532023436375729908e-01
6.670985612169626489e-01
-8.756910193186379088e-01
9.990389395262571082e-01
-9.105208634852768323e-01
9.711254546453874648e-01
9.798803848755475998e-02
-1.893311905628631553e-01
-9.569785642881757370e-01
-9.378957268836262129e-01
-7.151272398466299585e-01
-8.217142802365418053e-01
-8.857760500347382493e-01
-2.792378636160018357e-01
6.671505635954447788e-01
9.998226926687748817e-01
-8.565531711007393634e-01
-8.146956593582995731e-01
-9.865246821812697631e-01
-9.143032137511118984e-01
-5.846460187517245055e-01
-9.981413340697400383e-01
9.686104964985349230e-01
1.268993483228114116e-01
7.916043317309886529e-01
9.449067631840939452e-01
-9.215668749865200127e-01
-8.812259858746208652e-01
-6.290633165974856000e-01
-9.982171634166103757e-01
2.230378136392374144e-01
4.255522936457130367e-02
-2.341412558219903572e-01
4.031859692316579480e-01
9.833283894269464476e-01
9.302827463914496997e-01
-9.456110743537595731e-01
5.316823094742271216e-01
8.234171579815389164e-01
-7.465402192791397162e-01
-6.512213480027556622e-01
4.479666261536678906e-01
5.056309808097574354e-01
9.868407905439514627e-01
8.792653873811637766e-01
-2.723058296658333322e-01
3.695987867757591361e-01
5.648849378084151995e-01
-5.137219644631431104e-01
-5.138254363712509987e-01
-6.068639578083060426e-01
1.616936675452414485e-01
9.634835257907069517e-01
-2.528749283065187536e-01
9.727080900114384310e-01
-9.228525863002855489e-01
1.121416921576062209e-01
-9.936615668976968019e-01
-2.134461672004770438e-01
-8.424930212870407331e-01
-9.669158391000748365e-01
7.124983915197822260e-01
-4.106958830282360640e-01
-1.763099672597076006e-01
8.700176521068270219e-01
-1.495770468573588141e-01
-8.885519276812855471e-01
-8.344975484805198240e-01
9.601103446961369858e-01
8.038058052785641561e-01
-3.588203342703487619e-01
-6.341470925438686956e-01
4.117374365665566471e-01
8.577151358786168078e-01
-7.783980307171741719e-01
7.436481231825721183e-01
-3.457605570947094864e-01
4.465307444734303854e-01
3.015863173112082740e-01
-9.117807870846506013e-01
-2.366992383214747697e-01
9.997262520879605097e-01
5.631967657550543960e-01
-2.989536703393858574e-01
-9.744660272598643092e-01
6.502272265640480775e-01
-2.926319324933201460e-01
6.480335753436898827e-01
-7.661140280267435543e-01
-7.582041525569594986e-01
1.254768355305184713e-01
-3.902995747337871801e-01
9.083440511768164916e-01
3.228261153842613695e-01
8.009261425775031640e-01
-1.733824161142571152e-01
-8.294653371787408247e-01
-5.640395013615010500e-01
6.859210027154764022e-01
9.158554134024102789e-01
4.626934763019965313e-01
-7.663486954254081773e-01
9.905318741339501631e-01
8.597242572340265676e-01
-8.283903209303387083e-01
9.961501798910691319e-01
-2.556541058238957498e-01
8.592523795455052626e-01
7.861009931224350877e-01
7.267269598562063893e-01
5.476616088982011465e-01
-9.817888343794708428e-01
7.535454964570706959e-01
9.592139209827837965e-02
6.630879500944223404e-01
-9.438406031525680140e-01
5.726987328252726162e-01
-1.785851594601258752e-01
8.022085615000694725e-01
5.977876684868133755e-02
9.217943003738864327e-01
7.701862351959706254e-01
8.207403291037835835e-01
6.765220430642904237e-01
7.519612210997032031e-01
6.060397658899792095e-01
9.428296065544368165e-01
-9.969035363755980317e-01
-9.998249315969650608e-01
-9.199706638237614698e-01
-9.428695041658184950e-01
9.846310880729591819e-01
6.716373599780850467e-01
5.545429921346287649e-01
2.620946655777970369e-01
-8.985572168994105935e-01
-9.746254899156798768e-01
-1.437610517542153854e-01
-1.143543440938661476e-01
3.046494198862676611e-02
-9.803349945344792538e-01
-9.223537922764942776e-01
6.785574803948087874e-01
9.295795316627969429e-01
4.337452224502694187e-01
6.722471547293147331e-01
4.621320755835650607e-01
-9.678224698356929778e-01
-9.932421995640354773e-01
-9.952203062780708986e-01
5.718524825601598582e-01
-9.053935575799790803e-01
8.792225605667652877e-01
-9.914639270804486149e-01
-6.650648839342132579e-01
7.204032163803208988e-02
9.108151326361096922e-01
4.344901121309461822e-01
7.852614234126644721e-01
6.108815204735107418e-01
8.954956495452396359e-01
1.950835642621982086e-02
1.877400246467948036e-02
-1.511661880316287621e-01
-9.998944077632451188e-01
9.981313327492696841e-01
-7.601224588262319726e-01
-4.253561333669747535e-01
-9.738780962826284471e-01
-8.744317522791429376e-01
-4.066657392061018284e-01
7.878421213980285609e-01
8.620292512758532810e-01
-6.906860812536980143e-01
-6.647206871304462972e-01
-7.632726847493089828e-01
4.458038853437170657e-01
3.619493722569922661e-02
8.070986475306891894e-02
6.954137199295661043e-02
-8.863520972049809821e-01
-9.967170583628981451e-01
-3.386227508861361368e-01
2.576103881700767539e-01
9.545579786330417316e-02
1.587513377688057059e-01
-1.869398930369776668e-01
6.921298918910592235e-01
-9.628967997788592248e-01
-5.124195330998990716e-01
7.134432640581780394e-01
-9.765305572513347521e-01
-2.290973291806981116e-01
-9.356409759631381107e-01
-4.836192037923242593e-01
-7.935855984616817516e-01
-8.040162486077864212e-01
-8.743752579316417251e-01
2.884047718925393244e-01
-4.771110411736071422e-01
-8.453398591208979296e-01
9.998713183993730436e-01
5.979508122006546023e-01
8.289511261715742929e-01
-6.398312830930559247e-01
-4.214129089304715636e-01
9.298405297490872634e-01
-4.026100093693708581e-01
-8.160703671314391006e-01
-1.729749027074479750e-01
8.780918230053835760e-03
-7.387319378141508075e-01
-3.671556500996711048e-01
1.668665885099090695e-01
6.400801327765205384e-01
-5.649662200677657564e-01
-2.878156432673841802e-01
4.021222091981684899e-01
7.881721968211339302e-01
9.322704656649472010e-01
1.720447304093136176e-01
-9.819830068023008840e-01
-3.303045467616697040e-01
3.375635650602379356e-01
9.334629181099192152e-01
-8.183889413794469547e-01
-9.999984264897612274e-01
-8.894171933644482442e-01
-9.728405658380738785e-01
-9.999634061411082353e-01
-3.362620639724683835e-01
-4.732256974866603239e-01
-8.919665187452124888e-01
-5.848377068672667711e-01
-1.522324272005222412e-01
-9.911029523446804879e-01
4.815703185258513597e-01
-5.552112972412213132e-01
-4.547493412331978790e-01
-2.735440928376419722e-01
8.396796075363048839e-01
9.999856247569637313e-01
2.364580021276610211e-01
-2.517658878167390590e-02
-9.001431345466964773e-01
-9.304051901642167444e-01
9.652505182777393333e-01
-4.121626180654332505e-01
9.420136837963937193e-01
-9.748240187232782850e-01
9.713661554019149547e-01
9.800541232116917190e-01
9.951871847065822951e-01
-4.766258234528604198e-01
9.439157763476345719e-01
-3.097252341943246834e-01
2.729428037467838131e-01
-6.088213821379337976e-01
5.926455423874834594e-01
-2.257143170066526761e-01
-8.690286791643152542e-01
9.093031065484846742e-01
9.574283924616037167e-01
-9.729536814036519043e-01
6.126449850128149466e-01
8.230532221566863038e-01
7.681878034440519087e-01
-6.056163653803273705e-01
5.031258224982856353e-01
2.885281954826249828e-01
9.799353856551763498e-01
7.753390141693267124e-01
9.793384300854882651e-01
-9.884364501900655409e-01
-9.798962175204429803e-01
9.941367669147821440e-01
2.228578802354213573e-01
-9.469816444328522653e-01
4.726484860526831144e-01
9.975853785694572817e-01
-8.716788663333164822e-01
-9.018802940783955391e-01
8.459605023501762799e-01
-9.777149833980184335e-01
1.356584900581618847e-01
-3.861041317453484667e-01
7.252962929081772092e-01
-9.845372305931983092e-01
-9.653898681391971381e-01
-9.224994332695179988e-01
5.124884412730031924e-01
-6.446938306495400006e-01
3.900156420548719916e-01
7.459608793462068066e-01
6.907480550552679288e-01
-5.949505868184596924e-01
-9.969730667738458951e-01
-9.073756099229270955e-01
8.983834737032257711e-02
9.941672431551018541e-01
-9.169435691369882679e-01
-4.272019857998162196e-01
-5.019273805597715965e-01
7.057592260868151834e-01
3.529964640917732099e-01
5.702157052033866025e-01
9.150983823266422013e-01
-9.366151194593121954e-01
7.032725555078613855e-01
-8.219754751017556149e-01
1.559054937051976286e-01
9.865737056784116277e-01
5.578627337954781412e-02
-9.963931975340193370e-01
-9.318975580671113867e-01
-5.352611394019196611e-01
6.953248911918338271e-01
-9.303899106844839562e-01
-1.720639562138102097e-01
-3.939305725096867716e-01
2.220544817866632048e-01
-9.644657218470592541e-01
-4.064750791839887301e-01
-7.304997094497900356e-01
9.209088675075323138e-01
3.907493673336195350e-01
-5.512198570400924647e-01
9.325433083046559268e-01
7.680496054753974677e-01
5.997633429678161932e-01
-7.654276223360955145e-01
-5.575582091379701621e-01
-3.437782789438808551e-01
6.608270159359177498e-01
9.582943269172423673e-01
5.727487972396999583e-01
6.844500291137558534e-01
3.380591261454299890e-01
-6.616795358394739202e-01
6.266203784414633993e-02
4.899743340614542975e-01
4.272065367184189055e-01
1.683188485731596795e-01
-6.806780481548396766e-01
4.133167872335205550e-01
-9.963880321014099151e-01
6.215294401979664096e-01
-9.670738670383451918e-01
8.865323274886588445e-01
-3.470166216549653293e-01
8.089747231898438695e-01
-7.191294128094737337e-01
7.174449628891366171e-01
9.166197728781769749e-01
6.934897432568175590e-01
1.076849324193216856e-01
-4.038650350050912996e-01
-7.889944614406902978e-01
3.019337604956395804e-01
-6.436295127129949556e-01
6.799128776831495080e-02
6.495657398560740203e-01
7.297681677387317656e-01
9.386900879339240555e-01
-9.456511686549811113e-01
3.424013369446901600e-01
-5.999081183390677641e-01
9.472360351418832591e-01
1.924919103858161729e-01
1.301582886632032809e-01
6.892248995701481806e-02
-5.838110752216046917e-01
-9.119456479143018823e-01
3.713809635777444162e-01
-2.612201991672543633e-01
5.689278272106273321e-02
9.976662561415109431e-01
9.935593408142623373e-03
9.768916818775010835e-01
5.539536450298038206e-01
9.904573981129906057e-01
-5.626835541909372962e-01
9.693035277550433593e-01
-8.728373219675551464e-01
-9.937494581532630988e-01
2.526677783408829980e-01
1.127692821829908015e-01
-4.705099394127590928e-01
-1.865421850466623954e-01
-9.768799643959290568e-01
-9.999156991753535006e-01
7.527211638027524465e-01
2.621254551703905422e-02
-9.862568931771840131e-01
2.749548806930275924e-01
7.265302183372203126e-01
-9.350907373628689623e-01
-9.966814404415952344e-01
9.648227674723918179e-01
7.409577965055123006e-01
9.870767523001175991e-01
2.912474410154191062e-01
8.033112303491833917e-01
2.985911795250514311e-01
-8.527550345801150344e-01
2.640631359260047217e-01
-9.011908020944994213e-01
-8.741687942606851669e-01
-8.567455568129436205e-01
-8.536709009152453342e-01
5.751043618478831471e-02
6.654452818989471385e-01
9.941652424686356904e-01
5.402648232825679742e-01
-9.797051543115137262e-01
-8.177606417981951870e-01
4.910803707026185072e-01
-5.549027325352773321e-01
-9.696299664102000504e-01
6.318545593894892010e-01
6.543892031330361680e-01
-7.490027219278320159e-01
1.679189327026156253e-01
-2.180561828648336919e-01
-4.874492280171550673e-01
8.124821392574146373e-01
-9.972069963064175147e-01
2.055014348442722183e-01
-7.517638744850125843e-01
-9.841674926722062677e-01
-4.874835470268593651e-01
9.973007777542453045e-01
-9.796029135623286477e-01
3.239173067004062490e-01
-8.380685291272433890e-01
7.474334700829710076e-01
-9.903198189826708520e-01
9.173812309229909534e-01
-9.944192377782377079e-01
9.572282847995960964e-01
8.958011867570650488e-02
4.939323164262549026e-02
-2.533884050641990182e-01
5.890058839682160707e-01
8.104739952755301013e-01
-9.997318634553780115e-01
-4.473636150912355114e-01
8.488116676254175985e-01
4.947256053521614794e-01
-9.828321254575200783e-01
9.987153802714294759e-01
-5.302764960098548253e-01
9.993097011640159621e-01
-3.403526194651691483e-01
-7.943465003933160018e-01
9.894575335552099338e-01
4.931544639325645685e-01
-3.283933556341249727e-01
-8.450079922477292671e-01
-9.990944453884814669e-01
5.094703177725647958e-01
6.362210824782674745e-01
3.498049484118863350e-02
5.271463084832762602e-01
-7.814231581024353446e-01
-9.918919708452296202e-01
5.202855646104225240e-01
-9.999006778784366167e-01
-3.672530026751534282e-01
8.153041786392483115e-01
3.680038151698472593e-01
4.619385434620525144e-02
-2.783740168227886169e-01
-8.901920258046824852e-01
-8.380257826833855672e-01
7.244156412776461273e-01
8.583494190715851291e-01
1.885285019779131543e-01
9.194613207022638290e-01
-9.488009938144386091e-01
-4.005008526806976832e-01
4.582627377741951280e-01
8.233435844278768068e-01
-6.539575266744492854e-01
4.168124127444891025e-01
9.374415387519784426e-01
-9.405917113141561980e-01
-5.248459338868159962e-01
9.629015368847642087e-01
-6.794446657012924717e-01
9.778085778420367857e-01
1.705980348490181431e-01
-1.417522982520006553e-02
9.998325788021256155e-01
9.999428452501636366e-01
-2.419972873966624027e-01
9.950218890128957883e-01
9.999093168929553688e-01
-1.389976486297544445e-01
8.605457062770066612e-01
-5.721360721948495209e-01
7.329451036746954529e-01
-8.866456033698186801e-01
-1.581608272097718634e-02
5.504281010311792288e-01
6.768446214157715080e-01
-9.659126531603104970e-01
8.277089049238748331e-01
-6.951850210462723334e-01
3.404517589400942179e-01
8.400706934546122717e-01
5.496856929655669077e-01
-5.821147600310579984e-01
7.640729855170500517e-01
3.800042123649845505e-01
6.257931493133207512e-01
-9.726777454988658755e-01
-8.970890706977779905e-01
-3.095123505859692301e-02
8.587801286085123831e-01
-9.212070926306765717e-01
-8.374754757768111402e-01
-7.199565917126593551e-01
-9.088358757114318731e-01
7.169544699636802854e-01
5.218464285124720936e-01
7.697943763932840744e-01
9.011088185923585847e-01
7.354591685784642729e-01
7.613701394370097075e-01
5.837523768538588342e-01
-9.811925814593454032e-01
6.553135341664888536e-01
-9.371783472184264108e-01
9.816616791910955930e-01
9.071018931442458300e-01
-8.475918550549093045e-01
-1.798477192457817453e-02
8.716503510075561678e-01
5.203770719171502135e-01
-6.402142716476668660e-01
9.098324522881215959e-01
-8.302180363393654172e-01
2.915349006704422985e-01
4.216105162606891832e-01
-9.839277807902498951e-01
7.393377680938526542e-01
-2.763969988159487579e-01
-9.699511397124019885e-01
-9.978495792843471435e-01
-2.706997367483418016e-01
-6.925575133016330653e-01
9.999999980938856226e-01
6.469857560346391478e-01
-4.558196456061167634e-01
-8.316688574272954604e-01
3.098939845251116182e-02
-9.985064701424198885e-01
-9.917352011029373360e-01
1.936437527649553514e-01
7.366336153797584663e-01
3.395625619323309752e-01
8.129824616507432822e-01
-9.743701494378730343e-01
3.027505218730996983e-01
-8.484442407089561877e-01
-5.168018081486288606e-01
-8.431673803731402073e-01
-8.381755728888496959e-01
-5.969441783686593173e-01
9.977068042440360163e-01
-9.902393462475460595e-01
5.257154667271455306e-01
7.816541121095660349e-01
-8.718652451925660296e-01
-7.777566816322913079e-02
7.899489654918313564e-01
9.960244291833547647e-01
9.972988481309772446e-01
5.762524782134517132e-01
8.301870997250472284e-01
3.666226900130068467e-01
-7.728305963664802158e-01
1.306235210635206256e-01
9.643271082148020534e-01
3.865527056478182955e-01
3.009044439262572035e-01
9.922176624643092024e-01
6.449197094417312703e-01
4.925186117448164536e-02
-9.943715423277020848e-01
6.785835984713605162e-01
8.978539705987013120e-01
9.940917093092650481e-01
9.361264470131639426e-01
5.630949652534186223e-01
-3.962921709559530381e-01
-4.240189194526295946e-01
-5.514425707837103952e-01
-6.518898411431125473e-01
-1.488753390287028411e-01
7.903377030966928229e-01
-7.678000173640328607e-02
-9.921342416779939111e-01
-9.995907654172205836e-01
-5.583520085459824367e-01
6.484629694489554286e-01
9.984540795952933090e-01
-6.628201395178487942e-01
-2.842712223793708026e-01
-9.922739031915409624e-01
1.022132241954515214e-01
-9.168200689304460971e-01
8.990976365006011495e-01
-3.826607244755018677e-01
-9.756731907130105075e-01
-1.926224474567313771e-01
6.377700917687033622e-01
8.232387978023302244e-01
-9.015020087171485841e-01
1.335791433661968064e-01
9.406399202942040683e-01
-3.055583394621491089e-01
8.163867908276212226e-01
9.591845376294625414e-01
2.320268479408960638e-01
5.054515770247216544e-01
9.011377236858003625e-01
-9.075525906589225755e-01
-8.932702884561920520e-01
-9.658975416209362175e-01
5.600663267010824731e-01
-9.754271718791477364e-01
-8.716280350244310915e-01
9.767785968796073304e-01
-3.409856393580297240e-01
-9.993950136412464991e-01
-9.340138084404969732e-01
-6.182443324787135763e-01
7.199921219892285729e-01
-8.934905021194090580e-01
8.201488140738139032e-01
4.685331033398762446e-01
9.750551337199252488e-01
2.092393315088589001e-01
-6.501036117269298753e-01
-1.727245381955582193e-01
6.485619242119485817e-01
-8.853372084995311253e-01
-6.481425814801723417e-01
-4.129198231856024415e-01
8.684075398305011184e-01
7.103864517259419475e-01
3.871088318636232151e-01
-8.624127725754435758e-01
9.842035436181443275e-01
7.587908499515100269e-01
1.083037131291462590e-01
2.473101369177776732e-01
9.058556622839486483e-01
5.314367051379703666e-01
1.650567246576941649e-01
6.840659577251333445e-01
-9.430458247494329926e-01
9.952890427836561527e-01
9.689906018702150181e-01
-8.852998462383422362e-01
-4.353662874437914110e-01
3.779282035857360333e-01
9.746817992903447081e-01
-9.971698949293917869e-01
-3.544662966751937257e-03
-9.959733468198963546e-01
-9.916531528488568004e-01
-2.718012547735659257e-01
-9.979965317334346109e-01
-1.488406022428660769e-02
-9.766692262005631786e-01
2.634826751009141099e-01
-5.744172269164061762e-01
2.170149536952628300e-01
8.220266854061362150e-01
4.204816330991127393e-01
-5.564537560313804754e-01
-9.707718954434015890e-01
6.471438560809819052e-01
-5.416757422170321440e-02
9.852848353108593082e-01
8.002270618281938086e-01
-9.072743696901434118e-01
9.842932769011597527e-01
-9.995666205794355719e-01
-9.701865030768233034e-01
-9.914186451606361583e-01
3.360725159108362003e-01
9.249477577005199569e-01
9.956321546560794600e-01
9.861009339937112372e-01
9.312018344968324701e-01
-7.069219138239066780e-01
1.612760583460727537e-01
8.405627871362608694e-01
2.056114125325652908e-01
-7.720663465322026298e-01
-9.627490954756752206e-01
9.167327241262016591e-01
9.965800341118812300e-01
-4.704618738909665532e-01
-9.574174253181029215e-01
-9.432160474725420629e-01
-3.653527057202455297e-01
-8.243453962755338260e-01
9.572438889811712981e-01
-9.425988741970802165e-01
-4.095500343340308658e-01
9.656406872134147834e-01
-6.799948412982580459e-01
1.377606831345642158e-01
-9.088513890436471232e-02
-4.628087250193475555e-01
-1.909451384920209938e-01
-3.524146057980057783e-02
-8.181304756098264352e-01
9.289115010919584137e-01
-9.785380522234594647e-01
9.985670964104608194e-01
-3.985145470860383399e-01
-9.688003153718717231e-01
6.463426496969483237e-01
2.377012289205671369e-01
8.281527460279526354e-01
9.293604420350086714e-01
8.845401367066338949e-01
-4.202829569678149246e-01
-9.868964113330179755e-01
-4.548072620320460779e-01
9.338697746677231404e-01
-8.136129836231817958e-01
-1.048749937934479876e-01
9.999161206155998682e-01
9.885333296532717862e-01
-8.031773070469658826e-01
8.683138489357230538e-01
-4.179663287308820196e-01
-4.731217442631510117e-01
-5.312321897872852583e-01
8.866391797997532631e-01
1.347761488962118115e-01
9.017574181004603950e-01
-7.378426837747106282e-01
-8.709437406977574847e-01
8.788102416932811467e-01
3.432175841697255869e-01
9.999658508912663279e-01
8.254988634612732135e-01
-9.951910672809675118e-01
-3.514156849454315168e-01
9.805428412752834610e-01
1.531412306176553606e-01
9.596783377679545257e-01
4.656936336436140467e-01
-6.940363711025115956e-01
9.982560083217680846e-01
-9.998404721085936142e-01
9.298300857155585852e-01
-6.819551492967345085e-01
2.210048592898017084e-01
-9.818112640967152638e-01
-4.556293307275893767e-02
-6.156459923833413478e-02
-7.420241586901075159e-01
3.369676513135992368e-01
8.282434624201974183e-01
8.436558384256264143e-01
4.088277835874580823e-01
9.995079955290728790e-01
-8.858193547051205208e-01
8.610522088459703072e-02
-9.963175521973092197e-01
9.333849314536130093e-01
2.308738434791502148e-01
9.028236552732780140e-01
9.976801876382125345e-01
9.359276158332788809e-01
3.890516002516982708e-01
-7.275284939456830857e-01
-7.698233348526166697e-01
-7.205446788994721574e-01
6.508060054945490336e-01
9.934058826661684716e-01
8.859293236738690069e-01
-3.742734366903248400e-02
1.448017675515437530e-01
7.314087421554073265e-02
-7.903934356943908002e-01
-7.239971146653645384e-01
-7.887754370204117516e-01
5.253184023252975843e-01
-9.968779431531560320e-01
-9.225743104479405821e-01
8.922167194285831604e-01
7.786181671249631231e-01
8.435470056708660458e-01
-9.977459832669061113e-01
9.983767590758996224e-01
-7.172014552733931847e-01
7.944447432653827246e-01
-9.996658486101404062e-01
8.273753998528665665e-01
4.419288578311164062e-01
9.872665720332370887e-01
9.953280500162694500e-01
-7.617273357988649796e-01
-9.917668737538565260e-01
-8.753072782531954310e-01
-8.411317647540523801e-01
9.317394343190841255e-01
-7.619577560020450724e-01
7.591374866093911766e-01
5.339496306593987107e-01
4.350464607405044037e-01
-7.674826192534088820e-01
8.747218429452370270e-01
9.798547307144871432e-01
-8.151677514443474992e-01
-9.838126503374425846e-01
3.086090642714843790e-01
8.755498431552913852e-01
5.231562578031246913e-01
-9.855554614352601828e-01
9.350033512632134336e-01
3.007844881018728045e-01
5.362079771747654267e-01
6.297663511554617566e-01
-8.684142012160618318e-01
1.400201501443278651e-01
-9.457276080977761179e-01
-9.507505182807610145e-02
7.759758815454909087e-01
-6.525360058150186937e-01
6.034302335384100768e-01
-6.027451639295320351e-01
-9.670394858220765499e-01
-6.392355922021595305e-01
-8.659160938061255530e-01
-2.615123671148698592e-01
-6.302069965192100831e-01
2.522106143442421899e-01
9.802538268373688357e-01
-7.584504113356672628e-01
6.896729095637887941e-01
8.631626166927596211e-01
1.700143194819992709e-01
3.470843678368383256e-01
9.481943990680834489e-01
-1.451898397253833239e-01
8.355652802165365323e-01
-9.998742629447060493e-01
-7.032550115962828974e-01
6.798583108850345669e-01
-9.965993051764128197e-01
-7.153992331653129533e-01
-8.364552450957892793e-01
-9.933615312361934180e-01
-8.570661859415311667e-01
9.778575985371331658e-01
-9.286005409765921703e-01
-9.203900466126253566e-01
1.884899756440864271e-01
3.968528795577542789e-01
2.136250324889673036e-01
-8.877127239294869687e-01
8.985615443367870325e-01
-4.364090257665070860e-02
-6.460792425630633717e-01
-3.438881114653134508e-01
9.681296942286234941e-01
-8.602875289830062000e-01
8.919057163252763765e-01
-8.509757938949591427e-01
9.609846553769642030e-01
7.703653368169223192e-01
-9.592190289882667198e-01
-6.942027068002797341e-01
-1.020233611623876102e-01
-9.871068854230634626e-01
4.312297105312076217e-01
-8.923769624192059435e-01
-7.144712854211396902e-01
1.511507184623628874e-01
8.432181076216519466e-01
-6.502974498677881465e-01
-9.856293475946938942e-01
1.650973663542702752e-01
7.043072931632322620e-01
-1.009466059034450601e-02
5.144497925608362277e-01
8.646509570499044672e-01
-2.633951494736279098e-01
7.014710997293907013e-01
6.606410886207921829e-01
-7.371027975589398151e-01
7.035050734343450962e-01
9.873972240358603880e-01
-8.868585304026820326e-01
3.774435782848273302e-01
-6.255816931278019855e-01
6.922790005072443353e-01
-8.349283184341762531e-01
8.315360082669971398e-01
9.306195557327038292e-01
8.331432767406283801e-01
-9.541296454915534353e-01
9.997753854047231048e-01
1.677367874400966796e-01
-5.201675505234936159e-01
9.722996211838726976e-01
9.603355118037418814e-01
3.500163888053745009e-01
1.930480667591271682e-01
2.950595043039951071e-02
6.832289103190342106e-01
-2.325557036103282071e-01
-9.239007613537333352e-01
-3.058737967888218723e-01
7.774768045839066666e-01
5.656468813130030027e-01
-6.385993272614597371e-01
9.570438744598873670e-01
-1.323130482807789443e-01
-6.850298081687736795e-01
-9.791726359459299589e-01
9.472470921026304724e-01
-8.331683949249102383e-01
-6.102621873223829096e-02
-2.067448323816938605e-01
7.837090402328370509e-01
-2.153294750049306872e-01
-9.953734202079357329e-01
8.860547668489099360e-01
3.877180354308605303e-01
-1.288739485187231637e-01
-7.361021179959438276e-01
-1.622074739446304759e-01
6.866982785939305112e-01
-2.496073070767509394e-01
-8.748075218368841499e-01
8.178873841892232432e-01
-6.683992260537436891e-01
-9.787459904357732610e-01
6.520880902707419935e-01
9.812162059826975424e-01
-9.974090365743699671e-01
-2.792152984054656062e-01
-7.339411340392582028e-01
-9.098539479724127021e-01
8.380419014389025589e-01
-7.170073376175474245e-01
-9.975865336059109856e-01
-2.723821742493475750e-01
-2.157493636295830242e-01
-6.113551217707965252e-02
1.224617989469114626e-01
8.836996484226915527e-01
-9.378664681812951542e-01
-7.531052085788725314e-01
9.762873231095928750e-01
6.523953610068214948e-01
-1.383920079234016165e-01
-6.935970812320129131e-01
-6.365388632374525679e-01
7.926594987451106578e-01
9.957419345836348024e-01
-2.739790071266007265e-01
6.699592790851424118e-01
2.281784732006622851e-01
9.816918989403056184e-01
-8.490874866024296086e-01
8.395258944131331891e-01
5.755395964932710218e-01
-3.048775326900093341e-01
7.690738245023635011e-01
-7.736363985450575020e-01
5.638081927944849081e-01
2.976431911423860210e-01
1.491341530903231016e-01
6.841087298460126753e-01
3.993205955621625947e-02
6.096500776995863458e-01
4.222651325558717805e-01
-4.509292892997152635e-01
-8.841569544481224785e-01
7.353307590286241313e-02
-5.382907940001666613e-01
7.707577912734910885e-01
-9.099766343601185525e-01
6.391638307447751188e-01
5.233721228758123623e-01
9.051675615577264855e-01
-2.345341284501346879e-01
1.113567572253390259e-01
-1.014905261016403326e-01
8.191153644239693721e-01
5.015249089904645352e-01
-3.243972777795758322e-01
-6.396793368687121728e-02
6.501091837547140484e-01
6.324112965600868774e-01
-8.999063457464601123e-01
9.985230411362985281e-01
-3.752588860365823620e-01
-9.584976502746498372e-01
8.961242799605779741e-01
3.963745980684166281e-01
4.837902903701754576e-01
9.659979374183365053e-01
-7.085348624251729399e-01
2.244828038885445243e-01
7.396763270435781079e-01
5.512431041468341952e-01
5.144986906496736845e-01
-8.941988905932539700e-01
-1.492361873670848271e-01
-6.260368017983741762e-01
-8.103939233738544079e-01
-7.401313390811226078e-01
-6.766633421576050411e-01
-2.249299664987854386e-01
9.080426900272942081e-01
1.965517686982365397e-01
-9.986069033879804158e-01
-9.580187947847138563e-01
6.499496830962719907e-01
-9.696829519345510073e-01
-6.780217633585847725e-01
9.880760591083262989e-01
-8.384686963391340120e-01
-8.555304072333352883e-02
6.725976325250151433e-01
5.476154244488844469e-01
6.134712643716857539e-01
-8.845066402491161828e-01
-9.466228813514064866e-01
-2.885970389961916571e-01
9.733021986696619443e-01
9.862390023753339063e-01
3.918498332491997943e-02
-6.018685806683903294e-01
1.734109958499151227e-01
3.078461964771414539e-01
5.056550111609423581e-01
3.264716255983287629e-01
-6.409507941298318023e-01
-3.685422623135788944e-01
2.211212154198722857e-01
-7.074945188792882700e-01
-6.584882428089853246e-01
9.950516423374869968e-01
-6.037342518767728483e-02
-7.971777898161237497e-01
6.580909061425537221e-01
-7.235288999580152813e-01
1.488537402681551491e-01
8.061816324884343854e-02
-9.606112623800782124e-01
-9.839175707779108659e-01
5.896583982623760517e-02
9.508937503142458336e-01
9.053871845922258910e-01
-1.814384529826240100e-01
8.375190252014645953e-01
8.137134573121951320e-01
-4.773273563762502891e-01
-5.263166368651623905e-01
-9.159030628629271087e-01
7.849790248483596855e-01
-6.316492369956443025e-03
-1.007639984791781906e-01
2.870889188668223832e-02
-2.754787528911153416e-01
2.503996257499793154e-01
9.994700144300089351e-01
-9.077177707391541617e-01
2.672702429661288903e-01
-4.649975085679952658e-01
4.628638708117132072e-01
7.262305786356367809e-01
-5.052456702178166337e-01
4.950051507537978068e-01
1.206038623058114240e-01
1.497318577372988846e-01
-3.348146585378141138e-01
-1.208548565716249384e-01
1.131006514010685360e-01
7.378777284163096084e-01
9.840162218929113802e-01
6.123675830968948741e-01
6.685090514123580296e-02
-5.824048697261708929e-01
-3.097529871888031194e-01
2.589609971381123810e-01
9.915974755482305225e-01
-8.259479014491629689e-01
-4.489611104193346747e-01
1.374258870555556122e-01
-4.586959610022506850e-01
-3.589867800004156173e-01
-4.543112390026209924e-01
4.192151585379954581e-01
-4.845673601151896936e-01
-9.997537608663085162e-01
-9.304763130464552834e-01
-4.633694574735832128e-01
-1.340091638503655147e-01
-5.265999615974988890e-01
-9.908604297217252777e-01
8.019228677163894314e-01
-1.002106612997561430e-01
5.175145145533907032e-01
4.879950673794199445e-01
9.860598685745266545e-01
-7.722627729285774789e-01
-9.689802321781970651e-01
8.226312511577494879e-01
1.782333646893826951e-01
-4.173579648188341373e-01
-9.999744748655361448e-01
-7.702409676231452007e-01
-1.875416600965746361e-01
1.588139012281313822e-01
-4.558433677501550485e-01
1.715797643891285029e-01
4.072444034187748807e-01
-5.535251590439073111e-01
2.156957842233553635e-01
7.971787944654575853e-01
3.657058001742067854e-01
5.441475123875270103e-01
-3.990639552519520961e-01
1.891636784680232886e-01
3.972272133151959483e-01
-9.892947851683526750e-01
-9.587967465681797030e-01
-4.545982023612222256e-01
-3.821440844058511255e-01
3.646971079664428350e-01
6.953614395071776588e-01
-9.883177684766477622e-01
1.309028123186428139e-01
-4.389568935878740974e-01
7.902814714452758293e-01
-8.321406087434661814e-01
4.842233234260970298e-01
9.925716142630666150e-01
1.185281658211841810e-01
8.802453004010394322e-01
9.974672630219653113e-01
1.774714815467652029e-01
8.937353178244218377e-01
-8.536431968774274015e-01
7.334275112649896178e-01
-9.590264453522006072e-01
-6.216177824742147306e-01
-6.594217706347911268e-01
7.524767594660836112e-01
-2.312725513840656055e-01
7.167310024484905284e-01
5.375024306541340557e-01
9.450006524867818891e-01
8.552060814962880730e-01
-7.406212146522812567e-01
8.880375909173585658e-01
7.092407784119312275e-01
-7.766745302674337159e-01
9.982118066732800221e-01
3.866330394830487238e-01
-7.965946209227017238e-01
9.905697547861033181e-01
9.997125168342021473e-01
-9.649050639080509750e-01
-8.580896905294015387e-01
-2.006855366991706219e-02
-1.981536437174027943e-01
-9.999740698776018455e-01
7.829291450267825692e-01
2.308347603695718731e-01
-2.194843943758724991e-01
5.793312262601501006e-01
2.726890309828830863e-02
-1.581218779309417899e-01
-9.739617803685995945e-01
-6.853915957022981287e-01
-5.883207459530113148e-01
6.176128422718625277e-01
9.974456539850999892e-01
-8.950689724496849742e-01
9.863549751574231250e-02
-7.884542663461177048e-01
-6.272159216213708532e-01
9.193331212862093649e-01
9.518776605594494455e-01
9.679064294254366985e-01
-9.249731741564491960e-01
-8.567230411924331435e-01
-9.631427883938021850e-01
5.428911604645244582e-01
9.858144154171430973e-01
9.628647189528563577e-02
8.757828661207024412e-01
3.283571252401989438e-01
-9.479800931946587017e-01
9.769798854770330720e-01
-8.696233903716833469e-01
-8.581371422174128849e-01
9.380617363126630970e-01
6.118230587791577690e-01
-5.313404383199434866e-01
-8.789377875997372858e-01
-7.579579386853728673e-01
9.550933869443171131e-01
9.998208313391752089e-01
4.644765111201741847e-01
-9.504922621877629485e-01
8.591936110269082771e-01
2.456790519341157941e-02
-9.386553991356313964e-02
7.553757563719561974e-01
3.577687121140001869e-01
3.318737186313116538e-01
-1.006429290143783795e-01
-4.307175698674073905e-01
-5.579815129113661065e-01
7.122985592701326363e-01
-9.150912541559963476e-01
5.881595419083393006e-01
-4.156824740979713217e-01
-3.987512297963043961e-01
-4.080810305315674125e-01
-3.633234557315009883e-01
7.225733222815535761e-01
9.496822667545383734e-01
3.721569067539506198e-02
-8.765630154422818232e-03
-9.898801184120462615e-01
-9.730139216974904581e-01
3.157111471981302597e-01
-5.560468808310939370e-02
-8.012985232781277833e-01
4.618923458739347954e-01
-5.269654985050667984e-01
-1.996800318286193199e-01
6.801653931508616635e-01
-9.236774351314220866e-01
-2.805230996289823087e-01
9.988364914832250641e-01
4.850470492984689797e-01
-4.192344191827998556e-01
-8.855311306270045035e-01
9.441320722120146725e-01
7.856645218557120613e-02
9.944549643279827489e-01
-5.897724915500641707e-01
5.771635642209588246e-01
7.838175338372710410e-01
3.994442597070180234e-01
8.139264897794574738e-01
9.690007047062758616e-01
-9.393825247166367465e-01
8.427054290966589090e-01
8.658071765312777002e-01
3.130837833401578507e-01
-2.437765328177072532e-01
9.949448759707946177e-01
6.287107505928412055e-01
-5.326158396890434688e-01
4.194750441974715027e-01
-9.985876305893354177e-01
-8.992724938177125704e-01
1.213354577439362640e-02
1.117652175404797998e-01
3.210764825659246924e-01
1.395727885909031352e-01
9.889039226880469435e-01
9.585807437747781434e-02
-9.812145626459368719e-01
-9.899150474284064138e-01
9.076652587583360354e-01
-8.523982118447516187e-01
9.957976493894524772e-01
8.344123567975305633e-01
9.900376489834691318e-01
-5.167298725492098788e-01
-4.575637938940053662e-01
-3.273507880125868241e-01
9.622467485716552638e-01
1.074688915237045767e-01
-9.179267074486610056e-01
3.854495338829476703e-01
9.826111310058937010e-01
-6.322648212150258074e-01
-6.540404251436411354e-01
-8.608813227951227498e-01
6.577832771428299141e-01
8.256062631914520278e-01
9.998981799869700593e-01
9.968528843736582656e-01
7.511292039096210127e-01
-9.979228262638535352e-01
9.420364984633446959e-01
-9.977058331790177315e-01
-1.025895598364489347e-01
6.322259229221278698e-01
5.653666007157982509e-01
-1.097574997918236983e-01
-9.577041799991753424e-01
4.963599545889950670e-01
7.928465776922668518e-01
-9.940290070778654563e-01
2.532442882543828582e-03
-5.592114566589087010e-01
-3.313990842278474735e-01
9.877137764930470354e-01
-6.935380776673403247e-01
1.735431735442375112e-01
2.155999354953873626e-01
1.897490906581400516e-01
-9.641858731806738358e-01
9.865812180213640037e-01
2.943020165014601508e-01
-5.519866972199386490e-01
-4.270807967854373111e-01
9.991640661149095992e-01
-7.402191239514541721e-01
5.445407497528056417e-01
2.951262305024989208e-01
5.171117030849902152e-01
2.724372536276457590e-01
-6.072985155412755631e-01
7.489186215573162553e-01
7.750351297366646630e-01
-9.566346189545630319e-01
9.255570112137937455e-01
6.270911682698150288e-03
8.502836242190735527e-01
4.617200263783480252e-01
8.536044707275669552e-01
-3.307519285826284738e-01
7.854625991280853037e-02
-4.967350430265048411e-01
-4.894864808714941562e-01
-1.203766124214592226e-01
-6.253662394320878004e-01
-5.157571108925235182e-01
9.784983127412266724e-01
-4.671445860979515224e-02
6.742285017901381572e-01
-9.013907660241011754e-01
-8.511363191203540346e-01
8.995895335790136116e-01
-3.827142275068235455e-01
4.314886058398130775e-01
-9.485704759648849738e-01
-8.910334181114304419e-01
9.401223338879244329e-01
-8.050845239857720159e-01
-9.178099897664260265e-01
4.888668470662217436e-01
-9.182705879533342719e-01
-1.316830407459721186e-01
9.129501772286136019e-01
2.659855696121692925e-01
-5.529551883595974493e-01
9.953667372357352106e-01
-5.115265004037768959e-01
4.524792718994283813e-01
9.997710544137835553e-01
-9.964807883963264779e-01
-5.697375577895209542e-01
-9.102677839090285161e-01
5.749444984755308630e-01
-2.571569584536812503e-01
-8.311665157271352911e-01
-8.660121345175988417e-01
-6.492360111567822001e-01
9.553231483478016317e-01
3.090242669022273958e-01
-8.304296695527375594e-01
-7.322094875884009868e-01
-5.281905717884151086e-01
3.212178765961509752e-01
-8.019523281886211663e-01
1.567342936836498279e-01
-3.538624966777975667e-01
-1.509109184386749347e-01
3.368950869964337791e-01
-3.541464626474114530e-01
5.270383517459068523e-01
-9.158974116781903874e-01
-9.960069338885683132e-01
-4.105420343350346113e-01
9.970280622241123325e-01
-7.934816733294830504e-01
-9.970024716525557329e-01
2.389633337109823841e-01
8.092044487637225503e-01
2.015373025140196894e-01
7.196161856671359214e-01
-9.585686069540667598e-01
9.508408773727236030e-01
-7.865680271173791649e-01
7.567776442796608771e-01
-5.006262104465707408e-01
9.683532702252198865e-01
4.692347521110268316e-01
-3.558091415305226768e-01
2.059763489596220798e-01
8.569682569461545274e-01
-9.700269857881393953e-01
-8.994021099286336751e-01
3.212863159412642777e-01
-9.963091853054782954e-01
-1.360827525540922733e-01
9.977827591183530132e-01
-8.077885485653796271e-01
-9.922256256591823753e-01
9.830821483336756872e-01
-9.237811837526512804e-01
7.521318294794308024e-01
8.034461517322312174e-01
-9.658689893796097437e-01
5.903451520062816815e-01
-4.802989836533882451e-01
-6.315327235750018975e-01
-4.926402383205580882e-01
6.874552862979100842e-01
5.148588462760295137e-01
-7.856649639734872848e-01
-4.129638313173039643e-01
-8.665027389151176429e-01
-8.536368078316265429e-01
-9.965182219877528613e-01
-8.000985909661432194e-01
8.827613277492269983e-01
-8.762834582621005508e-02
9.989779255320559992e-01
4.895523032150352338e-01
-9.015089916955711935e-01
-9.707862583371639209e-01
-5.951221279009673015e-01
9.594792695169721553e-01
2.728906624910309442e-01
-3.312617723067642350e-01
9.440514271610993546e-01
4.921590818749098095e-01
-4.626028402198901768e-01
-9.997438443248567452e-01
-2.150323423804192391e-01
-9.493734750157438729e-01
9.341139220548388966e-01
-6.698622412904888801e-01
-8.744142934251054600e-01
-1.798446731445071389e-01
7.712077807657072848e-01
-8.215034423245867190e-01
2.493787856030904859e-01
-9.414823965809466788e-01
-8.511133771042981300e-01
-6.050284165003602110e-01
-6.210933526951947226e-01
-8.088528448304654894e-01
9.449921920484801730e-01
3.683723777146086231e-01
-9.699027675858232778e-01
9.758734496937346847e-01
7.872190589219246748e-01
-1.016131364530641901e-01
6.274228829147853181e-01
-7.522181375891178190e-01
-9.369438720541872767e-01
-6.788897680642926868e-01
8.155466647472942032e-02
-8.843857297009112273e-01
-6.314652900645462141e-02
2.035295953602993257e-01
-9.144776705229430425e-01
-5.827344941436221060e-01
8.750619432569862743e-01
-7.270906040644854462e-01
9.137142227700009167e-01
5.038050960239202070e-01
2.246770482587976958e-01
6.492256256193904562e-01
-9.989693565258228602e-01
-1.788901369971919730e-01
4.424790371524056631e-01
-6.805571477755415488e-01
7.376706496664011681e-01
5.152837078669361137e-01
8.377342911719065643e-01
7.230390343378206852e-01
6.873364944481070715e-01
3.001120820607049988e-01
-3.283111210610571984e-01
-2.639135905231716483e-01
-6.918586398748932664e-01
-6.106980211500641353e-02
1.106850986029187800e-01
-8.200580251153468669e-01
-1.667250074801435444e-01
-7.982290864575620759e-01
-9.259241375202640345e-01
2.766572260118803639e-01
-7.362844467734083187e-01
-1.904610910001970636e-01
-8.410574585766479316e-01
-9.130714267063360090e-01
2.810254525850352514e-01
-9.230108758844192129e-01
9.768316830918503113e-01
9.966745465444735164e-01
9.993362719258120919e-01
-5.835422449407889900e-01
4.776354085833046104e-01
-6.253182375220894818e-01
-6.610290516458631194e-01
7.585669850636242995e-01
9.657277912969087774e-01
6.429231798676522391e-01
7.938088711722710578e-01
-2.739946527199972337e-01
3.284331323662429414e-01
9.877948418213564619e-01
8.355775407210391803e-01
-7.608319986023955872e-01
-4.729254337418525300e-01
-1.564153949495637186e-01
7.084856935536764100e-01
8.940914659806654674e-01
-8.127361053333682639e-01
5.245815813390107829e-01
6.904612894884437635e-01
1.458653786093722926e-01
-9.122748590053213480e-01
-1.501029926560063302e-02
7.597999583120451650e-01
-7.702304110705615603e-01
-3.550193974811792774e-01
9.764476615322064124e-01
-9.864256858734173905e-01
8.744572364645505358e-01
-9.974785904798204594e-01
-8.280845183234916140e-01
7.228840434609951071e-01
2.738991047681572644e-01
-8.320574821875041938e-01
-6.285318083884304796e-01
3.984871684087467614e-01
-9.870321906210808294e-01
8.697777444026035809e-01
4.110574836870536930e-01
8.678430376550761993e-01
-1.476955806724286058e-01
-6.884635914218630026e-02
-3.131137603342241116e-01
-2.812082708406605791e-01
9.670275347178948211e-01
2.844250623321911697e-02
-8.756204462952266177e-01
8.306461075900491986e-01
-4.520594064231087672e-01
-9.315041628858395928e-01
7.865077443453426520e-01
-3.681953572164551325e-01
5.064018927247730950e-01
-4.847243853329907259e-01
-8.452417665813530823e-01
-6.236025961817408536e-01
2.315124317170469681e-01
6.641833942952586438e-03
9.963264920722475493e-01
-7.629351966976922750e-01
3.749039566324533501e-01
9.974592779341068249e-01
6.603178618625782370e-02
2.890387944700376077e-01
9.607108565071202921e-01
-3.393307079601838305e-01
-2.372773519052957247e-01
-4.535966563224045900e-01
-6.710506774554969578e-02
-6.280014320128042282e-01
8.621435417875904506e-01
-9.993108992007432301e-01
8.190605069854568487e-01
8.583581983566892504e-01
-9.895424647911041927e-01
-3.500731837991975515e-01
-9.982348763188008123e-01
-2.456730588713371966e-01
9.300822781005795292e-01
1.149337480246888366e-01
6.521590518542771386e-01
9.943701429516439427e-01
8.512043589874839222e-01
5.661053468866936861e-02
3.092739099824913240e-01
-1.165872310981080351e-01
-4.731373422832941267e-01
-7.239119151396713470e-01
-7.018143660086073599e-01
5.816892742355214141e-01
2.966003254945417944e-01
-1.411650023807351495e-01
9.617702276702857489e-01
6.821037436851573599e-01
-9.129741570801744310e-02
8.603431606068779880e-01
5.951706177885919269e-01
-5.693894727256649801e-01
5.228489883326159493e-01
1.752373900795896611e-01
2.718688940844606883e-01
-9.652277770630937059e-01
8.428745943018418618e-01
-8.641783233469562120e-01
-8.707985404988406453e-01
-9.755451417473681719e-01
-9.367509476501156840e-01
9.998634000160908641e-01
-7.839945204946352497e-01
-9.025633729092241708e-01
1.246159048616762854e-01
3.383790068042788479e-01
9.613033726304072157e-01
9.543776237854640909e-01
-9.316433311323858435e-01
-5.062403925126314208e-01
5.371259520354525474e-01
-1.177777446640949077e-01
-6.888680643799605097e-01
9.994593138883689498e-01
8.876995564198451039e-01
4.975232242899277901e-01
-6.541679075912462116e-01
9.980343364289463448e-01
9.740619748088076291e-01
6.040340581362281247e-01
-3.681366365996297657e-02
-3.650202502061874466e-01
9.506817883823516224e-01
8.364531455763921652e-01
4.368907482582517487e-01
-7.982528668718306131e-01
5.234708032445299919e-01
7.673096827245036167e-01
4.388742788732357680e-01
4.298799544494578684e-01
-6.686663942276799277e-01
-4.689191065950267800e-01
1.027779124982101250e-01
6.068438630246872356e-02
-7.917213338979541826e-01
7.350253799987566117e-01
-7.389297916469175220e-01
9.999278084902318842e-01
-1.988464285025817180e-01
8.705149619347393175e-01
-7.237206785974042988e-01
7.267011980501374424e-01
6.719765180396435056e-02
9.757154344080553043e-01
-8.136697451836071293e-01
-2.444136959421765523e-02
-2.682805918099037679e-01
8.750456591369250026e-01
-2.298255403633176971e-02
9.918796852219305960e-01
-5.969879133418303230e-01
7.557355370335590017e-01
-9.471382882217057597e-01
-9.784490103394232197e-01
3.050374967327029729e-01
-7.513523093905962735e-01
-9.996005111000016985e-01
-8.793896975381114700e-01
4.940736912175534568e-01
-9.891958685697418430e-01
3.418122603790954006e-01
1.661974568205208669e-01
-8.815886168637264708e-01
3.609744560740494324e-01
9.921349101391772063e-01
9.217654061082746209e-01
9.854085598760987663e-01
-2.300423335418705917e-01
7.045984959851908647e-01
-9.378492194819978423e-01
-4.272531067243742209e-01
-8.895961955025625256e-01
-9.805742997566430086e-01
-3.369180967040686370e-01
3.757244032712774712e-02
9.948582190184301899e-01
1.494189571015139550e-01
-9.982058294421211064e-01
9.967667016107119027e-01
5.462340430201668706e-01
-8.980774611427998488e-01
-9.566216551891975062e-01
2.436870348342996262e-01
-9.956602020147420351e-01
2.981782763078678067e-01
-1.318563104893208104e-01
7.609610826980374165e-01
-1.052264497973247198e-01
9.989025432840548113e-01
-2.027629658634039211e-01
9.801430316180117508e-01
-6.181816811144273949e-01
9.630471107668640007e-01
-7.237477058194979884e-01
-2.883740100523205507e-01
-8.888845369482858416e-01
2.691986090204084858e-01
1.003712270175320248e-01
-3.059621577718664165e-01
1.973632824182671580e-02
-9.773956987824309328e-01
9.361175254044654670e-01
-8.418720016321628030e-01
2.532862120631304559e-01
7.187146208106006684e-01
-4.807034868703963237e-01
-5.552514567033254300e-01
8.884021197723994678e-01
-9.932230614523852585e-01
-5.496885608990892402e-02
3.203773870322841333e-01
-1.150290586963812201e-01
9.024045247507135326e-01
-9.304299194771357140e-01
1.538948912695438931e-01
2.823389582388561858e-01
1.257021149370179391e-01
1.272747968786952788e-01
-9.300912772271985318e-01
3.266089240572238039e-01
-1.392699183324272172e-01
4.702049033098396058e-01
-9.860838029288683249e-01
-9.702171200158835607e-01
-9.201938417655188829e-01
-6.895932473140254926e-01
9.955943443796236858e-01
2.934676903122454550e-01
8.928823149880861232e-01
-8.920424930160966159e-01
-8.617503088223228414e-01
-8.121877547797570207e-01
3.699845954282864335e-01
6.472996543326102747e-01
3.140604480696429501e-01
5.826077850288985394e-01
1.705100293336725414e-01
-6.867963052525175582e-01
9.003042275755044344e-01
9.270812743723166882e-01
5.016888958704299739e-01
-9.966898158229855476e-01
-7.566389341608892316e-01
3.316332874331927583e-01
6.000435658376026549e-01
3.773153415183617687e-01
8.272849238980082287e-01
-5.079378095981157415e-01
-9.591086041549710117e-01
6.983676953742660176e-01
3.799858115040772311e-01
-2.450541113767597812e-01
6.898224503891758896e-01
-2.101724484093072942e-01
5.906776793957120297e-01
-9.891096339577738483e-01
8.346707815951115439e-01
9.725866385153630889e-01
2.891322243248307666e-01
-9.979215476085496750e-01
5.976672685549762054e-01
5.898687657955912211e-01
-1.558099827315047037e-01
4.839473947984311297e-01
7.368902513128827714e-01
9.452940385101640253e-01
8.643892537208004434e-01
9.920356166550665655e-01
9.235998705487011851e-01
4.130095691278816705e-01
6.737640735476351228e-01
-9.257081995332374635e-01
-6.703976207241602037e-01
-9.374262709759850765e-01
8.588377061336517349e-01
2.345519995470259911e-01
9.671505855384288086e-01
8.537057690331980586e-01
-6.446115943554702188e-01
9.903438080696412849e-01
-3.766438431195459069e-01
-6.556137556431438362e-01
8.927592247699405181e-01
2.988465974999195973e-01
6.994706463482255332e-01
3.867500226294217636e-01
-1.905141896076002206e-01
8.473497299242591652e-01
-7.117463149514908771e-01
9.957215464027358021e-01
-9.793466904861090061e-01
-4.533917142196633443e-02
-9.182101315835843325e-01
-5.069186504789756631e-01
4.132164314369931452e-02
3.107304992895600360e-01
2.601847191391042924e-01
-6.255196619933567348e-01
9.395985315144438355e-01
9.379172259431771685e-01
-4.501644945844748280e-01
1.468893612914455304e-01
8.921323499944519009e-01
7.292692890241777581e-01
-4.251652180082046706e-01
-6.305050062242003595e-01
-9.958026042551175738e-01
3.682709732084333831e-01
-5.014092121003095315e-01
8.283301820694194406e-01
2.088714549331382730e-01
9.495247699390353402e-01
-9.861586114951236270e-01
3.736768131619828681e-01
9.934766071088679817e-01
7.848380308590806598e-01
-1.130506307890139089e-01
-4.992363593021452717e-01
-9.956183912578120410e-01
-3.342873483019249137e-01
9.953150001704074157e-01
8.926695282684343757e-01
-5.370957647293818082e-01
-6.846317752766958309e-01
-3.123165250401268578e-01
-5.681444891339247905e-01
-9.983243931610237265e-01
-9.942050093520531373e-01
-9.891713696754816931e-01
-7.525026428156539327e-02
1.793198935674723826e-01
6.054488050459319037e-01
-6.316469345893344078e-01
9.785075132443913359e-01
-9.246052308900617467e-01
-1.590315982739554934e-01
-8.464127202583722198e-01
-9.870759009457673594e-01
6.791560302564012552e-01
6.339455064054145828e-01
-4.146637049343131903e-02
8.795335929696460608e-01
-9.802716501591353104e-01
2.913126783605446066e-02
1.887900291151286547e-01
-4.147284411409622451e-01
9.331505538538922284e-01
5.669169374628710845e-01
9.668533273901689373e-01
-4.632036886065128978e-01
-4.216939714699309283e-01
-9.999557496416855429e-01
1.825667449772733208e-01
-7.971614637477070220e-01
9.402485002007296977e-01
-1.101436810438276015e-01
7.564821468458566844e-01
-5.456577218610705327e-01
-8.952211014580728488e-02
3.050258375038173986e-01
-5.455672767834366388e-01
-6.081101601611128143e-02
-9.743150161918900931e-01
-9.731502087712707860e-01
7.799772900421679811e-01
-8.289532220002716889e-02
-4.846936828437434785e-01
-8.743433612785495024e-01
6.110647205578526586e-01
9.976494673703397709e-01
9.977759904528086254e-01
9.565461799723170566e-01
-2.542373703032059229e-01
-2.389743381779846076e-01
-1.693192574403556139e-01
4.301669350228928476e-03
4.824960275053614134e-01
4.731865874641658642e-01
-7.339289850155419348e-01
7.952846969070991312e-01
9.060940487273467792e-01
-4.724690479490869510e-01
-4.079838887968222916e-01
-3.935279525032490122e-01
-9.900567852781937406e-01
-7.936793202389912372e-01
-5.476403132901019877e-01
-3.002960797197348763e-01
5.307380013711221478e-01
-3.727001582500261145e-01
-8.841334643321736575e-01
-9.543400661238017335e-01
-1.606636187021711071e-01
-5.915222219736278042e-01
-9.741263125506260945e-01
-8.325226369144695937e-01
7.017415101762035645e-01
2.662792326127085274e-01
-2.663608197231817076e-01
-7.926772939011748065e-01
6.346987994154548174e-01
-1.116805894314187170e-01
6.942707622029744563e-01
-7.495564782267137849e-01
9.887221987951727575e-01
4.683042794763369043e-01
9.432377975994995500e-01
7.687718390414319813e-01
4.638422422573861836e-01
-9.800890779964072097e-01
-3.244946034145201885e-02
-9.077003257751149468e-01
4.552254093942634805e-01
-7.322049975515489972e-01
-3.114937414271800598e-01
-5.107093716832667996e-01
7.128078990509755242e-01
6.558380185964146625e-01
3.126619465436190626e-01
-9.998158248781382484e-01
7.373655646091462623e-01
-9.373100213673242198e-01
-8.862607467728076394e-01
1.356527847777837803e-01
-1.914808485084938325e-02
6.094485980215678111e-01
7.079313167819929475e-01
5.754246997088056093e-01
9.722137165233554201e-01
-6.451080398927323545e-01
-9.846683269824221263e-01
9.811550623161461315e-01
-8.971554590914754268e-01
-4.320533972451197358e-02
6.569388351586069597e-01
1.184052491290560477e-01
-9.640692183476413657e-01
-1.390004798900775218e-01
-3.475383958553800445e-01
9.976735602325297325e-01
-9.070592435540671961e-01
-7.543518948284126946e-01
7.015936698298608221e-01
9.471564108160379636e-01
-5.858386620483914398e-02
-3.285078016097358611e-01
-2.834535733709130090e-02
4.595877041793077211e-01
-9.467092168538859820e-01
-9.655745882544225500e-01
8.691499017707180474e-01
-4.100704896128085641e-01
-2.113037690253486978e-01
9.960925190462655010e-01
-5.846382436132639970e-01
-7.678384480889089980e-01
-6.474792498504982063e-01
-4.939974568227500917e-01
2.152643422263658124e-01
-2.343720206666914940e-01
9.750811351452609577e-01
4.773853364502345653e-01
9.507126164726141804e-01
-5.731964603770447475e-01
-9.829177519832441590e-01
6.312303629231962310e-01
9.489878189856628676e-01
-9.907075490813509466e-01
7.628626726849770945e-01
5.108166796249774544e-01
-7.835079536851756732e-01
-2.133116605888712436e-01
7.947610325408333010e-01
5.518869754705520991e-01
-9.903300672685697581e-01
4.623808802701325771e-01
2.042671115901645573e-01
-9.890150399733207420e-01
-7.859719104570802584e-01
4.826556388405868203e-01
1.161587832109236551e-01
-5.685642544217271999e-01
-6.806468658216018042e-02
8.551462744813141947e-01
8.849420551735861507e-01
-4.223024163855679802e-01
3.943480106686598763e-01
-6.357004104015380463e-02
-6.602347342169694322e-01
-6.745385667450852774e-01
-9.790164042563842539e-01
-9.796644719243989829e-01
-9.658308163814580682e-01
9.689087118306974888e-01
-3.212062292883853254e-01
-8.852117157159059557e-01
-8.334705311490616664e-01
-2.949458773177309756e-01
-9.504659616661716992e-01
8.440446171164510680e-01
9.960671688407665147e-01
3.738078676202938322e-02
-9.992318114113505345e-01
-4.505302956308219198e-01
-2.765369706851384946e-01
-6.851876459262754571e-01
1.648226139577705640e-01
5.489159456306043072e-01
-8.462755832807207224e-01
5.636582494947055266e-02
9.968856629223615817e-01
8.957502523197254929e-01
9.421319694981854509e-01
9.925987459145564351e-01
8.642886397730246140e-01
7.415147091981980632e-01
8.109706399544104327e-01
-7.193833221986817295e-01
4.384450693057131282e-02
3.024898589470892962e-01
-7.114755666234778841e-01
-1.807118830668567044e-01
5.509986488983161790e-01
-8.414277952252218196e-01
-5.840679883871191524e-01
-9.972200598194593812e-01
8.003333694378960139e-01
-8.561440918818624679e-01
9.926294539154948415e-01
-9.841464991161789078e-01
-8.815066955016054306e-01
5.610046753880977288e-01
5.688722585174175173e-01
5.218209547662141512e-01
-4.348339308778222945e-01
5.236793036116361710e-01
-9.515705102413462013e-01
-8.248863361546144857e-01
3.437809763845100508e-01
-3.571645068033563186e-01
6.268545878142186556e-01
-9.897197281960340431e-01
-9.999999410117919041e-01
4.056822809860878842e-01
3.755601705963830805e-01
-8.618982301773800980e-01
9.183905099322708931e-01
-6.207407876606116925e-01
-5.906632031771327229e-01
5.486378594009754250e-01
7.405827364292716375e-01
8.046406184101406733e-01
-6.445424577040643754e-01
-5.886764778749422611e-01
4.009163230650596987e-01
-9.363645550046693078e-01
-7.123456735792809136e-01
2.647245457071403796e-01
8.724637962092366417e-01
9.273219999860393692e-01
8.249227262519880366e-01
8.797361257188286709e-02
9.991334168100817203e-01
1.909107170835784018e-01
-4.878350423811106396e-01
7.787381128864012680e-01
9.998880361950069906e-01
-1.836478506942010869e-01
9.997987230906171252e-01
4.481701373945268241e-02
3.303405174654268639e-01
-8.856757296289641257e-01
-3.224635268582120018e-01
-4.666455095494525529e-01
2.675828094770799082e-01
3.086680510304550817e-01
-4.579768005904008010e-01
-3.391070487629534447e-01
-2.297373032871316556e-01
9.764261628181684083e-01
-7.221190956188909826e-01
6.692908311805660926e-01
7.707823120345322909e-01
-9.999506174036369988e-01
-2.728012399253503251e-01
-8.565866036136305928e-01
1.839352188710910996e-01
-9.253247305529944677e-01
9.833523646432709153e-01
8.787761343772357847e-01
8.008856677139407632e-01
9.603148050425928117e-01
-6.351546622877152215e-01
5.001689727314765355e-01
9.126332813295064961e-01
9.998622329757149707e-01
-9.451903769090772567e-01
8.988657800692239075e-01
2.738694270807002229e-01
-4.112233669750767762e-01
-7.169927049625600679e-01
-6.982454131481928561e-02
9.416875888713319709e-01
3.411515588545238065e-01
2.817282469644933895e-01
9.044505838260562536e-01
9.820200835932264560e-01
-3.270949177648436179e-01
-9.999062076718727710e-01
9.795261997233938311e-01
-1.920573641544580934e-01
2.559577642455119206e-01
8.952686620870624334e-02
-9.779004628163953106e-01
9.959470303896953425e-01
-6.541979558267190242e-01
-9.994353472162887941e-01
-6.987724044065661833e-01
8.957020312786316829e-01
5.677114578159605518e-01
-6.630214601679980113e-01
7.648560396911652237e-01
8.302548363411629273e-01
9.604423877442411772e-01
-9.506058391566882815e-01
9.957454399713628890e-01
-9.497011343715422438e-01
6.709015747385720374e-01
-3.169551215173886938e-01
-9.479092044418035989e-01
6.596207979405762645e-01
-3.833133134867929837e-01
-7.418492019474596244e-01
1.767143112543009542e-01
7.949610670365935272e-01
9.485039651961965079e-01
-9.999263840129791747e-01
-1.627326108594164822e-01
7.472521583333930906e-01
8.273589825348012239e-01
-9.025571904030851300e-01
-5.042118165766295013e-01
7.722072467251628325e-01
9.850436555498839342e-01
7.292709167114344027e-01
6.270549442797048734e-01
8.819659714416342444e-01
-4.415143227532660197e-01
9.616346222347165185e-01
9.987394444526518367e-01
6.596843048534341003e-01
-9.479138726554392491e-01
2.590832110818972953e-02
-5.729976745024977641e-02
1.847105966216419926e-01
-8.524663478270561034e-01
-9.999806631065937257e-01
5.122657932982120910e-01
-9.722896383361425698e-01
-1.501820979415091906e-01
-9.999147998113194769e-01
9.999892085869273028e-01
-1.882943770931354011e-01
-9.790749171894795877e-01
7.954934664493614749e-01
-6.078084722649721439e-01
4.409876828897743573e-01
3.907012846126381445e-02
-1.796086317428252088e-01
-9.991436869584566782e-01
-9.980868152108771651e-01
9.995138371476335326e-01
-9.658796615585223400e-01
-9.385494592525724933e-01
-5.102453684425699559e-04
-4.347455830833735768e-01
8.850917075714077598e-01
-6.692667597331417584e-01
5.637335802994191125e-01
9.176607408479668937e-01
-4.624336543025087676e-01
4.200665874943630418e-01
-1.390598284632354846e-02
5.237330643774712469e-01
5.425883916044017541e-01
-4.294637641661456229e-01
9.979412205043447504e-01
4.036820537661594405e-02
9.526059142147526027e-01
-9.969874872935745591e-01
2.518919528387582596e-01
-4.766480739981396875e-01
-7.182688551089736473e-01
-9.477045937709172030e-01
9.958795433441314238e-01
-6.103380358488255109e-01
3.152332592773137154e-01
-4.330035472173552891e-01
-9.470674267875737184e-01
-1.731730473340202178e-02
7.208374819806919742e-01
5.974407958569381005e-01
3.810573878730932895e-01
-3.221857525965790003e-01
5.118795566394439556e-01
9.648507646179261821e-01
9.618651769307612343e-01
-5.940751751784288937e-01
-6.485691773183301923e-01
-5.256453779759909795e-01
6.835851541082291760e-01
9.722625269273177384e-01
5.192754922507607507e-01
9.999761938580150611e-01
3.469732630823750275e-01
9.590205254543198166e-01
5.730688801366293772e-01
-8.926891585866740808e-01
6.094664638147873070e-01
8.926969753182315559e-01
1.382988637296227175e-01
-8.975587220246994402e-01
2.607519639773187015e-01
9.800131493250928694e-01
-3.230534610135971652e-01
-1.172083573935304435e-01
9.673782780108929336e-01
5.426217689091387131e-01
-3.296651006876948342e-01
-9.219197610392464437e-01
-8.456776770219267547e-01
-6.433631855644728059e-01
9.950840065569522830e-01
-6.913526510296717775e-02
-9.994662548107954292e-01
-8.653380966719662615e-01
-6.058546830035013153e-01
-9.129198754109899561e-01
9.999919526257714519e-01
-9.816705572874065977e-01
-2.936904990910605417e-01
3.227489002221615305e-02
9.770410972105000313e-01
-4.573292299013653195e-01
4.854247947950376396e-01
-8.589613469609603813e-01
9.019196301996502685e-01
9.023980299560265816e-01
-8.493995821373215849e-01
-7.267427691061857375e-01
-9.616875632107861893e-01
-7.246152880792967876e-02
-5.716979983358779771e-01
1.880574083192300960e-01
-6.043604683034783237e-02
1.382536695082240419e-01
-9.783077279119417602e-01
9.078717790175695468e-01
-6.189337541544603916e-01
4.703177961962916598e-01
8.682002910811396079e-01
-5.174939526492133846e-01
2.508587061045941535e-01
9.409295596415634400e-01
9.128031027472532921e-01
9.847901682054979178e-01
1.038291142775926573e-01
-5.771234326434712125e-01
4.797305754331060990e-01
9.591351866289192785e-01
5.549655880413669751e-01
-7.995980518064972342e-01
9.950297646403268026e-03
-8.232909463436035580e-01
4.944875283257327281e-01
-9.596304366415525644e-01
-8.757586191947841492e-01
-3.423107312798137625e-01
-7.543045660000183283e-02
-1.756594749222196994e-01
2.395391343384806748e-01
8.186408169995388340e-01
7.691731848447440623e-01
-4.076815088521313357e-01
9.690499548892569370e-01
9.220830214559251337e-01
-4.627242367225248287e-01
8.962823090742161325e-01
-1.912705678520788821e-02
4.107241685914044260e-01
2.235996360405945460e-01
5.929403354061348885e-01
1.146651496179022234e-01
8.693079038834581329e-01
6.082073446081556201e-01
4.871066622127643853e-01
6.835921064508598821e-01
-3.463266330111655633e-01
-9.033065785924563329e-01
-6.321845963429194581e-01
-8.143082032806610027e-01
-3.243048725884501993e-01
6.685090162658190449e-01
4.261648676222453136e-01
9.022917595029692484e-01
9.074203324703958851e-01
-8.400618268114614651e-01
4.195832021558764668e-01
8.395867027700905094e-01
-1.642898962469531154e-01
2.947957311796222113e-01
-7.839633316877637759e-01
-6.852106852759458633e-01
7.473234204494950683e-01
-8.903977474067162889e-01
9.998313843393894507e-01
-4.100531202282602927e-01
5.870955633148905450e-02
9.233854142592990977e-01
9.858654264859293415e-01
-1.155410342230671870e-02
9.629374253364005876e-01
4.052048403488727191e-01
6.257845032041835509e-01
-3.337185120757712453e-01
-8.765171689272818201e-01
-9.994850826215334605e-01
1.931379492622507521e-01
9.999973225479146244e-01
-3.537249564330917639e-01
-7.436453379438557887e-01
-1.444138142834647254e-01
-7.526971612402938439e-01
1.489257682864928434e-01
6.309298643262230000e-01
9.084425764968421246e-01
8.553309343001469500e-01
8.246896054106314655e-02
-9.615453027973845934e-01
1.634944523198571809e-01
-4.924650071370291204e-01
-9.844041187151987282e-01
8.554618142379040169e-01
1.789690072390550390e-01
-7.979112571703806944e-01
4.801593902299488570e-01
9.939182375842982031e-01
-6.100800907643620929e-01
-5.390217937457708608e-01
-9.845881384591049779e-01
7.509177247809227795e-01
7.744087038688308722e-01
-5.427423404738269674e-01
-5.116809088726678167e-01
-9.318066419765136388e-01
-6.733539993238751853e-01
8.113571063419201534e-01
2.729268954039545392e-01
4.522223774864035650e-02
-9.637948493987437137e-01
9.943339883586748140e-01
-5.651270075790204572e-01
9.735585481377301287e-01
1.023671479907534571e-01
-8.292300792395302933e-01
5.151942493940622203e-01
-7.718097096153355707e-01
9.370544228547353915e-01
-9.091188957245704971e-01
-8.062219618718722280e-01
1.244400653366294490e-01
-5.828092960812689127e-02
8.624309639852799636e-01
3.888429977677135274e-01
5.106779164418497885e-01
1.608156192317832800e-01
-7.675531078215738212e-01
-2.488721846061754117e-01
9.915339682684268796e-01
-9.846482784872216953e-01
-6.712565238194128092e-01
-5.094013708443509980e-01
9.015994285374099304e-01
-5.872619279790975977e-01
-5.203379069316453609e-02
9.693789343776874068e-01
-2.877903411093195030e-01
4.751561453118096079e-01
9.626938281285485344e-01
2.288847264566592210e-01
3.231219950571279642e-01
-2.360125522166867107e-01
7.179788968319283926e-01
3.944969852008831657e-01
-9.356459352058832390e-01
-7.408719244211886545e-01
4.224392397162273771e-01
-4.082456828944777127e-01
-4.110748317490441756e-02
-7.741787559408166430e-01
-2.748935983364302893e-01
8.547571381267875523e-01
-2.423726353585390902e-01
-5.231948097682741911e-02
6.367359451266129122e-01
8.814966179935450619e-01
9.857336172186184076e-01
1.265785447657739593e-01
9.867745867521201530e-01
6.054347898440677334e-01
-9.886724931535615379e-01
-9.055735097889454632e-01
-7.103535191545155003e-01
-9.999062020720120847e-01
-3.890718299262425073e-01
7.251641364715094573e-01
9.357560989976305699e-01
4.353220196567083589e-01
9.973753488211193341e-01
9.308059654562398366e-01
3.740589369147592214e-01
-8.871882167032905109e-01
7.978903315265164498e-01
-6.483832726693435078e-02
9.810973659268891200e-01
9.890745564249416866e-01
9.989491152418656927e-01
5.508934693181727349e-02
5.363882935417765285e-01
-3.052658423206263683e-01
-8.537255105220280527e-01
3.098364628331206627e-01
9.985450348413489330e-01
8.324259067127293132e-01
8.765248122911721840e-01
3.550953138586597779e-01
-9.232009445465703124e-01
7.967213710484402078e-01
-8.842078072167856018e-01
4.562139465811405614e-01
-6.392793024044026717e-01
9.790980583389390368e-01
9.998948934262212873e-01
9.783546649223550107e-01
5.463608239567740998e-01
9.237823343040254542e-01
-7.191371276725063710e-01
2.723798327311316436e-02
9.998980269734774051e-01
7.619066312042784839e-01
5.205057912987207658e-01
-2.180085981484862490e-01
-3.349538651339560857e-01
9.347523442155404316e-01
4.643330708102873516e-01
9.851180986752572366e-01
-6.422717090414730157e-01
7.505497700459207167e-01
-5.259622533194638003e-03
9.071927220027545813e-01
9.996650149239578731e-01
-9.897502577032508686e-01
9.561366945637079784e-01
5.789139273311574296e-01
9.526196352225393404e-01
-3.814415051768036413e-01
9.999620293919264657e-01
-9.971014141805663034e-01
-9.845705577871756153e-01
9.573483476530288971e-01
8.011613445116787247e-02
-9.563622772689116536e-01
-8.301058426843633820e-01
4.639259040435853576e-01
-2.983032156368851107e-01
2.133171452245703203e-01
-9.056467971983384047e-01
5.069397862279235722e-01
9.002990469143208330e-01
-9.966051925475993833e-01
2.640553614943619842e-01
-6.104844647035434502e-01
-9.638802743054412092e-01
-8.049510535161458202e-01
7.514521099462090348e-01
1.919037611461808235e-01
9.881400312737208536e-01
-3.114871417624023864e-01
-5.402982932671738237e-01
8.265940140662046964e-01
9.629798359468395574e-01
-8.284289193739794444e-01
-6.067854058913138005e-01
-7.917637211634738215e-01
-9.432573366814848148e-01
7.005147044735934303e-01
2.744270417977693471e-02
8.746812120095142085e-01
-6.282541291048056031e-01
-1.554439776536054030e-01
-2.627581322333546465e-01
3.406498448682492297e-01
-5.686309725453753128e-01
-8.420702591651729740e-01
-2.987313581935642781e-01
-3.188720998039902277e-01
-9.995752837605342833e-01
4.321040814423265930e-02
-9.029300717287747080e-01
-8.448619972368734965e-01
3.579994657090725951e-01
-9.505765069398057765e-01
1.651128625099530789e-02
5.983809590860383887e-01
8.858057521581609306e-01
7.425867712586547986e-01
-6.277605875749943110e-01
-6.281890215180021553e-01
4.164732501106165330e-01
1.040092122422057452e-01
9.956687525289753538e-01
-1.643426630595799520e-01
9.625242882355582452e-01
-1.588221516575027137e-01
2.853040766565986819e-01
-9.993704679396838708e-01
-1.630437948893480871e-01
4.768926283532416432e-01
8.390050177288409516e-01
-1.905071227368094339e-02
-6.487872447483401528e-01
9.909984648978634736e-01
7.734638791151215997e-01
-1.907021170993199732e-01
-2.038723646607974449e-01
6.441923099425189703e-01
-6.800568042069600194e-01
8.129375533642952956e-01
8.987895432350597735e-01
9.974853111211541279e-01
-1.610955589440007663e-01
-9.762758318645881062e-01
-3.354046715864324457e-01
-7.876199144881382841e-01
-8.943667211058435873e-01
-2.314972673576763673e-01
-2.400045614583030951e-01
7.905839502177848255e-01
-1.638496484610531545e-01
-9.981228812672829909e-01
-6.742871544147918117e-01
8.216370835769160053e-01
7.658085815866430002e-01
-9.672792633676535745e-01
-7.422586337607288698e-01
-5.056729163592657006e-01
3.783283044210203339e-01
-7.274375581324219464e-01
-4.442215830530062137e-02
-3.165709672007107067e-01
9.920788405747614780e-01
-1.962942072604714205e-01
-6.981610061264161837e-01
5.539867294843626722e-01
-5.187295534732611069e-01
9.448209700926416543e-01
5.118099263986243264e-01
9.516887876122630541e-01
4.769635175724589171e-01
5.587581494049035369e-01
-7.719985001295021076e-01
-9.690347027314272221e-01
6.451547098454292195e-01
-9.977062446022794129e-01
9.012764333754416102e-01
8.418303283385653035e-01
9.644170498962679750e-01
9.993532948265677618e-01
-5.303493200055650059e-01
3.934424110551102971e-01
4.536660172587744233e-01
3.170657390265234632e-01
5.094846933586617554e-01
-4.805096179431795345e-01
-9.167916057002909458e-01
7.561989035245429980e-01
4.051267216173130153e-02
-8.043994189382597249e-01
-9.576310089586205221e-01
-9.905942141082433317e-01
-7.153257247883151315e-01
-8.213310254128374233e-01
1.084990574974366850e-01
-9.373718919780926750e-01
4.838740284268571168e-01
9.999998580859940089e-01
9.998452775983490692e-01
5.457011212057782251e-02
1.133515218677491748e-01
9.052954899523454335e-01
9.092829187342900132e-01
5.006536768015467098e-01
9.971819873810996437e-01
3.437955805501031192e-01
9.989161833060465900e-01
7.249781220425893791e-01
-7.243078386013843684e-01
9.542748604522982570e-01
-9.997320253396506651e-01
3.044313800497950862e-01
-7.991046198068461059e-01
-9.314796231140027860e-01
-1.659363459110722513e-02
-9.950621500619176718e-01
-9.670518945637318620e-01
-7.346584415342825025e-01
-9.979793087440541610e-01
7.721633609932035958e-01
-9.833379861743557493e-01
8.399096509617238748e-01
5.537468821099919003e-01
9.981627287362254686e-01
-2.885344317931610170e-01
9.485147216367034728e-01
-3.061206440255133665e-01
9.092395393167916895e-01
-3.977046129096222793e-01
1.776518070734958710e-01
9.366487665951699348e-01
-5.016382060424809941e-01
3.588554715754337793e-02
-7.863383201591952476e-01
6.690920239591843233e-01
-9.799818500512424979e-01
-9.829567105596201948e-01
-9.927188189679548858e-01
9.339254481546641617e-01
4.955486412708782207e-01
8.953413187475235679e-02
5.572088703861600711e-01
8.446743620161379917e-01
3.209935954734544628e-01
-3.574189055983517660e-01
-4.524399960363277295e-01
-9.981730226821836638e-01
9.934609947258494778e-01
-1.682073789615470827e-01
2.737078828601384739e-01
-3.218269967924984321e-01
-9.951195944125988957e-01
5.853363718908752844e-01
-9.524176909981478811e-01
9.534266720708480802e-01
-9.061951453240524312e-01
-7.822029531790367640e-01
3.009851419689446583e-01
9.532464378502178981e-01
-7.084759696098031911e-01
4.610992756601244302e-01
7.699841148330901497e-01
-8.164169444615990701e-01
-7.247774306835770286e-01
7.017139624191509606e-01
8.577212405771310610e-01
-6.208569466933367975e-01
-8.890923274525036613e-01
-5.150092791628472222e-01
9.707019202933090396e-01
-1.198816958811067951e-01
7.938111871338863201e-01
-9.997466541781008242e-01
6.863062519000752149e-01
7.215080508915112656e-01
7.858784530006117652e-01
8.541101108335673597e-01
6.825823411252099904e-01
7.405791915732191644e-01
5.171448802583352711e-01
1.372653276181540483e-01
-8.828888511739757528e-01
1.752186840238289800e-01
-1.632264992270872350e-01
6.421157424043532069e-01
9.471062528398977998e-01
6.473223099664465741e-01
8.973502760003965184e-01
9.909621415094664876e-01
6.637137945282638452e-01
-8.471981625803284288e-01
-5.023432897119969320e-01
9.999602452669396069e-01
-7.257130336254437042e-01
-9.994563209423257266e-01
-3.679637527097506244e-01
-7.889308779504133895e-01
-1.199834719633327898e-02
-3.638876095451880621e-01
3.204472423957074184e-02
-5.596789544670217609e-01
-5.398252619073907743e-01
-1.794478897950120000e-01
-2.146617913112985332e-01
1.300959205787828310e-01
-3.824070114348698118e-02
9.986309903083534500e-01
-9.115637358947022983e-01
-6.415789862939406119e-01
4.301316625362148205e-01
-9.612067551382009745e-01
9.635080017632843274e-01
-5.087860082462692946e-01
1.416066278942451351e-01
-9.532427750870917649e-01
-6.400101284110620847e-01
-9.053333513669983290e-01
9.363696555118782294e-01
-7.411189034343973470e-01
5.058034069740332539e-01
7.827081871226396204e-02
-5.095344990433617327e-02
-8.711020144381131924e-01
1.126645645402222090e-01
-4.221015378804671703e-01
-4.100050738075075585e-01
-4.043937062363627821e-01
-8.686668060758981902e-01
7.128153559411193330e-01
7.504044827428867359e-01
2.199777667026968087e-01
-3.094959501368479970e-01
9.813218256886607760e-01
7.671267884834606088e-01
7.530977983537054943e-01
-5.588009215551246189e-01
-9.632283370826962843e-01
7.109560393822704771e-01
6.090902796562785992e-01
-9.006737546365193303e-01
-2.780125125476662351e-01
7.049723759540561796e-02
1.035707286367958946e-01
4.177676603999123661e-01
-9.912314454677173536e-01
-9.995615660378848188e-01
-9.444107730726165606e-01
3.260264168219607628e-01
-3.595426753426692601e-01
-4.144560771462775794e-01
-7.113057334979471236e-01
9.134669641571114829e-01
-7.548385610048212735e-01
2.344775054170475104e-01
2.876421759804307365e-01
-6.051958876859656611e-01
-5.318285759561433013e-01
-8.360633106969749262e-01
-3.753648360071219492e-01
-7.255709189189729624e-01
-4.271684566585055576e-01
8.289353368384760889e-01
8.489924954865496476e-01
-6.616373172500721322e-01
8.920951948304977064e-01
-8.361847395768845503e-01
-1.885812147007204578e-02
1.036998827687645114e-03
-6.763182355858337047e-01
8.096580585419289600e-01
-9.999030577419474319e-01
9.739876640377745365e-02
9.168526538019939887e-01
-9.195804434733967359e-01
6.271877729115301614e-01
5.828167688042363848e-01
7.267187802253896045e-01
-4.233881929111068532e-01
9.070266053336374368e-01
-9.641531388877463415e-01
2.207731946027673697e-01
1.256938539720795223e-01
6.686527639685463376e-01
-9.986069318173241838e-01
-6.099212219127057022e-01
9.600087031917703406e-01
2.860270467458366772e-01
8.188043943148846093e-01
2.479070648008210587e-01
-7.534296296367951618e-01
8.100281175586886429e-01
9.799131344608382754e-01
-9.882103264130407405e-01
9.240314056616691918e-01
-4.350632369452421266e-01
-4.482258290491963892e-01
-2.731612990313643796e-01
-4.712832296809276178e-01
6.804318983414989752e-01
-5.348759178905830858e-01
-3.157063017191014120e-01
9.315781444954986945e-01
-9.936124029272109803e-01
7.846041583282973297e-01
-8.131191077523317601e-01
-7.857903443729287174e-01
-8.994647002800335578e-01
-5.434643642881260561e-01
-1.561663679994275689e-01
-5.916237187112795004e-01
-2.885967235800604991e-01
-6.714815569549102969e-01
-7.417732963103320643e-01
8.342589861636420245e-01
7.728920573509061587e-01
1.854245837665907670e-01
7.468061931830308753e-01
-9.964500517233149113e-01
9.882479399899329886e-01
-2.004354198595121039e-01
2.685039932840274091e-01
-7.055544428002415991e-01
-9.963078058732952602e-01
-8.602841836464975023e-02
-2.867297680284773831e-01
-3.194522843482546781e-01
-6.283120827409595099e-01
9.820587142728031127e-01
2.044143505946652284e-01
8.336768754350547539e-01
-9.228234555374934533e-01
-8.663037208237570619e-01
-3.118866066419695993e-01
7.983518453555130678e-01
-6.616428882960024849e-01
9.958466125747583719e-01
-9.636809129393014706e-01
5.127358983704075612e-01
-8.478972985936020779e-01
-9.640932377183614177e-01
-9.914081860430955517e-01
8.285743752777878779e-01
-8.321176866081942958e-01
2.993677343432520344e-01
-8.066506333390190964e-01
-8.812961687777933761e-01
-9.694502260166208973e-01
7.360576168401231634e-01
-8.078180382907766965e-01
9.997974847227449890e-01
-3.217916888269076181e-02
-3.783093556146034930e-01
-6.654950023961084815e-01
-1.777720510212095484e-02
-9.998753750249499417e-01
3.104992160274857027e-01
-6.718203477919769684e-01
8.271685406267405005e-01
6.754919694729845103e-01
-1.210425449646532481e-01
8.252507272907527724e-01
-2.085522514027882135e-01
6.799074110342860910e-01
-4.654061963339736208e-01
-9.273686698468701639e-01
7.310000360061421620e-01
6.350068296958319425e-02
5.005709803331687135e-01
-5.030291952348152629e-01
-5.423232048920304527e-01
9.381471536508514397e-01
-6.073415286719018313e-01
9.312461315526525674e-01
-9.318786609687499389e-01
-4.247643797403002908e-01
1.943704084081264438e-01
9.994838469758402510e-01
8.124343764541663848e-01
2.538255119509361668e-01
1.134204888883396656e-01
9.872276877526717787e-01
-9.926489092809664960e-01
6.050062907638790177e-01
4.966346931009508747e-01
3.513641172940649982e-02
1.313340254230664986e-02
4.861868639358608024e-01
3.125854701611737174e-01
-9.249451374901669354e-01
-7.771706816346781732e-01
-9.894288832764973618e-01
-9.394916094991182520e-01
-6.246667612831260374e-01
4.741091725448465799e-01
-7.820870648981741446e-01
-6.554344529778215467e-01
5.439065807054350721e-01
-9.977896169550296568e-01
5.292552833065712337e-01
1.212345601659068489e-01
1.336902608589923547e-01
-4.310114376701860706e-01
6.623190432352464851e-01
8.917102267709831054e-01
-1.470180361554187555e-02
8.203909819963001171e-01
-7.164229602452276691e-01
9.895896900302294519e-01
-4.115843837849300080e-01
9.980172167141472261e-01
-5.473335000129175149e-02
-7.969116622061304112e-01
8.351250317291433745e-02
8.975498082153502422e-01
-3.906008172441546855e-01
-7.357184350838463782e-01
2.943646429800876874e-01
-9.956699000184594528e-01
-3.527960998988796115e-01
-9.244066921530202929e-01
-8.722578128882554349e-01
-6.701457533814881851e-01
9.577213510657972551e-01
3.287148552174596339e-01
3.964930187098594794e-01
-8.362117995137441362e-01
4.488867626290866109e-01
-2.549674399838663397e-01
-3.656852440223303247e-01
7.906528629214701898e-01
3.304568090392462909e-01
1.707511927966249010e-01
-9.626178795383438791e-01
-5.465226685805946172e-01
-9.475896239663376130e-01
9.804855950503355011e-01
4.197618304092950448e-01
7.053475088610630106e-01
-7.528159662108885319e-01
9.627895671706073744e-01
9.769602222289160975e-01
-7.066403936957478538e-02
-8.914838754871439175e-01
-8.699074843511026556e-01
9.992887679778068577e-01
-8.938864444365569872e-02
5.869910479626855998e-02
9.981941299730033856e-01
-1.779849250216445911e-01
-5.963807749995161389e-01
-9.170485017700513719e-01
8.279396582585764330e-02
2.019229949212186515e-01
5.978507894000477663e-01
5.094068742219028945e-01
-9.893226078777496157e-01
9.725756399479293934e-01
9.254440076931087500e-01
-6.197159991113643240e-01
9.983228937217153431e-01
8.142428955684156699e-01
-4.533871080295522882e-01
-7.812404256643991074e-01
-3.329726807377798581e-01
8.871158407750552310e-01
-2.021227349224066494e-01
-9.872893947727076069e-01
-6.587137553430726378e-01
-9.690793836869528999e-01
-6.592176699754003222e-01
1.419864514916667486e-01
1.701390607396122134e-01
7.133360392371463909e-01
1.464705869196941124e-01
1.695386511231200544e-01
-8.071081646301470069e-01
1.130844404813633949e-02
9.558665005942944548e-01
4.938212562409489692e-01
-6.426515134133677920e-01
-2.973489846841083084e-01
9.848513474082849495e-01
-9.862898361442228312e-01
-6.189791323490848596e-01
2.406412471621970084e-02
-6.856024658444113962e-02
9.800707345652980296e-01
7.618888085455068904e-01
-7.548389684557464951e-01
9.070024774557091662e-01
9.622975269567007883e-01
-1.915824233654345454e-01
-9.913781104193504223e-01
4.425489754875069348e-01
-8.243349390829138867e-01
-9.153295393321061457e-01
-1.385734825144818716e-01
-8.322636067659161530e-01
7.813805731249128250e-01
-2.222149556651698554e-01
9.773197026779303354e-01
8.449911377382148814e-01
-9.998792731688390667e-01
-9.992522244786801178e-01
-3.392295028650595956e-01
1.959399235936616634e-01
-1.821689804978896821e-01
-9.860879558229904696e-01
1.485381927865134788e-01
9.982148529805249249e-01
-9.866950042724683678e-01
-7.916819827286658562e-01
9.152656438463261379e-01
-9.198218811779852455e-01
-6.913530172629864801e-01
3.940247157130273847e-01
-9.474794705340124912e-01
-8.915990417719898975e-01
8.510981381773995436e-01
-8.436372774488670734e-01
8.509539931382219258e-02
-9.680193335106868080e-01
-9.962449097199376213e-01
3.674077965872835083e-01
3.411780488483129314e-01
3.649830827155230439e-01
7.204557327444878201e-01
8.884093518973241732e-01
-5.166819694547324371e-01
-7.275374917228791816e-01
3.477939907569230216e-01
-9.301512673559952926e-01
9.654926030932660108e-01
7.550788505196378564e-01
-9.024219104556782112e-01
3.916868203983430718e-01
-9.954894160873748454e-01
-3.245458947734352062e-01
-9.995777613375701476e-01
-1.121314968630849201e-01
5.950154204250033274e-01
1.210699907519017932e-01
-5.542419144579676660e-01
9.934943215296904162e-01
-9.893069643077917474e-01
9.901239641885596354e-01
8.827154994624327733e-01
-2.352838921635817260e-01
-7.623238907834515299e-01
-5.400117844997782690e-01
7.792192105168295191e-01
2.832179833207069675e-01
-9.939007254096372534e-01
9.828068348187151138e-01
7.430381475384968404e-01
1.001740521791033983e-01
-5.973170472811210885e-02
-8.878050837326055822e-01
-6.407378900545168676e-01
-9.696524799393320126e-01
-3.625514691606052109e-01
-9.986214947267888498e-01
9.237572349327518584e-01
7.663798786796557350e-01
-5.245802571340950349e-02
7.894520489811870378e-01
-9.150995133664383552e-01
-9.196226321239796553e-01
-2.328906637605273056e-01
-5.427851674438692875e-01
-9.305913313554257105e-01
6.688707097092569942e-01
-5.629346436312656632e-01
-7.666743817291298280e-01
-8.319540294535827663e-01
-9.556358337375545631e-01
-6.697401415563940530e-01
-1.964701589356069311e-01
-9.066334027874357604e-01
-2.010407569407275385e-01
-1.535098225675509964e-01
9.084314574209579884e-01
-8.620757127487932436e-01
-8.233817622871978381e-01
5.171655439912010710e-01
3.799031377441164925e-01
-7.541574268778644674e-01
-4.068106913292233173e-01
9.726894600654698575e-01
6.229840770158344698e-01
8.606786906779348989e-01
6.725722985054415348e-01
6.316575403875065442e-01
4.809050375606001571e-01
-6.241374642185412158e-01
-8.567260664166129192e-02
-7.342535129076033229e-01
9.833755488773820996e-01
3.020880465048489949e-01
9.796868698742394743e-01
1.132041908353644682e-01
-5.918835647957194634e-01
-5.485038091901643931e-01
8.956161672384538308e-01
-9.973689747418571505e-01
5.597046731979526957e-01
-6.051421420185579825e-01
9.942882789901713592e-01
-8.743030326256060469e-01
9.941596600839741615e-01
8.864459260343278135e-01
2.154082076842999682e-01
-8.187026715442832225e-01
3.395465713681998232e-01
4.905254138286936905e-01
1.417393755489037288e-01
3.039088643240759890e-01
-9.820943549891123503e-01
6.007536055698090016e-02
-9.740485198376381826e-01
-7.997176484271697472e-01
3.339289898250988875e-01
-9.988435611108993362e-01
7.542402092823289328e-01
-6.522088220193655861e-01
9.932737672203938439e-01
9.833006692426988771e-01
9.801534939600644591e-01
9.925746455737336493e-01
-9.837663345518763425e-01
-9.827158747713207188e-01
-5.662943622054892323e-01
1.309410361989038207e-01
-1.665879262338647859e-01
-1.233865839581769000e-02
5.582390143953782635e-01
9.822308666751735640e-01
-4.922079376962699288e-02
9.791507673220672947e-01
9.949996342207951816e-01
-6.011882619458726040e-01
-5.704823878493102685e-01
-1.597048981195449413e-01
8.550222640235548566e-01
-4.210191533460129198e-01
-5.508903492369717769e-01
8.493269743691064244e-01
-1.098483500542716679e-01
8.403047276210903194e-01
-8.440337010739572543e-01
5.133410439027656924e-01
-3.366681552610292227e-01
-7.565633735438848095e-01
1.876903881107970240e-01
6.881853813516991547e-01
-6.056706074853184241e-01
-9.881569298225292286e-01
-7.814233013196968114e-03
9.648538168098227397e-01
7.356432902383517325e-01
8.623120635434983194e-01
-7.605877136480613254e-01
6.643466686899935914e-01
9.777817474958554467e-01
8.263235731839748688e-01
7.664493157351267572e-01
8.696395957836708934e-01
5.893374200416837683e-01
6.259283458083597651e-01
-7.625263475840633465e-01
3.061633115398759708e-01
8.656582923751319214e-01
2.009248147324207423e-01
-5.814770971085887474e-01
6.930252162565750940e-01
-2.915447200411235285e-01
9.497286509522503417e-01
-7.804913798736823338e-01
2.829817320339831910e-01
-7.918265207170910314e-01
-9.399069703615809956e-01
-9.963829780812728520e-01
-9.684964066475628686e-01
7.787860851309166277e-01
8.353384884691499312e-01
-6.121237257123617326e-01
9.823651918320650545e-01
-8.149722002886788941e-01
9.999823187694979465e-01
9.686330695816448566e-01
-3.381873024377826109e-01
2.131982315191736366e-01
1.976652864122232511e-01
-6.887165508745732856e-01
-1.896742602401675915e-01
-9.899129716282104585e-01
5.171903788293611415e-01
4.441375784181333941e-01
-9.239853980819293655e-01
6.875297116252129248e-01
2.836545121210543030e-01
-8.079442342840983393e-01
9.729518380332033978e-01
9.070537739701834967e-01
8.967643687989975687e-01
-9.993463105983620975e-01
-1.835216506227153044e-01
5.305351857708430208e-01
2.534715183756118262e-01
-7.364526311279245840e-02
-4.287830956816662820e-01
-8.067666007521113736e-01
-8.437242829473332040e-02
6.622683634267348962e-01
5.372521026660441457e-02
8.242837120979049637e-01
6.639792699663498166e-01
-9.973145207135594159e-01
-9.929627455044330864e-01
-7.509494174974400416e-01
-2.591032900504550707e-01
-8.575614740730697072e-02
3.771432761605700845e-01
1.534599261253356273e-01
-9.986599702452900740e-01
9.954987566542446986e-01
-6.649470382965722015e-01
8.316707544888659598e-01
6.821556570552413934e-01
-5.010323022935522230e-01
-8.428241514561146674e-01
-9.888208059295925390e-01
8.648664838826262136e-01
2.873997160450504906e-01
-2.948348192250296873e-01
-6.638571322686761533e-01
5.944667841957649301e-01
-9.922044373828776687e-01
-9.106098910386416501e-01
2.856892318012118070e-01
-3.412021182272029218e-02
-8.470288996091908107e-01
9.640141288134921327e-01
-6.406056235007627775e-01
-1.953939347401847382e-01
-6.935317949902025658e-01
9.985389781455977776e-01
7.264929086617674669e-02
-9.476025714501182806e-01
-9.161805622016153672e-01
-7.019805557573500776e-01
-4.323708842365416027e-02
-6.931295964332311321e-01
3.249186953628410007e-02
-9.414683138098500770e-01
1.539748753917269120e-01
9.896660856506818149e-01
6.493367771913546305e-01
-8.810508147022403369e-01
-9.999670810263993070e-01
-3.856587209310284314e-01
4.456621137300120217e-01
-9.053605087158849152e-01
2.262558626312083654e-01
4.761341700111457742e-01
-4.391433281895768537e-01
5.838111680756263855e-01
5.069827603419141404e-01
-9.906493925685777580e-01
7.114570695499039532e-01
-9.026006647249085191e-01
9.466841609203900942e-01
3.817253383326870732e-03
-7.923687904518816882e-01
5.350124195019880791e-01
8.298864208140610543e-01
7.598371016872771389e-01
9.605892733576455456e-01
-4.850357310941493250e-01
-8.935020391790092775e-01
9.189746813070553966e-01
9.726618175180190562e-01
9.854425198185065571e-03
-5.626701962860127804e-01
-5.160504926356144217e-01
2.861185026451461000e-01
-4.078527332604013345e-01
-7.797139766971626917e-01
6.161556020938246947e-01
-2.543421413509748819e-01
5.793566292779549487e-01
-4.879856368477527573e-01
-9.564385878739333213e-01
-8.152383314845268458e-01
4.058734270941557476e-01
1.307648665605719851e-01
9.997888637789822397e-01
-4.482650162236374580e-01
6.986526553295531183e-01
1.477389194680907847e-01
-3.496332557860524354e-02
-8.878483196933495414e-01
9.495747979225032109e-01
-7.709350248207100798e-01
9.633982020544437086e-01
-9.918009813370375349e-01
-8.364654981727821514e-01
-3.016105075443945016e-01
-4.247876255195740525e-01
9.875081181074096826e-01
4.181913666508552119e-01
6.463660878911184904e-01
-5.001841070158870028e-01
9.293150815102669826e-01
-8.101989898160311121e-01
-9.938433002499259539e-01
-9.945180786740839274e-01
-6.940612229252205445e-01
-2.480326574122623529e-01
-4.413017861988856039e-01
-9.922200831009216904e-01
-1.038937749206441247e-01
5.499327410446704922e-01
-9.007141868307322330e-01
6.937917642841603394e-01
-9.299135449246014318e-01
-8.139689643293627208e-01
-9.729499154397692751e-01
-8.462224316443065497e-01
8.922918699039761314e-01
-9.993894488020867994e-01
9.954243263246096429e-01
9.944425282276230238e-01
-5.627078805833012343e-01
1.625545347055654954e-01
-3.168397651873096077e-01
3.633119266394533864e-01
-7.397335788784475952e-01
8.041216062871777703e-01
2.585205612317892365e-01
-8.918155735975985543e-01
-4.234439028047286002e-01
-2.729361484612196076e-01
-7.875701214173529419e-01
-6.297198541255604187e-01
-9.990176029639985522e-01
7.216593118611162039e-01
5.500163356562609573e-01
-6.079420928971587118e-02
-2.969933849568857642e-01
9.046160617111024260e-01
-8.342733454347516231e-01
9.825445929286884539e-01
-9.042997454264650736e-01
-9.554064054214490564e-01
9.873586888083527580e-01
8.979754151234536907e-01
9.978176155952159787e-01
-9.008102183554407283e-01
8.975560725299324139e-01
-7.460878088814638653e-01
9.975440408408167148e-01
9.662763259066736721e-01
5.660157433294390472e-01
-3.684740217218645530e-01
6.402069653184886411e-01
-7.860233594978868199e-01
8.334608494358893838e-01
7.183759774403152276e-01
3.467402426904211965e-01
-2.453883236226112041e-01
3.109198891007669552e-01
-9.873929130990430902e-01
2.711785057644807151e-01
-7.988976489259697056e-02
6.068025549721253187e-01
9.917690536529332190e-01
1.463244677198632937e-01
-4.254102261958632170e-01
2.434353974449889602e-01
7.102000896932425533e-01
-4.854073307298022444e-01
1.823779135013090247e-01
9.023547010511695499e-01
9.891980125851206340e-01
2.627082736084522252e-01
-2.451010745508771793e-01
-9.431486833228567290e-01
-7.889280351050342865e-01
2.096806931849926614e-01
7.939519163166481874e-01
-6.311152992988984245e-01
9.400991831735125981e-01
8.330109766095201707e-01
-5.345964460617083636e-02
8.010622382573946432e-01
-9.437636601806206338e-01
4.866833180733996511e-01
-9.889020065967076834e-01
-8.561248120735147349e-02
2.541412081741840634e-01
-9.073756353875086500e-01
9.039041783271954955e-01
9.972710278433870590e-01
6.215827894434203943e-02
6.557421082238249488e-01
-5.965165379806417478e-01
-9.850372114166000559e-01
5.244079687880371932e-01
8.382474944643422132e-01
2.327087239953610498e-01
-5.622005575883297634e-01
6.100390414148303408e-01
-9.768218804620790729e-01
9.775053541966718385e-01
-1.528449248198656962e-01
-9.848564332690044054e-01
5.425785316342338627e-01
-6.021057639616854695e-01
3.006170007990008330e-01
-9.432302656158882970e-01
-8.703411007455253978e-01
-7.487749535322731909e-01
-9.827499162039058378e-01
-3.993102895983671186e-01
-9.848575968108476131e-01
-9.569588245456962794e-02
-5.673797307281101127e-02
-5.767060821954927974e-01
3.204882645489368076e-01
4.141173716803390192e-01
9.695226226424593641e-01
-6.253939107498565075e-01
-6.965457642155691298e-01
7.162867337367382348e-01
9.996663366311450138e-01
2.495463502808870082e-01
8.642612172395631731e-01
7.474085592899075703e-01
6.138714412425995137e-01
-9.985417637680015224e-01
1.568620205888865138e-01
1.259728764294651415e-01
7.469327084458665666e-01
2.478586934568476619e-01
-2.570153853265715327e-01
-7.771099887670303019e-01
9.363969993138795411e-01
-9.192323090378787809e-01
3.710151334813232560e-01
-6.911513460454390412e-01
-6.331583551579770264e-01
-7.577309538175035497e-01
8.023107970323014593e-01
2.502697120865214897e-01
9.382205153754805682e-01
-6.024712064265985711e-01
9.992099332215539365e-01
-5.465951135017678153e-01
-7.815939492157970570e-01
-9.390449789430225236e-01
3.954471366310360891e-01
-7.091704295622862642e-01
6.050353193531090579e-01
-9.138767406837189355e-01
-1.392363880144948385e-01
8.907940688655011652e-01
9.804798958497173977e-01
8.857377083960366049e-01
5.962292057633711284e-01
7.461910814452790142e-01
2.046681903631388244e-01
-6.767184523035364441e-01
-8.107668179433289435e-01
6.972971901080232682e-01
-8.784867941847122053e-01
6.897418995899934346e-01
-4.887408804820388419e-01
5.845640495608178666e-01
-3.561927114053599075e-01
9.997716263242969470e-01
2.554381263932367641e-01
8.914458043599968740e-01
2.880633476495523260e-01
9.892628371776105434e-01
4.867936311384380987e-01
-4.981837488914524492e-01
-9.978501434915793000e-01
9.967299291558990859e-01
1.368403994641405053e-01
-5.898618957502745896e-01
-8.040882112166192197e-01
-3.199053953194946343e-01
-7.365734262614239691e-01
-9.801482902637167482e-01
9.928810554388970422e-01
-7.026014254028624118e-01
5.989902013871069020e-01
-9.687231843071929527e-01
-9.981869791541035930e-01
8.080703768396900744e-01
8.505138125340967470e-01
9.640782696045372413e-01
6.395109363319620432e-02
7.820828876366578974e-01
-2.167090327272662154e-01
9.998824925576196287e-01
6.883677613142629159e-01
-3.910720071912265339e-01
-3.861322199230114438e-01
8.076305149968959762e-01
-8.679814052791676171e-02
-4.912233694721792610e-01
9.874797003680926277e-01
2.513523439858402209e-01
7.452831067978189505e-01
8.605725255861794709e-01
-2.730639407177505862e-01
-8.549614771363279742e-01
-1.958843902077938570e-01
-9.234930908836003205e-01
8.112099867842760270e-01
7.728213012781168789e-01
5.387180649110142466e-02
9.843018376496819322e-01
-7.551971006981225143e-01
-9.995176949964796886e-01
8.395622728235121665e-03
6.960277790146985888e-01
5.575381167439305008e-01
6.987964308571364969e-01
9.003040336152242640e-01
9.335341663191284445e-01
9.341935887129843019e-01
8.772176674536623642e-01
-9.677509325408258922e-01
-2.732517249167801809e-01
-8.862424091809758542e-01
2.211494512669250900e-01
-3.912406263547994062e-02
-5.809905561942384500e-01
-6.618586993376361916e-01
8.338912598225636241e-01
-6.354429627400622893e-01
9.574161105374622005e-02
6.336334251554434083e-01
5.734678862300980340e-01
-9.979049108127043821e-01
5.765798768944236929e-01
9.584226188014157710e-01
-9.713009644485719463e-01
1.611534618352903903e-01
-7.764969415417231902e-02
-5.956122571156644563e-01
8.802065584121074870e-01
9.989166567126002150e-01
1.404591059557228627e-01
9.397119341922547386e-01
9.642505689369076372e-01
-8.336987076090855986e-01
4.637792609665170041e-01
-9.999868398947605597e-01
-8.328880725252815198e-01
6.923803517914828287e-01
-7.469022951848136582e-01
-9.756986671927175836e-01
9.253285545349618779e-01
4.619636066517328610e-01
9.467223997631286636e-01
-7.964815845058568211e-01
1.461589322801795481e-02
8.397238317600321800e-01
-7.754132047724954235e-01
2.610626256527799338e-01
7.303947384380499175e-01
-9.391834814872669357e-01
-5.599293948220581685e-01
8.155072992061870307e-01
-6.389273750244466310e-01
-4.282549517784791093e-01
7.751727880725103326e-01
-9.790714439839116601e-01
9.586218292157623333e-01
7.464357500991063432e-01
-1.816606852645622633e-03
-7.243554953490468629e-01
7.957458084008411925e-01
5.608446490687870600e-01
5.986964076938472434e-01
1.498689141024602267e-01
3.220280389802489540e-01
9.832015726775626963e-01
-4.952088824293179870e-01
9.698079329700116658e-01
1.103206617455921579e-01
-7.822098217773229001e-01
-9.989888357546573561e-01
1.967156400205677946e-01
9.123310552345847979e-01
-5.464089677644330401e-01
-5.633803011589926246e-01
2.345967614991144399e-03
1.656824666794521062e-01
9.189726352471681015e-01
3.258557023007701559e-01
4.467590429459388224e-01
-1.330794762364702899e-01
-9.862933978177347294e-01
-8.983882738133377455e-01
7.505199609881306744e-01
9.149296718566974906e-01
-7.397608996625807398e-01
8.776419755191708916e-01
6.525095283454718231e-01
7.907913545340685690e-01
-9.135062853943429761e-01
8.877998247384687458e-01
-9.760843441120220509e-01
-5.231526015396832374e-01
-9.908989336696596428e-01
-6.580940920677826045e-02
9.030190719619480832e-01
6.539485404958521597e-01
-3.047349477314447164e-01
-2.410644892170404618e-01
1.374818354804035747e-01
-6.719950369202501994e-01
5.921384657460483369e-01
8.338455131509426854e-01
9.962016948086885870e-01
-8.486808004604320388e-01
-4.603971508434090421e-01
5.996231614008935562e-01
-9.994952952504659871e-01
-9.971408106477469557e-01
-1.328060771433743903e-01
9.997005609016400562e-01
-7.844903693729585736e-01
9.920659123792183731e-01
9.943992112874324718e-01
6.378767046114522943e-01
1.953540365439759841e-01
6.849946564770673652e-01
9.751751192363001808e-01
8.764152915854157566e-01
6.705013082217335940e-01
-9.996353597880295316e-01
5.322861370555354021e-01
-5.576664982213502819e-01
-5.423320918719681805e-01
9.332140149224067427e-01
9.831838118509215185e-01
3.656229993111426713e-01
-6.780945108521597708e-01
8.636630157784240813e-01
4.943679920817314333e-01
-4.617202423715430215e-02
-2.340598470408695730e-01
9.142559438007804573e-01
-4.636156793727225223e-01
-7.023173718536473986e-01
2.302866854275675279e-01
9.894733134302909905e-01
-9.963704318107459157e-01
-9.394654500009249620e-01
9.670425914551704638e-01
3.700100755443564982e-01
-3.866633638269885154e-01
-2.212748390662100662e-01
5.006564876607387804e-01
-3.769770420542176148e-01
-9.573075251594325152e-01
9.917061889971261479e-01
3.203509235661867738e-01
9.954743336594957803e-01
-6.832591933780346460e-01
-9.818883387687628028e-01
-3.674603423376833766e-01
-4.009808604346659644e-01
9.023200378496357699e-01
1.987789782696098295e-01
-9.709397408585783706e-01
8.014717606444157205e-01
2.296779802666357867e-02
-7.392877881375333748e-01
5.280983993225376594e-01
9.911988316653742581e-01
-6.095977354251004288e-01
-9.931526932294786336e-01
-4.716944995183546263e-01
-7.715526707199968914e-01
-9.190434744848686721e-01
8.696015610560232645e-01
9.957568800387662789e-01
-9.292479433735504335e-01
-5.879893330437245824e-01
-8.304951296391784865e-01
8.744841161242385974e-01
-9.809901826289677551e-01
-9.828049225151385127e-01
-9.391092664602024298e-01
-6.541311418369565311e-01
9.981365558863072307e-01
-6.449898686733626096e-01
-6.875258441294369582e-01
8.023683228307917359e-01
6.506193430565337943e-01
-9.575581942339240760e-01
-2.175842745129609734e-01
-2.570456757096998279e-01
-9.910658957883248243e-01
-8.257943483643676030e-01
-1.725531026225390618e-01
3.813549399047647115e-01
9.747744578069494903e-01
8.759048596584776414e-01
7.733464094727573457e-01
-7.162230379613035991e-01
9.966819885865403350e-01
5.553840646984444795e-01
-1.272969357262331569e-01
3.187717670723612118e-01
-4.592949145214217932e-01
-8.685608468801865323e-01
-9.646998737769434396e-01
7.121485402959876199e-01
6.553411949663285885e-01
-8.654860450174869380e-01
-9.939142746110138926e-01
-2.893906986341448495e-01
-9.916078843800204545e-01
-8.759469451499639625e-01
-5.473568623414217793e-01
-9.973280655066973921e-01
-2.867160420013936672e-02
-9.125122924050607098e-01
-9.853433075486511816e-01
-5.363361659488649624e-02
9.991314847190373438e-01
9.970228483081892135e-01
-9.992901029667052848e-01
9.836567976343301156e-01
1.588798899542753426e-03
-9.620131256173236611e-01
1.210786873256637641e-01
9.924104694647265523e-01
-5.004674754817131088e-01
-9.955835052360159088e-01
5.488177444481398548e-02
-9.335769335929333668e-01
6.471724057137425712e-01
-3.678065868129780647e-01
3.436181009979635825e-01
8.040743419721605445e-01
9.871989009933720416e-01
7.733515748856667482e-02
8.088459985169814681e-01
7.816224062508713155e-01
7.542386667732431382e-01
-6.795298807473849623e-01
-7.577475006207108343e-01
-9.545996957338247491e-01
9.292825596883441674e-01
2.376837043300371322e-01
8.813141666057190404e-01
-8.756238204756960908e-01
7.114844359194663070e-01
-9.907975592737332526e-01
3.193793147302845248e-01
-8.948570035061319539e-01
-9.654238294802317544e-01
-6.772017715786974312e-01
-8.398888658845219402e-01
-1.629052113467011897e-01
4.147513691246271783e-01
5.106232913153797570e-01
-4.290314421437519399e-01
9.321075058239253197e-01
8.562273828449676882e-01
-1.236579457781456816e-02
-6.027039986040919617e-01
-4.216359859191151083e-01
-8.029960643226916606e-01
-6.961521399172271307e-01
9.613700941594991445e-01
3.916380700291096084e-01
-3.500303898545975567e-01
-4.951000475335819995e-01
-5.414407291310577852e-01
2.572053293224251802e-01
5.709497703641835953e-01
-7.765056456715827560e-01
-9.999754668413185499e-01
-2.862271990641901964e-01
-9.998476736389770858e-01
6.926765752346987215e-01
-7.627561568728425945e-01
-9.786524659152276984e-01
5.752173804534679302e-01
-5.970767435183311767e-01
4.930893199188245979e-01
9.940153219602596568e-01
-2.906596864535907626e-02
9.987563964442632836e-01
-9.834024295945058558e-01
2.676543771831071949e-01
7.901943322351590027e-01
9.143898296406987036e-01
-1.088121445703083695e-01
-2.887048452764339745e-01
9.833179406623561158e-01
9.137456536309997990e-01
4.511566973640144390e-02
-9.273687547958995303e-01
-8.503678967044858705e-01
4.031131780210674975e-01
9.942002278359524103e-01
-9.135621838086496194e-01
2.785043095247318745e-01
-5.406448182596645946e-01
-1.518437594270410640e-01
9.944937941481754029e-01
-3.094724946662968379e-01
6.031677466300376933e-01
9.820718410780358010e-01
-9.344121625516751406e-01
6.802422817935195321e-01
-9.822406032266873810e-01
-2.050270817425494940e-01
9.856512183995403964e-01
9.568735607509076813e-01
3.716072388215046485e-01
9.403953118429783098e-01
-8.838894400249444061e-01
-8.006594405506469725e-01
6.802190320176740856e-01
-9.819867478195766219e-01
-7.494094790742107381e-01
3.230876495898166861e-02
5.862961958157749676e-01
-8.319600486749259005e-01
6.323935227832677697e-01
-4.909063073484280504e-01
-5.883238760056489491e-01
-8.392343866271950725e-01
1.621659018091868298e-01
4.606567622664629602e-01
9.150725871341497397e-01
-6.965481642837820786e-01
-7.642679739370672465e-01
4.585979763304352114e-02
-9.703201267566627930e-01
-9.772933591465169378e-01
-7.147223825593731483e-01
5.731986591642016515e-01
-8.725994485110654120e-01
5.417495972650935299e-01
-9.995983069719139857e-01
-9.669608784635401744e-01
-3.975261633264136618e-01
-5.907723813924219414e-01
-9.477714486168983266e-01
-9.762349677120207847e-01
3.880432082022128859e-01
-3.939281911774986100e-01
-9.846830655850861147e-01
-8.120848657805398441e-01
1.927823896907458479e-01
1.885351242420270079e-01
6.724586104717341639e-01
9.974556226325749231e-01
-1.638952262270145996e-02
1.410160421332906644e-01
-8.591615242382661943e-01
-6.722781060419125154e-02
-9.779206084560427836e-01
9.421902866788984809e-01
-9.677428413476820701e-01
-9.528446601958314721e-01
6.086383991808526073e-01
-9.932188488708824092e-01
-3.246756027753772700e-01
5.009225977640233696e-01
-5.672155611578758583e-01
9.396822547615423238e-01
-9.927115644078354784e-01
-9.449049511137344037e-01
3.298625899572480979e-01
-5.012499707932212001e-01
2.842058430177415440e-01
-1.419145105965836928e-01
-5.605611987341061475e-01
-1.820199491825492399e-01
7.949498830659257331e-01
9.528424915462351263e-01
9.641540232868859306e-01
7.975290651628330618e-01
-2.621915723582467495e-01
-8.285259722510323055e-01
-8.941098552778221631e-01
-9.057025915768011082e-01
9.980026945390669812e-01
7.965326540471352468e-01
-1.315836819492053611e-01
4.571044877237630533e-01
-9.472140986471587754e-01
-7.891845034278632820e-01
-6.016687972511798321e-01
2.709420003361960316e-01
-5.511449714390301846e-01
-8.830599377601359157e-01
8.630295903328963902e-01
4.370846108757813764e-01
9.988410257710887974e-01
1.452513196451330757e-01
7.406960531978129536e-01
9.325859120333686025e-01
9.599542426695930608e-01
9.994992211054829490e-01
7.825542175117042865e-01
4.406094963821642341e-01
9.574714280673063405e-01
3.822902426840358858e-01
9.654369227991971281e-01
-8.122420886090454539e-01
1.229343335385627844e-01
8.715780312780926353e-01
-7.327979717247663505e-01
3.788274852958877226e-01
8.986376390815763449e-01
-3.959301041511124608e-01
6.548191260597587826e-01
-9.288436173020042652e-01
6.660153982336779466e-01
-1.802091697718027352e-01
8.868665436645382094e-01
-6.462242052889233257e-01
9.997346122805825797e-01
-3.061521828590202388e-01
-8.479939180699476164e-01
-3.472058798601687646e-01
8.390004867708727998e-02
4.749581499560143194e-02
-9.998934871900972965e-01
1.509280490436935018e-01
-8.448780217245215329e-01
-9.898695091159278592e-01
5.123274694592756529e-01
-5.893418742313945025e-01
1.084590914768775449e-01
6.884079303313785925e-01
4.079209095511761585e-01
1.461050182247793650e-01
4.967567000677818312e-01
8.342981195317954457e-01
9.865836939886604151e-01
9.765929662512731202e-01
8.524199028141250523e-01
-1.190518143253557065e-01
9.941218637227816624e-01
9.997977219637784740e-01
3.641476667726913918e-01
9.447046233211995325e-01
-3.433244303931180519e-01
1.684918029219727720e-01
-8.785665156870990922e-01
-9.997201093799112925e-01
-6.334959768752073117e-01
-9.987073172858131898e-01
9.999269429907919893e-01
-8.876377259224510485e-02
9.523080791755791363e-01
4.675819710506118887e-01
1.960098655227910935e-01
5.299664743356273799e-01
6.761046828955184773e-02
-5.589054319722466246e-01
9.553280197296468712e-01
-9.758669525181863369e-01
7.446865462534074664e-01
-9.867069166098534350e-01
2.534796398053204003e-01
-7.325690112526959119e-01
5.228271580339121094e-01
-7.143474904557616245e-01
-1.052493025025058870e-01
4.122913187692681669e-01
-9.978477004779254811e-01
-2.566309409610588177e-01
-6.341515921063821670e-01
9.568566167062010352e-01
9.721613194412159764e-01
9.719593931815347920e-01
-3.885009332716688468e-01
4.117249816455462175e-01
4.273589439407261825e-02
9.520329099526932959e-01
2.707009733764531578e-01
9.314269108911852335e-01
-8.193219510695900487e-01
-8.823035958505268672e-01
-5.714579799784444969e-01
3.832540261313802654e-01
6.474784260078009224e-01
-4.101089940507516296e-01
-9.912507316551510961e-01
9.003541330608390014e-01
-9.743537812304219337e-01
-9.850220162291137838e-01
-6.854502821508275945e-01
2.631048072625390977e-01
8.725644928195439576e-01
-9.021003427622132920e-01
-8.697400092139134786e-01
-5.194045477766789931e-01
4.430191522950766569e-01
4.730475752689979330e-01
9.520292898833556672e-01
1.812471708812848636e-01
-3.549326591565856170e-01
-2.585791186258710184e-01
4.836635998571617301e-01
-9.120209779928991622e-01
-9.988569489678960078e-01
-9.767218441777718585e-01
-9.910967135347117374e-01
-2.484665541766714891e-01
-4.033648776930719437e-01
-4.589828676282147191e-01
-9.868043730517407353e-01
9.675196716352258974e-01
6.863774094545637139e-01
8.329870830357388733e-01
-9.464331428312708905e-01
-8.724805201571842472e-01
-8.438566134947600439e-01
-2.972045426255270351e-01
-2.964690041511616192e-01
-8.502847329748368654e-01
-8.849881788714031305e-01
2.385346213434358931e-01
-8.343160200823760420e-01
-5.476459206208575958e-01
9.900444991397239214e-01
9.453937468609685535e-01
1.316121157106991679e-01
-3.303390850935242762e-01
7.432191501128105893e-01
4.440450423193396667e-01
-9.904579154405123154e-01
-1.253686283887789632e-01
-7.867611446086697491e-02
8.337475525779717289e-01
-8.083153374762788723e-02
6.001805613470621026e-01
-9.504695993533834875e-01
3.360565135688499128e-01
-6.770878951489286424e-01
6.372839780845955815e-01
-9.405627294343512634e-01
9.985533438216431801e-01
3.268199473972578373e-01
2.392202370426460556e-01
-7.389000779102623540e-01
-9.974433416723884616e-01
-8.195113814981237477e-01
6.017676293386802211e-01
-2.824858743437926867e-01
-9.367612267097368273e-01
-8.835194893513540482e-01
7.557552731412986967e-03
-7.880790470528578062e-01
5.737664644126332369e-01
1.535909873697526365e-02
-2.398874694912155325e-01
8.818368590997237577e-01
9.718225596334971739e-01
-8.690579454989822983e-01
1.432227197522971396e-01
-6.232392690699142257e-01
-9.991263287427012418e-01
-7.716117302407873302e-01
-1.795545622567905064e-01
-4.649697635438762022e-01
-3.507738794504664526e-01
-2.550312233086974856e-01
6.142854952749224884e-01
9.460637254156909481e-01
5.634958802141444290e-01
-8.456175120097989550e-01
9.620035298687334979e-01
6.864274397141300055e-01
9.969728588504936928e-01
-9.729423052865204813e-01
-9.836686992450368594e-01
6.551654408518982065e-01
6.532953301564009552e-01
-8.935325757475647279e-01
2.596503270069554503e-01
9.573633778351313683e-01
8.681322474565342784e-01
-6.812469997406107591e-01
9.982789960986543365e-01
-9.837296020266439456e-01
-4.313533944561768196e-01
-1.172122592538820708e-02
-5.011957979443762978e-01
-7.456343564629064335e-01
-5.990764010929788136e-02
1.705281174632706023e-02
-4.292645867167723672e-01
-1.102750793530612311e-01
9.033359046785578439e-01
9.471903775109166146e-01
-7.339962070248026160e-01
-8.322710746618382505e-01
-4.292274681123605107e-01
5.929742829579864871e-01
9.941849390390845587e-01
5.727034923256355547e-01
-8.498666915202720551e-01
-9.887566915799494982e-01
9.863996510441644938e-01
-9.754771994868767226e-01
-1.324700355554618569e-01
-8.822215091529209685e-01
-8.236273761935989368e-01
-5.997151491720015271e-01
3.024714044364496535e-01
-3.173526884618611821e-02
1.556333130471723170e-01
1.372358452549709562e-01
8.946625845026751067e-01
9.548011463139285393e-01
-9.837737649078399649e-01
-4.206028568409289070e-01
-6.684880419085097447e-01
4.493040862776416233e-01
6.446615551094372343e-01
6.091308694307652205e-01
9.502482239015654919e-01
-5.539822505370854341e-03
-9.825737902586201278e-01
-6.253668760706779794e-01
-2.443494519977454371e-01
4.412393882633489084e-01
-9.765285559575332952e-01
6.218441640223661970e-01
9.964012221422953175e-01
8.853372370236594069e-01
-9.276691125251536052e-01
4.075609379232132956e-01
-5.870709606548147885e-01
9.414352697291481498e-01
9.150363605391527155e-01
-9.967666909816685905e-01
-9.867560270531012812e-01
-3.056850832437252308e-01
9.829703517976390303e-01
2.497456936256073623e-01
-5.686674017541748505e-01
-9.938510732066138109e-01
7.534587795369389607e-01
-5.429107058557539611e-01
-8.087802494696980649e-01
-8.826238617625401517e-01
-5.211307206791475632e-01
5.990612002020077043e-01
8.921854582426479441e-01
7.093718403870045153e-01
2.833546533219603591e-01
-4.730531440313973657e-01
9.282429656174041588e-01
-3.961127372312753248e-01
9.011741371821248014e-01
1.196561971641496164e-01
-1.257857500357609515e-01
-7.438283198767723370e-01
9.996069709181347740e-01
-3.840988042595854246e-01
-2.653660749285730591e-01
-9.407707921064379919e-01
8.711040399479162977e-01
-3.845505892013579841e-01
8.893380138920288225e-01
9.855909999711871539e-01
-8.082020362871423780e-01
-7.654207365463362445e-01
8.080967584160164696e-01
-7.826163994040030714e-01
9.999353399917735308e-01
-3.783262766349296258e-01
4.923079772736259629e-01
-7.513348068214608100e-01
-9.855671670537937690e-01
-6.842074157571521875e-02
-9.899932553003373270e-01
9.936432677188846707e-01
-9.999990565717989943e-01
-7.196705720279278351e-01
-9.993730443266282126e-01
-5.022946219610764373e-01
5.148775269735316185e-01
-8.729418130154347200e-01
6.322186625997244791e-01
6.910497001061428612e-01
-9.580953541040024835e-01
9.546889908197361274e-01
7.357561452260844570e-01
7.571007079214113755e-01
2.051807400728345998e-01
9.989958638159649462e-01
-2.598341535812669426e-02
5.671470348309582965e-01
9.679251837172196948e-01
6.221197494069766742e-01
5.884000313282254924e-01
-9.076601397190291465e-01
-9.822348338171398296e-01
3.497776010991042184e-01
5.764969922010654280e-01
-7.991125102243745726e-01
8.298764700971026365e-01
2.562551651297682587e-01
-9.978284725646128228e-01
-8.556163301287987855e-01
-7.342083849993294997e-01
6.869008076123909179e-01
-9.999987211911959273e-01
9.340522657952384789e-01
9.317269507335514955e-01
-2.279326790735407282e-01
2.801749717354558578e-01
5.502070485662556854e-01
-4.627318825177003103e-01
-6.462559161711506350e-01
-3.412995087654303594e-01
6.630372419440890841e-01
-2.134409039060405355e-01
-7.688270009169907437e-01
9.709014759612004664e-01
-5.307116520666433912e-01
-3.238241551963332854e-01
-3.826310464327862815e-01
9.262034680624768868e-01
-7.730039027434330023e-01
1.235083275177880080e-01
-2.648258689785105147e-01
8.567395868843673545e-01
-5.852732992835838477e-01
9.382970055537365184e-01
-4.138228818623899685e-01
-6.404909017717399511e-01
1.885604918292276833e-01
-3.277237743956197269e-01
3.520769683953471341e-01
9.999928597433631605e-01
8.198015380361900473e-01
8.935131151790622894e-01
-2.044162510503763353e-01
7.774483914841828769e-01
-9.270186128254922497e-01
1.197931011496667503e-01
-9.636210750011996451e-01
-5.883859094089352038e-01
-9.559959424287320928e-01
-9.993683582433116053e-01
-8.484934025587359541e-01
-1.155390923139577031e-01
-6.368082819810441109e-01
-5.101964986702022253e-01
4.219016940874268373e-01
-8.101576025622976296e-01
-8.603872343948754109e-02
6.183671220441360195e-01
-9.886229632152727653e-01
4.152186669329442914e-01
-9.148197613525415051e-01
-6.387935244506572907e-01
-3.851790968325163322e-01
9.998584089300583955e-01
9.976344612449061788e-01
-2.227344861513769897e-02
-9.877117780106062783e-01
3.178845003131485214e-01
-8.633562223930906221e-01
8.055636617790367104e-01
-9.926694507755232655e-01
8.650254675520110403e-01
-9.431230044485706676e-01
8.002360470693005157e-01
-9.350291939138655195e-01
1.147636635962924340e-01
8.241912384259147961e-01
9.999113462728513868e-01
-9.538376492611837509e-01
-9.834449604716378746e-01
-5.002505297847949922e-02
-2.777152223163604217e-01
-3.607560290972873229e-01
-9.028591736684192792e-01
9.692801460905159372e-01
-4.410830782733625721e-01
-7.198110322924311522e-01
-3.392193258441795201e-01
4.461497828042871872e-01
6.349344141936176245e-01
-3.879518827597269737e-01
-4.347121236063914984e-01
-8.216533219504431607e-01
-9.475822627937204867e-01
9.817414599146410126e-01
-8.303760400546031928e-01
9.691337836250829563e-01
4.826563883929639309e-01
-6.256201212987398674e-02
2.496390485485090460e-01
-4.070728990729792218e-01
9.584914289309240942e-01
9.835361722764376369e-01
8.669748131327023044e-01
9.653397478565655110e-01
-9.422592975767184187e-02
7.930702739619029940e-01
-9.256513958752031757e-01
9.620727665793682437e-01
1.190795976400748496e-01
-9.687372384962721350e-01
2.173450263164625890e-02
8.187433899818364891e-01
-4.449597985162476732e-01
5.148686706892872111e-01
2.708019280788215299e-01
8.646361843557773819e-01
-4.432153132038718080e-01
6.837329046022554424e-01
-8.407745923069650518e-01
-4.642907365828526367e-01
9.405403496532577234e-02
-8.974552688865722327e-01
9.976944656192501260e-01
-8.798367148712972208e-01
-1.455463603767628324e-02
-7.274473429071872665e-01
6.778153836563917400e-02
3.963760522572212786e-01
5.385564081768485778e-01
2.735182397948948130e-01
-4.681380051300003675e-01
-2.508012072860036912e-01
5.966926596455591758e-01
-5.574380049260956316e-01
-5.097616157645825652e-01
9.687268444865428929e-01
9.987411231496248210e-01
9.948959126739282954e-01
9.744239511799580589e-01
2.582004026453777468e-01
-3.898994404097470001e-01
9.310587649726916881e-01
-7.451968011717994278e-01
7.710509245390086974e-01
9.885609416799635563e-01
6.279372923244758153e-01
-1.879108191786990345e-01
-9.283751565832364383e-01
-9.944957168605620401e-01
-4.038972780774684884e-02
-7.359586213140218991e-01
9.947056698376088857e-01
1.573110810552388328e-01
9.979244088928189704e-01
6.659585331544476405e-01
-6.285713899515534830e-01
-5.780556870326044594e-01
8.860769277871770599e-01
3.135622813886335125e-01
-3.511767418142171943e-02
2.461842131144797718e-01
5.893140706658790418e-01
-4.854883609050530957e-01
-9.973323488182289642e-01
-6.107200477851638665e-01
-5.935567671756072361e-01
-8.174774675471727647e-01
8.850616051135488105e-01
5.023234048486578951e-01
9.627852861764861769e-01
-8.650931992184334174e-01
-9.986159289962148744e-01
-9.950285983173092763e-01
9.953802014172947743e-01
-2.696438558566767729e-01
8.744786371064698915e-01
9.098982947570659618e-01
-7.480414211790039625e-01
2.062315233303869955e-01
-5.181252441296730904e-01
-9.917874184540840243e-01
9.253450814823546144e-01
9.508044099853391051e-01
9.774534183603490467e-01
8.122947402903588632e-01
8.719824452406723658e-01
4.113344627265544950e-01
-8.539969870791620510e-01
-8.660218372192919345e-01
-9.259787174947565758e-01
-6.541229042329609333e-01
-9.653616667306116339e-01
5.198611249296573034e-01
8.958997893866742501e-01
-7.509428303406234795e-01
1.477136645506195792e-02
8.203980824992426202e-01
-2.211467088291902416e-01
-4.553187623756528857e-01
8.660770387872073206e-01
-5.211167599029297159e-01
-4.841068436902019045e-01
-6.674858655143142139e-01
3.127891796105370381e-01
9.667048737178499662e-01
3.083556875075618153e-01
7.775044810378802795e-01
2.471996499124496927e-01
-9.612100456894995260e-01
-8.790557684930861981e-01
-9.339958715913079246e-01
3.547070586201675479e-01
9.961606929346068506e-01
9.571404745984927187e-01
-7.154970635352733144e-01
-4.504237800365725741e-01
-6.754864631569881817e-02
1.847251924992998062e-01
-8.868391411024098003e-01
-9.140761559294712235e-01
6.350028501518437674e-01
2.024683090885309178e-01
2.865657981460739689e-01
-4.145903884551144780e-01
4.836429113545107072e-01
6.284900745615384920e-02
6.543322526503217995e-01
-7.566678662995977023e-01
-7.238629791683435233e-01
-9.998646178930615802e-01
-9.027007845533400188e-01
-1.253458714882950409e-01
9.823157533411305264e-01
-9.422895659536045798e-01
7.658324729213575877e-01
7.232983987424052019e-01
9.090344708121139705e-01
-7.273762517988622278e-01
9.585604130053482219e-01
-6.612335239987332525e-01
-8.967299536607857835e-01
4.582453835835112455e-01
-9.888934071738303411e-01
8.199925897200356362e-01
-3.661745873425463205e-01
-1.892852707346421304e-01
9.861178959539309563e-01
-9.999782093784620463e-01
-5.204355360753055715e-01
5.435659265753046698e-01
-9.331272193853928920e-01
5.073176516974134964e-01
-7.001715244798861759e-01
-9.836789008008274271e-01
9.972716598967270585e-01
8.837250584206695070e-01
-3.491362067402555280e-01
-5.390211931752926233e-01
-9.201564519304223921e-01
7.184675841540711927e-01
7.628539999586646525e-01
-6.096765701480947319e-01
-9.739429631414856514e-01
-8.422691604022295442e-01
8.926504514865906126e-01
-4.406395112134497416e-01
3.351424119774250587e-01
-5.005671591960946243e-01
-4.996153453976447389e-01
-5.502214849974472743e-01
-6.447036250035371729e-01
9.322567139023381078e-01
-3.955466648578267463e-01
9.543506505382102212e-01
6.183159863582897708e-01
5.364418950523656138e-01
1.363498328656350955e-01
2.963889509734124461e-01
-7.120691942817494180e-01
9.746366602079842290e-01
-9.999277616508648325e-01
3.237124019622758531e-01
-5.555535756316803964e-01
-8.108855590841396177e-01
2.808944684703862937e-01
-9.663147149877131525e-01
-9.624615821016418993e-01
-8.062463574847065217e-01
7.410089257756160563e-01
6.654545874674077099e-01
-9.662791669118773186e-01
7.942502853806763241e-01
5.590861566070984834e-01
-4.696094676931570344e-01
4.324199644757067973e-01
9.662783563935698483e-01
9.277927863263957242e-01
-1.775252629393159753e-01
9.598781671700540308e-01
2.481130045027164222e-01
-7.125054370291050709e-01
-6.501162011439701738e-01
-9.557660639849591133e-01
-8.744867060831132966e-01
1.955989885750788193e-01
9.722700991969649431e-01
-2.355312576886120779e-01
4.648667576420440484e-01
-8.020862382711481109e-01
-9.810613021993579430e-01
9.257197760215880589e-01
3.262046081522034791e-01
-9.970218577203222576e-01
7.995339736196183100e-01
-7.343531954518499605e-01
-9.844682465494419832e-01
9.689513642563233331e-01
-6.670404043163031815e-01
-5.681259981422438071e-02
2.687156438286626703e-02
6.892059036240454351e-01
3.145401608832939511e-01
-5.014445507085063536e-01
-2.712903514084449297e-01
-9.353015686519102756e-01
-9.866772996177598509e-01
-9.623026921302078041e-01
-5.735815889928925770e-01
-6.796111849345880251e-02
8.644235535857196229e-02
-9.963588753110068641e-01
-9.974345129441543056e-01
1.259465866189569128e-01
-8.809921442995396479e-01
5.496249584657736387e-01
2.356371547085503448e-02
8.387959484629210483e-01
9.440953212121415694e-01
-4.025253112166930491e-01
1.216321732500211944e-01
-8.100019667469717799e-01
-3.462383115876567219e-01
-9.669781092318072702e-01
6.367531614077153179e-01
3.812845289893382339e-01
9.407416758067234097e-01
9.940627177263426928e-01
-8.252307737558585155e-01
-9.836860115791942194e-01
9.702885484422189011e-01
6.726459999007086132e-01
-5.938472438456643410e-01
9.342209173430797708e-01
8.831355830013428720e-01
9.999990886020697634e-01
9.992170109850073700e-01
-9.606901639216396394e-01
4.992661955016995945e-01
-9.575416594936413395e-01
-9.231459281338170175e-01
-7.799201160844110303e-01
9.544734241785666207e-01
9.957253137831496570e-01
9.803325748019759978e-01
9.920280967476263756e-01
-7.952361516291345245e-01
-5.384477630851446373e-01
5.399251669882616511e-01
-7.992980976351479194e-01
-5.804989457380491658e-01
-8.295905241044191358e-01
9.736566188259876409e-01
5.938870859663629709e-01
9.051770439482774711e-01
6.517387912759625701e-01
-3.625672083616078845e-01
9.932719822986472158e-01
8.964764597832907134e-01
-7.927843099547076111e-01
8.785341084492923613e-01
9.674264787277979671e-01
6.775584834748014096e-01
8.072971325136069076e-01
-9.878393102103701917e-01
2.708258475218813244e-01
-3.756714828943888973e-01
9.672183373184624067e-01
2.521562697335947845e-01
-8.746267889464721668e-01
-7.371597791236250696e-01
-4.546857334265883566e-01
-2.293359353305151616e-01
-7.042565471780655173e-01
9.553812881272075730e-01
-8.441237817613312933e-01
6.796951916323188403e-01
5.704008989441825550e-01
-9.880462683263235846e-01
8.965774978781340110e-01
-9.476187938392928167e-01
-8.601083160167671826e-01
-9.476412963065823369e-01
-5.931003931153644437e-01
4.868472230381761662e-02
-9.485506436352835191e-01
4.579713229303558619e-01
-2.244297791187335744e-02
-9.594682870131611141e-01
-4.275501041198533914e-01
9.053275152039188534e-01
7.146249629345245991e-01
-3.845759495080280366e-01
-7.403537574058390199e-03
5.871973964113248456e-01
-9.345429575587529403e-01
9.579175252295369924e-01
-5.722230050352707931e-01
9.292158814440183434e-01
1.763893848715171464e-01
8.696488805245482512e-01
9.998515468068364109e-01
5.807220742515971645e-01
8.188446531073843015e-01
1.210007854058908899e-01
3.783980815491699290e-01
5.370218360380268896e-01
-6.540677474926208657e-01
7.990861363608798840e-01
9.812559677832960459e-01
7.451959426806903375e-01
6.103041498115038266e-01
1.449328851712244071e-01
9.499986600167869000e-01
1.670034005178442083e-01
-4.177739136259058794e-01
2.821142635055179371e-01
9.921264743591806656e-01
8.157684249427784584e-01
-6.250350073195666267e-01
-8.686182830934876531e-01
9.168263480998747328e-01
-7.285210664287625759e-01
9.422801026330982488e-01
-1.316598499270782152e-01
9.942108884561845494e-01
1.780040153657341528e-01
-9.039151089031153274e-01
8.529064873031013683e-01
2.648157264539521827e-01
5.418698250341528189e-01
-2.019165731358626703e-01
8.000551520440127851e-01
8.735428745694526764e-01
-5.609902819986321010e-01
-4.781399761560410355e-01
2.458713467332714758e-02
9.988325206064476713e-01
-9.847709040094650979e-01
-4.805208617450075770e-01
7.051570551023654820e-01
-4.965709824610032297e-01
2.508464404263755498e-01
-8.788704216901916944e-01
-9.363932396671215130e-01
9.576988862596157448e-01
9.439767328055547191e-01
4.650493846325005620e-01
-8.727517913722238063e-01
-1.349001171293074119e-01
5.389575893618586688e-02
-8.868653229926991566e-01
-7.800731730985318579e-01
3.327997728458335081e-01
9.303103088835075196e-01
7.565261465377808303e-01
7.401143090635849964e-01
-9.750003168872363180e-01
5.896875242152721519e-01
9.949110285596997061e-01
3.359050666154329567e-01
3.056515422666393755e-01
-9.980159151393682704e-01
9.047517711446178001e-01
2.336024987879121162e-01
6.784417626180622163e-01
9.232060431394683020e-01
-4.191333988768167762e-01
-9.449403522806515410e-01
1.647613712810412634e-01
6.001715405079803833e-01
-9.871313065629881978e-01
9.162048917597126474e-02
3.730626525687793515e-01
-1.804606108160203837e-01
-1.106571031783054881e-01
-4.734542191902413877e-01
9.372653298014479439e-01
5.542500646257023655e-01
1.214095696465260742e-02
-6.195031742073455749e-01
9.126357181004504104e-01
9.997256408600282418e-01
5.250118491032023105e-01
-8.698698556171355900e-01
-5.781135180755693215e-01
8.153353368653081246e-01
6.421609675013336682e-01
-6.174278750414257111e-01
-3.486602551548760587e-02
-4.423583319224271282e-01
9.724240257066424364e-01
9.997607352260886593e-01
-5.156648874244348368e-01
1.153695977167205899e-02
7.919641082096933182e-01
9.390363387648081872e-01
9.755989245149793154e-01
-9.071812454807762771e-01
4.392001927057567756e-01
8.846481312539008490e-01
-3.037134140313098585e-01
-7.175599957128110384e-01
-8.140583448887115381e-01
4.949966180562836993e-01
2.101940799232416279e-01
-7.919612118050123328e-01
9.975389847559581469e-01
9.073428892206482077e-01
-2.031236509412947255e-01
5.002752881725016643e-01
9.972983191784459134e-01
4.789367624094156284e-01
9.946998520703040914e-01
-5.571147870027699511e-01
6.140295474926701358e-01
-9.909346876689090200e-01
6.151662422854299317e-01
3.631139072657237898e-01
-5.651161701470742704e-01
-8.995388619449500300e-01
2.130783481876257490e-01
7.254013547252666783e-01
2.295649703376268502e-01
9.328144318032824955e-01
-2.402097395214529973e-01
9.843981149259179997e-01
-7.516066363411053608e-01
-9.804348990192300883e-01
-2.546419279403782654e-01
-6.517389597029880077e-01
3.219734711689484774e-01
-4.975033277874680443e-02
-9.861696760043379140e-01
-6.136646547655146867e-04
8.184373491875953643e-01
8.521374558645752328e-01
-8.542471454535339737e-01
3.978564450404246666e-01
2.777862369386837060e-01
1.782174257261132447e-02
-9.961218707166551445e-01
-8.616548491045922242e-01
-4.542644280887604413e-01
-9.997658732173941853e-01
-9.491150926844281743e-01
1.412253300927503452e-01
3.384992618760820915e-01
-4.211226601935060265e-01
6.845304069620828935e-01
9.820716780929860112e-01
8.139345820115330143e-01
6.820825752050377888e-01
9.820099268748401222e-01
9.583206476945235197e-01
-2.405636321974149658e-03
-9.986144190185026748e-01
-1.950889601567991904e-01
4.256562503888706162e-01
7.508338023180544107e-03
-9.156475489829653258e-02
-5.255729459170777051e-01
8.031129053280298136e-01
-4.124071342978213872e-01
-8.588726118900248396e-01
-8.214509766266160362e-01
9.790677521353061685e-01
-5.567459781986863199e-01
4.578149468250394816e-01
4.355529370990586790e-01
9.979553937544768383e-01
6.275033110241928780e-01
-4.345422925374212708e-01
-9.194370282950656836e-01
9.844825537413339767e-01
7.726863586269446804e-01
4.027462056857826767e-01
9.999939234791922482e-01
9.959320689671182780e-01
8.834634412539265069e-01
-9.676472460408686027e-01
9.916311151087061626e-01
-4.141170508957185414e-01
9.627058103822331292e-01
-9.983989480975010711e-01
-9.000924571763496695e-01
-9.472105649258201199e-01
-4.484748725601652719e-01
3.473037684259969726e-01
-3.475866428499889138e-01
5.516735804149260902e-01
9.755585429054502988e-01
6.513322654455367955e-01
-5.573689648609577718e-01
9.242783033619306199e-01
8.972147920175138625e-01
8.343050567974957810e-01
-4.573479059745867437e-01
8.483758832440529973e-01
-3.068914907114880797e-01
1.192834420280560193e-01
1.875216550295531193e-01
-9.403079724477179102e-01
2.409747049074948688e-01
-6.118357612579524707e-01
2.368282468062811452e-01
-8.714612263059936526e-01
-2.734236394166164250e-02
-9.954496019804467410e-01
6.125637009476248007e-01
-9.992571008079679240e-01
-3.837931975470121881e-01
1.307367630383467205e-01
-1.291308264755891555e-02
-9.728634018287196650e-01
7.711242623780119043e-01
-9.597025756371204697e-01
9.937569026205084199e-01
8.320004280860084922e-01
3.175746157247048007e-01
8.380061681464564538e-01
6.478150229862600362e-01
9.805110846901315957e-01
9.895620109242182494e-01
-7.881663452030990280e-01
-9.941268432178373970e-01
-6.949589390535646505e-01
9.873756801894176816e-01
2.033685485369005341e-01
-9.993465403650270140e-01
-8.407045376423107896e-01
-6.087682357186977589e-01
9.929548575420125145e-01
6.478996721328447173e-01
5.967128918974325957e-01
-2.131765768165128083e-01
-8.555229077644813662e-01
-8.624964202117568757e-01
3.444622477778893632e-01
6.818262084973246706e-01
9.850183755653483253e-01
7.886949735827343266e-01
9.361591032398117740e-01
-2.082173045579760740e-01
8.756605088229877376e-01
-7.458752048142128777e-01
-8.103905198460729098e-01
-9.708623655543137110e-01
-9.990167965180878351e-01
8.717394773831360633e-01
-6.356876738416280537e-01
7.736856551447653940e-01
2.478071902705487606e-01
9.994896381112923223e-01
3.496490950133726572e-01
5.681522344437097694e-01
3.126993662902895210e-02
-5.921225406366844440e-02
7.105736540228593245e-01
-6.426856629616839456e-01
-9.978104741180566783e-01
-7.276470196226513254e-01
7.665137209210691749e-01
6.556442344265652755e-01
-2.844463254762023552e-01
-9.984262139562979366e-01
9.996813319765047723e-01
-9.814223671471932198e-01
6.240012279191656797e-01
-9.255124793143814504e-03
5.250303345527859156e-01
9.998893607486499802e-01
-9.464578398651067870e-01
6.515974993828506090e-01
6.972546397876273616e-01
-9.937866396014307657e-01
9.969825052150497191e-01
9.974107564917344959e-01
4.982782847488446687e-01
-9.214560712142064736e-01
-3.190696119174160628e-01
-7.625790855165681670e-01
9.999959366819625162e-01
6.275136191033615640e-01
4.294234402502515591e-02
9.405005456012790477e-01
1.091025548004692369e-01
8.637278785479580723e-01
7.706902127828320070e-01
-2.276097448257181077e-01
-4.699480347039213246e-01
-1.217183314750161227e-01
-4.891034617952128016e-01
9.592878294523006222e-01
-6.518331095567665434e-01
4.397744799852162378e-01
2.254981883038527715e-02
5.795160724185995926e-01
-9.455823044408102618e-01
7.831236323572103863e-01
8.204266089225317193e-01
-4.548576157682450716e-01
-9.998450645962052574e-01
-6.896578784647311444e-01
9.514900833221209275e-01
-3.777294894023430771e-01
8.024326964108410287e-01
-7.964016214599100030e-01
-4.897285653228741764e-01
-8.152284254138020270e-02
-8.945624346148959294e-01
8.981220809474734779e-01
-6.846688499711502951e-01
3.932213135357224831e-01
2.915286242078320988e-01
7.712818867916558796e-01
6.001920611740731160e-02
-4.972268425098719247e-01
7.885102326452556598e-01
-3.383416421516242112e-01
-1.932131676345330840e-01
7.351619849627749614e-01
7.796924136432132890e-01
9.524417095583942450e-01
-4.356718188827832794e-01
-9.103632320872523387e-01
2.578593575946327293e-02
-1.549720863315565689e-01
7.514107274585029028e-01
-9.631825470028343439e-01
9.895492491190355233e-01
-9.695226242910501835e-01
-6.381783348386145249e-01
1.638019274254985669e-01
8.013473514481809223e-01
-5.339143271023842896e-01
-2.453561145169234348e-01
4.579156061034928560e-01
-9.206126548791002673e-01
8.107474211909757589e-01
8.398750636755574206e-01
-9.016174151679856585e-01
9.955025411220658205e-01
9.717716569451465558e-01
-9.465643581928193662e-01
-3.680817219918200989e-01
6.699218210511939109e-01
-1.243157488520290899e-01
7.474590215168834817e-01
8.124174582975578485e-01
7.814499342221405964e-01
9.922969228391401719e-01
1.115539594518236421e-01
5.615704593446737558e-01
-3.960249496519105961e-01
5.724848166935253557e-01
-2.087891956777368843e-02
-9.106417645983807541e-01
7.641877409039881108e-01
9.941057281923521005e-01
-5.426638055533220539e-01
4.865838834504424004e-01
-9.144624747381776553e-01
-9.542758765091763351e-01
8.542898397512280750e-01
8.027645512000564088e-01
-9.762308834318771389e-01
6.769826994091778793e-01
5.987012538382288085e-01
3.502873576836723069e-01
-5.233452398551000084e-02
-3.489592833375935732e-01
-5.118332887918491947e-01
7.359357194286135773e-01
-7.109035615590123536e-01
9.392981774184866461e-01
-3.099781190953452281e-01
8.795995125607382059e-01
3.598323273124679478e-01
-8.294192493726643134e-02
3.401198664392438703e-02
-3.277673722471860507e-01
4.945635980395962084e-01
-7.446635995655217499e-01
9.934543848635697394e-01
1.813132164668835450e-02
-8.144430273550236077e-01
9.963114963427276427e-01
4.453067357185989672e-01
1.513708755079326007e-01
-4.665280436768674543e-01
7.649370724836257462e-01
-8.996667238617102047e-01
9.864013647861615830e-01
1.438487384001698177e-01
-4.074257647808362526e-01
3.989903705337101703e-01
-9.652060031063792733e-01
-9.992872829395273993e-01
8.311392726475603787e-01
-9.924094563534748836e-01
5.374183032781423286e-01
7.721514510012409405e-01
-9.548080654843409398e-01
-4.446170298715423352e-01
-9.032498336665484295e-01
5.187113417944888560e-01
-9.537205704869292644e-01
2.027723508605837055e-01
-7.171182214468757588e-01
-3.296460764703530444e-01
9.959828361843251487e-01
-9.658485471718835091e-01
-7.999403970028766686e-01
1.762832467205309173e-01
2.957793127973734615e-01
-6.734197127554432116e-01
8.758174186873567413e-01
3.468365572376885253e-01
-9.397443695567727628e-01
-4.442766202245578278e-01
-9.992635409178116657e-01
-9.545425799235196518e-01
-9.915996292706565907e-01
-1.364903182456408126e-01
-7.811605810468776889e-01
-8.375673642380645489e-01
-3.194984824470969986e-02
9.090271526884572406e-01
2.848236495009995872e-01
2.079964324035308426e-02
-8.047371009530723818e-01
1.025534965699088086e-01
7.770973587109378800e-01
5.787465996554097547e-01
-9.591621173004858392e-01
7.572256321486542374e-01
8.829168146891884783e-01
-5.530830807211869482e-01
4.508342808051338246e-02
8.179796812928915584e-01
1.285253523471010795e-01
9.069177839069993974e-01
-2.309347758637179948e-01
2.955037175419715223e-01
7.735891962774390507e-01
3.510871883060642240e-01
-9.678455904719064362e-01
-1.990158016568374308e-02
2.026891408236435044e-01
2.932302910111128993e-02
8.192472413654265651e-02
-9.622590667111174945e-01
-9.659907544658369316e-01
-8.106430832928877006e-01
8.994956511159944990e-01
-9.574019076395506866e-01
7.263513062369285622e-01
8.101115409859724892e-01
9.919369665000621339e-01
-9.532196105297910949e-01
9.271940641491338564e-02
-5.108945889622028558e-01
-9.742294064252852159e-01
-8.057208968175655350e-01
7.618527025370558370e-01
-6.129823650914180133e-01
-4.618800907127632582e-01
8.763044552944465604e-01
-9.700684620023533045e-01
9.391500070017081425e-01
-2.439813952601086258e-02
8.549112941348613326e-01
-6.332500016210685923e-01
1.790745567918746450e-01
8.791374964800744429e-01
2.999343228564598229e-01
-4.994361430814396319e-01
-8.635409181538020729e-01
-3.824592075181993955e-01
1.524338101115415602e-02
-2.415365312900713268e-01
-9.471969545744274299e-01
-4.763805208730731433e-01
-6.355439338078239242e-01
-7.368845714265596092e-01
8.879360541888303704e-01
-9.340965017426748895e-01
8.637320763720759409e-01
9.340743124348098725e-01
-8.240391324512241766e-01
-8.775249510262693731e-01
-9.107832501585481078e-01
-3.621600881457671672e-01
9.768662310545805916e-01
-8.731098899583755735e-01
-9.964090636707932935e-01
-6.809698570179093524e-01
3.188900524400611197e-03
9.935844849232851050e-01
2.784970206058783315e-01
-5.820119519550973619e-01
-2.148096833623354407e-01
-3.815184007128750165e-01
-2.003517868499644916e-01
-7.114070489523670604e-01
-9.706995023458452332e-01
2.055294732631661181e-01
-3.224283325338866413e-01
-9.333738387882195564e-01
8.277940073413872502e-02
2.574753339053012513e-01
-9.366969679895336132e-01
-9.670418971201131253e-01
9.798167758282265716e-01
7.697285035011531829e-01
-3.428665227082532407e-01
6.462315606380749644e-01
-4.159089104361672895e-01
-6.597811659236196835e-01
9.527242456285693883e-01
7.677189547105311984e-01
6.328116492566232543e-01
9.846440780095352396e-01
9.327281458556719862e-01
2.543109099035771314e-01
-7.614600951631578241e-01
8.092420397773418816e-01
-9.495817085542876956e-01
-4.198453196881457572e-01
-3.123009964330673016e-01
5.560963022459807226e-01
-3.760373263124510701e-01
4.003800487143993614e-01
9.910555747966852680e-01
8.921369007362369707e-01
5.224118805099906560e-01
8.681870671042817289e-01
-3.984325131448208102e-01
2.608029241405238619e-01
7.897310078063737304e-01
4.248506701352615100e-01
-9.601064046067727675e-01
-6.164092722039936634e-01
-2.808503506874924019e-02
9.403429568838399533e-01
5.598274419241396904e-01
2.430514340924924688e-01
-1.206647388746941024e-01
6.834138047300504226e-01
-7.406035469004478289e-01
7.599044777419083907e-01
9.283607296422907718e-01
-8.683704317174211207e-01
4.669107388925975433e-01
9.008489201084796116e-01
9.769631644873710830e-01
-8.240913301062526841e-01
-8.740509024413490868e-01
-3.738485868067265572e-01
-4.472944369815088500e-02
8.365859794642368508e-01
-8.249011693954216851e-01
4.087311026468214148e-02
9.992707701405715293e-01
3.403416408799863069e-01
-9.822223442665929394e-01
-2.281343871615466867e-01
8.911762479004107229e-01
8.174927632165884805e-01
-9.924690399382984918e-02
9.313560051936756734e-01
-5.886373501159087862e-01
-2.836906535553382347e-01
-3.624792597531423799e-01
-8.394778127179779170e-03
3.471729538739117271e-01
-3.032704091964467108e-01
9.698817373227885952e-01
1.066497409939755892e-01
-6.621303791674408856e-01
4.544531551341592368e-01
6.075630513836602908e-01
-5.506159874640201846e-01
-2.392516815544133979e-01
1.136441189791329159e-01
9.763823790759154075e-01
7.438692167844623837e-01
9.948404145953188005e-01
-7.118036188054509550e-01
-1.998051354910102828e-01
-1.184871161355421643e-01
9.631348822827950906e-01
4.156443888003251708e-01
9.647352834027664858e-01
2.970114534437363063e-01
8.180750225764572559e-01
5.328590986174874811e-01
8.511376237630285946e-01
8.393835080009868221e-01
8.414232213151847661e-01
-2.782781842143058348e-01
-5.847122960818549320e-01
-2.229212059474848240e-01
8.361939366070116897e-01
8.723908742151560425e-01
7.664763532266369861e-01
-9.258899363146444461e-01
7.912535953560224655e-01
-7.516748263127873697e-01
-9.470479644933288421e-02
-5.333049768952052849e-01
4.053575706438680704e-01
4.096656213354538112e-01
9.501394149018794755e-01
-6.966746267632372147e-01
-5.512309459553393909e-01
-7.944087176509473380e-01
2.830031962178937155e-01
6.059182364729953640e-01
7.770719370213262644e-01
-1.575806531792446896e-01
-1.228245779552476075e-01
-8.909258890730422653e-01
7.548247086711940002e-01
-9.867117574782832135e-01
-6.178722654885020482e-01
-3.967898827687302288e-01
9.253017041090988437e-01
7.449039220087075863e-01
1.389185660144245105e-01
-9.987562475401093876e-01
-4.437822345795005008e-01
-9.063404703044414257e-01
9.709022362828468866e-01
-3.966920075181060712e-01
-3.417410396983432408e-01
8.382526585997105428e-01
3.997927599772108098e-01
8.608616093554756210e-01
9.819022132591030960e-01
-4.113693914881268454e-01
5.794035605654476173e-01
2.893334250514585371e-01
-9.954212271705007442e-01
8.189595664369898609e-01
6.110173830027220143e-01
-9.840057388268256267e-01
2.655308774377625886e-02
7.101756099712979164e-01
-3.114407887497505079e-01
9.881618327956598336e-01
-2.861938376613351598e-01
9.667312962443966873e-01
-1.061574453781046201e-01
6.390905814990194278e-02
2.822214948313809812e-01
-7.369267512358452787e-01
9.699802437922522280e-01
-1.579939979991194510e-01
9.119043131363934185e-01
-4.536042660889446632e-01
-9.982471417163398808e-01
8.059244095825770504e-01
-6.765099644742805785e-01
2.675337948259915444e-01
-2.532520545974956128e-01
-8.643830837833557657e-02
9.470070761695795758e-01
-4.839911304990651142e-01
-2.202378014069061515e-02
1.424193520247254985e-01
7.447036715555398478e-01
3.157074660177380254e-01
-4.848958884978699646e-01
5.359091316541151340e-01
9.808855137012342240e-01
9.373391515907203431e-01
-1.275110922488967569e-01
-2.261371260206877232e-01
-9.999995216548612786e-01
5.751255394636248797e-01
-7.379469715221625981e-01
-9.114829256352076081e-01
-9.753408513124256496e-01
-8.380344538164397061e-01
9.967440982229016644e-01
5.544459893393127725e-01
8.579991130841486680e-01
-5.467556579440904230e-01
-9.914953119651103153e-01
9.456758688794312251e-01
6.642152655301550856e-01
9.841047684957541231e-01
8.884586105932004152e-01
9.239397662651656074e-01
7.076352602439046624e-01
-5.981215665789134661e-01
-6.022150190165449501e-01
-9.934271728673600421e-01
-7.648430389966260901e-01
-2.490290227525386035e-01
4.153729070108849730e-02
9.130175965831201224e-02
-9.371614672751987785e-01
8.910417629888622848e-01
5.186572053969723539e-01
-5.396071638253954195e-01
9.650510923468157420e-01
1.573604750669481966e-01
5.393843465628936906e-01
7.740748830540843395e-01
-1.553906746051328669e-01
-9.204261587529013466e-01
-6.233774892718911831e-01
-8.551549783322972553e-01
9.962484979900720905e-01
-9.812177887451878355e-01
9.813600572029885782e-01
4.798947914418126293e-01
8.137078526621307484e-01
-6.731725482123587234e-01
-8.369811627817146382e-01
9.211521361784434647e-02
-1.588743950335708421e-01
9.911450836648866280e-01
1.720241469854587313e-01
-5.580363514978665673e-01
-7.116129434646598084e-02
9.007978238686175088e-01
9.630602899555852359e-01
-5.873923022657797643e-01
7.336528055286106742e-01
3.101809685728457722e-01
2.507745639437604646e-01
-8.873170597347243005e-01
-5.969350978890975989e-01
-5.508595118214233421e-01
3.918226327521011076e-01
9.839145939332883950e-01
-3.328039260982164627e-01
6.676210132144001497e-01
-2.221881314710036359e-01
3.927328949216049581e-01
4.012592909672795249e-01
9.982451625422210650e-01
9.276474822054701086e-01
9.993272642316541887e-01
-6.832909209932844785e-01
-9.907954793359557977e-01
4.995605722863645237e-01
7.884628403503016747e-01
3.457569070405884792e-01
7.132533640984888290e-01
-3.908304134388465578e-02
-9.188622798207615183e-01
9.447485529707044805e-01
-6.779491658465298665e-01
1.125926663460162236e-01
-9.444821877292043366e-01
-9.318505987531741086e-01
-9.800917043732157996e-01
9.036185774959890615e-01
7.483724394935330482e-01
-4.447283068226541847e-01
1.804014731563736706e-01
-9.630314978512579671e-01
7.381422831089857750e-01
-3.281812531507106168e-01
9.928435787729357198e-01
6.100669539759474569e-01
4.108394944094633794e-01
7.735285070980022493e-01
-5.411361272189268989e-01
8.556153919123842266e-01
9.903705436390775052e-01
3.989356483639057149e-01
9.985535225333186382e-01
3.455194863036530339e-01
-8.943864456203457491e-01
-4.482501139053496897e-01
3.980841399555613558e-01
-9.822397676387323306e-01
-9.784627747828391620e-01
9.952326801335427131e-01
-9.998016735529031696e-01
-9.088162356256226371e-01
-2.094971421226857755e-01
-9.529171356614358768e-01
-1.047785930419739830e-01
-3.859486198625686204e-01
-9.843658482304170620e-01
1.543414894243884047e-02
6.254048614421628960e-01
-5.562052129517285753e-02
-9.507305852313667760e-01
-6.985397993403859029e-01
-9.813190835116304411e-01
9.675457351504963555e-01
-9.729708319806841255e-01
-4.695593955415341969e-01
-4.689999597818474419e-01
7.792515677885570868e-01
-6.963029589180117496e-01
-1.030407030788526579e-01
-2.186858738610719388e-01
-7.068346862895631411e-01
-6.835640689639220779e-01
-1.474314174619940077e-01
5.443214490061679678e-01
-9.447414749683816781e-01
7.182431209486582757e-01
-2.766510893368003265e-01
-2.537594136002813694e-01
9.988528289684409645e-01
-6.315105207403219900e-01
-5.493149677006136100e-01
-8.199615589537401217e-01
3.069441325068812398e-01
4.508911690874926603e-01
-8.115258588284228747e-01
-2.312419864471118580e-01
8.872514691724325830e-01
3.245067836783423476e-01
5.386158110950158839e-01
-6.116159199818645975e-01
-8.456375032621272769e-01
-8.135241045940406757e-01
-3.903199105892537490e-01
-1.874100282318286181e-01
-2.673314422887488884e-01
8.814747303103892540e-02
-5.227285974487138054e-01
-6.072926300739198702e-01
-6.064669882022102332e-01
9.371114386199979052e-01
-8.077896258804957430e-01
-9.060445263806496952e-01
-9.929176265919190669e-01
3.399638705860535959e-01
-3.496397081627203307e-01
-9.810985393257245502e-01
9.281847091328451205e-01
8.222999239134649585e-01
8.565786502644435751e-01
3.442635767256151391e-01
-6.403082092547874860e-01
-6.153506344565002895e-01
-9.971183855227854220e-01
-3.688289961940441897e-01
-7.752589243076273007e-02
2.366494781132848224e-01
-9.996104849817341043e-01
6.222840206605995128e-01
9.562897409687782790e-01
-1.823542968693209892e-02
5.529861990307549657e-01
4.925696703709358526e-01
-1.650592169217296179e-01
6.037681756700450375e-01
4.624007858366550872e-03
-9.965581341932241433e-01
3.772830110431735912e-02
-6.130877775323818613e-01
-1.282016205676264342e-01
2.388715244460666853e-01
-8.751782490976794948e-01
8.196345974568342019e-01
3.952067892296611817e-01
-9.803633538327746200e-01
5.636685462198238739e-01
8.222095063169716500e-01
-9.956154947926286747e-01
-7.099634447306526486e-01
-9.680886560373708205e-02
-6.715739790242059026e-01
3.256347270620489898e-01
7.294313011463976482e-01
3.463613293809309490e-01
7.136520984527919831e-01
4.551448977912432303e-01
8.062955946097187798e-01
6.672590925843888687e-01
9.535404105603765279e-01
-9.570310927707184057e-01
2.192737218331086979e-01
9.176213699224138320e-01
1.579981246129375516e-01
7.484560860976511298e-01
-5.010785621035622750e-01
-6.064760595363755113e-01
-2.258715079592136243e-01
6.418824892561459938e-01
8.225238584013474519e-01
-9.391660016722345183e-01
-9.764346795726941419e-01
2.307183091098143624e-01
1.431906400413345548e-01
-9.958140706745801651e-01
2.493483858084097338e-01
6.265587726173950101e-01
-9.083709507331297894e-01
6.345946628178325000e-01
9.999924328997403800e-01
8.646576156750982456e-01
-4.024666357746573553e-01
4.025453840209879952e-01
-9.614919318534285164e-01
-6.669908813625317068e-01
6.987065986907972093e-01
-1.882747145491695251e-01
-7.037073864565885906e-01
9.993146671074603082e-01
-1.348839886605719685e-01
5.760438132629700503e-01
1.911448528174823080e-01
-2.823071984502006360e-01
-1.538993474715514773e-02
-9.913612421622420845e-01
1.246699645456902511e-01
-9.656836784165231391e-01
4.070222315470072294e-01
4.651010348998537158e-01
-7.286557672838692712e-01
-9.616406233945709037e-01
5.161196574473175813e-02
8.964042915486375440e-01
-7.532066237724271973e-01
-9.512750067501739570e-01
9.988939438774558921e-01
8.091145673720776532e-01
5.248343978998964293e-02
7.229343964857265492e-01
1.598323890224567223e-01
-9.999973054933023464e-01
2.783425824970182094e-01
-6.345045073990150941e-01
3.321207895641430374e-01
-9.981422652891475122e-01
-9.896575290074979270e-01
5.065319578187736926e-01
7.415593136143947550e-01
1.381061551386437158e-01
-9.876351902797559923e-01
-7.228037951767842806e-01
-9.993760966598026485e-01
-6.693152058156818240e-01
1.290760446239077319e-01
4.833368307251190710e-01
6.751613842816654998e-01
9.897030646313094149e-01
-3.392080840966555932e-01
6.543362729622662632e-01
-8.568996270498138168e-01
-5.047294509730707590e-01
7.223808052549717251e-01
8.947354609597100161e-01
1.585469563544708027e-01
2.240289126892590077e-01
-7.575981522237097421e-01
-9.956958469276795398e-01
6.613914265342240029e-01
-9.975282967229237574e-01
3.551690557555672312e-01
-8.861844021235212310e-01
-7.897670371329995609e-01
-4.309165572298810920e-01
1.743309883890136608e-02
-9.188517302065960513e-01
-9.787846570885485598e-01
-9.816536809162837995e-01
2.186682647885618835e-01
-9.976906574252240034e-01
4.073524515334163709e-01
-5.532495707424079923e-01
4.980101988218839648e-01
-1.762411445624339768e-01
-9.380130006564543210e-01
-3.309136038253999990e-02
-9.110832611957863092e-01
-6.105986960350990866e-01
3.398690513084576953e-02
8.151711997253350273e-01
7.958945601204318043e-01
-5.999469651544442339e-01
9.569353566785939735e-01
-9.042927521194078500e-01
-8.671305820790150554e-01
3.609822686634046041e-01
-7.697775967166698985e-01
2.555696605806577759e-01
-9.998264153102323082e-01
8.774865979761232726e-01
-5.727752343619869624e-01
-3.411671026977903809e-01
5.634040032621379090e-01
-8.226072266220341156e-01
7.773762789950726670e-01
2.953345424968282229e-01
-4.030056932550253879e-01
-9.948266320491215842e-01
9.660834657186905261e-01
-9.229346678214266353e-01
-9.990410402069428430e-01
2.941676612309551686e-01
-2.347969923327792360e-03
3.974070383881725399e-02
-4.497182770356840109e-01
8.518219199958979582e-01
9.556394077413821186e-02
-1.765798593089667745e-01
2.540129769820603234e-01
-4.428267802499563643e-01
-4.576223223469002011e-01
9.921750382903733456e-01
-1.811713279469154003e-01
-3.709504978121444529e-01
-9.937929860385528169e-01
8.421839606288809010e-01
6.409070577645542555e-01
1.398260880038318943e-01
-8.831199547472569078e-01
4.588294095196483457e-01
-4.169411678888046424e-02
2.716546427536309372e-01
9.686053232058526863e-01
-9.166345296127540454e-01
5.925006505196538376e-01
-4.203341985984202500e-01
-2.436108453349730418e-01
9.592223059319814338e-01
9.404801503104426308e-01
-2.514947109214628052e-01
-3.685212425678510151e-01
-9.912505914033906684e-01
6.656255964199412345e-01
-2.700056172001363830e-01
-5.689921480394584119e-01
-9.906275375638796676e-01
8.887049575957417513e-01
9.963158968575501762e-01
-3.288901266082747687e-01
-9.754158835670737604e-01
1.712377717933483978e-01
-3.209433770498062999e-01
-7.681204494182699571e-01
6.593869898793195405e-01
-9.987969780587083735e-01
9.558090598609213506e-01
6.477152640582639620e-01
9.994251051858653589e-01
-4.753583279972726228e-01
2.118347542777812009e-01
9.081869728052753832e-01
-9.942032991393663366e-01
9.999794021784471632e-01
-5.597663800006577040e-01
5.076618552495102410e-01
9.969593858433625222e-01
9.590227065524529193e-01
9.979507753508894963e-01
7.590191103473952206e-01
9.206777006944275032e-02
3.006157248919045233e-01
5.542983344812315583e-01
9.487343124405622774e-01
-3.963712499267768585e-01
-8.359727940474357410e-01
-2.442755657863394589e-02
6.223614875001274305e-01
1.069064262168780977e-01
-8.814957449990338256e-01
9.929686818361619371e-01
-5.522876243163912097e-02
3.782856770279953706e-01
-1.362318964803232915e-03
-9.891394525443609753e-01
-9.982332308869205084e-01
9.822448964465927412e-01
-2.923243953097111048e-01
-9.977351296147261017e-01
-9.982872994824401047e-01
-1.582807616823481700e-01
-5.500141514845823254e-01
7.273659825362054354e-01
1.064677776953988769e-01
-7.077103514963988262e-01
9.999012738559057700e-01
1.460430361357495377e-01
8.424954579283141509e-01
9.310142125865383811e-01
7.489752382971824884e-01
-9.468003928311399253e-01
-2.678779585285698261e-02
-3.505168682995094542e-01
-9.538423795171504516e-01
-4.603154212713084781e-01
-2.250619253619073612e-01
9.239315127394952532e-01
-4.625030274380104722e-01
9.550799490598308461e-01
6.247728043035286616e-01
-5.636951934516065688e-01
-2.518178618475582220e-01
9.606001861217470239e-01
9.295207685560545885e-01
1.850953080220963942e-01
-9.658016238718325486e-01
-3.722013029853833421e-01
3.408923447974603338e-01
9.118859972271503578e-02
-7.953397903265003732e-01
-9.246580962830205364e-01
-4.732254746397920875e-02
-6.919056482373658890e-01
2.524518652757909987e-01
-6.722260924775281810e-01
4.953676938862597856e-01
-1.985096522142502516e-04
2.878018890693196385e-01
-2.125930008129198190e-02
-9.745821814718017562e-01
-9.538217195874561238e-02
6.724116406404098134e-01
4.300749938738048783e-01
-9.325342723698187841e-01
1.785622951719001428e-01
7.644190623164457410e-01
6.274759070743735068e-01
9.382034583648092285e-01
-5.113625242437884744e-01
-9.054601123445474853e-01
3.754150946936313793e-01
-6.404727697641848794e-01
6.996858819930625861e-01
5.026148799696035230e-01
9.302165749125547167e-01
-1.631385576626030176e-01
-2.423585798209055009e-01
9.381034280961667582e-01
9.507974464896550293e-01
-8.185633283674346172e-01
-5.793876731772554939e-02
4.036326348250899865e-01
-1.597518794507844231e-01
-1.722132483263742464e-01
-7.750936272537611860e-01
-9.024953835594781149e-01
9.895094764512933905e-01
-4.167968087293464352e-01
-5.730824376526221231e-01
-6.588719409614626210e-01
-9.165591198229992020e-01
-7.140125190051427317e-01
-5.513347883909746061e-01
-7.721243570937507128e-01
-9.868526876154709582e-01
9.079095629602049744e-01
9.787702623135988711e-01
-9.775513588975450752e-01
9.669078365641563533e-01
-2.797575729815422463e-01
1.802542804411982891e-01
-9.235374804287936890e-01
-7.374042485451606233e-01
-9.858733060836012418e-01
1.287083316517041998e-01
8.055979099706964686e-01
-9.932104449854115558e-01
9.176974474797832126e-01
-5.217205249795741073e-01
8.297227684507441081e-01
-8.924054725091630225e-01
9.931354564916303751e-01
7.976693803727284982e-01
-5.647012789351705253e-01
-7.871161357551316462e-02
-2.793783012179698599e-01
8.099555077469503539e-01
1.038764038511230808e-01
9.970949056463523918e-01
4.755458370353355946e-01
-9.897888072445549801e-01
5.774620909735863616e-01
-9.242643851710572456e-01
2.885348990229028021e-01
-8.704018167840913422e-01
-6.817287893249045494e-01
9.998041014166704210e-01
8.783237234649400316e-01
-6.555956970743740397e-01
-3.116497987712677498e-01
-2.768463316804385399e-01
9.933662292713631992e-01
8.697179438518050087e-01
4.488676002696115330e-01
7.675243181186388597e-01
8.504930624378450599e-01
9.933517505777399448e-01
5.819138848849316759e-01
-8.081761922607180182e-01
-5.621656852735940069e-01
-8.786715532254224525e-01
8.236542523066715527e-01
7.413348383533112651e-01
6.242380158488114450e-01
-7.817157594131102227e-01
-9.644774865746650327e-01
-9.818070398234080010e-01
-4.706658790392862501e-01
8.435449051519440244e-01
-9.628830761771822733e-01
-2.553381678607363758e-01
7.001112500903722280e-01
-6.392682461227708890e-01
9.937272233545231259e-01
7.453549631590030700e-01
-2.166683842205185118e-01
6.732591418057719546e-01
-5.435341803874118582e-01
-7.921749421904643595e-01
-9.859218181912160484e-01
-9.178427067438720277e-01
9.955504689412513208e-01
-2.117521368783712443e-01
2.960299226759713700e-02
-4.230376488291901493e-01
-9.881611881623723059e-01
-9.744465421864150212e-01
6.003087836337186456e-01
-9.027109070442598249e-01
7.242181696002886193e-01
3.168896277185906940e-01
9.522623487965957700e-01
-7.956715786908811205e-01
-2.823135057862495301e-01
4.112548338497156730e-01
4.756848210035802271e-01
2.028920429980717588e-01
2.491661103396436427e-02
-3.110238307141683853e-02
8.521746004402119823e-01
7.678711980888728306e-01
8.818507237716169955e-01
-5.195750437516630793e-01
-2.344199151753649860e-02
8.243221718399040832e-01
-7.048958958007343067e-01
-5.178285343317621386e-02
1.397631508420387747e-01
-7.008964680991648377e-01
-1.952155736349098503e-01
-2.927162816355885488e-01
-9.477610376717534590e-01
1.488585817999108496e-01
-9.082081228534449879e-01
-8.713436345282412621e-01
-9.974241689968940117e-01
-3.862450406596824592e-01
-7.239587378049894273e-01
2.268072456213025001e-01
9.780326168961619437e-01
8.432013627605230432e-01
-7.805270152258290128e-01
1.726347731157501855e-02
6.787415905645148850e-01
5.568004529520332868e-01
5.695377984058046517e-01
-8.493489495620875074e-01
-9.468037779555328326e-01
-7.864389241579521350e-01
5.657546837641687087e-01
-5.491815764324438076e-01
6.803701046935033414e-01
4.319621876913306568e-01
-9.358383461418242621e-01
9.364454504431100057e-01
1.360008816457797254e-01
5.208838730354717894e-01
9.445892017242069061e-01
4.306088426162760219e-02
-2.669236169685332283e-01
6.421929612948427124e-01
-9.746727233373095878e-01
9.628010189192608426e-01
7.000725093853292780e-01
-9.729077712962547198e-01
-8.267879125185358946e-01
8.731748706124535797e-01
9.229245988224272779e-01
-3.206764394744909263e-01
-3.311952353732258714e-01
-9.801213008980310670e-01
-5.888426947681936197e-01
9.810198609474835019e-01
-3.737168042513119848e-01
8.270950811438125827e-01
3.372323010369899232e-01
-9.630924479187683573e-01
-9.810454129869192741e-01
4.952039232711457628e-01
-9.639196935372907893e-01
1.467520832257704355e-01
-7.054189095008128740e-01
-8.601897149811985610e-01
-9.867530657304252051e-01
9.389078951817952934e-01
9.665723823380594215e-01
9.996701069790603356e-01
-7.447723955509975013e-01
-1.116675786296704304e-01
-9.932332763025394362e-01
-3.335859047968845470e-01
-8.228487269398985227e-01
-5.750564660681607432e-01
9.845298952232631740e-01
9.951957662421605511e-01
7.090872156726293341e-01
-7.389968752428492937e-01
-6.188722725338652308e-01
-7.246984554274348289e-01
5.455060618287914664e-01
-9.066685475638646130e-01
-1.241923940187964343e-01
-9.963401160360224607e-01
6.220239196960274386e-01
-7.986336387718966368e-01
3.849384502600267655e-01
9.719907434050734096e-01
1.961952118226144015e-01
-8.293047110268616517e-01
-9.061054114605211485e-01
9.810823137702215924e-01
7.437655333626125298e-01
3.035264161866679800e-01
4.813381026036455679e-01
-9.581613507685927678e-01
-9.659266353231562574e-01
9.466710065141549224e-01
8.636737917235507433e-01
-5.687297215754822943e-01
-8.936858429930902847e-01
-9.036290796910302348e-01
-8.039334822427457450e-01
7.939820673762416625e-01
-3.476492446745132470e-01
-4.919094412702111896e-01
9.928286130952258537e-01
-8.624049662130842675e-01
7.113950642228153987e-01
-5.695868443152015681e-01
-9.635629880145516468e-01
4.543611009471060225e-01
8.497904931101484260e-01
-3.438657760100362060e-01
-9.949124343228475942e-01
-7.664699972945558937e-01
6.335935711252231872e-01
-4.922957582749680761e-01
3.405979127327514178e-01
8.198417591533394555e-01
-7.885602352458296327e-01
9.758664323904315818e-01
-1.672376854776056465e-01
-4.806785181203259705e-01
2.138108630604697025e-01
-9.671428457076322038e-01
-9.918379339830173391e-01
-5.174604740446285822e-01
-9.551335361626932530e-01
5.117606469819723225e-01
-9.470408227504096832e-01
-7.779203212617648022e-01
6.700157072952115378e-01
9.400448376008389006e-01
6.645526325189632377e-01
4.967514397307489782e-01
4.083202929665265546e-01
-6.200058436920462546e-01
-8.809618701104466876e-01
-6.539547107357978062e-01
2.771602250430111880e-01
-9.338991208733656846e-01
-6.814448884836676879e-01
-6.915878375359246766e-01
9.582624769970276013e-01
-1.337586256945290895e-02
6.660916912789391908e-01
9.864780611774737196e-01
-9.472427076746401386e-01
-8.502905337951751630e-01
-9.999436869306883580e-01
-8.480074537883496300e-01
5.596615448817737759e-01
9.394377631109045446e-01
-9.903342514568000965e-01
-7.461987674310189833e-01
-4.068635910712005699e-01
9.989523526968372424e-01
6.435172443126573327e-01
5.523160573893898251e-01
5.537505771975049784e-01
9.955307534802002589e-01
-9.601444745959233362e-01
-4.608043491662248137e-01
-7.973604773040118276e-01
5.930403803498391913e-01
-9.923587319680744478e-01
8.754824054860047555e-01
9.178098038015993776e-01
-3.088427965114514118e-01
-7.063115425549156834e-01
3.052101691116354196e-02
-5.403095901485045482e-01
-5.284597418445879935e-01
-1.686323545077801633e-01
1.608698389631656456e-01
6.454463326445787352e-01
-6.566449139901257837e-02
3.565895880084695713e-01
3.159011751347244878e-01
9.440878800621448352e-01
9.903612937709082020e-01
4.666612209603108186e-01
9.905484815464622450e-01
4.325167160273770128e-01
9.913669497819339593e-01
-9.695705515740420388e-01
-3.381015856729031044e-01
-9.849237229512332048e-01
9.987323856995662386e-01
-9.996805685149734444e-01
4.651054645169570567e-01
9.955662352070514531e-01
5.760537055321470756e-01
-2.998125200044698957e-02
2.622387915278203141e-01
-2.525778745234631417e-01
9.626928956649328795e-01
-8.568156913184642454e-01
-6.019798167126320099e-01
-5.855104434001993097e-01
5.631809110614848235e-01
7.964510861992702973e-01
4.481404960588972752e-01
9.331708086857969375e-01
2.792343078020880776e-01
-8.017864419343397886e-01
-9.965769052045362342e-01
-2.188538612607207612e-02
9.811037984110145826e-01
-6.085251455276939891e-01
-9.677895451231178781e-01
-6.129589442311093039e-01
8.246822191538141222e-01
-9.209690458321133644e-01
-6.875476821422412677e-01
-4.209357323995692735e-01
9.417219818521863628e-01
9.662838096357811990e-01
2.069911803618828816e-01
5.646847763288721511e-01
-9.487665273559608980e-01
-9.583283796909874974e-01
7.330623338742405792e-01
9.261560187410212697e-01
7.227032363422263295e-01
9.870163620356372514e-01
-9.556773685904506044e-01
9.919277046522577690e-01
-3.463030356548323363e-01
4.197833109686529562e-01
-6.380240764069741166e-01
8.216159806190787007e-01
-9.593263418443019608e-02
8.402868528868041587e-01
9.378135124256999910e-01
5.881680437419950502e-01
6.660958021402719753e-01
-6.820380576078436397e-01
-4.728247010875076539e-02
-9.327024075983892937e-01
9.957713425485738012e-01
8.662204132653764654e-01
-9.271804185510573726e-01
6.955578779220060737e-01
-8.278259787187022267e-01
-9.744832626012184251e-01
-6.716088139014093628e-01
-7.737961849733180353e-01
5.142356708579499946e-02
-4.743801068734636583e-01
2.194562761457106714e-01
-9.819911346355756354e-01
-6.229145640088267211e-01
-9.743012273830679026e-01
2.731365787216325502e-01
6.405646222759037167e-01
1.551168468294059077e-01
3.792095376697129927e-01
-9.408319168487553341e-01
-7.440531741385285613e-01
4.084221545677129139e-01
4.565227811212567710e-01
-3.036045883524266659e-02
2.425665547754386059e-02
-9.929430618713607215e-01
-7.456923917167445071e-01
5.667141196141488590e-01
9.898970801672085651e-01
5.116962628981173156e-01
1.393971276709335128e-01
5.234226317615715551e-01
-1.558809643488674179e-01
-1.381734190848589450e-01
7.712536253683425214e-01
-7.871659036492463235e-01
9.939852405017083337e-01
-6.581998974825875592e-01
-1.169266755111096623e-01
-1.508496923955174318e-01
-3.758578547521786856e-03
-8.880705362754338639e-01
-8.072823027421388575e-02
-2.631321400880792805e-01
2.956186615307527382e-02
-7.936858306522960316e-01
9.864973167387262043e-01
9.454428510865650059e-01
5.860840412609397143e-01
-9.190094371442716348e-01
4.322332595053475779e-01
-4.915428502031444213e-01
-7.263836893230743996e-01
7.094345324194177849e-01
9.194113341273937312e-01
4.405610766768732756e-01
-9.393220174489776975e-01
9.628248726275778768e-01
8.869611398351323617e-01
-9.960423511273239772e-01
7.768965682980900622e-01
1.131081114634543139e-01
8.063183540742629996e-01
-6.858786918700615631e-01
-9.557354781912493769e-01
-6.173514930828454261e-01
-3.996398835888524403e-01
-1.520961917738780644e-01
8.438474755770496438e-01
8.893758315115254387e-01
-4.848306922250440465e-01
-8.034264905665859935e-01
2.821037813222739832e-01
-6.712952376714039771e-01
9.924538594217027221e-01
-6.166805238553580981e-01
9.070218697919812945e-02
-5.435524357446763766e-01
-6.855163203975894737e-01
-8.298768612628150132e-01
-1.681136388988173913e-01
9.483309350108745095e-01
-2.673055350000295705e-01
7.202946280227165987e-01
8.569775848208304181e-01
-9.972940497837928797e-01
-5.264468037364359310e-01
3.247945656816059734e-01
6.700910873936478662e-01
9.938588273780992743e-01
8.504194099674715346e-02
-8.666267282679004369e-01
9.693691279238011438e-01
-3.020428935070829657e-01
9.085600598100040948e-01
6.558892240582527844e-01
-4.721528695081817495e-01
4.863434141154251433e-01
-7.143407080727023351e-01
9.996129632510112328e-01
-2.222962824717848729e-02
1.231849697170477181e-01
4.700204495011136435e-02
3.284057817767937482e-01
-8.990399599323020130e-01
9.898494561754495047e-01
-9.019083209206736340e-01
-9.503627664074943970e-01
9.873450434445962820e-01
6.538035853474130077e-01
1.149437908937088332e-01
-6.696789683417297967e-01
-9.425007409765646660e-01
9.540973690734798618e-01
6.297983809124222399e-01
2.809889931006540609e-01
-8.703844912737026540e-01
9.306007438348827820e-01
9.872753318431639613e-01
8.714402880549516547e-03
-8.888648113598373035e-01
-1.721136539441272262e-01
-1.313321951518004460e-01
9.272646447752672660e-01
-9.779520946745418053e-01
9.716318497236117180e-01
-5.253464089962865957e-01
-3.389373146829803840e-01
4.854563573720244718e-01
6.233365280200249270e-01
6.004889907410868588e-01
2.745809735819638164e-01
3.559563386810739027e-01
2.383444482609222426e-01
-4.279639055524396274e-01
-6.041897964925394549e-01
-6.663390812016869447e-01
7.036650466059348741e-01
9.350092554964992697e-01
-2.819380496715094553e-02
1.200732507154267034e-02
5.010511129826938914e-01
-9.926859630085632658e-01
-6.032184226746702960e-01
-8.487272141398318759e-01
-9.939306140952659518e-01
9.026095914229748107e-01
6.463423282823552718e-01
5.374052824626799341e-01
-7.052285605612030883e-01
5.273153698166599401e-01
-9.977489769236629336e-01
-9.619212013225924007e-01
-2.929976731082829522e-01
-7.687521069684396524e-01
-9.767209236475632439e-01
-6.784264320241224500e-01
-6.348834197617543307e-01
5.568040590599492301e-01
7.960256108132418573e-01
3.483332462190927292e-01
-5.686757786431411166e-01
-9.723237630563180689e-01
-1.353302362462756592e-01
-8.687301668187483727e-01
-9.997895582232911860e-01
9.093138885751266276e-01
-8.080566172648439016e-01
-7.408807505516276093e-01
2.780487946510548300e-02
6.912759372802012026e-01
-5.365179550225578353e-01
9.436090901323882507e-01
9.770895080849624215e-01
-7.485564922361876983e-01
9.896935207868313711e-01
-7.404279294078069951e-01
-9.928148823229900888e-01
-5.786123914435180593e-01
-9.538757186706984248e-01
7.452647605072985071e-01
2.620845077292185965e-01
-4.943331486215187254e-01
9.782161936224823551e-01
-4.428072579556833199e-01
8.959152428910304167e-01
-9.435153141896779339e-01
-7.474037649418023843e-01
2.976280434312665868e-01
-9.638646378293878048e-01
-3.004017550001271061e-02
-1.370776616895364175e-01
9.517967869216141796e-01
-9.561524996339002547e-01
-9.750033162992246538e-01
7.548600961886980931e-01
-3.434663496529515858e-01
-7.595994075194841821e-01
9.930399074394705705e-01
-9.261796055548869866e-01
-2.821495106557943000e-01
5.591004685626008719e-01
-6.448064303986845713e-01
8.399236629341874094e-01
7.861120328372652732e-01
9.201402018381579229e-01
-9.960802042729208772e-01
-2.053824264615180806e-01
-2.016533745313278114e-01
-7.325352320280589247e-01
6.184604381754186253e-01
-9.837828941231154811e-01
8.352222229460081193e-01
-2.093463222762578235e-01
-5.931348244697473571e-02
-8.568327915325837374e-01
9.321973738192851355e-02
-8.192798072457438963e-01
4.456071762806384506e-01
6.624987687088784716e-01
2.523857483630398968e-01
-9.017303074832999643e-01
-2.200192425917204542e-01
-7.038719596182652083e-01
9.844209924526725608e-01
-9.558101482594593135e-01
-6.711860183541112912e-01
8.444680181268264529e-02
9.898692796010785111e-01
-9.818853452703976137e-01
1.078316016818827994e-01
9.631654308345540816e-01
6.436700408805795526e-01
-8.065436431817565310e-01
9.458817047332608308e-01
9.942433783920023860e-01
-8.947339803351631593e-01
9.969026228280519764e-01
-3.488280197117795134e-01
8.762499582189431369e-01
-1.447589594333966445e-01
8.268599260941553730e-01
-8.968011355457109479e-01
5.073700557851522630e-01
-9.274223342030055717e-01
1.193903690231847003e-01
9.696905992629942239e-02
-9.992104899253277939e-01
-6.587597722980226278e-01
7.862391621818420884e-01
-6.511558658862871829e-02
-9.535482248603021072e-01
7.092664796212232448e-01
9.998849573205913499e-01
4.054061469989044264e-01
9.941447877251874399e-01
-6.116324316010623985e-01
4.988218937608601862e-03
2.978313294086267216e-01
-1.613410152152694454e-01
-9.119348040192603033e-01
-5.893351833321279765e-01
7.745511406267089477e-03
-5.748666967634062930e-01
-4.387926522835367549e-01
-9.181885607088042800e-01
3.212120905155014250e-01
9.614054872657424866e-01
-8.564706035543429019e-01
-2.139808475592335502e-01
-9.893885691037449526e-01
-9.575835913881104444e-01
-5.488237643927232901e-01
-9.045252323073134093e-01
-5.312466350307547547e-01
8.335794516449380742e-01
-9.735299035072179086e-01
-9.900082523149217328e-01
3.610749627108091331e-01
-9.894254156742198214e-01
-8.838294786744355092e-02
5.678699178325375962e-01
5.807509947411081397e-01
9.500661619806022307e-01
-2.992463149761039332e-01
9.152640202261944635e-01
9.284503807485291471e-01
9.815698182580263886e-02
-6.772325057081711730e-01
9.814862950488799642e-01
7.766606110497165094e-01
3.807321702343294811e-01
-5.271126331001819709e-01
9.964353288502281192e-01
7.786143883871977645e-01
-8.414302766301474668e-01
6.479851503298521553e-01
-9.770395658134910510e-01
8.458316964380049319e-01
4.262784841505911498e-02
-1.850223623471684235e-03
8.997253237486783073e-01
4.424611733665237412e-01
1.636948344566217239e-01
-3.228350709035568977e-01
-1.420550749493938725e-01
2.017547264403686258e-01
3.487773484273572477e-01
9.817879602513678028e-02
2.425511802078305357e-01
-4.221180550717443247e-02
-8.197924487280209283e-01
-7.492614202692201575e-01
3.551677645826247787e-01
-5.501886707484009431e-01
6.991186626002443560e-01
1.502892392152365975e-01
-4.582456886923194639e-02
9.039544267050706461e-01
7.081371450646350985e-01
6.913451903987574143e-01
-1.418989502595988106e-01
-9.975608224247192179e-01
-8.405960962317535756e-01
9.598359964786521425e-01
9.892478675771230190e-01
-2.501472080237286955e-01
8.727685493924592919e-01
9.851334002676596091e-01
-8.922596375428698545e-01
8.860766793499020855e-01
9.967777681992366912e-01
9.995419406996602918e-01
7.158981288419563604e-01
8.050974657201078744e-01
-9.328586858067569043e-01
9.899822913384800360e-01
9.448222050391958948e-01
1.286449332940072798e-01
-5.266967182713108014e-02
3.676279284099598366e-01
-2.346636990571907000e-01
-5.713160348378513165e-01
5.205203697621116898e-01
-3.995005112411830761e-01
-9.794177455603889637e-01
-9.278406428512372406e-01
-9.701767627158184304e-01
-3.902985992536947557e-01
-5.490762077713550182e-01
-4.078718454150932482e-01
5.211744695120439363e-01
9.051507500341985368e-01
-1.399233862792948480e-01
9.956734367714660250e-01
-8.454175824138450146e-01
-3.705275145407609383e-01
-7.175795024163292846e-01
4.182702417817208973e-01
-5.752583085178346600e-01
6.176386065912736756e-01
-5.348174896348470986e-01
-1.297876402640805484e-02
-3.378684060115561688e-02
-1.669290274296944820e-01
-9.493687691171652787e-01
-8.832011740010740075e-01
-3.481253149264854629e-01
-6.555189893526279510e-02
-4.382071151465275483e-01
-7.819605887869309768e-01
-2.335646173165545902e-01
6.527946608237584769e-01
-3.725703231006229355e-01
-9.003854884002452375e-01
5.442257663708739424e-01
-8.992644196561214720e-01
9.949091662432669736e-01
8.278760225394614647e-01
-6.165485982141091226e-01
-9.090975128212080980e-01
7.874945212498402070e-01
-7.954027071993088338e-01
8.936946188715100270e-01
9.856300474900137054e-01
4.472271425381563192e-03
-8.306832215600004066e-01
9.712800041520842642e-01
9.327164120007163106e-01
-3.242452014154451057e-01
9.938644662634743554e-01
9.979474896706025389e-01
-4.226396766222077078e-02
-5.464273520344725688e-01
7.407352811401911596e-01
6.507652474763756523e-01
-8.123328259401000340e-01
-8.530796435424757851e-01
8.954630309229220098e-01
3.327882229744171805e-01
-4.176320513562040149e-01
8.282007886612977599e-01
6.332644568985170697e-01
-8.466980476518807253e-01
-3.185654135023290867e-01
-3.107264723909213266e-01
-6.707330710533788709e-01
3.817537408447376768e-01
-2.692275782193050970e-01
-4.962468083928630036e-01
9.656026750944811665e-01
1.312439100684093807e-01
-9.732659798627552039e-01
9.343694599906657849e-01
-3.477716878395083477e-01
9.895434027088004791e-01
9.964508823974436158e-01
-9.964383365484249522e-01
6.919931300935608931e-01
7.484957459489620657e-01
-8.086509133673282224e-02
1.081576254738366577e-01
9.837368395032126678e-01
-7.974195090275396636e-01
9.558450780917143730e-01
-3.213552355274968964e-01
6.425658893223619439e-02
-7.206563937682082255e-01
7.311901308505994179e-02
-9.999460025286429632e-01
3.590638762329008138e-01
-7.410926842818414684e-02
-9.998215276085162806e-01
6.806144259399077301e-01
-7.218777374001487772e-03
6.798674086790233995e-01
7.284830543066548314e-01
-6.101886115647033038e-02
6.555876450495188301e-01
2.380917591352312290e-01
5.481525171717051004e-01
-8.240308492326599010e-01
9.235164120856610426e-01
-3.734597714578896666e-01
-9.932200059236165890e-01
9.721531614303340341e-01
-1.740601414113604473e-01
-6.698080294196521178e-01
-9.257197176999508725e-01
9.959743644430660847e-01
-1.829256685251033909e-01
1.854338732198289597e-01
9.497984214416163029e-01
4.934524108342914217e-01
3.811850932056391472e-01
-9.241865324107058077e-01
-9.443416608937442724e-01
8.195350259946319049e-01
-1.555713238859852965e-01
4.340655461839265095e-01
9.811562776266200547e-01
-4.378334707271004378e-01
-2.191956322978866334e-01
-8.322290321538993174e-01
-2.527104856059819715e-01
-9.756062462056677154e-01
5.317510226606457779e-01
6.998561071656609345e-01
4.494372636821343525e-02
-5.473799923082797170e-01
8.574219899392123700e-01
-8.037283596049716872e-01
-9.597760568729718500e-01
-9.193323866769792518e-01
-5.010486218562848482e-01
9.725396772878457385e-01
4.704385180680616396e-01
7.459529473818437006e-01
4.979684413085561645e-01
-4.224440425525738396e-01
7.697175560705608877e-02
-4.876754969496790437e-01
2.738070525403503708e-01
-8.159817985123823947e-01
-3.524128200533986344e-01
-4.089892024237176127e-01
6.268432937105384850e-01
9.334402489042126216e-01
9.988032625836693601e-01
1.665327493312703244e-01
7.010655982963563682e-02
7.925230274512461426e-01
-9.906038537771256758e-01
-9.497650558668129239e-01
1.878465534347870114e-01
9.419444792141316025e-01
-6.602880346747656837e-02
7.197620823067324425e-02
1.697373565265681838e-01
-2.839546511838013654e-01
-8.301095411353212050e-01
8.139846442837966878e-01
-8.268265068958449149e-01
-9.260291634994859411e-01
6.583499322515971031e-01
9.960853387380083079e-01
-9.886806915412165164e-01
9.220202075817089948e-01
-9.337652059468297683e-01
-9.310502477332061044e-01
8.746917223445186407e-01
-4.390191056183438689e-02
6.018423887548136619e-01
8.424056199983919191e-01
9.786457176357216126e-01
9.011394897837023965e-01
1.171183034461887734e-01
7.978948674726243917e-01
7.504706170765882423e-01
2.798422251776954695e-01
2.513832947004764895e-01
8.871790585807414198e-01
-3.548857466331937355e-02
-1.704685854531927669e-01
-9.965853404567782681e-01
2.218916835498408457e-01
2.262002951127070616e-01
8.927563641392516347e-01
6.997008968661989625e-01
-3.380293727570130580e-01
-9.351952674044297087e-01
-8.456484422315039273e-01
-6.067703944678145556e-01
5.739809337437860870e-02
9.559290330718303030e-01
-5.229934017578827810e-01
-9.199551296346540896e-01
8.587933518914406816e-01
-4.558968044084975024e-01
6.277775285938583805e-01
9.197662142645556260e-01
-6.731092614191352963e-01
-9.735797267310333236e-01
-6.039562306221741596e-03
9.516075525534303248e-01
8.399026858791039940e-01
9.369045740285276980e-02
9.567035905316468858e-01
1.334196631467083338e-01
-8.761955269756537268e-01
9.622261063643738899e-01
5.438181095110712626e-02
1.576740343864218019e-01
6.472175728627534985e-01
5.286567639809014452e-01
3.255016520337361552e-01
-9.996149844741988311e-01
8.555990714569579048e-01
3.539996466902109451e-01
6.010190413619918015e-01
9.721179218172951719e-01
-9.472068265784940877e-01
9.883269895887423218e-01
-6.258955635272133167e-01
-9.799593386137883666e-01
9.221188374380895336e-02
-1.826928484588246360e-01
9.977819886318592957e-01
4.019457418384130010e-02
9.569204461828318964e-01
9.491063191751283323e-01
3.782552520261721618e-01
7.065338664951761327e-01
9.906807671830613060e-01
-5.797012269019834463e-01
8.469435521915080756e-01
-5.488799283830309017e-01
8.254152484055421457e-01
-9.785843927436897738e-02
-9.130928004055426372e-01
4.426341959484674793e-01
-9.996043458261553161e-01
-3.823663147974716292e-01
7.591885924641783578e-01
-9.820958682561516939e-01
8.357607751073033997e-01
-9.060040736457877220e-01
9.192423340797897247e-01
8.734960700449109217e-01
-3.445595490979155295e-01
-9.803926691882541844e-01
-6.363249887156047224e-01
1.959858436166155571e-01
-2.580846078661325760e-01
4.809025539549353079e-01
8.728274959858320914e-01
-4.912758132841423819e-01
9.971208462677848550e-01
2.598556680687068021e-01
4.986667283097226400e-01
8.634011826295054925e-01
7.542454145335740490e-02
-1.899043529286570942e-01
-7.543696329130025191e-01
-6.444195016315400482e-01
9.980883076208002525e-01
9.464919721462882185e-01
-1.872791807223815608e-02
-2.331093922534445972e-01
2.153317512910827847e-01
-1.429150262443094899e-01
8.714368662115882236e-01
-1.517556066245726205e-02
-4.364655452245146949e-01
-5.489889197557085848e-02
7.937923123783937607e-01
3.370460922852052676e-01
-5.379684591616861189e-01
7.969742719108587892e-01
-9.130421777698849439e-01
9.905349431571774943e-01
2.932963163416684726e-01
5.162014807891468493e-01
-9.449203836549500135e-01
7.888265192863184172e-01
3.429167167296914842e-01
9.990754551933336280e-01
3.285332136836042194e-01
-2.369330480223112989e-01
9.974383670144716385e-01
-8.711973967665618268e-01
9.765801232181021696e-01
-9.280987087489261933e-01
7.312167756967224985e-01
-9.998695018090326680e-01
-5.347836571446040743e-01
9.595605311537755977e-01
-7.349732906877983751e-01
-9.763479563517896143e-01
-6.715588097862233985e-01
-4.117365483877241106e-01
-9.742096069619490262e-01
4.755425749697887450e-01
-9.983111423836529275e-01
6.153609045321796200e-01
9.034545645698104366e-01
8.656148528662737096e-01
9.927548352538453358e-01
-2.370641458225443421e-01
-8.834978263977699697e-01
9.982433448968858203e-01
-8.513853147072355521e-01
-6.390245322025419616e-01
8.744934807906115104e-01
-5.430006306478256661e-01
-3.101853180559605017e-01
6.487059688972450777e-01
1.226553819933188377e-01
-7.732196251104035412e-01
-4.456561952327022791e-01
9.608558763557895066e-01
-6.885321867952546304e-01
-6.157013013719637717e-01
-6.955749991949085054e-01
-7.131193350562218258e-01
-5.665098104372005006e-01
7.040423131959289149e-01
1.870389411704009852e-01
8.695265125828607333e-01
-1.894614446488481208e-01
9.955198959057461883e-01
2.251503936237323270e-02
7.722323273543535427e-02
5.283888776976513463e-02
-1.065164936320392858e-01
8.152343869179458080e-01
6.515296273656125958e-01
-9.702083684637241578e-01
8.596217371096663840e-01
6.843324252563767751e-02
1.074317173464039987e-01
-6.680299608423961866e-01
-9.572471298517761795e-01
-9.502516060116840135e-01
7.160354240781328095e-01
8.287137724697885011e-01
6.907259096011353350e-02
8.645693023536192845e-01
9.425975387541165595e-01
3.208018364625109253e-01
-9.772383237535249290e-01
6.664849781119632777e-01
-1.975654997413144043e-01
-4.938049391394693233e-01
-9.752609871278558051e-01
-1.874562158505580223e-01
4.362101957085540715e-01
5.042484813109976427e-01
-3.465941861513462396e-01
-7.406148877907612338e-01
-2.481427413009449079e-01
5.388248103970916247e-01
9.093966475163453023e-01
-9.951103880540603797e-01
4.050959248435908600e-01
9.587410184686951942e-01
-2.552105308018807334e-03
6.605439500842867906e-01
-5.984661952923547856e-01
-5.507509760286518619e-01
1.649409439893924079e-01
8.433688689900723512e-01
5.865644514709658086e-01
1.358501720241410693e-01
-3.957352078743310853e-01
-6.407002407154563928e-01
6.753047983644893115e-01
5.966042550638557262e-01
9.115488385312765507e-01
8.945837132653855495e-01
-6.510626750913945937e-01
1.923414919948372992e-01
-2.745237479758312338e-01
9.747887011809740487e-01
5.316975779178183537e-01
-9.153618843598448906e-01
-3.868889480462234798e-01
-9.947792377107502748e-01
-9.936850656344230481e-01
-2.773649122030417691e-01
4.699510716563710111e-01
-8.724293523018945562e-01
-1.143220645141728720e-01
-9.999822635015892525e-01
-1.733306551598683687e-01
-4.091287762750917545e-01
-9.917373198925967248e-01
-9.525387659554529485e-01
-9.933075405583897677e-01
-1.447738138739474156e-01
7.920340789767451595e-01
1.423617649633132642e-01
-9.972685750062678656e-01
7.863219119622787412e-01
9.990287188669209062e-01
-5.349035370672965417e-01
-9.997775352046318620e-01
4.418827765758791548e-01
1.291521914955752193e-01
2.996234934421831975e-01
-9.955807840420463073e-01
-6.246692814025036622e-01
-3.973581661462336490e-01
-3.836655598763056285e-01
1.697848160261997974e-01
-5.307280469734729778e-01
-4.688101804663397099e-01
7.087888367424789449e-01
9.979696246866524012e-01
5.722991312612386583e-01
-9.748032936165628159e-01
8.948018152724168672e-01
-5.562777750211516103e-01
-7.164011756114745388e-01
-6.562846992788479161e-01
-2.990181529431827356e-01
8.897241970667925104e-01
5.649082350876848402e-01
7.647034386667113104e-01
-9.626747407081730490e-01
3.680179211510746784e-01
-9.443459485197429615e-01
9.970750750173447141e-01
6.880121447704458104e-01
2.983496580553828825e-01
8.831572035219219519e-01
2.598019710451635045e-01
-8.129696004076567561e-01
9.107821029568178295e-01
-5.268673580117505528e-01
-6.312003064527881291e-01
8.782608419367595731e-01
-7.788252820091329243e-01
-5.573879151374224739e-01
6.696079319548601250e-01
1.467135592119158706e-02
-2.967016957855816428e-01
-9.857351469592129378e-01
-6.279256697542314747e-01
-3.269420505823114609e-01
-4.451696157018817379e-01
9.301940695982233720e-01
-8.661886698719682975e-01
-9.207932092852298966e-01
-9.999922935383525058e-01
8.834364854632948960e-01
-3.936818281854310153e-01
-9.998878234408624666e-01
-9.951384939517975425e-01
9.093769610149770033e-01
9.367971372971526378e-01
9.280575807872499805e-01
-2.302827757303516909e-01
-8.284667655697752764e-01
-1.541610925255595399e-01
7.652963149456535330e-01
-3.890281602558412488e-01
-8.608074431687124939e-01
-9.875117720542587740e-01
9.554887090446161357e-01
9.601732513561399562e-01
9.733922288182440541e-01
-9.571200934266540505e-01
3.691590155754428948e-01
-1.860837353494896804e-02
6.952128934543249095e-01
-7.598237909479207408e-01
-9.430081944194930177e-01
5.162635169765358301e-01
7.831027487224011541e-01
-9.268874854648488926e-01
9.596751198729981391e-01
-9.995907586868443273e-01
-3.437323674336695278e-01
8.688725507942383075e-01
7.840485261497358582e-01
-5.624246975680252669e-01
2.481091767855955477e-01
4.333650870328218940e-01
-9.274567548143509699e-01
9.991026553548101319e-01
-9.992082406934043037e-01
-5.026668839456210902e-01
4.951870645535675353e-01
9.184712434707422712e-01
-8.252324362875086694e-02
8.546789345884230338e-01
-9.914142072526795912e-01
-6.753414234171554176e-01
2.428438690040075258e-04
9.770422799385541923e-01
6.492162302396249640e-02
7.759288769560084287e-01
-5.286728284313340076e-01
5.851310505565693321e-01
-1.240065206761996330e-01
9.944558870012328855e-01
-9.479337525373947582e-01
2.591821402451516265e-01
-9.168941384545977735e-01
6.466117532566667547e-01
-4.160483467944538910e-02
-9.838938570326607458e-01
-8.996851276500621442e-01
7.822035821838890790e-01
-9.360956497501821127e-01
-5.776285004845280735e-01
-9.779339966190484512e-01
3.225452279839410297e-01
9.676468260324945503e-02
9.937086213700452308e-01
8.579560105000393344e-01
-9.999286182680207080e-01
9.682068969016190962e-01
5.404368090572696515e-01
-9.006200046022452277e-01
7.686358650399053305e-01
-3.146065066152753942e-01
-5.437787427168255805e-01
-9.449674340244228476e-01
-7.959012507173545137e-01
4.432616231951391206e-01
8.610794795466963913e-01
-3.237118720678223149e-01
-9.031662820044441542e-01
3.940046401153413091e-01
1.087190912298762260e-02
2.115236655207666239e-01
-9.981662166939060388e-01
9.959677120432421926e-01
-5.391075862599250534e-01
9.999923632665802531e-01
8.148124409506769528e-01
-6.737746301898237533e-01
6.113891801476385446e-01
9.999224123985848145e-01
-4.752281593570182316e-01
8.133237746911821109e-01
3.782704693875233448e-01
-5.901353693173312376e-01
-2.149156823453009790e-01
-3.124583045605418552e-01
-9.490544888633446474e-01
-8.831842878304271283e-01
-9.996949240943889814e-01
-1.176715116773957015e-01
-5.924154975966157144e-01
-8.520682961636896202e-01
-9.942128130314304979e-01
-7.631966537558555752e-02
2.251261635637179237e-02
-5.787637341534823676e-01
-9.943844597803060958e-01
-8.429353074133532076e-01
-1.668128001785050898e-02
-9.386683277721001861e-01
4.059630359496145813e-01
-9.981875121132894879e-01
9.866458492515969292e-01
-9.994015040044397225e-01
-9.875633326908090925e-01
-3.335960520329657175e-01
2.189155267625476214e-02
-9.871155112911345064e-02
-9.911858498636207937e-01
1.665257401977543184e-01
-8.958453164491143594e-01
-5.595734956990786602e-01
-9.805369143286448708e-01
1.951831553453285961e-01
6.504647335661994934e-01
4.595918894391597953e-01
6.342139583991991403e-01
3.415714192197828458e-01
9.875447698075259240e-01
-2.212396053096748749e-01
7.347442456775510333e-01
5.953756598740949091e-01
-5.708968182201386021e-01
7.244344747910380633e-01
9.847271016162448820e-01
7.473082538486898185e-01
2.235072714586894549e-01
9.798787155966532936e-01
-4.650735719971942350e-01
4.761683497354494143e-01
-9.417728030502641179e-01
9.407035415326219230e-01
-9.746504030897055193e-01
9.385649326280146587e-01
-6.417732064772889711e-01
-4.933120197435826859e-01
2.133243121810754761e-01
9.973451546569664927e-01
9.558536991958530571e-01
9.095561939010270158e-02
-9.952456178045909763e-02
-7.429045323800329559e-01
-8.534538196491753270e-01
-7.888443716384829774e-01
-8.868204144487220608e-01
-9.998981734480097971e-01
9.875513455685862585e-01
-1.782404749919883347e-01
-9.996943650023726313e-01
-3.523654012389130369e-02
-8.646948763003968752e-01
-6.877231142960119614e-01
6.363389309836808838e-01
5.465865923160605488e-01
-9.786709549774439409e-01
3.824408457793608829e-01
9.777881065904070468e-01
-9.558319844903845341e-01
-5.334499521000873878e-01
7.216982945536097871e-01
1.612969831051655756e-01
2.749417407622137821e-01
-8.841991031664412359e-01
-8.232986106502091506e-01
-8.489014089409645525e-01
-8.791648535002575260e-01
4.499082189561619954e-02
-8.397104668940736927e-01
8.553449877536147827e-01
5.276663737095754758e-01
-9.044582933300769900e-01
6.648840046717502394e-01
3.483257760625950161e-01
7.971565087426446539e-01
8.875669366696090634e-01
-6.101392770506806063e-01
5.861664349372440741e-01
-9.925033689469995313e-01
-6.251286148011250265e-01
-1.252831826739067844e-01
7.365638925303844564e-01
-9.684091061601949324e-01
-5.208631854711420761e-01
-9.134304846772629549e-01
3.724963629300424017e-01
-7.499509316301196105e-01
5.701099532057365415e-01
-5.570194560153993724e-01
-8.139612986923044913e-01
1.926750149077269270e-01
2.251449530858737058e-01
-9.403605223602342633e-01
5.764622956500211615e-01
6.673620639640518437e-01
9.102112204425795161e-01
9.184359450339945052e-01
3.026135108149750619e-01
8.384113431223261248e-01
-9.871818832039812586e-01
5.589627274426000048e-01
3.206208252054787433e-01
-5.320859533936409536e-01
5.375976662642500958e-02
5.978551892742074436e-01
-9.536491252460110868e-01
3.823016794241679839e-01
3.176294716879238811e-01
-7.196404531319905429e-01
-3.841235313044388255e-01
4.000741823060776081e-01
-9.998734673770761638e-01
9.748234968684253987e-01
-3.527760120765471852e-01
1.405733145832216979e-01
6.285591175566128674e-01
6.298634498389353853e-01
9.810108845655889365e-01
-9.842988292825842755e-01
-5.996908378020884278e-01
4.965512125602735138e-01
1.315039744728059012e-01
7.075767097985535825e-01
-9.988767855737520351e-01
-7.344186766500344632e-01
9.921362471550909667e-01
9.716486614244730369e-01
-2.831105001933347243e-01
7.884989035118749046e-01
-5.108831679827043892e-01
-9.675632499755366656e-01
7.354167761229924993e-01
-3.969017577417278120e-01
9.112020713304131991e-01
-5.699637697229084088e-01
-9.033750647734409833e-01
-8.342701109239869517e-01
9.872037997553958499e-01
2.203492221213187441e-01
9.679597453931687578e-01
8.321499943990721959e-02
6.610415758822117960e-01
1.400787655881366445e-01
8.740538745736011750e-01
9.454547589843861344e-01
9.927413688460012819e-01
-9.713762811212587334e-01
-9.940977924773573005e-01
-9.905402998612623522e-01
-8.985486994051107290e-01
9.923332279155339108e-01
-7.510724527660377348e-01
-7.395811017853748393e-01
-6.351288128291067425e-02
-2.938816661834526278e-01
5.808882415673369826e-01
5.545372195267214005e-02
-6.319774280255688326e-02
-9.313325856666706537e-01
-5.071646853188452875e-01
-9.961114035682901990e-01
-8.274185995171799979e-01
8.277581627522534458e-01
-3.960789701251533623e-01
8.031831334040492321e-01
9.919285223431353327e-01
-9.860236338096171060e-01
7.659885753136832509e-01
-1.381967423956945995e-01
9.894994488530265420e-01
7.178070256200895782e-01
-9.999624986331907550e-01
-7.198384586782803629e-02
-9.509153273284843833e-01
-9.777020413788211073e-01
-9.993478271074819341e-01
-2.328457653026991536e-01
-9.657002022400927865e-01
5.037472188217549940e-01
-4.693795122719272017e-01
-9.948098870193506915e-01
9.335107359276590966e-01
4.937481130069912294e-01
-8.258587685601915807e-01
-5.916808591613421653e-01
-5.367411199039131553e-01
3.354366024233290111e-01
-9.506877809443375904e-01
-5.235876047569202330e-01
9.948299230758481659e-01
-2.482055133224261578e-01
7.991085194636806666e-01
-2.536551381521233162e-01
8.800901771389811890e-01
-9.652415105061415979e-01
-4.047713339758706730e-01
5.422541490376159290e-01
7.557636383551959991e-01
9.933705818588989267e-01
8.639818345314390635e-01
-7.930715749396856085e-01
-3.536465624624571813e-01
-2.318439388126056488e-01
5.399501859255428915e-01
2.331387084797279241e-01
6.665565059125670988e-01
1.580305599115494619e-01
-8.361873733229601147e-01
9.999130271406003745e-01
2.798733233999631254e-01
9.028572658467540757e-01
9.671850814419474807e-01
5.433928770021755339e-01
9.300799372674798393e-01
-4.744859489882004011e-01
9.937661784751254945e-01
-9.994900548748711921e-01
9.688514600641375818e-01
9.997433831588151687e-01
7.282566663873487611e-01
6.465253768094717524e-01
-2.169639318412044937e-01
-1.032001351303011988e-01
-9.941691139499321261e-01
-3.126439838624029410e-01
4.178598687354709851e-01
-5.275380435979664107e-01
-4.357707819280736139e-01
9.959958832331118339e-01
6.368598045866294965e-01
-5.646947468801881698e-01
-2.890749295783673345e-02
-6.993582299154625925e-01
1.801965031838920761e-01
7.933407517121813246e-01
-4.195584066712167437e-01
4.436905553757982124e-01
8.669695661527871966e-01
-8.464106554560250073e-01
-5.276283125005344354e-01
-6.244710269202774500e-01
-7.980627894833083324e-01
7.025166040898044306e-01
-9.144069517905065725e-01
9.980636851750012140e-01
8.250251046136244382e-01
3.889545937752079685e-01
-4.403141346425690217e-01
-5.580612126686914642e-01
9.663877649847485429e-01
-2.351953468810434600e-01
1.486642745451647596e-01
-8.253315138795052075e-01
-4.526817899967647829e-01
-4.084608969538990331e-01
-6.116989761827311689e-01
9.867084303021014247e-01
-2.034984735183178461e-01
-3.526906354290175183e-01
-9.532061941852907339e-01
9.988588134934318630e-01
-8.740179166289816504e-01
7.552075492367393839e-01
2.020796272098372426e-01
9.822785343353396259e-01
-9.471543259994013031e-01
-3.441431197305034329e-01
5.738018759382527145e-01
9.995604003289447759e-01
-9.158428377162041167e-01
8.102796085111219071e-01
-4.321062089890347901e-01
-9.172943905980310841e-01
8.523350234685832250e-02
9.731197742690121943e-01
-8.300090196784097873e-01
-9.858774153514138217e-01
-9.225718954128784288e-01
1.003433214609659313e-01
9.830321860673887358e-01
-8.077125234428932377e-01
-8.361965949850027613e-01
9.448762298571338203e-01
-7.026019034267922958e-01
1.040664969903184606e-01
-6.892719799413989934e-01
9.904369704890584325e-01
9.595761223786987149e-01
-3.285143614746643403e-01
-2.954858941875721512e-01
5.786133433332069087e-01
-4.481681460400356309e-01
-9.578275413540686678e-01
-6.445507038349032047e-01
-5.924922790912883208e-01
3.970351822445123413e-01
-8.309101181592821669e-03
8.580477247342065406e-01
9.861822472911770943e-01
6.675815726202721789e-01
9.778756373996329021e-01
7.220061459544094840e-01
-6.577714150326152698e-01
-9.829904443827603977e-01
8.911514889298707276e-01
6.673875141799545663e-01
-7.847418237968090127e-01
-9.863415806005770836e-01
8.107457044971720650e-02
-6.930393375035639458e-01
7.262729073987937989e-01
1.833336446055005009e-01
-5.928692163581594787e-01
7.031888483736249418e-01
4.512014716678444115e-01
7.418319575139414868e-01
5.353780879442138207e-01
9.560460355185901316e-03
6.786427884543049238e-01
1.192077727846237445e-01
-9.945704294206513252e-01
-8.381631412023873295e-01
9.952704378323575796e-01
-9.626156654512717514e-01
-9.988856753892334517e-01
-1.632248689362134630e-01
-8.913024619761675815e-01
-2.978634667057905583e-01
-9.999991984389136057e-01
-8.159065492013044540e-01
-5.324467025951349353e-01
-8.222773037735763360e-03
-8.201610613802674532e-01
-5.060811008431955749e-01
9.250028151685982247e-02
9.157358854247070745e-01
7.609634218417345997e-01
5.514463586465960798e-01
-5.606076419962178203e-01
9.123442286638158150e-01
1.229284862702362952e-01
4.032716169856570554e-02
9.934276032238069654e-01
-1.454622433550520066e-01
9.593978379113712318e-01
-9.045995843540098891e-01
-9.908521692308686069e-01
5.080103117912909694e-01
4.044369641391615811e-01
3.654086374308602725e-01
-3.500765425684958521e-01
-9.982966110308164609e-01
-7.070624728537465709e-01
5.460323265465820697e-01
1.080074617230327438e-01
3.589577643032937360e-01
3.204749517661122371e-01
-5.309462847469199609e-01
9.557356513414972943e-01
-7.428550582609765307e-01
-8.626023635730753480e-02
-9.183876451349228809e-01
1.585918613108018849e-01
-9.610632004012052976e-01
9.960333425291419962e-01
-9.374775420487081456e-01
-1.388602645749857367e-01
3.202409207141316272e-01
5.094691469840364334e-02
9.931102372880661333e-01
9.586792975245905790e-01
9.540730528464149707e-01
-7.295416952482371986e-01
7.453810337628901106e-01
6.774444333805872409e-01
-8.759983284541209558e-01
2.424010270841689130e-01
-6.343421622388979442e-01
9.739764873834361181e-01
-3.326098886393936138e-01
9.730773866846369469e-01
3.314919273028337221e-01
7.123628269475364982e-01
9.204911733937322094e-01
-4.192244198399244781e-01
7.822347304468476592e-01
3.476894487738776407e-01
2.951108293584314701e-01
-6.921878481568759511e-01
8.797023860853464550e-01
-9.221903178517054656e-02
9.999977618507488453e-01
-9.142541531592573989e-01
4.048893340691317455e-01
-9.246892244488364998e-01
-6.827559842737731532e-01
-9.111917526631740927e-02
8.483974795031007377e-01
8.070438660717174084e-01
-6.015460300953685557e-01
9.470112811130085850e-01
-5.953970810526160173e-01
-2.820693486981484255e-01
-7.570847205587191153e-01
7.605768118828742930e-01
8.967805706592228976e-01
-7.040042924328140383e-01
-9.978334934483220620e-01
7.687329076109348236e-01
-9.139897200669908628e-01
7.605856125256891254e-01
7.747921045846388743e-01
9.031828229686692522e-01
-9.347099865584643785e-01
-9.998865533336328548e-01
6.686227650869024375e-01
6.451436992971956719e-02
7.580512458266350229e-02
9.844730767782902126e-01
-5.568928121278302612e-01
-8.350877351930738879e-01
9.912078188957252900e-01
4.170879202475203940e-01
6.155417259009617892e-01
1.686003538711582650e-01
-9.868008339016333119e-01
9.944258379739355780e-01
7.895355467339657540e-01
-6.937781359725155861e-01
-9.938998268401083580e-01
-6.679913343208127019e-01
7.637835322451262954e-01
-9.372005161070332546e-01
-4.397406093797855409e-01
-1.385185628588885554e-01
6.590965375715279739e-01
-9.740630829075900277e-01
-9.795370238853536859e-01
-9.975916662706523219e-01
8.009752944246405215e-02
-5.018648511179293337e-01
-1.536100525492589963e-01
-8.698308512006650561e-01
6.228322200308145096e-01
-9.990409224619705153e-01
9.736079379646366272e-01
-6.104797432717657957e-01
7.507717965435704022e-01
9.613563800263295045e-01
9.763337073900685281e-01
-7.231887216394092821e-01
6.080136033137655271e-01
-1.940883088480469254e-01
-9.890033359595052920e-01
-2.170776252993625588e-01
-6.272051828586077127e-01
5.856444440448393962e-01
8.036225630375470885e-01
-7.591994831045680847e-01
9.018757688151601837e-01
-5.541646352697831013e-01
-4.197385842432740932e-01
5.893475263457346180e-01
1.952403391539931088e-01
-9.326995743912037673e-01
-7.961844827307079653e-01
4.009046476437064799e-01
9.312563114467199005e-03
-5.113467868870792167e-03
5.372108950310736653e-01
7.657990948913504514e-01
9.964421551906308405e-01
-9.997299266135428741e-01
4.013755081421125914e-01
8.716920266332830458e-01
5.544389198075648784e-01
-3.991065309841358988e-01
-7.441782487155532699e-01
-9.962985473091593436e-01
2.645378294590868262e-01
6.652044406724315628e-01
-2.346455067058672572e-01
-9.815774568605764028e-01
-7.156138843183963427e-01
7.616197461335635355e-01
9.568548400077415694e-01
9.969153734620319618e-01
-8.346972414608153645e-01
8.166987911823302415e-01
8.903148905532082269e-01
-1.614497426343042830e-01
-2.005692615045872873e-01
-9.345777631621354775e-01
8.865954836436948927e-01
-5.065000290998129540e-01
9.687768538009502439e-01
3.205312684822895775e-01
-8.755276510041765103e-01
8.120827089459108361e-01
4.685229395777617545e-01
-7.632624420166874701e-01
-8.720067525561191468e-01
1.557029690203602379e-01
9.985115782802487239e-01
-4.331003262995622438e-01
-8.727534970977163242e-01
9.757485325567533119e-01
-3.065903425941112204e-01
9.988398418745212393e-01
-9.580170889461117056e-01
-8.666807078318236046e-01
6.045856848483965873e-01
5.862959520604243968e-01
-8.542888346480644879e-01
-9.963885377213569372e-01
-9.301076721327488084e-01
5.600545627815126659e-01
1.800136856882735559e-01
9.151191644159720751e-01
-8.581540679841704877e-01
1.998628063582564424e-02
-5.658089296659751799e-01
4.675376451521128796e-01
-6.044638953590788510e-01
8.676122978572832212e-01
4.821242446285607941e-01
-8.324300252967318237e-01
6.874042787694304435e-01
5.500334081801510067e-01
3.410540407130034923e-01
-4.835576503569415374e-01
7.762561959474781892e-01
9.493097284159878191e-01
-3.000233977588397383e-01
-9.994000367709682253e-01
-5.211714437010284140e-01
-3.169962914354131356e-01
9.830175830302489981e-01
-9.578640032435259410e-01
-7.058118827969638298e-01
-9.920023052870008407e-01
4.505638460291107594e-01
5.829832201017249860e-01
1.568411649400843766e-01
-3.795187291794296369e-01
-3.693282448134377893e-01
6.700017069083662180e-02
-4.402877284037832184e-01
3.264182399886614294e-02
2.204886098731103083e-01
-6.940742412799095762e-01
8.976576375555985754e-01
6.428261482335597687e-01
-7.469380612410589926e-01
3.242758152362294477e-01
-3.118114167235521705e-01
-8.869826187585401200e-01
1.922498501645919788e-01
9.795445160969900034e-01
-4.254139532787680200e-01
-3.595891671513926635e-01
-9.492517642836119096e-01
6.717944317684629851e-01
9.796046432415959071e-01
8.628861185989608051e-01
-9.405259560260715856e-01
-9.229592517651856731e-01
-5.401497640465755534e-01
-7.313665818865412449e-01
9.960536032429143649e-01
-5.381894002262355148e-01
-8.441265996217351963e-01
3.513044248822127513e-01
3.565791274620696005e-01
-3.196408763625843141e-01
7.090664581318625315e-01
6.050470767466149535e-01
9.997892523083075078e-01
-8.410423173847795253e-01
2.495197967161006392e-01
3.170374750161915056e-01
-1.437707684589715484e-01
6.644182918654513159e-01
-9.793525586357852974e-01
5.859400616193840561e-01
-9.763492207493921216e-01
-9.706195165984273787e-01
4.597711786028939041e-01
1.379580921886538469e-01
6.704928907622057510e-01
9.483546010608221444e-01
9.082172738811615798e-01
7.924726136637576523e-01
9.624426402456892626e-02
2.309397276229490648e-01
7.570245259234192892e-01
-6.869924523482091594e-01
9.028623541342475356e-01
-7.235592810040804013e-01
9.045807117118775942e-01
7.061029181994936677e-01
7.793177431995932380e-01
2.343792965287477270e-01
-5.420273853199936154e-01
9.023952922208525740e-01
-9.497931708860346545e-01
9.310289149133144093e-01
8.086548769430674799e-01
5.737699221870561361e-01
-4.405594736861064287e-01
3.228556329043735795e-01
5.269267912630970496e-01
3.869930762628043253e-02
-9.858388726885385367e-01
-8.980919638594632159e-01
9.885763114220795789e-01
-9.108574091142767060e-01
7.724884027784535423e-01
-9.610514673966825683e-01
1.296612128645265594e-01
-2.869780576998381960e-01
-9.031096680114663044e-01
6.769481985383494216e-01
-7.813768230982913732e-01
1.505243261971758728e-01
5.660540551613910676e-01
3.181505117676207139e-01
8.597928665490569555e-01
-1.322769088265320914e-01
2.086333804009166473e-02
-7.499240259859741853e-01
-1.946867353896882813e-01
-5.290447147439492070e-01
5.492243161272432062e-01
9.144769121877580620e-01
-9.666794196731842703e-01
7.305339773266380510e-01
6.668910665008999372e-02
-2.541389424702136801e-02
1.746665801953861674e-01
-8.986066541934935037e-01
-8.026303092820017415e-01
-9.901584802683413011e-01
-8.316938007448470005e-01
-9.641413223261766641e-01
-9.681996322090494766e-01
5.173619762397635435e-01
-5.715958798824796183e-01
8.490517161690432912e-01
-9.013089902277520160e-01
-6.369926637594441887e-01
-7.906150309270114640e-01
-9.924207933400326365e-01
-4.216969431023090964e-01
1.853668135193608235e-01
-2.505519927562323002e-01
9.925351598543201703e-01
6.762553093483201216e-01
9.782816921091850304e-01
-3.397929813338701477e-01
-4.892922228644989158e-01
-9.394851256768170789e-01
-6.460540044309680541e-01
-7.811782250611806200e-01
-8.772001860230572712e-01
-5.966294822113092922e-01
-8.967372065141027138e-01
9.801258007663644634e-01
1.165767919985552931e-01
-6.773056131352771514e-01
-9.999742655699159766e-01
3.973132533622243390e-01
3.615982101126045678e-01
2.998972727125114868e-01
8.648967336370886327e-01
8.064481873170236126e-01
-3.819699683432441484e-01
-8.732622824313709398e-01
5.944697556410862838e-01
7.228720315258543305e-01
-5.120212885042548789e-01
9.436135251221035025e-01
-2.788611310807836974e-01
9.611873373437703760e-01
-8.929284016264366075e-01
-2.477289397655015324e-01
-7.748655762746141651e-01
4.845184068778997100e-01
7.650426007338809176e-02
-6.718873163946166294e-01
-9.891603587820240184e-01
-6.697269669314080964e-01
4.488652897920157869e-01
9.971117159224410775e-01
-6.437943091144153751e-01
3.275945133555708266e-01
-4.562133754425781174e-01
-6.944546268729351324e-01
9.998223381672587395e-01
8.966632657942859019e-01
3.826229487444233190e-01
9.955852353363847662e-01
-9.256390970115433436e-01
9.178562329674342379e-01
-9.557781840651755623e-01
9.045931214626883043e-02
-2.625743793336482446e-01
-9.987639737782825211e-01
1.735285531506117543e-02
-3.745620686529955723e-01
8.783615878295716328e-01
-4.193755568851811888e-01
-3.679855324419083473e-01
7.086760181777764789e-01
8.419681297765584382e-01
-5.746627078414757728e-01
9.982675701217934572e-01
8.964758365421914288e-01
-6.191876863115273188e-01
8.152039252094025468e-01
-2.339057210130630338e-01
-9.140876547652684314e-01
-4.961796841745353404e-01
-9.468910339697944600e-01
-3.909496874732324434e-01
-8.313715039644203886e-01
-6.475155647434706341e-02
-7.358071822355197744e-01
-9.987515495433767487e-01
-4.111335397872856734e-01
-2.841276357525990837e-01
-9.726454792467902344e-01
-7.672247952874692301e-01
-2.377637613166653507e-01
-7.019909280442299115e-01
2.172460614417981439e-02
-4.974923643215839464e-02
9.314812813980354322e-01
5.953572528472763636e-01
3.749574096883552532e-02
-1.352510349568632753e-01
5.700643677755614647e-01
-8.361683550141063570e-01
9.423002967411310271e-01
-8.586892138540391795e-01
-4.501617845204465840e-01
-7.183437591504708841e-01
9.980379599180356776e-01
6.676007491697992791e-01
1.774532820030665370e-01
5.282540973486737901e-01
-3.411471250079662343e-01
6.045378540540239376e-01
-3.660502198108090410e-01
7.144353984686769854e-01
-6.148574840860463464e-01
-2.619189049060129393e-01
-4.871771960717484196e-01
-9.851568212458580165e-01
8.037618369673606988e-01
5.828791248959868110e-01
7.186224893200358066e-01
8.029487381220490327e-01
9.877853046474492915e-01
-9.996402057330501245e-01
9.968694057064398928e-01
9.599242130841600940e-01
-5.384835021473749483e-01
7.088845083339184727e-01
7.977130709098615435e-01
-4.312373831837070792e-01
-2.282894299594894483e-01
-6.417492482492127559e-01
6.609040159288741278e-02
-2.609120247292955885e-01
-6.513613140293024184e-01
9.379436863345961273e-01
9.580245595496201805e-01
2.531324517660638040e-01
-9.558422611091896837e-01
9.159794603629431986e-01
-4.729811166541326162e-01
-8.835544207728213140e-01
9.947017833557141309e-01
-4.539209203550577110e-01
9.998097710977069674e-01
8.651544714849309647e-01
-6.021262506567536255e-01
6.242422941074997622e-01
9.776875435553896709e-01
1.359184146400928828e-01
-9.753559709324056692e-01
-7.382115285272017324e-01
-7.038050670731630376e-01
2.684784373317798400e-01
-9.758289895217281407e-01
-6.387450444585497378e-01
-8.303815395496985108e-01
6.320838658738264781e-01
-3.686762703319442780e-01
7.873024042544396472e-01
-9.521126652796353396e-01
-6.340930246932474645e-01
-9.642060250694904910e-01
7.055564491664817472e-01
-7.726961695608166591e-01
-7.028960728812893022e-01
9.949447009047792667e-01
5.769580447787260313e-01
-9.682563259541978606e-01
-4.935714594815392986e-01
-9.915043538912330368e-01
9.755987401687398197e-01
-9.999212656598520654e-01
6.286924773884855489e-01
4.309859650848718027e-01
6.873251750132692850e-01
-9.995085012738181840e-01
-4.632779076515882583e-02
-8.424321770022463740e-01
-8.567049437513037935e-01
-6.757107831131536901e-01
-7.464194347162566023e-01
-3.793326768377163205e-01
-9.999846566746327658e-01
8.648761504166050385e-01
9.500913155799556309e-01
7.505198250482475464e-01
-6.332583046078884559e-01
8.446069025409680409e-01
-4.400417203345837608e-02
9.266634877628916467e-01
9.987853781415854115e-01
-3.144743476912269242e-02
-1.822145146805350113e-01
9.997777013280365610e-01
-2.623665589088742811e-01
3.685630516363250231e-01
-8.450252875522644702e-01
-3.679625696249549383e-01
6.391866684570534085e-01
-8.632124584859753869e-01
6.293109854051134322e-01
-9.618361702577946648e-01
-1.492959729511960376e-01
-8.523898120923548705e-01
-9.652005563626147033e-01
2.921470410240513682e-01
-2.693215142645813409e-01
9.722696840916935646e-01
-7.131942784498630505e-01
9.551832158526281091e-01
7.339854284529208073e-01
4.784627991478864195e-01
8.144523690445543140e-01
-9.426100774264601911e-01
9.916121183782359294e-01
5.051531117101969448e-01
-7.355226462916475416e-01
-6.919669489716157029e-01
-7.510151906730317961e-01
9.447104579184437689e-01
9.303542647979647917e-01
7.417992996219896495e-01
7.232305685941060880e-02
-2.968305557250460747e-01
-3.433997761650139369e-01
7.152638706300936677e-01
-1.133363574309550897e-01
2.123462452117078625e-01
2.165212262210181038e-01
-2.927858082711121690e-01
-4.989114787576134913e-01
8.780922416432931366e-01
-9.998151361521160352e-01
6.537180141414543622e-01
8.471650031966915240e-01
7.862812701695458539e-01
5.662083085004772087e-01
-7.500580285875724229e-01
4.916826763831845803e-01
-4.166850293169732655e-01
-8.881099756413125546e-01
-3.209037237755375527e-01
8.395651510485049318e-01
-7.293319769720341128e-01
1.971826177799072544e-01
-1.237319895347320925e-01
-5.045401505663279496e-01
6.343530026242586439e-01
-9.647616096575200029e-01
9.033734684950830429e-01
9.352931337500612896e-01
8.614280179861046882e-01
5.769804862874076123e-01
4.243057559654342947e-01
7.129013141588174118e-01
5.087903321322364558e-01
-7.247461736312154068e-01
-4.838300995838114571e-01
-1.886599649224701691e-02
-8.708504709975799229e-02
1.496340094251608598e-02
-5.819235812299884403e-01
1.545937014674466647e-01
-7.792942955682298500e-02
-9.246478813989902901e-02
-9.625589191753428642e-01
-9.730710669626321252e-01
9.644972422703028681e-01
-9.735693012493462639e-01
6.387879784513846859e-01
-7.229078018400640904e-01
-3.585564811846057021e-01
-5.561215652270796728e-01
8.737771177004738377e-01
-9.633360066593854576e-01
-2.768260967483325841e-01
-5.206859056063434243e-01
6.321891269751403475e-02
-3.933728726658742847e-01
-9.447810836986879623e-01
9.838206660243286050e-01
8.811809943725635863e-01
9.042552637729183163e-01
-9.750978554076777938e-01
4.807988515975475385e-01
-8.164002985270230051e-01
-8.061590242972248577e-01
7.608439916277300874e-01
2.352912263967522899e-01
-8.124800188406626766e-01
9.580660011347155169e-01
8.458019033261867659e-01
-2.959972698301322480e-01
4.238142446051190032e-02
9.094599576433128885e-01
2.010570147353239190e-01
-9.741715218645338181e-01
-6.090939924106808512e-01
4.101727629220792981e-02
8.361117438592233220e-03
-9.999901892134214210e-01
-5.528315857811364475e-01
3.482096508153798564e-01
9.166891155177969708e-01
7.641188056006495977e-01
-3.279613863496387283e-01
-9.840533081395160808e-01
-9.373414556295753819e-01
-9.831713262770157558e-01
9.956654772587287816e-01
-2.747158942108237634e-01
9.748396526933635897e-01
-6.458481616864891750e-01
7.847378225093888382e-01
6.509172680971426761e-01
3.260518096222717599e-01
9.968378436665441544e-01
-9.926214410100264729e-01
-4.567654179497395717e-01
-8.806105631793454958e-01
-9.243356530627188095e-01
5.414955108626515745e-01
-8.880100754100781479e-01
-9.684816601448368312e-01
-4.365647487630041068e-01
6.538594809542723763e-01
9.990325326265364625e-01
-2.898572461924870391e-01
-8.270734963555717023e-01
6.718508521935210309e-01
1.568123743270269654e-01
-5.558131038642578625e-01
7.869832320190037755e-01
9.228305256755132691e-01
-8.990811923929710181e-01
5.305276897737362107e-01
9.376833822622854253e-01
3.767093742222018538e-01
6.163892061419524726e-01
-4.864014296083688516e-01
-2.316087739627981923e-01
9.907552885190565872e-01
9.498193631372877643e-01
-9.796406184086914326e-01
5.605128086295830814e-01
-4.837522516308228604e-01
9.702390081824380230e-01
-8.259670755001301545e-01
9.731640837363692009e-01
9.598570720978252258e-01
8.818465104948565170e-01
9.988643750480408201e-01
3.252167329886441749e-01
-4.320887327111022636e-01
9.891295144186980082e-01
6.009076972118736482e-01
5.456485036971324698e-01
9.845839716676689779e-01
-3.097469466430516349e-01
-8.398928400474080513e-01
-3.819393346919328636e-01
-4.037685895306543093e-01
7.255947288388182592e-01
-2.736410643063122428e-01
4.584436234996050463e-01
-4.892552105705545717e-02
-8.890263561251720015e-01
9.334174317121614051e-01
-1.842602848072859290e-01
6.462612615696395890e-01
-6.739775490070426534e-01
7.319525008299342383e-01
-5.344991091361138702e-01
-9.997214207992273227e-01
-6.413196445157368641e-01
9.215368189236997631e-01
6.407246305399678654e-01
-5.139936038327819201e-01
-2.100594482576837729e-01
9.299858905409746565e-03
-1.695456761091946318e-01
-3.105033127976693508e-01
-1.159482958470888642e-01
4.265223195700517667e-01
8.552757808852393673e-01
9.156995750060025197e-01
3.454517039486920127e-01
-7.812476313352163804e-02
7.046263005354325148e-01
-4.915390836855838552e-01
9.812214556606030369e-02
-4.188651083832882205e-01
-3.145379909267367324e-01
-1.462517476599895783e-01
-9.899556697116276838e-02
4.547573519310047496e-01
-3.834491953439308487e-01
5.108423264629695648e-01
9.381849853764444580e-01
8.617988512267061862e-01
-8.763256943495651985e-01
9.966889377887507839e-01
-9.998329561782827168e-01
-9.881065092728575916e-01
9.995750911798704230e-01
7.444729898636872623e-01
5.622629224101294287e-01
-3.433448051928009725e-01
-9.942812352243347584e-01
-9.747885705354304431e-01
-9.801661791400174684e-01
9.724377707890440314e-01
-9.102378016431761365e-02
2.979041083165127612e-01
6.014012851921344410e-02
9.168330950028465987e-01
-6.572590416607306807e-01
-3.005053812885788989e-01
-9.954093828765078200e-01
-3.485527223409091713e-01
7.429118776219860720e-01
-9.995327007874298397e-01
3.875376122467781848e-01
4.830536175613499572e-01
-7.979871796881079504e-01
4.231082067617191744e-01
-9.709531546998360074e-01
-9.293899373000727993e-01
-1.814677252286379106e-01
-6.859748238306480339e-02
4.791947352366501822e-01
4.471352015668210444e-02
-8.786609022464021423e-01
-9.816721466230362569e-01
2.304238380579763379e-01
9.937791178428901917e-01
-2.330618599072790953e-02
9.212763520168077980e-01
-6.153006264755611632e-01
9.097020985207964205e-01
-9.890452182473039588e-01
5.617094245973859312e-01
-2.332655022891838570e-01
8.599300732617567444e-01
-3.351813317428448125e-01
-9.468868928882007152e-01
-2.869238717601887978e-01
3.805528615347132382e-01
9.971807672476943329e-01
9.815186987023795107e-01
-6.211899718998880049e-01
3.118836455401989838e-01
8.178961647531211021e-01
7.206585695591375407e-01
-8.347064851285528331e-01
-9.656700285060766387e-01
9.776913619223878138e-01
8.485862471971673537e-01
-3.540810973466492206e-01
-9.826887305367258962e-01
2.522420584070164118e-01
-7.819001415965733948e-01
9.990109042960531038e-01
1.579044963507216237e-01
-9.984051170997625402e-01
-7.473271850081034673e-01
-6.513530680376320436e-01
-3.165404365376446594e-02
-8.416222576783216613e-01
9.840136391642556601e-01
-6.978858654797607253e-01
-9.999600610905019504e-01
-9.009756156285553264e-01
-3.108312737106047607e-01
8.858418092599842364e-01
-9.661870341047051891e-01
8.310120716427136234e-01
9.835365108021743019e-01
7.665992572572428720e-01
-8.237537860160192293e-01
-4.729309046340419154e-01
-7.764712193495503234e-01
9.907071910161346917e-01
-9.681200935941638441e-01
-6.174115841226623935e-01
-9.615783289521225852e-01
3.512845973470600791e-01
-8.885516901564336489e-01
-7.286050965560947335e-01
3.371451904360674989e-01
-9.800657836165242998e-01
-9.871782843972839450e-01
2.173412063897802726e-01
-3.962615696977185575e-02
-4.172480380306137770e-01
-9.416956192775374213e-01
1.064738067389231491e-01
-9.992612235876782156e-01
-2.827477923261630943e-01
9.532464725298881447e-01
9.469404407395838330e-01
-8.622569672968332100e-01
-8.767020782463028628e-01
4.727726766411269876e-01
-3.134966274181681944e-01
-5.635997783491357715e-01
9.950956539023427805e-01
-9.784719638978742751e-01
9.999885799338690262e-01
-3.662985218757451311e-01
2.643868786635058532e-01
5.707681839580797112e-01
8.564193220488494074e-01
9.448836780384326506e-01
-1.323394312648351334e-01
-8.620419439326790778e-01
-8.713393902554013026e-01
-8.333083089153757728e-01
-2.043654086843970374e-01
-3.941633090477851820e-01
3.846665220899925242e-02
4.868828870000009301e-01
2.525177409674523310e-01
-4.870726793486387929e-01
1.582124113556545031e-01
-9.714914020634745073e-01
-7.830109058670825517e-01
-7.808384090963303992e-01
3.586361527385243941e-01
2.162326445286417154e-01
-8.283077205649181929e-01
9.996868365665531053e-01
-3.937003012195261498e-01
6.949556710863573628e-01
-4.101881335437279619e-01
-4.972760386864790751e-03
-8.263158164373829440e-01
-5.865795917822053118e-01
5.772268542564148452e-01
2.122512502668183754e-01
2.978367244602564967e-01
-2.989479423157906032e-02
-7.434306115016607874e-01
-8.608789064470661057e-01
-8.117003304099658090e-01
4.991706292314583293e-01
-9.695038296880290618e-01
9.999973076664623317e-01
6.456398005647344673e-01
3.148290394610397946e-01
-6.265068178555976974e-01
2.007645324342899051e-01
-8.793582356073315065e-01
7.739078848031843982e-01
7.550057245361486702e-01
-9.953372386282520745e-01
-1.204943031856629959e-01
5.991245351814140641e-01
6.155777650918603516e-01
-7.195969842594912569e-01
9.161745542609575077e-01
3.871970989542928288e-01
9.994481774504526683e-01
-1.105904385997173861e-01
9.406832052422546830e-01
3.525170123026174357e-02
7.407581728386946063e-01
-6.997266640558633677e-01
9.615552510477669568e-01
-5.919561779783930611e-01
-6.416037576278074694e-02
6.905649299578414668e-01
-9.095402620618241452e-01
3.759254180931767553e-01
8.612112958624654757e-01
6.271360525470380809e-01
-1.911332468305120547e-01
5.086893414465848418e-01
-7.091597646784776332e-01
6.752122516975543609e-02
8.809335789829254859e-02
6.121322282294204831e-01
-9.841598066068827366e-01
-2.313917535725783514e-01
7.185349786200463662e-02
9.567145987622857062e-01
-9.995163734458316629e-01
9.520562324378667451e-01
6.739728225633189185e-01
6.529199520242155996e-01
-4.631344069953204357e-01
-9.999999933739888158e-01
7.383091733110777044e-01
-8.966969100559761818e-01
3.383287329292068990e-01
-1.186267929753490324e-01
-8.546883487402280322e-01
8.073028839223521658e-01
-8.700263830094998041e-02
9.798851980007042828e-01
9.672908998096347855e-01
-2.964965361753805206e-01
-9.567557972393894161e-01
-8.152130329421426458e-01
9.919120416371419724e-01
4.746046654291338762e-01
-6.941214673760449649e-01
6.905712517731393829e-01
9.983997719506008117e-01
-8.007940496936256647e-01
7.468490842147774977e-02
-6.905461667546301807e-02
9.237250005890890181e-02
-9.120798166257452211e-01
-8.108218210407718285e-01
6.233340879929999412e-01
-6.861997020965576732e-01
-1.614338113454964752e-01
8.518218014841093533e-01
-6.836476521069740908e-01
-4.569607309459943201e-01
-3.798088576416618345e-01
-8.676040846072126111e-01
1.460127505247533208e-01
5.288362911598273319e-01
3.644381990230160379e-02
-5.619334884464703972e-01
-8.634703323815664522e-01
9.265982856241269383e-01
-8.374409054607223624e-01
-3.907364662083685491e-01
-8.114748097847971353e-01
-9.999450367785478466e-01
-8.806352971577128264e-01
-3.733784465954354537e-01
-7.225552111962475488e-01
2.326310037239075479e-01
-5.702796885000648297e-01
-6.225995521930604015e-01
6.222372328310755291e-02
6.969630208800347004e-01
-9.585460899410336300e-01
-4.338557305388608953e-01
7.683784331249122745e-01
-4.717424336086155634e-01
9.981439578431074988e-01
4.662354299700349758e-01
7.132352878663507367e-02
-1.058397139039233409e-02
-1.627697531298967770e-01
9.543602812325731044e-01
-8.899231063964301303e-01
7.299056234785313846e-01
7.955481729285992509e-01
-9.952599616071051702e-01
7.298421261425159789e-01
8.556827446165968798e-01
2.810247200079531438e-01
-9.450770493068114675e-01
2.877004922550586152e-01
7.120581963401445558e-01
2.345717179816475539e-01
-9.679202347982297505e-01
8.700016849348328751e-01
-9.488262009725133561e-01
6.810237133759323991e-02
-8.759388439174182750e-01
-9.967061289023492199e-01
-3.330045125517274718e-01
2.837086951279796931e-01
-8.426273451647341428e-01
1.997648161414956602e-01
-5.228549729099966070e-01
6.554553917470720137e-01
8.814763926868890431e-01
-9.997691491986389067e-01
-6.817500797014890423e-01
2.932785808492781032e-01
4.526359202881406057e-02
-8.339018373448106036e-01
2.685265556700409117e-01
3.266444039934741639e-01
-7.471732375435077289e-01
-9.561389469864635116e-01
2.852942710305523821e-01
-9.802334325365334999e-01
9.672294142560783348e-01
3.910938087918945372e-01
-8.317306525115161220e-01
-6.899502619787146740e-01
-2.043068992687891161e-01
-9.994218815362573283e-01
9.665229323076879320e-01
9.397406229172339254e-01
9.897368130628447433e-03
8.120376688737219739e-01
-9.505230906718463713e-01
-4.683849753996128379e-02
3.043897335726424846e-01
-5.953156773546501856e-01
-8.402296761372921585e-01
9.991063330757592453e-01
7.780554512688560020e-01
-6.424438704728007155e-01
3.458439016237259134e-01
-1.352754529027005437e-01
-9.993095495972120768e-01
8.823956425873478171e-01
3.248246321415150795e-01
-7.142643197167276581e-01
-6.715043405077328886e-01
8.827406364351453316e-02
1.454083004097949106e-01
-8.495850661078540034e-01
-2.720755367721779394e-01
-6.137679882711721824e-01
-8.878297103471688434e-01
-8.008330093351504475e-01
-8.965962571118489821e-01
-9.690998609398473462e-01
-5.294460592399193866e-01
6.224710857005982811e-01
-8.129339731719598117e-01
9.397828486472348253e-01
5.038957398461721970e-01
9.999957406775032975e-01
7.507248910369825889e-01
-8.960331301111912339e-01
-9.924618549844234083e-01
-6.749586828388260962e-01
2.901224966555678367e-02
-9.640044525912984108e-01
-6.499721047379888872e-02
5.994140338413173064e-01
9.999980428158823376e-01
5.618211300647026896e-01
6.025599790252855747e-01
8.769201229819990617e-01
5.808954621841975197e-01
7.327109978488630659e-01
-9.841007891285806775e-01
5.173489711542960112e-01
3.495642626935624997e-01
6.428716134888690092e-01
-8.664900281513914226e-01
-2.790180540164786116e-01
6.978340096120703162e-01
-8.776402275447984236e-01
7.754470870568425100e-01
-1.993898486886467314e-01
6.590168338378437074e-01
-1.448333711656987488e-01
-9.022929482542324520e-01
-3.015654254910537513e-01
2.190984206853431870e-01
-6.708655979221017640e-01
9.250450628943130971e-01
9.919976994005341719e-01
-9.482637138601622828e-01
-8.137121815997494512e-01
-3.161700965680478426e-01
-9.402493503229414351e-01
9.510351820558599067e-01
-9.981489001674948014e-01
-4.686490610936114298e-01
4.128641456866775639e-01
-9.976578225327156213e-01
6.250850330775739039e-01
8.228768778135979733e-01
-3.681738814014592909e-01
4.362591932207827150e-01
8.515063423412284616e-01
-8.352155569099174448e-01
-6.442849153250653771e-01
9.999092885656987173e-01
-2.264609067172056872e-02
2.224927483411189011e-01
-9.996234077186109124e-01
-9.644708520328917345e-01
6.844426894755595292e-02
-8.669411531823966177e-01
9.360435247638783096e-01
-3.148571550871889779e-02
-9.723596558267572076e-01
7.348571564511058307e-01
2.983683194922162052e-01
-1.791331688664096755e-01
8.846176024876279964e-01
8.490475345841935750e-01
3.095859564431536204e-01
6.070292501433964816e-01
-5.361654701534542822e-01
4.067753680799163218e-01
-9.945033902838620321e-01
-3.631630393286189307e-01
9.967657463079875324e-01
-4.218719126359397054e-01
-9.605922482370895521e-01
-1.316130514387662542e-01
-2.557539837462384225e-01
8.952617725543556837e-01
-3.315904933040295099e-01
-9.986413049841121881e-01
1.621582902785173586e-01
8.065485701912362693e-01
5.981970359534335979e-03
-4.706524847631426978e-01
8.300147001571117622e-01
8.435789012093483086e-01
-3.578265158341842889e-01
8.063632965339082581e-01
8.308577810017897525e-01
-7.015661637997722133e-01
-5.509674637446556611e-01
-4.176576460562945181e-01
8.267867313762264914e-01
-4.785846987187207524e-02
-5.930792597506879815e-01
-8.342492836525159383e-01
-6.979845665871086124e-01
9.317953007820897193e-01
-8.601917072751034121e-01
-9.627092396281956566e-01
-9.269725525645476916e-01
9.427363937431563201e-01
-2.476230549053570207e-01
-2.218027547987727610e-01
5.570606875804073876e-01
-7.524792862979797770e-01
-4.004020078773876112e-01
9.005487097929228968e-01
6.793329504800119656e-01
1.610679396970974564e-01
5.572702952127681630e-01
-9.944148299833017735e-01
2.998149391101117556e-01
9.983316722027558709e-01
-7.708835828778221044e-01
2.746116910082689322e-01
-8.705634629298963922e-01
-9.937492428652237031e-01
9.498375019142044628e-01
6.785352119021387240e-01
-7.272475576485374349e-01
-1.243412361139812211e-01
4.026931695770369357e-01
8.684314425455997855e-01
9.862343383849997425e-01
-6.393886649613621520e-01
4.507772950908672249e-01
-9.448654006510792680e-02
-8.889077529394548982e-01
-7.597314856365030566e-01
-4.681986994165121541e-02
-5.065377635517016863e-02
-4.851048647466530417e-01
-2.436162298725777497e-01
-7.017376395375978237e-01
-4.702504837564260021e-02
9.811348725539372762e-01
-8.633568332891640162e-01
6.899283154611567381e-01
7.097172901583442828e-01
-3.810990732973854045e-01
-2.350652956104312338e-02
6.254610787017064188e-01
3.477701083009270278e-01
-4.893520258442699555e-01
8.591759767008424475e-01
6.661083980002345806e-01
-8.621988922694119317e-01
8.452383502255345071e-01
-6.227611288204033535e-01
9.571692665276162471e-01
5.857891628949271068e-01
9.923421509296044274e-01
-3.247221084283397619e-01
-8.575667492539613690e-01
-8.558901149724958135e-02
6.424140781289996438e-01
-9.889713405349834785e-01
9.555913844613465047e-01
-6.620798309126594283e-01
-6.337656150607539063e-01
2.078611175594015925e-01
-9.800243106740547105e-01
-2.889060227124530256e-01
7.421957459772797749e-01
9.910031251930945251e-01
-9.361859702878893019e-01
-4.295830971937810716e-01
5.049652535915205576e-01
7.606941600820006366e-01
9.901235973889529474e-01
8.521127268351339490e-01
-1.937906781567551306e-01
-9.955504596264825867e-01
-9.976387075619421729e-01
9.977495716871218612e-01
-2.671063373321260273e-02
7.510367676485983912e-01
5.140304578534975466e-01
-5.106564106206513687e-01
5.494960196133015229e-01
9.606586077961835057e-01
9.968263904716911927e-01
7.812087931243787420e-01
1.392678243143988526e-01
9.371928827417823626e-01
7.915249663151483484e-01
-3.216326118080297669e-01
-9.897821424476770380e-01
8.785032171076322394e-01
-5.166126925761398425e-01
8.603102530756835398e-01
7.998241388319272671e-01
-2.519354287993814667e-01
-4.504239526890880252e-01
8.615509679816490962e-01
-3.638672002149550555e-01
9.992208541847127368e-01
9.652217804973599602e-01
-7.923722968659954180e-01
6.973151058404070124e-01
-9.181646912482662737e-01
3.684795785555737835e-01
-9.434698877214630075e-01
2.384269733982668782e-01
-9.758019003734106356e-01
9.067059259375729319e-01
-6.077391980162379082e-02
-5.961810950088471950e-01
-4.429091965886039484e-01
9.727204359394974187e-01
9.699801329161221730e-01
8.208929386716418142e-01
5.478261413055897089e-01
1.510017598889125678e-01
-2.573238939362365030e-01
-6.090159303783807543e-01
-6.313119613328617152e-01
9.919085687038253774e-01
5.220729376008401701e-01
-9.946308157276360085e-01
2.057863665452546731e-01
1.865084538321457389e-02
9.577964452805682871e-01
-2.787828834994117710e-01
-9.727237323995613361e-01
7.728758251837173354e-01
9.991000911121078465e-01
3.167797972231352066e-01
5.938503331050376706e-03
2.946451056783482292e-01
7.001303247952122000e-01
8.180872720975116419e-01
-1.824069080639741103e-01
3.505130420624889553e-01
-9.042477875563679213e-01
7.497568554387703532e-01
-2.869716696815061696e-01
9.301034354737692800e-01
-4.232510607006667036e-01
1.730759108052352113e-01
4.483461410253915536e-01
9.476103706755283351e-01
-7.037788589120234084e-01
-4.675153178123137021e-01
8.917193516838203271e-01
-5.576964082393099514e-02
-7.379676279771476555e-01
-5.982380458066203222e-01
-9.878357173045019257e-01
2.215129709233227759e-02
7.784192102277935899e-01
1.064046816756127889e-01
-7.382305734140619247e-02
9.308437599424345121e-01
9.326985621433693252e-01
-8.428424227869183438e-01
-9.408253767358674136e-01
-2.454602919307507791e-01
3.825030052773522593e-01
-7.444755089603311005e-01
-7.428067423850426287e-02
9.196635802033159557e-01
-9.409673441271277916e-01
-3.227074248877034313e-01
-1.793076080415344498e-01
-8.380888698827712591e-02
9.924075860972473295e-01
3.622602839936516217e-01
9.760990392259076831e-01
9.355819648449945625e-01
8.334032431743495506e-01
2.312082321167114318e-01
-8.902118644139641601e-01
1.260980379957529207e-01
-9.999563207259156705e-01
-9.226895705758580979e-01
6.352439363894283320e-01
8.423646206467519937e-01
-8.677591366829194852e-01
2.822669560260706034e-01
7.254644960800910036e-01
6.479390511871017111e-01
-8.853537984118093895e-01
-7.039887452072632890e-01
-3.412712562602442379e-01
9.953417484692798078e-01
-1.999663645618894869e-01
6.572477796216876778e-01
5.423625208582616430e-01
4.789466335216356341e-01
1.169607927629674193e-01
9.340177313363905443e-01
9.997903219756651971e-01
-7.186533398300686271e-01
-3.693468618619610289e-01
8.221572228845051011e-01
6.738551937703891881e-02
8.433644318132736961e-01
-9.877022598399841646e-01
-8.554171082063613540e-02
-1.912390858510361058e-01
-8.313041400045456664e-01
7.220424795650413063e-01
6.567840436855458819e-01
-7.983713537281417194e-01
-7.367282302013022921e-01
6.443512275390156363e-01
-6.841901176714847155e-02
-9.001367793860352018e-01
9.917263436198906490e-01
-1.930077112862008393e-01
-1.908558097909832107e-01
-7.825720074350995814e-01
9.005558648012349510e-01
-6.076294934354653510e-01
6.031161579478431234e-01
-7.535438150537218105e-01
-3.595123056555925012e-01
7.173412225849395973e-01
7.122135934428295290e-01
-3.292377914334380096e-01
-7.705627516290526335e-01
-7.558322181291144970e-01
-7.274300802338371508e-01
8.400052010398071367e-01
8.866728834650405844e-01
6.002942658499424433e-02
4.963949744326802138e-01
7.764101853431858435e-01
2.208844387252274499e-01
-9.317500218005518864e-01
-5.119880558963098016e-01
2.613025179108700580e-01
7.392018209901964898e-01
-2.688605992920012899e-01
9.962282348032207580e-01
6.009793332488769790e-01
-9.959281200921947796e-01
8.206397941157791420e-01
-5.076701566781233188e-01
4.434784830305357195e-01
6.470988881783374946e-01
-6.701884134386664194e-01
-9.198659888868120360e-01
9.334942652564239829e-01
9.178825090115476648e-01
-9.463776132944693442e-01
-2.545466013275654582e-01
4.413795886022681136e-01
-9.957015854692465862e-01
8.194001709771885356e-01
6.359077442391530832e-01
-1.536832376492208198e-02
8.573344177625431550e-01
6.661833516364531471e-01
-9.763476328975619900e-01
-9.914887036863910819e-01
-6.439293981816553991e-01
-9.802078772924130989e-01
-8.023226902950725270e-01
-7.338078807402002024e-01
3.979852994189702065e-01
-6.163808058412320046e-01
-9.996741057886181503e-01
9.986388625113651329e-01
-6.940891118053895692e-01
5.193659424533733082e-01
-9.992871362807964619e-01
-4.014344510178550207e-01
-9.915545656880914160e-01
8.930255547024508189e-01
-3.641300416932629624e-01
9.441681328957758357e-01
4.977967305392206332e-01
-5.032997242789010173e-01
9.395350962993541666e-01
-8.903238598287880334e-01
-3.102424367164969832e-01
-8.173472728398752940e-01
3.708775745516680877e-01
8.858714166118756284e-01
8.219983195500739637e-01
-9.379245381131293691e-01
-8.140548543905642420e-01
-1.085926813151283227e-01
9.498503241323330570e-01
7.624973451818473080e-01
-9.783276813314604192e-01
-1.671828059372511832e-01
-9.441566802070459064e-01
-5.392143011186937285e-01
-9.933666990335107139e-01
9.995871312101161088e-01
5.404385524276159591e-01
8.452187999164412213e-01
-1.448036352645193370e-01
-9.966126024886706736e-01
8.280440472730570267e-01
9.971133039123902808e-01
9.986705707034705393e-01
-9.950954861630362247e-01
2.253090616154295456e-01
3.814789922294765934e-02
-4.782914708583164698e-01
-6.158898419239282607e-01
-7.211614536286347077e-01
3.589648225865889608e-01
-9.538014229782315612e-01
7.673414620687284415e-01
-8.384210193281615986e-01
-6.340223657221135678e-01
-5.879682480713332993e-01
-9.779395420476763023e-01
9.625761981018816638e-01
-3.182174265031948446e-01
-8.561240319118762487e-01
-8.908470244547240791e-01
5.131360600274960104e-01
8.907178788252618773e-01
-6.443817785236868323e-01
5.200109733160965808e-01
8.795648361158873163e-01
-9.650246204410375395e-01
9.583457089778308902e-01
-6.624084709865307730e-02
-1.805880963321948030e-01
5.205285188485814923e-02
8.724769255847965033e-01
2.758748703653383094e-01
-6.995177423398551975e-01
-6.169622554444638141e-01
-9.193704406505056603e-01
2.155217566018079733e-01
9.830382476625559862e-01
-8.826169156311537423e-01
4.453975077473990019e-02
-2.108969373644508163e-02
-1.113910577215175834e-01
-1.847565830986410418e-01
-3.200942218585973303e-02
-6.896336010114932913e-01
-3.112492634224617860e-01
9.455687185621979296e-01
-3.426433056841238223e-02
3.920632225356566330e-02
7.895287895583587012e-01
9.982832504796099737e-01
1.283183658308196806e-01
1.422438546269169657e-01
-9.356624314856185620e-01
-9.722473406605597335e-01
5.301542572780324480e-01
-9.756020553921472827e-01
-3.742737213703023480e-01
9.222525558320312511e-01
3.776703895354763252e-01
9.275077222939681620e-01
-5.327229922191243361e-01
5.446430991324018311e-01
6.817952563171177927e-01
6.909424308986608088e-01
-6.881446922881422346e-01
-4.349305239927223621e-01
9.368750010800783734e-01
-1.156362059834412648e-01
-7.078969540854854747e-01
9.956345341086442202e-01
5.986412225359127870e-01
-9.994632077223611910e-01
9.579768162369062257e-01
-8.978921207207600785e-01
7.261340993699891833e-01
-3.623844583684707188e-01
-9.688708898605680186e-01
-9.979075141923813286e-01
9.688569730883199727e-01
9.738479399091124478e-01
8.479044447814056973e-01
5.186385927723550227e-01
-5.493126159229504424e-01
9.993962791502375431e-01
-9.487062057775619284e-01
-5.512164372991090050e-02
8.585687772145896846e-01
-7.900611482728324697e-01
7.241609672881227366e-01
8.938646665743880115e-01
4.214546464900956191e-01
9.819309672487764873e-01
-1.015429465331814385e-02
1.469064955962657570e-01
5.009865251382308315e-01
-9.887155512297360893e-01
2.117081629633472961e-01
-9.262009792748084891e-01
9.686505296948945132e-01
8.171236722549913845e-01
-9.721809676158850166e-01
-5.952513039521268867e-01
2.295157585435662062e-01
-4.061454155322567483e-01
-1.004129806140553610e-01
-6.003848605494814805e-01
-2.852181275476072808e-01
9.767581170302173099e-01
-5.912550390179569515e-01
-1.599001151718151825e-01
-5.255525888606130680e-01
-8.023764802214359282e-01
8.961350378255658056e-01
9.693728969778031557e-01
9.912643867674473253e-01
-4.155502534163748596e-01
2.652548039917497769e-01
-9.660811422400992221e-01
-6.425513868193828415e-01
-9.992943098444926342e-01
5.427330192126561537e-01
6.801036942729719037e-01
8.263098062095992624e-01
-5.079961336191334276e-01
-3.070210309661610126e-01
8.639069757107841196e-01
1.350028019239896959e-01
3.725940032152721959e-01
7.442366906553633532e-01
5.992210737420435862e-01
-6.837633613354778817e-01
7.632402174879597823e-01
-7.842494596092046688e-01
4.201488148665982192e-01
9.899524279324078968e-01
8.773247314695363785e-01
8.641823691119721040e-01
-8.009349706269635050e-01
-9.144599353308769940e-01
-2.017086670785207536e-01
8.494931535286562863e-01
-8.493980609282281158e-01
9.267869679458334842e-01
-4.142830564601875376e-01
-4.441872927879312871e-01
-3.412519364745946193e-01
7.961001370666259680e-01
-9.625517873884172904e-01
-7.190016306985995698e-01
-1.141608376611358139e-01
9.419643042829015656e-01
-3.961513146007762387e-01
2.433214874240647030e-01
8.527627527458232493e-01
1.843730768817671839e-01
2.481474694991062935e-01
-8.778690529090806827e-01
7.916846567446871319e-01
-7.896901938973528434e-01
-6.029209543521437675e-01
3.743508363963002350e-01
4.555541687698765330e-01
-5.490020794763915690e-01
-7.656689607866302982e-02
9.985737719510998645e-01
5.465959809918398138e-01
8.735250993507054362e-01
5.555175565164526263e-01
-2.738219338381854273e-01
9.633929650164396730e-01
-3.825450859474577303e-01
9.426416620441819827e-01
-9.958625622260346422e-01
5.007132455734593091e-01
9.032562350955700703e-01
-8.071622965976982256e-01
1.067394472715888359e-01
4.924300708229830126e-01
-6.418782582464934716e-01
9.972038240550941124e-01
4.451129595509920045e-01
7.688126395755867648e-01
-7.299457796170477630e-01
-9.595647421252069265e-01
-9.484689914876348604e-01
9.983417247492087920e-01
-9.888920487070903542e-01
-4.592563930331702848e-01
-1.043136850993517939e-01
4.701331776390744732e-01
7.235392207125737052e-01
-8.463011399562977433e-01
-6.455511358039768277e-01
8.634500474855655305e-01
1.819654205027910754e-01
7.129174080781831568e-01
2.767009457166628161e-01
-7.874531249361244045e-01
-8.586487934272940548e-01
4.185720122245935593e-01
8.653798383293829222e-01
-4.162016348640139307e-02
-5.164325962227802602e-01
3.024522109401013292e-01
6.919888778909872862e-01
9.938990952114576949e-01
-3.598310101440145847e-01
5.169361067616624617e-01
-1.275146782738467433e-01
2.279364383005739736e-01
-6.369759570882457256e-01
9.913238769938208517e-01
7.659038681154254347e-01
6.269970230359922514e-01
-4.108072915886804011e-01
-9.620664676700234619e-01
6.163786973578031514e-01
-9.288971268405367132e-01
-1.178140239301309483e-01
7.587513230481595095e-01
7.044644897158036656e-01
-8.750515918177222963e-01
7.872942413784234095e-01
9.658039436854076731e-01
7.816329115666644789e-01
6.818513796909773106e-01
9.157223540097145786e-01
4.030319194153576534e-01
-1.972989231620261019e-01
-7.187721291661890444e-01
3.551462545357850220e-01
6.590164203677778554e-01
1.834568788403666550e-01
-9.774514395411133538e-01
-9.977721154067158427e-01
8.669629522203042837e-01
1.265216785867911697e-01
9.597940367009635265e-01
1.335606431178100184e-01
-6.922764582250797716e-01
-3.781670336414077460e-01
7.464710410413351038e-01
-4.364218775322242783e-01
9.979064159251436195e-01
2.979297700100493884e-01
-9.268473521710182683e-02
9.134764427031226708e-01
-9.471540696908884449e-01
8.008402209750081768e-01
-6.148813844046158161e-02
-9.522175155508616484e-01
-2.672407931380924029e-01
-8.265389961963420795e-01
1.348598500077557993e-01
-6.993643132780624772e-01
3.373177621059379461e-01
8.761142149928718981e-01
5.622989365545004725e-01
-9.569061324729806195e-01
6.838700367965577787e-02
-9.996700908052131851e-01
-6.394914160577384044e-01
-7.745826282805019503e-01
-6.560384927476334838e-01
-8.836671397132542793e-01
9.918148585040971188e-01
-9.943792911820854563e-01
-7.443243788698498120e-01
-6.148740359928211996e-01
7.082376573506038442e-01
-9.971000207231708323e-01
7.739995834948136810e-01
1.873897651385639240e-01
-8.427862518750226517e-01
4.168552222102893667e-01
1.145257013243198702e-01
1.119293068754879114e-03
-8.837640662834715666e-02
8.514457953743991281e-01
-5.170750677621969299e-02
-4.153435532091581672e-02
3.035702623760291874e-01
7.587321834827740310e-05
7.985859831562607258e-01
-5.624509689856078687e-01
4.497140154358471587e-01
-6.057033380860141758e-01
-6.885724573648021041e-01
4.472439920673801361e-01
-7.978783643982071405e-01
-5.194616741245662306e-01
-2.324547446339292611e-01
-3.223432856124350265e-01
-9.664168150974223881e-01
-8.054401950019752787e-01
-1.407405366244188494e-01
-6.461228025973615452e-01
-8.671623339618420578e-01
-8.700618858268149847e-01
-5.176814658125458157e-01
3.348038372326109235e-01
-1.364911122339874661e-01
-9.996491701995456891e-01
-7.754088617850408705e-01
-1.583760790232771887e-01
6.859882882793660874e-01
4.992241700062868826e-01
-9.144786738330683562e-01
7.348745473311969478e-01
-9.324850497478722744e-01
-3.177178438749734823e-01
9.981595929084002838e-01
-9.604691213856558774e-01
-5.873109952801219835e-01
8.854893136161570144e-01
6.633703590633359681e-01
-9.125041906231668998e-01
-1.457558903343369183e-01
3.135857086415911321e-01
5.905754178055441228e-01
7.050201748571193611e-03
-7.151852709077043402e-01
3.762489804595111065e-01
8.757890537080983417e-01
4.244623120959032381e-01
-9.946179128291136040e-01
9.249878479851492141e-01
-9.903583779651706775e-01
8.901682622257418853e-02
6.569087510718238931e-01
-8.796357078692895737e-01
9.531422507228864971e-01
-4.001091116179670282e-01
5.495584610922439328e-01
9.125099939582955733e-01
-8.907642602560758016e-01
-3.905668631715947803e-01
-8.129237554333054172e-01
-9.661806172542172222e-01
-5.147170397645286499e-01
6.853262505017054806e-01
5.573110409923425212e-01
7.443328978652935524e-01
3.976104439191695539e-01
9.821610493036473377e-01
-4.614723880748717866e-01
3.963892072563550140e-01
-1.166305754691488415e-02
-7.844468123522486680e-01
9.947512024970324163e-01
-7.789486741416853377e-01
-9.954076386522692221e-01
2.518913061792524832e-01
9.796714486639138686e-01
9.661667502889935422e-02
5.118645764678995125e-01
-6.920418122591656118e-01
2.633637548241158938e-03
-3.389089578266972769e-01
-1.943409083490373890e-01
4.949285748030927135e-01
7.024820779601077536e-01
1.391296058957436355e-01
-4.880765337264464931e-01
-4.539937024048711356e-01
-7.131303035440975657e-01
-6.550167473239877358e-01
9.954950362918802975e-01
9.230072211892127454e-01
-5.907784017322935677e-01
-3.977495009201077458e-01
7.938279700280334028e-01
9.984436755308937483e-01
-5.657969208153551532e-01
1.534649880048816195e-01
3.585192089291912021e-01
6.485339801363456669e-01
-9.879037884475986298e-01
8.305230042307821803e-01
-4.476359583102714201e-01
5.191201945940012719e-01
5.004408989202776409e-02
-5.692557978535210950e-01
5.584112245697849808e-01
-7.046035579480647293e-01
-9.847196609510275866e-01
-8.909497147430859298e-01
6.686831415908841558e-01
-4.164300381955680086e-01
3.315439854119832108e-01
-3.838925932758033288e-01
-9.230740883208511383e-01
-2.337532634598848413e-01
-7.984834579000053001e-01
-4.101337675138616023e-01
6.119161131810033627e-01
8.783661601357027893e-01
-6.537152114252988699e-01
-2.833368244292984173e-01
7.870929722467088219e-01
-6.264438529755973761e-02
9.984303376605372371e-01
4.604805018305303532e-01
-9.970750481941325072e-01
-8.741417421519217523e-01
9.934758548708343406e-01
8.314608650587705929e-01
2.572509042506492816e-01
7.313615756475377871e-01
7.625432885691491025e-01
6.861909296461221608e-01
-5.373913856347054541e-01
-9.764523904214673644e-01
5.441937766074911309e-01
8.064882168443616717e-01
8.335411164275066120e-01
5.226801861954545325e-01
-5.562000044747202887e-01
2.182393721925815211e-01
-9.448766684153649953e-01
-5.536921061341497641e-01
7.949453871937008920e-01
1.495326503103810468e-02
4.780173673855719896e-01
-9.873302283991961525e-01
-9.680292451502662265e-01
6.747092264830379937e-01
-1.454028039200052635e-01
1.777152644915973856e-01
-3.688059139695938904e-01
9.500857558325483954e-01
3.151881757093313308e-01
-6.695849620833237426e-01
3.608358396302174254e-01
7.717299843912105439e-01
-3.909081029370198856e-01
7.010289105901548190e-01
-1.638953798033741249e-01
-8.586545186676767250e-01
5.681161037811234271e-01
9.961471539636528316e-01
9.654927792692190591e-01
-3.064277335302781347e-01
-3.321346953084750031e-01
9.519103433590746510e-01
9.291882211359931976e-01
6.059237027852568680e-01
-1.184725156079073916e-01
-9.856245638460523484e-01
4.472286330022346990e-01
6.918469860458394960e-01
-9.905780275647358968e-01
3.397576585713967152e-03
4.388765147083870805e-02
6.768620268189343703e-01
9.912118274258336914e-01
6.866369419792901496e-01
4.193525207252695730e-01
7.711604446636202148e-01
4.405641972724635980e-01
2.898408560161889191e-01
2.400132028549810947e-01
-9.276405308160906582e-01
3.137613812826699489e-01
-1.866455274086123162e-01
-8.603537116224539982e-01
-8.771173015689578967e-02
9.440155885179191131e-01
-9.996321991398443574e-01
-4.816722423699409394e-01
2.774529016286823579e-01
-9.010407550748911198e-01
-1.056917457123281723e-01
8.869966699458340376e-01
-7.797559529890141228e-01
9.992736950944109964e-01
-9.998427743672650969e-01
-8.239063823197436687e-01
5.544911289145090794e-02
6.542534412986641401e-01
7.511219385308068874e-01
9.817150620276217099e-01
8.432462169379746353e-01
-6.355677158087951195e-01
2.858558951915323165e-01
9.645418782069045127e-01
-9.284818069768339122e-01
-3.637350411898285785e-01
-9.640150435171853660e-01
5.844189585702027623e-01
9.998634770433779684e-01
-9.961169477262493688e-01
9.849509697701950284e-01
-9.627027006755840555e-01
-7.489576616816234766e-01
-1.735539701462935347e-01
-8.064292144323809142e-01
7.197401099817809511e-01
-1.282737404187254127e-01
6.992775563727724464e-01
-1.084589483411696753e-01
9.204123597590183614e-01
6.226095726405944664e-01
6.000904938892189788e-01
-2.964837147045172316e-01
-8.414386725501994402e-01
9.057477161277951438e-01
-6.017740302444897216e-01
-5.791974850567610522e-01
6.039844953434828634e-01
9.935828543268268032e-01
-9.879508768479788872e-01
-9.674214941364761566e-01
-5.961104315376531959e-01
-9.138583829634685518e-01
-7.059588360745444602e-01
-7.712839067554909667e-01
-9.996348876268768002e-01
7.946455936429920597e-02
6.790202087521903795e-01
-5.537666191869459187e-01
3.373335365615890424e-01
-5.289976779819340891e-01
-2.402202630768335012e-01
2.390330055306625900e-01
-4.072191224755642991e-01
1.952376460613000630e-02
9.689841681478155166e-01
-8.555899072757938706e-01
-9.721616861543836974e-01
6.435503360564445163e-01
-1.507238349588370940e-01
-3.220866727509154037e-01
-9.551278755877059545e-01
5.897081851428271904e-01
2.996915848745591027e-01
3.882530996418210867e-01
6.138423396932801701e-01
7.231985513460497117e-01
4.079167510648018524e-02
-1.299097556596003344e-01
1.543834987230968125e-01
8.572291937765401659e-01
8.153716997858228011e-01
-9.968826559781742702e-01
-9.583633592468437934e-01
6.214986566162810089e-01
-9.540680867796905718e-01
-1.766472988032664893e-01
-9.853991157145007840e-01
-2.767625534839762147e-01
2.020838348662591655e-01
-3.907657176987688885e-01
-6.948265168518352741e-01
-2.101161894790909423e-01
-9.429150075862438030e-01
9.358315334373702443e-01
-9.996530144984390187e-01
-4.807951356049731118e-01
5.837559982089796096e-01
-9.522184426119689737e-02
-9.986465306158923694e-01
9.997198559672454410e-01
5.670632098797280252e-01
-5.950583907827746571e-02
-5.243633876730952048e-01
9.767435824515697806e-01
-9.265039435331585693e-01
-9.737967526261877005e-01
-9.118251121865604825e-01
-5.558775583766628614e-01
-6.092018084159289693e-01
9.564106251115631618e-01
-3.460411010962931022e-01
-7.790354939807239143e-01
-8.659200684606481735e-01
8.003460984078575313e-01
9.717197816870004612e-01
1.241040547137752803e-01
8.327535756279724755e-01
-6.964200746996906943e-01
7.194411169108546611e-01
3.583067345870298848e-01
-6.814096102944917632e-01
-2.941848700325478960e-01
9.342079790276800466e-01
-9.955936042146291687e-01
-8.240711730002794333e-01
-2.293018289483804151e-01
-8.118345512561667698e-01
-9.980965375467202305e-01
-6.995888792417436219e-01
6.324990504598735352e-01
-7.227423011599763969e-01
-5.204790336192159916e-01
6.760624251514800731e-01
9.959942131297100376e-01
-7.226749024619486539e-01
3.042761178628168861e-01
-4.003997000661639882e-01
9.526664239499497144e-01
-9.562786316947800014e-01
-4.175522959330511541e-01
-7.309921053429974114e-01
-1.038445591385478844e-01
9.059917792070535381e-01
3.529101552853045054e-01
-4.679040869413915171e-01
-9.420526607023320675e-01
-6.289379449123219112e-01
9.791022830687312606e-01
-8.673685186717288165e-01
-2.086813549606151563e-01
-7.151011231408042068e-01
7.533625959255134674e-01
9.996493790320226669e-01
-2.904529605121608515e-01
9.975786904624814877e-01
-3.149880903564816204e-01
-4.794722939301602205e-01
-9.462336196207803418e-01
4.552955072342451670e-01
-5.929174691460623592e-01
-4.413700009962087667e-01
8.907988197043796852e-01
-7.701701955491644380e-01
-1.987745880718950475e-01
-9.727014890312125628e-01
-2.136371016005086110e-01
3.209047870062919916e-01
9.968299046525562757e-01
9.845028965459445836e-01
-9.950327605180346868e-01
-7.203754456958946228e-01
-1.380523656455453496e-01
-2.994384805032502261e-01
-5.239342910661645147e-01
7.643516042424276513e-01
5.618939795912434310e-01
6.384325648935965658e-01
7.759613854857825288e-01
9.696795944726988026e-01
9.996131499062129722e-01
-9.602327013288558533e-01
4.894847883605719652e-01
-5.941087324812974746e-01
4.386161673357413804e-01
3.027673043042150014e-01
-3.512175708451414358e-01
-9.939873903528886334e-01
9.999395716088281816e-01
-8.537959100400275281e-01
9.115061578837292400e-01
9.805274962824187535e-01
-1.688876632037461523e-02
-9.977019778245124204e-01
2.836526527271694409e-01
8.751840081822920281e-01
9.927906862033072377e-01
3.323153390291030962e-01
-1.919164951738576153e-01
-9.983568742217040493e-01
1.648731300359588051e-02
6.833394564786179348e-01
-9.797757458138828257e-01
-2.072307676670553100e-01
-9.986770470666904709e-01
4.407822040194894209e-01
-2.514327524289682314e-01
-1.774477756274508711e-01
-9.984142899128816140e-01
2.624218621983914757e-01
4.221986101719010231e-01
5.651368022043669059e-01
4.320394090163166001e-01
-2.284147008467775075e-01
-7.516584701234278743e-02
9.615562360398246522e-01
-8.984245172425406878e-01
2.244823659179944753e-01
-8.390125985872955994e-01
-9.925266081901717996e-01
1.990402220922806997e-01
-4.237233367460774280e-01
9.979508202122036042e-01
-3.156073027030191769e-01
9.998435029225940518e-01
7.719871133957190157e-01
8.436643288804098750e-01
8.089086851025907299e-01
9.931305438820436926e-01
8.831647455010324110e-01
1.497014369268645506e-01
-9.832958259002958501e-01
-7.252150939317084655e-01
2.781993206514676298e-01
7.370597828490867975e-01
-3.260141663225582520e-01
-8.611204337540071529e-01
9.951927938274429675e-01
7.377290481282634538e-01
-9.986426276097555288e-01
-1.877317192144431490e-02
3.139148991722433557e-01
7.870063894416474692e-01
-1.716403991306167109e-01
9.712070568844214380e-01
9.885313808710647354e-01
-6.622123339803895892e-01
-2.869901838070789690e-01
2.955000025997289725e-01
-9.926956726409799092e-01
-8.763198544924142297e-01
-2.368297883355869604e-01
2.818545246412460514e-01
7.507374630197097831e-01
6.875480290311482001e-01
8.055264868222935526e-01
4.092848716117786778e-01
5.009568123729668532e-01
8.745072308940137207e-01
-5.328069550718401715e-01
1.364425640026473430e-01
2.739555676567345111e-01
-2.817559471497709245e-01
-2.292306820804347611e-01
1.317187307769871613e-02
-4.573338492050081361e-01
-8.653025890805690068e-01
-9.408712501702610753e-01
-9.564459373481858373e-01
1.411871494012618966e-01
9.401874165898743696e-01
8.855063110533055448e-02
-9.788196340071896318e-01
-8.638057099198878097e-01
-2.337455751139756455e-01
-7.914069036055346174e-02
-5.940937140615176748e-01
2.387107260813597642e-01
8.172796510553363980e-01
-4.349857751156820385e-01
-7.073342033475761292e-01
8.468149899387252821e-01
-6.743528975197626840e-01
9.986323141116323354e-01
-9.610467355093672559e-01
-9.997274908432619567e-01
-9.990584943629894354e-01
-6.370781503649902699e-01
9.203849909700685394e-01
9.394916275346443246e-01
8.262445348731328743e-01
8.087154261626399165e-01
-6.601373493492930233e-01
9.619939346989456741e-01
9.393423093344702712e-01
-6.498337704391704550e-01
8.453970202059319927e-01
7.162687244277752274e-01
6.796495367702484192e-01
-1.633807786958991481e-01
-1.260420840570400935e-01
-7.979428555442061866e-01
-2.588087563851692585e-01
-7.782603648860609846e-01
-7.700095728968083808e-01
-3.691027992637722632e-01
-8.851061177298673588e-01
-1.153768319710448964e-01
6.142560186908313513e-01
1.433072370192661482e-01
-5.552952769422908608e-01
8.550686822482383986e-01
-9.261841637396653892e-01
-1.283743528579135429e-01
6.802139475932753587e-01
-1.628007044471141973e-01
-6.137669388197469766e-01
9.835318718234098423e-01
-9.998208775665912151e-01
9.565771039903000483e-01
2.877751184087978253e-01
-8.327375426465688513e-01
-4.195715601471317058e-02
6.898738462304798702e-02
-1.483649629685466209e-01
8.771233075341001995e-02
7.521631660000630548e-01
8.324001139228948132e-01
5.513251133373852086e-01
-9.826419468460988460e-01
8.950208331451969812e-01
9.629864619009823046e-02
8.232922944554676992e-01
-6.710413304222399011e-01
3.092376747804455595e-01
4.217106434810650728e-01
1.980357532296811995e-01
1.508028593570089615e-01
-3.070252837501141752e-01
9.752269955293043635e-01
-9.652647376396125134e-01
-8.702999887809155510e-02
-8.307253423836028494e-01
-4.182074972311695671e-01
-5.827991627010785658e-01
9.220314181615457683e-01
9.028656525515322828e-01
-8.624984765859265989e-01
-5.679859041827515220e-01
9.568033597838256910e-01
-1.021727197289491462e-01
-9.991395981796146186e-01
2.780970882407788336e-01
9.774906792489593821e-01
3.759743791361034315e-01
2.164920473440626325e-01
-9.550596312632432527e-02
1.881447362825228523e-02
7.860740634764333823e-01
9.882943570307073378e-01
8.019685023193546813e-01
-9.921107970152172051e-01
-1.688544607512642848e-01
9.637605393923569519e-01
5.923775618704900381e-02
9.789320314717491200e-01
-9.894647890677262803e-01
-9.974496191780348742e-01
2.160727741860339335e-01
-8.262275898194290091e-01
5.196365854607618573e-01
9.721173299777526866e-01
2.519847258094495834e-01
7.504220644827516162e-01
1.416367221260547982e-01
-8.210539283866497007e-01
-3.561759463624552535e-01
-3.205366086499603778e-02
1.007742780140657157e-01
-1.490100625418001312e-01
-9.784490190314266700e-01
9.354528149802732173e-01
9.999574816260363708e-01
-7.269498300252438816e-02
-5.703369945188927620e-02
-9.801089680172195839e-01
-5.546309798984250250e-01
-4.248885471042530559e-01
6.085021662865555125e-01
-6.804686382857161320e-02
9.332846923569472208e-01
5.760074485951530328e-03
7.468066205826578985e-01
4.375758183353914976e-01
2.975218522818560696e-01
-7.754470896531637791e-01
9.691611586648336552e-01
3.708683684082264564e-01
9.727433000145288000e-01
9.129510653117586250e-01
-6.651125187137314487e-01
-8.422552473023151576e-01
-8.508039879453804799e-01
3.831815014958378507e-02
9.967863650506226803e-01
9.710380710816480798e-01
-3.649004530368306631e-01
3.032032864326620891e-01
3.710759816993534910e-02
6.113276548269694910e-01
-9.453261207101705255e-01
6.209962919334023335e-01
5.143532815274894920e-01
-8.142334612480284228e-01
7.851193516820150764e-01
-8.558603045526836928e-01
-9.600609585016907088e-01
-5.858167481112881020e-02
-9.898252798180692258e-01
4.191956723837770293e-01
9.978308691905108940e-01
-8.143828566485168396e-01
9.670212713413204320e-01
2.805617459207838671e-01
7.653906833549039002e-01
9.892603807634182678e-01
9.719833659418649630e-01
-4.422129692758725583e-01
-7.900507788149334631e-01
-5.743800218587742368e-01
1.102877509554416394e-02
-5.938250846237177472e-01
5.647241102404133573e-01
-2.272997377198279212e-01
-2.191177588824609057e-01
-9.420819339002686199e-01
-8.818920645600502040e-01
-4.527206039648448144e-01
-9.598914948550391069e-01
-7.682690788157356954e-01
-4.179803262072960268e-01
9.970564773583511231e-01
-5.448969520702627856e-01
-6.064581756664649825e-01
7.771801018611456113e-01
3.748269388734373764e-01
9.613442329531433073e-01
-8.332663509616528019e-01
7.893735097675910195e-01
-9.941879760574086067e-01
7.051121860722273649e-01
4.926249900632952280e-04
-6.524408454118486578e-01
9.382773949982593509e-01
9.253305549444729161e-01
6.274702569843768618e-01
-2.394313468898065789e-01
9.997308864561000874e-01
1.839274258852637844e-01
3.151502858974336574e-01
-6.225815138840897767e-01
-1.060480441635015467e-02
-6.681198793249888412e-01
3.332978736914326001e-01
4.250878777871157643e-01
-2.107328156816696552e-01
9.953504060650409935e-01
-9.251180235118678929e-01
-7.945640562646978378e-01
-4.469017539714961740e-01
-1.569511055920151110e-01
-6.558044429893691296e-01
6.706651341023062152e-01
9.246288528244462901e-01
-9.469617835748976864e-01
-9.683185783106410538e-01
8.453894960609279474e-01
9.319913576066680694e-01
-9.876249142315488561e-01
6.099003966772827967e-01
-2.160473461185793975e-01
8.128096630044938653e-01
8.446822186090328088e-01
-9.093240384185400371e-01
-9.606493417212520480e-01
8.348587235947880769e-01
6.371949253387308998e-01
-2.991683550187277940e-01
8.702114005373945416e-01
7.236059054384752498e-01
8.284652961723817377e-01
-1.864967190302685707e-01
5.789338481528961688e-01
2.811749392367262068e-01
-9.902563814862209712e-01
-5.622815602247932532e-01
6.887427134280766916e-01
8.746114647633721484e-01
-8.077310261071777298e-01
2.020238039252555129e-01
2.462454908033120393e-01
7.929071026421524726e-01
8.464994049990063330e-01
9.732716440012885162e-01
7.786973955887925847e-01
-9.355079996861137559e-01
2.498067206577797017e-01
6.094980414834814952e-02
-8.065617777658021792e-01
9.143571778921525395e-01
-9.807373784268769157e-01
-9.533655683876193221e-01
-2.411637414500771293e-01
9.312558346575262602e-01
8.293357819964329858e-01
-4.029686577954533222e-02
-2.872267933809131701e-01
8.692649775228583620e-01
-4.916978081644775567e-01
9.992458659237412055e-01
-9.660217433014096633e-01
8.166708821848754907e-01
-9.862293569530147241e-01
-9.128060290798152288e-01
4.452086264020409523e-01
-9.568828649999535640e-01
-8.769784905471221803e-01
-6.907325900387444317e-01
8.284640664843077040e-01
-9.690733055271497642e-01
-5.889036954992830086e-01
-8.661557706194608075e-01
4.595773714238000629e-01
8.998656627813110820e-01
3.371615333022195959e-01
-7.107480471295726243e-01
8.076464782922992969e-01
-9.999778509375829572e-01
-9.559701159732143516e-01
-9.511685335769202165e-01
-9.901314780694739914e-01
9.177123165603001675e-01
-9.623537092098255474e-01
1.794754584862637836e-01
9.685479615616592319e-01
-9.748589197711270415e-01
9.348113007124995155e-01
-2.587779404533654959e-02
5.605366884422947199e-02
-7.975373451601343033e-01
5.034176003402368593e-01
-7.816487479295264329e-01
8.408199916949715691e-01
9.825660194481872223e-01
9.215597568536230133e-01
-3.068623265143985979e-01
7.380255922217272557e-01
-9.804281478648131376e-01
-7.048804054239954375e-01
-9.185014643056319539e-01
9.918515029169427955e-01
9.593752468618297335e-01
9.889812593961424536e-01
3.003380378122225691e-01
4.372959292649744034e-01
-4.368783323951090924e-01
-9.834603370119980870e-01
5.253220287297991620e-01
5.375646269569662739e-01
-1.962448393060117757e-02
5.299470565914170539e-01
-9.833727655524229228e-01
-4.936482289193751538e-01
9.964226516441651027e-01
-9.721811165766787166e-01
-8.519373379467489737e-01
-4.647702698733235938e-01
7.912364022369424710e-01
-5.066742724879933490e-01
9.179640509947678551e-01
-3.948025927711355521e-01
9.898745068455595542e-01
3.675181312799665756e-01
6.972387056398896554e-01
6.026689441782475676e-01
-9.794954668191243607e-01
1.639927674355778353e-01
-5.718278725709319277e-01
1.020020203475874576e-01
2.120389357379556527e-01
-5.879464514473572434e-01
2.564588563348954575e-01
6.446379642982884572e-01
-9.846321817241333596e-01
7.713111017004731229e-01
7.290725207152527476e-01
-6.582526012476490607e-01
-2.096931628418657323e-01
9.082358400481447269e-01
8.747785261592542216e-01
-8.905863394943431821e-01
-5.816509334435527867e-01
-7.046899746130035336e-01
-6.040421031857996503e-01
-3.090153006883804565e-01
-3.198924041860796152e-01
-7.899574444797593520e-01
-4.018335743632320267e-01
-7.349290303177906658e-01
-9.969596879701533299e-01
4.358187477242959629e-01
-2.026717206654208292e-01
6.025686081587553478e-01
-6.705863187140406190e-01
7.646150278561165692e-01
5.900000604493947920e-01
-9.037115394470446317e-01
9.999440538265044198e-01
9.877387685318484989e-01
9.593548918781532597e-01
8.777999575221127060e-01
2.744685193936227674e-01
6.887128274648463000e-01
5.722328911206011615e-01
9.309888003184999539e-01
-8.069363252705386014e-01
-8.680702380537596019e-01
6.412986324173042263e-01
1.016284227909407950e-01
9.755871534452075222e-01
9.351694634926933647e-01
-2.780996861080595184e-01
9.880413492184627611e-01
5.542786697527275486e-01
-1.611604743274299978e-01
-9.523408773001279526e-01
9.470428198740169501e-01
-3.340651034287161342e-02
-4.460732708077496111e-01
2.717421445380771572e-01
-6.559206605041504323e-01
7.528420136675341434e-02
-9.928751829972122245e-01
9.402450858484262541e-01
4.225637413721470836e-01
7.181364709476043551e-01
-9.899427354730692130e-01
-8.615631363965795542e-01
-9.107503126344038691e-01
-3.228604285330910484e-01
-8.922306990028542328e-01
6.226841535596747690e-01
9.875104423564365907e-01
9.959975251599646473e-01
-2.902296109828674253e-01
8.555407900563228862e-01
8.391860212046967638e-01
-7.492351414720803682e-01
-4.754195985980422812e-01
9.960318450119159950e-01
-8.650758276375312139e-01
-2.869398172415165149e-01
3.805161120365065930e-01
2.471450982256898077e-01
-9.962714716978738894e-01
-2.548663102890847965e-01
-4.392131903474536664e-02
6.913689356381701456e-01
2.109179220670435173e-01
9.990828189961026284e-01
9.999970646296034715e-01
3.248821685955555205e-01
9.867028885024494711e-01
-4.690040521168942766e-01
8.848811406069488905e-01
5.895163092967505847e-01
6.720988256639681691e-01
-8.659656907269994708e-01
-9.999049286170368367e-01
9.812218026278461958e-01
-5.982222293055202700e-01
4.009693562843786863e-01
-6.737205116856807008e-01
-1.648423034232733009e-01
8.042376097185034434e-01
-6.013492773332921315e-01
4.850593745128016498e-02
5.326363914317965298e-01
2.823617622682493278e-01
-8.498802374323702891e-01
-9.897287536106877948e-01
-6.142606764332811942e-01
9.763975819005169532e-01
-8.243982669854652556e-01
1.832435274692741367e-01
-2.155981310144212404e-01
9.970409645632711815e-01
-9.439362788317244846e-01
-4.693383699418910981e-01
-6.485508095735849077e-01
7.894519253636489431e-01
-4.768230980932451346e-01
-5.981803780499117540e-01
-7.525221772084890182e-01
-6.798007240301781051e-01
-3.046275193841942452e-01
3.906199061062760880e-02
7.434370588106606892e-01
-7.688317633747617785e-01
7.263073731945839384e-01
-9.099122389748502959e-01
9.964903246516535473e-01
5.302558988528579542e-01
2.109576279440444624e-01
3.341615682201591331e-01
6.082934696691388865e-01
-3.253456309784743539e-01
-6.675697675012175203e-02
-8.682053652010305322e-01
-9.269697576699194030e-01
2.993824497780356864e-01
-9.733445940236670202e-01
5.557116609112705552e-01
-4.485283679932593470e-01
9.707675880317241379e-01
-2.186631768884066684e-01
8.696802758379356124e-01
9.985456511255809131e-01
-9.633520271950177793e-01
-4.190240596562838649e-01
6.378451878805164732e-01
9.724772654449633791e-01
-9.889671780720745708e-01
5.307069211609759529e-01
2.486220988176396970e-03
9.538925274372317409e-01
-2.163996944536611400e-01
-5.572435354667334417e-01
-5.286843634747451226e-01
7.959143963054571280e-01
9.604522547995809623e-01
7.272549851890006134e-02
-5.358012304631500911e-01
-9.999619477868650907e-01
7.566619029771333160e-01
-9.325230213058750550e-01
9.255001551150932038e-01
-9.247040530520722612e-01
-4.335525369734198331e-01
2.938992331076995534e-01
-1.550108381773913913e-01
8.339763345126851579e-01
1.843297659985155268e-01
9.771237016395191155e-01
8.908558559537558263e-01
-2.221372054080847924e-01
8.524112280790090423e-01
-9.302012007751911948e-01
-7.991358870985909579e-01
5.340422094963744870e-01
-9.076251898336248347e-01
6.946909465555555219e-01
8.402331015680609694e-01
9.875876583006948373e-01
4.255872099830969590e-01
9.112937675277115179e-01
-7.383903545086438758e-01
9.972151477787164486e-01
4.918928831340939056e-01
-8.861737137530530106e-02
-6.430651334121861851e-01
7.470686367751828705e-01
2.408818532249090150e-01
9.512797773908403531e-01
1.268097387087637196e-01
5.471120642202774720e-01
5.044065847970660155e-01
6.152108484567796465e-01
-5.843966666463723536e-01
-4.048764761742342233e-01
6.283573937480367855e-01
-5.381611189377167870e-01
7.177068029626991752e-01
-9.681809036324401374e-01
5.830537234750983178e-01
8.633547822871883159e-01
9.534179115563873319e-01
1.977127399968533483e-01
-9.998845896632575503e-01
-6.298297620371436922e-01
-6.309416602281742170e-01
8.724278695910629988e-01
-2.379123200669867357e-03
-5.185446625947871535e-01
4.362825610928707798e-01
-3.171059874876574480e-01
-5.279530607334986803e-01
-2.073852139918808679e-01
-1.134975080047235796e-01
7.783755608853649699e-01
9.610667366614914497e-01
-9.092411165799691997e-01
-2.952063778272165373e-01
2.821216198802682373e-01
-9.682993781791537913e-01
5.106557330177414755e-01
-9.169931223115761476e-01
-8.716563049647365613e-01
-8.653965472293698724e-01
4.072002989840772802e-01
-9.573449888090539428e-01
8.405246640168245742e-01
-7.667433218111289195e-01
9.614736050069028206e-01
7.620047669718823524e-01
5.378170642200073015e-01
6.508394947463080893e-01
-9.479023356855439397e-01
9.579055404633708415e-01
3.721878426867520906e-01
9.844095132557680872e-01
6.735104546056778219e-01
4.685941657807209393e-01
1.491376400420157955e-01
-9.122952418750160941e-01
-9.999819807808396632e-01
-9.648545917185432641e-01
9.916391912722734014e-01
-7.575765758752015522e-01
-9.728369415211495230e-01
-9.995274660790514076e-01
-4.009766536447361696e-01
6.485391560744732109e-01
9.038177046519468849e-01
-7.173534913801753454e-01
3.860061065935587177e-01
-7.121232479957421146e-01
-3.551058249057261196e-01
-6.454799726975862795e-01
6.719294134651380146e-01
5.043070664858131380e-01
9.954369587027926958e-01
-9.578828694840481051e-01
-2.923521792044912471e-01
9.690354036069249721e-01
9.068810523838007898e-01
-9.465585521342642084e-01
9.825680217520685877e-01
7.897505741334689411e-01
-3.754887947947626592e-01
3.650563396565205676e-01
-8.215603275284253382e-01
-6.205128053805808452e-01
-7.317172885170432350e-02
-9.538736295109466745e-01
1.898669441386758305e-01
9.844916897702317149e-01
-9.714305398412166337e-01
-9.585416413619808340e-01
2.309412726981947828e-02
-9.999834212019337309e-01
-5.890615140936331651e-01
-9.999923260857072060e-01
-9.827048662544932700e-01
-7.012571918989649600e-01
-8.489538013585874454e-01
-9.947456952275338660e-01
-8.292061303702642494e-01
-9.969141785691002511e-01
-5.027681238956605014e-01
5.040937964125496995e-01
9.974106874194844652e-01
-9.772224618990393852e-01
2.667765872565915908e-01
4.878056140886491976e-01
-9.947821443791760032e-01
-4.536826303893753409e-01
-2.975459944470837392e-01
6.682382803655723125e-01
9.999590400590798733e-01
-9.385502352278977112e-01
-7.071678725315461156e-01
5.346774120155009524e-02
-8.819291243259550495e-01
-6.387333054615775829e-01
-8.428258615226511541e-01
-3.834054772898002339e-01
-3.717525293665148167e-01
8.856715647536049785e-01
1.018247629244550534e-01
-9.995109727568920466e-01
-9.433863896396126325e-01
-1.800457367753282786e-03
-3.155373346945243851e-01
-5.941323445032057338e-01
-8.950837955779823440e-01
4.814647600163159957e-01
6.276876534718828227e-01
4.142188626207571334e-01
-3.346996165453769434e-01
7.749527227942597518e-01
-5.410098762162106611e-01
5.676012952911088094e-01
3.994724423367889132e-01
9.324500412801944860e-01
5.629085183362168010e-01
-9.588841745524204763e-01
7.337203147995110530e-01
-1.220174202044431444e-01
-9.697162594792594348e-01
9.287491167115439206e-01
9.583783059736113996e-01
1.820136275022473382e-01
2.315964722807488108e-01
-1.730919086081255942e-01
-9.472009141657335984e-01
8.757834177718013535e-01
-9.998909568317464469e-01
1.434509951300041719e-01
7.211195276075439420e-01
9.681366367311815546e-01
1.520512493948151522e-01
6.968692503249042103e-01
9.515653633649000520e-01
-6.790507642042480363e-01
-9.872745731176912898e-01
5.697389535043908548e-01
-2.941699392030028837e-01
-2.080843058197287890e-02
4.135897335303747036e-01
-7.859247700732697739e-01
-6.317100244254839625e-01
-2.902675397805841162e-01
7.630610177019286899e-01
-5.972198787708665052e-02
5.573822816712115102e-01
9.218078472515598421e-01
-4.678552503867030032e-01
-9.634146147660370696e-01
-1.801104476412687394e-01
-9.370399959044205529e-01
8.801927829912112866e-01
8.558343316567474934e-01
9.996014710089433652e-01
9.618948904555355561e-01
1.436371124342383232e-01
-3.075799457504252519e-03
6.815992120930876030e-01
3.708703804260835568e-01
6.274142583607287271e-01
-3.087253170063314900e-01
-1.728585641760545799e-01
-6.116832538918215434e-01
6.793556743246543794e-01
3.559606476092935790e-01
5.700993588733593853e-01
9.725011997946110265e-01
-9.855762650915416145e-01
1.380323843808174966e-01
4.500975286952632048e-01
-3.659605151188936034e-01
-1.522861830656929150e-01
9.151649935339569719e-01
-9.545805827555934320e-01
-6.469616141000217313e-01
8.977843656190174215e-01
-1.577777028942674575e-01
8.411900059383767836e-01
-3.014627195744837840e-01
-4.669405668904864637e-01
-9.992403485279502950e-01
-7.233341153637164178e-02
-9.628110716761144605e-01
-7.193092713437774233e-01
-8.095677160554965932e-03
-9.981180675497579591e-01
-9.999398851499681218e-01
8.458931920592281939e-01
7.309268855073501880e-01
9.771882836284876417e-01
6.502809275982760484e-01
9.790722066058363815e-01
-7.777066990612008235e-01
-9.595595152111664472e-01
-2.112125985039754184e-01
9.022977957834082963e-02
-6.599018671710055184e-01
9.873943382096227461e-01
-4.880054002194916252e-01
-5.740053529377631136e-01
9.205961094831667246e-01
5.364659239047317452e-03
6.972534436048022366e-01
3.272051595379869560e-01
6.744008516494991445e-01
4.002644912404654254e-01
3.996700140627735265e-01
3.802955752717329108e-01
-7.443748567009420003e-02
-5.627475962101715634e-01
-7.850763495286955385e-02
7.340100059580071390e-01
-9.599945021848536042e-01
-9.786225316772837468e-01
-4.184721796286103856e-01
1.045765465965657892e-01
7.162318283991183643e-01
-7.248207800266304179e-01
-8.657981022615787170e-01
-4.730128019916676196e-01
-8.237435699606485695e-01
-3.285015160095619002e-01
9.542180839853495744e-01
7.645203161970158812e-01
9.957215277644598794e-01
-7.334943425320409327e-01
7.903063530586015295e-01
-3.781817963259048732e-01
9.998579828344599241e-01
-6.984714149614380529e-01
5.665933219437748747e-01
-8.390965993658654476e-01
6.194925713549502833e-01
9.896258525100262160e-01
7.099869674825642907e-01
5.954876014137795437e-01
1.164083583908202824e-01
-2.718081683520581771e-01
2.491811248428520698e-01
9.932597452683457062e-01
-9.861220754246903253e-01
-8.405461469238105776e-01
-2.502127432117428121e-02
-7.476453313962312386e-01
3.129076574480740836e-02
-9.008084934922053755e-01
-7.670419934598856626e-01
-2.366122663318301067e-01
-3.988497604820396836e-01
-4.206507060147396393e-01
-9.577555340055811106e-01
-2.012827352416373394e-01
9.773459572955708330e-01
6.945771443893662411e-01
-2.245229209862598385e-01
-5.999597513991409281e-01
-8.273022700585729305e-01
-1.399117675852264708e-01
-6.653396869645988865e-01
6.534798134465739095e-01
-2.599054056163331745e-03
-2.818944490421225746e-01
4.312055873389529781e-01
-4.024681961910328565e-01
8.937864632102714424e-01
-3.703973926395091043e-01
-7.025142893160494229e-01
8.939714872659305644e-01
7.773069005067444470e-01
-5.792049822346038157e-01
-5.558896046006415181e-01
6.281058019750330734e-01
-8.434214466562509616e-01
9.856325821087911221e-01
-8.311667886593823162e-01
-9.973956429734508466e-01
-9.830061788907110132e-02
9.263144870884464366e-01
-9.575875587638337239e-01
-7.110714149486707658e-01
3.167684583214999128e-01
5.982012670635855622e-01
-9.010367562193887236e-01
-8.534781087097405017e-01
-9.755629729202021094e-01
7.874157532090181322e-01
-1.907814195016440673e-01
6.537646300660355791e-01
-2.146059781694505397e-01
2.857674072182445069e-01
4.102724724114045207e-01
-6.474435921161221241e-01
4.973423406149903858e-01
-3.425955726254290012e-01
9.616493357972840661e-01
-2.736791750127132716e-01
-9.557011486060171812e-01
-4.579741556621092502e-01
9.630309602936254487e-01
-9.996238303135759340e-01
-9.015751994938937530e-01
-8.070590437471667489e-01
-4.326996126486827854e-01
9.224904095857868747e-01
9.972318657597172287e-01
-8.343757711867468840e-01
7.608956020465156289e-01
-9.522389169117860819e-01
-4.575021068264480406e-01
3.489409222370076225e-01
-3.034909429908689282e-01
3.350398845147922189e-01
-8.745400996488804368e-02
6.293458123741989541e-01
-6.286109454447632583e-01
2.025336698816194714e-01
-5.926422717825371445e-01
-4.974280352422463802e-01
-1.036978027997590979e-01
-6.760363562494714484e-01
7.759642687239083347e-01
6.782342191691069777e-01
-8.774483479751613579e-01
9.996241240133770800e-01
2.911427018015129708e-01
9.953634018637480541e-01
-8.094664168930334469e-01
-1.566873240831566649e-01
-3.771885157076553252e-01
9.885823077718500218e-02
-3.041612639836255988e-02
7.312408138050913164e-01
9.992738821571119923e-01
-6.110738197708341923e-01
8.460302109065503950e-01
2.573715276454796030e-01
6.843033307018389078e-01
6.889061649800239939e-01
-6.236998615861080036e-02
-4.543541457607638279e-01
3.419141286240445776e-02
4.129408130057979354e-02
9.765679090464433054e-01
9.861390128148260770e-01
3.416066849218055701e-01
-1.200700787730119429e-01
-1.003619011124879945e-01
-8.829545625367801742e-01
5.314156408626213857e-01
3.479039532283786373e-01
3.338491164629110441e-01
-6.113653575355482150e-01
-8.966813619843629901e-01
-9.396391104870902566e-01
-9.941141112402762658e-01
3.545956114634596923e-01
3.401800890258272481e-01
2.232272146273105717e-01
7.402484810427737427e-01
-6.877630557989429239e-01
-3.503073725547352635e-01
9.921491134917079791e-01
-7.407706193432895825e-01
-7.537470385659549299e-01
9.334528870212305263e-01
-9.243443165148725882e-01
-1.265300755017012002e-01
-9.442154375963672797e-01
-6.543183457151743321e-01
-9.870874998853758076e-01
-6.600732405878154130e-02
-9.013449512117169826e-01
1.959138300339971495e-01
-1.057551474883910714e-01
-1.810572335290862866e-01
-1.758573708219344500e-01
-9.670803733655191081e-01
7.546641905105881953e-01
7.131841565746579459e-01
-6.081182904963713387e-01
2.576728492593608477e-01
7.484860587815849176e-01
6.945208432287771627e-01
9.721434386134949479e-01
6.198181513374931839e-01
6.827691044635845197e-01
7.771236652591944072e-01
-8.269922135355165516e-01
3.506985728736505825e-01
9.578312208561721164e-01
9.548962669054921193e-01
-9.021136841496910641e-01
-6.653478390668664533e-01
-6.425011893726545464e-01
-1.281253706931896053e-01
8.993538354023371539e-01
9.339078934271337618e-01
5.255906429907171162e-01
6.327879462518215536e-01
2.614838815825886176e-01
-9.827856257800021700e-01
7.011067944229510962e-01
-9.999406432942531398e-01
3.935807663226229547e-01
-9.830379338346516560e-01
8.187695234441340064e-01
-5.978313112927744477e-01
9.990083257426092544e-02
-2.989062206560181081e-02
9.927525035532783759e-01
9.854392018440045753e-01
4.185706980637653452e-01
9.231961325062678636e-01
-7.760944656572307254e-01
2.371918632743539798e-02
-8.574237391785706208e-01
7.127813791317236802e-01
8.056607068350718492e-01
9.316497262519073397e-01
9.788476395040403011e-01
-9.982020266728452995e-01
7.960182420224706235e-01
-7.492096405755680477e-01
-9.203670355415723980e-01
3.831163682914964785e-01
6.960019881318844914e-02
8.873218907333932925e-01
-9.756888453310701426e-01
-8.786214603851323357e-01
6.983695973509393973e-01
7.752247643287019097e-01
-9.710060094072557879e-01
-1.380608143471936666e-01
2.756496780661991663e-01
3.722888365185694770e-02
-9.563769739906453626e-01
-2.972832693280259564e-01
-1.525228901261907744e-01
1.276570946521140282e-01
5.501543906897810032e-01
-9.969560328805970872e-01
4.778806316777635677e-01
-7.891398693337248194e-01
-1.672134581797452002e-01
-6.199863808519837094e-02
-4.253929893418126884e-01
9.372007143156191322e-01
-9.326439097792156296e-01
9.273244448672678386e-01
8.612040162882311778e-01
1.892084447573910699e-02
-4.166978726173817815e-01
-9.996328397722746839e-01
-6.248590176128541174e-01
-6.360885558215877422e-01
-2.856283504597866840e-01
5.450372634121618542e-01
-8.033953414432507545e-01
-3.574269884164572586e-01
7.082381484542880079e-01
-9.555043671887999412e-01
3.322301606576753830e-02
-9.864524883007596001e-01
-4.008556675885069920e-01
9.255839233611615757e-01
-3.799949201920355124e-01
-9.669187550318618651e-01
-9.918393703232905034e-01
8.521208807827199694e-01
-6.306081362843796168e-01
7.289423375169912234e-01
-4.971961448508954717e-01
-6.975115604767236910e-01
-5.288838471684601528e-01
-2.433976075697533714e-01
-2.735290909848542840e-01
-8.072239581459506041e-01
-6.824664186260058774e-01
9.998222380371003526e-01
-5.234491002011844030e-01
-8.310362963802560010e-01
-7.823130158249496091e-01
-8.707304896395247074e-01
3.691832799813456467e-01
6.637470298484928755e-01
9.891995917128779681e-01
9.958555294112134693e-01
-3.605316752593382690e-01
-8.420228209567667266e-01
-7.014623583438239773e-01
-8.776978486988448180e-01
-9.267316904402483901e-01
-6.534865119877988349e-01
-9.759964394018798561e-01
-5.010481327170660526e-01
2.174975924831128171e-01
-4.188555529160495339e-01
8.920441312887805729e-01
-5.800107594047711895e-02
-6.087338634295725859e-01
9.939345467023367187e-01
-8.155769785487451129e-01
-2.190172840684109778e-01
9.925554079633687188e-01
-8.482582339807758220e-01
8.338420699024329252e-01
4.620598786901302657e-01
9.489835426401915797e-01
9.978775064229582492e-01
9.788671704396465501e-01
-8.073448055862644246e-01
-9.264850214873728840e-01
7.138929119113792687e-01
9.168213145611751047e-01
-4.366105578681977462e-01
-9.464062914839064256e-01
8.784915380378234273e-01
-1.434221959507793187e-01
6.307399683918337718e-01
-6.931243205183759137e-01
-5.158743189432631882e-01
9.719659735652270705e-01
-8.447623365190114475e-01
-6.293411602504874747e-01
7.424367040828749875e-01
9.988023432169086391e-01
9.075507008743634307e-02
9.283802549257299530e-01
-1.896734586693845370e-01
9.741877059304472342e-01
4.091946734284269693e-01
-1.616925709164199546e-02
9.999710830307270149e-01
9.901522751167399772e-01
9.970828218284707445e-01
7.316862869978679740e-01
5.087090301522655400e-01
-7.222542598001587821e-01
-2.327631427422267030e-01
6.685450940364588979e-01
9.825818897380178552e-01
4.780987799600148747e-01
-9.893441295472016339e-01
-9.700280233632733173e-01
-9.661291416698836176e-01
6.189346717037162993e-01
-5.489086865314938279e-01
5.365876193440399788e-01
-4.138221906017128249e-01
7.105506410326778433e-01
-5.732266508544245909e-01
5.921671611236263288e-01
9.733403548541149641e-01
-9.127663248815505170e-01
5.886649018533480771e-01
-6.348281881505328517e-02
4.798463122299957972e-01
-9.858462302781093589e-01
9.783916383731365851e-01
-2.180521948868492099e-01
-3.897782537256486712e-01
-9.922622304753402345e-01
4.181112704052671325e-01
-9.684864514135588243e-01
7.655400197933937001e-01
-9.936295818943873259e-01
-7.991307129040992052e-01
-8.708049478321469028e-01
9.887463238377257602e-01
9.846831246451757114e-01
2.308941220788206516e-01
8.899829662501183847e-02
-9.999070853997442665e-01
8.961836045783982962e-01
-2.049536364810970179e-01
-8.537117526873473361e-01
6.293694963967689793e-01
8.307926319298037932e-01
2.004725696640463906e-01
7.895697774393606316e-01
4.743070006259573340e-02
1.182893231002174611e-01
2.133767312109048284e-02
7.427277848974918051e-01
6.212592426173632054e-01
-5.991903337298926102e-01
-9.911414804685785285e-01
-9.935997694872868991e-01
-5.249364926295137929e-02
-9.877007370357492322e-01
-1.136929817077066973e-01
8.027935240446311127e-01
7.656528562194294674e-01
2.216561867089238691e-01
-9.716850464010009514e-01
5.231118559152597713e-01
-5.222539859054438072e-01
-3.926469006336129330e-02
3.507057466720323036e-01
-4.795099820825119985e-01
-6.006983927041035232e-01
4.763428013011830053e-01
3.951112656882305729e-01
3.981259156965836765e-01
2.751945033752216298e-03
-9.416918105142844109e-01
9.951082622094234997e-01
-9.831835408529574494e-01
9.897856925139140172e-01
-9.998459663897935057e-01
8.686915812637537870e-01
1.113473942742994466e-01
6.283623901603672124e-01
7.095551784426407105e-02
6.102170920118072939e-01
8.225182127486196926e-01
-6.429737102983132946e-01
6.335830377142486203e-01
-5.687331025558510778e-01
-8.748662890463603237e-01
6.465029451015857909e-01
6.876152773457326894e-01
6.257209823258972348e-01
4.426016563189132391e-01
-6.295785724610342138e-01
7.989625230027760372e-01
5.020010771481942663e-02
5.602407595489923287e-01
4.596551527742699372e-01
-3.368953762069897828e-01
8.297542396067200121e-01
7.295385101210003498e-01
9.839423835638581028e-01
5.611784578717209371e-01
9.967641328262861755e-01
-9.784081714822954190e-01
5.236075787301892603e-01
2.429537924494042100e-01
-9.928792087007128897e-01
7.367873127069991535e-01
-7.604546306586928983e-01
-7.620928150655913447e-01
9.914534587005962019e-01
-7.788562607149263073e-01
-2.183822518895093268e-01
-9.910270041435718102e-01
7.513287416006272368e-01
-3.462815353212246594e-02
1.860062155635144598e-01
-8.206585792344167629e-01
-9.454749091384094806e-01
-8.006634800381966510e-01
-7.721683374532996025e-01
-4.494218387413291271e-01
-1.072944016322728983e-01
4.858649675729842521e-01
-6.994466930402083449e-01
-8.083328932400227762e-01
-9.025704093940567496e-01
-9.277087780073765000e-01
3.096842606869558701e-01
1.687421473477224709e-01
-9.406639754698564726e-01
5.708414817837029753e-01
-8.911153395549339384e-01
-5.792332478929289596e-01
-4.085845695905062636e-01
-8.772959036006262590e-01
-3.720099074365179059e-01
4.112471382844969797e-02
3.829026561667023265e-01
-4.782059855776410462e-01
-9.362265854378946095e-01
-4.739862885359593103e-01
-9.959700547797175618e-01
-4.107268758326477198e-01
-9.849458640993365988e-01
-9.954241182586113235e-01
-1.587195901668130571e-01
-6.471013533529604844e-01
4.683934283093515449e-01
4.578381058295952211e-01
-7.172971925513459412e-01
-9.041206790964503304e-01
-8.708544410353190324e-02
3.621178162530985234e-01
-9.561794086323993636e-01
-9.999586523000540961e-01
8.432780637390077105e-01
-1.102189519901948106e-01
-9.762646416042141118e-01
-9.999999380907190760e-01
9.019846195139986644e-01
-6.944740401293451049e-01
-8.879238021467782405e-01
-4.715225692592449613e-01
-3.897842394377288300e-01
3.905478237891903959e-01
5.937173790501285575e-01
-8.132083030840168147e-01
-4.451456512430327361e-01
1.507937821036715587e-01
-3.786965686615544335e-01
4.153831864999262269e-01
-9.502186845945292948e-01
-9.667273367515966109e-01
9.605621427744093221e-01
-7.406963735803352433e-01
-4.325855859752452126e-01
8.029692776467923787e-01
7.970640271883970840e-01
-4.781691282748046778e-01
1.524547808183938646e-01
9.292987893127566679e-01
-3.903022670339192368e-01
7.000168059688119948e-01
-9.756886752472763991e-02
-9.900389785031564749e-01
9.491702135035537946e-01
-1.895441659188494832e-01
-9.418797385625276020e-01
-9.959379683590879884e-01
-8.218312122934245956e-01
5.372574138600167970e-01
-9.737591818936994770e-01
9.886483663337209959e-01
-3.264962814238268063e-01
8.859969756035699362e-01
9.524763805566603958e-01
-1.478475724324077867e-01
-9.128112790190588688e-02
7.627564996535007857e-01
-4.447803266786012899e-01
-7.059644645386094208e-02
-1.527754672406312630e-01
-4.345084089595124821e-01
-8.221810722423290585e-01
3.094290245374869963e-01
8.234156797516748449e-01
7.801938727136458196e-01
-3.185777762363412591e-01
-9.416684574329544644e-01
-1.010090740078365690e-01
-8.106128649798390873e-01
9.979810585688052571e-01
-7.340652991048223219e-01
-1.387347923689570550e-01
-2.353888506005197539e-03
9.553090525926738463e-01
7.821645641376701041e-01
7.129773310272038422e-01
-5.970211427809914984e-01
8.780144433389558412e-01
9.976762302638122470e-01
4.424654989286372908e-01
-7.628037294225208376e-01
9.918123988061469110e-01
3.533617042572320677e-01
-9.904659337380739004e-01
9.556222207393253454e-01
-2.474188819779453985e-01
-8.956025953670180284e-01
8.838255670930686980e-01
9.792113010885628022e-01
-7.795582832178233890e-01
-1.617782392922054169e-01
9.407140904218779243e-01
6.384635678274933612e-01
6.301190797248471531e-01
-1.719275169484136556e-01
7.330605458311976186e-01
3.285579124373778637e-01
9.818837480815318930e-01
-7.214043578383227961e-01
-4.422992172795205956e-01
-7.384831989131653840e-01
-8.335042142152032651e-01
-1.100193518653042601e-01
8.785356682386220584e-01
-3.786554290376893950e-01
4.729940722943824505e-01
-1.771404448341895588e-01
-9.999146083785225292e-01
-6.442828564275737691e-01
-9.919900231967002657e-01
6.983803433589741427e-01
-8.312490238895653416e-01
9.992543131850286642e-01
-2.091621698051371880e-01
9.113457032611057551e-01
-6.758949548515876815e-01
-5.893362046273427080e-01
9.648781609732233200e-01
1.991225340682917511e-01
-5.033012203970110843e-01
9.904919256308891695e-01
6.747123369604051124e-01
9.799585259010102911e-01
5.193027443536357701e-01
-9.540078150895660025e-01
4.475322221677143775e-01
6.058242248902913352e-02
9.766640474711717479e-01
4.593579884144692316e-01
-9.557622345028881083e-01
9.370970541382509511e-01
9.689022965996474390e-01
9.107270670619325159e-01
8.014387333447898776e-01
-7.154969709480711870e-01
-9.974759100420238500e-01
9.991239022422002680e-01
8.588944071302553329e-01
9.948782612287637717e-01
-1.856890891972131363e-01
7.289633249457954101e-01
-9.312537191018541716e-01
-2.657462263638016298e-01
-6.816949552451150307e-01
9.447474154094620546e-01
2.832822955438453194e-01
-9.919535909829050313e-01
3.962939438355527755e-01
-8.810435074074531858e-01
3.886669722817271966e-01
8.527397781872332327e-01
-9.978035138929678416e-01
3.407522129241770115e-01
7.683075049927270417e-01
5.456675884458463965e-01
-2.279102948413820329e-01
-9.888435141058116162e-01
-7.790422683911284452e-01
1.130974894419151631e-02
-7.396345867502459592e-01
6.138928790580983064e-01
-3.873259393973266795e-01
-9.971445672397223348e-01
2.044090221842733146e-01
8.485726866113268985e-01
5.669887413144955590e-02
-6.662407898623080582e-01
3.562665670987870681e-01
-7.230756379091011210e-01
-6.329656290632698079e-01
-9.858063933181063776e-01
3.579452715825052339e-02
-1.127795455794257107e-01
-5.480763477969842201e-01
1.419594622631524250e-01
9.962875789013647676e-01
-1.641222984263993323e-01
2.863671408998308965e-01
9.758600660958138828e-01
-6.091992400833374788e-01
9.748135012758933904e-01
-4.708866444526790818e-01
-3.749366201190935666e-01
1.878245852396072946e-01
4.257253380425395362e-01
-2.020735667590383214e-02
8.071517653721258512e-01
3.111323310623543836e-01
6.293624128470584056e-01
-9.524137850140964590e-01
3.511669066561901031e-01
1.580151715670395085e-01
9.795061110590886910e-01
-5.833886845631693907e-01
-9.683285651610592515e-01
7.235541764942263754e-01
-6.532378731084322876e-01
4.881243265021644184e-01
2.809017173308607229e-01
-4.026660700159111483e-01
4.418404908304848222e-01
6.226104375626621487e-03
-2.898581062677942424e-02
-6.349336470351616413e-01
-9.982609517278233646e-01
-6.699967852825984560e-02
9.999825714401235910e-01
-9.997058292800965473e-01
7.034979356071064949e-01
9.985393367134516307e-01
4.795695348283923187e-01
-7.823442771811863761e-01
-5.983571957361062399e-01
-9.527933492684840244e-01
-6.054184607401392748e-01
3.152725239096466625e-01
9.519596281767077617e-01
5.461942892311431041e-01
-3.419032833201801624e-01
-9.071909212862816485e-01
-1.707245516908093841e-01
9.891601166390227018e-01
-7.369131329274803965e-01
8.856646637744384210e-01
-3.248876710903637610e-01
-9.466302168313757426e-02
9.647875368173361998e-01
-8.492099768084380162e-01
1.715078387521315750e-01
-9.564802911831874477e-01
-2.700828205153141259e-01
-5.746307785406757490e-02
-9.987225038625124895e-01
-9.477416008227956823e-01
8.512336348709214073e-01
-7.211043392728031520e-01
-8.397381010542183111e-01
-5.917191972458074600e-01
5.349706801879705598e-01
-7.168700696975542908e-01
-9.897698087558058910e-01
-9.280738243779994567e-01
9.244587557039156689e-01
9.733951398188006587e-01
5.900064286163524407e-01
8.606892226699950355e-01
6.140152289372784455e-01
9.978827492441889602e-01
9.700429563208295969e-01
-9.558308670963859555e-02
-9.539903203189817882e-01
7.294774482784893710e-01
9.335884932778584222e-01
2.165838099668128403e-01
-5.766438444605761493e-01
9.289111894754104037e-01
6.741241399283186553e-01
-1.751717239503336188e-01
7.168609478836872606e-01
2.432916318977902115e-01
6.583169377150954737e-02
-5.729533433007965026e-01
3.119120024585157469e-01
-9.715888456158511266e-01
-5.143684665471520701e-01
5.408391416962080589e-01
-9.885545090324294737e-01
8.661708727366770333e-01
-8.310801240520115929e-01
9.348361832195077881e-01
3.160488289060161549e-01
-1.243658857244228366e-01
-4.950488752770252909e-01
5.971571822886573289e-01
4.709073837591010864e-02
8.914798901800619069e-01
-7.747569814899011309e-01
9.384940918540041199e-01
9.963550737995779949e-01
9.996276943141632065e-01
8.762229645956702839e-01
2.800685306941029795e-01
2.339019612838403595e-01
-5.795499865117307303e-01
-3.604962982403163152e-01
7.350313732678506740e-02
9.266709918807953805e-01
-6.361804733807676637e-01
2.169591146567302342e-01
-2.516252996432828959e-01
-7.089326132151220206e-01
-9.633995603403876506e-01
-6.643903279509906223e-01
8.729220464801627777e-02
5.067147927078631264e-01
-9.992602498102215458e-01
9.908040140131713081e-01
2.348602023943185402e-01
-7.193653617974300474e-01
-7.339274391023231647e-01
9.453912539695363826e-01
-2.114708920294086636e-01
1.414531772834725851e-02
9.996246168888798245e-01
9.546032093083739456e-01
9.766023433843389334e-01
-9.979583656728366892e-01
4.831541171179301042e-01
6.460796740616699951e-01
-8.146400575653562903e-01
-9.565013005725407635e-02
-6.963856566251918068e-01
-8.203851146146564632e-01
-8.332921586940271741e-01
-9.937149713884642077e-01
-5.349976901728653589e-01
8.854645390029577401e-01
2.424028945269629254e-01
3.727874952602317493e-01
-9.515350725309928981e-01
1.658997186472686014e-01
-6.029290954432645622e-01
5.475132494075749534e-01
9.326196956031691521e-01
9.599263445818891904e-01
-9.963690077762752395e-01
9.363250522387364105e-01
-7.416724027730970947e-01
8.081573791889720138e-01
-2.195651797933087790e-01
1.605364870370306341e-01
-6.950740429551915955e-01
-9.030456859925131141e-01
1.490357900244056455e-01
-4.475165977712268206e-01
-8.653777784962810582e-01
9.589787502082570692e-01
-3.786129509779591062e-01
-1.475840604980751258e-01
6.886616498435248479e-01
-3.479400524369689607e-01
9.958214317016197414e-01
7.585218955966951393e-01
-7.154883586773554960e-01
-8.950761746618615122e-01
-8.823061336829653989e-01
8.974645558957752289e-01
7.769364596396670652e-01
-9.632179778276764859e-01
9.156059653564776468e-01
-2.140951006802484236e-01
8.267921605030625898e-01
-8.577442152828523847e-01
-2.392551137229721736e-01
8.515872523369817371e-01
-4.529632037294746838e-01
4.809927166514631480e-01
7.203806820996545568e-01
9.941799599553168276e-01
9.305996658210671235e-01
-3.088903255668342673e-01
9.899818965680554639e-01
8.863515607089167414e-01
8.665395314954216222e-01
-4.556305709332403864e-01
-5.785034780654975117e-01
9.268688918260223897e-01
-5.777416386757401323e-01
8.831768665680114760e-02
-1.302570180294003455e-01
-1.108997504450460053e-01
-1.851514369560632589e-01
1.125646463058848079e-01
9.708121177459611006e-01
-6.004434095910310409e-01
-3.603906313317732923e-01
3.438060578984248328e-01
-8.368027571760524586e-01
-2.210862424833005130e-02
9.999299011858758801e-01
-5.823595642903339753e-01
1.170992885703258102e-01
-9.913390815711219384e-01
9.917149086881511533e-01
-4.389695992460470458e-02
9.971869320157584760e-01
7.767156488646540513e-01
-9.990568365291291331e-02
5.401617243869615281e-01
-6.759476974531697380e-01
9.578683788206331373e-01
-2.031652035456317507e-01
-5.470107683595671899e-01
-1.070998772955681494e-01
-4.766972665938674081e-01
-3.750635522163053848e-01
4.504243705708964596e-01
6.781348109402902669e-01
-8.920530946005090778e-01
-2.526381160218720279e-01
5.607992397540858542e-01
9.665674362210758819e-01
-5.471822939893488530e-02
4.307983310591330106e-01
-7.223987362055012129e-01
-8.293984497434508940e-01
8.175958468790678335e-01
9.308771371632555969e-01
3.739952181558640620e-01
-6.216610261772534396e-02
-8.752009553188492275e-01
-5.509351717435528872e-01
5.614198042037840120e-01
4.138080934415965251e-01
-9.854013385348070475e-01
-5.644853025204585872e-01
-9.860962629954763692e-01
-5.583874468240829225e-01
-4.874611624008042265e-01
9.401605906113846833e-01
-6.664289332523281040e-01
6.131035282738668268e-01
-4.582916171952512024e-02
-6.361594775437048321e-01
8.256221409926138843e-01
3.491796026227798055e-01
-9.407147115244418600e-01
-8.719138945576656585e-01
-5.772858233933590988e-01
7.350782095166903396e-01
9.173815240823092187e-01
7.338908189834716378e-01
6.134880148908340436e-01
1.756478653550899993e-01
4.440408443018686313e-01
1.005220588069539039e-01
-6.079629331923300795e-01
7.598506944317967582e-01
-9.998902929690746122e-01
9.176284271787829017e-01
-3.467433262675496120e-01
5.774117088983667934e-01
-9.373201093345854273e-01
-9.969127977638978511e-01
-9.044177635936193616e-01
-6.174866915851531107e-02
8.141310089110715964e-01
-6.717373897981676611e-01
4.376145175723609726e-01
4.720242629861507999e-01
-4.886365378678428351e-01
-9.665277433694300369e-01
-8.778766985743040596e-01
1.241749481367445257e-01
6.343399160067837439e-01
8.423170399404695807e-01
-7.054578213283578814e-01
-5.935954994359229353e-01
3.171634387968700342e-01
6.319846724097778479e-01
9.976056609335756109e-01
-9.942223902346563058e-01
-8.383521156206814595e-01
-8.891224217688465936e-01
2.811794619098105796e-01
7.801628406245756375e-01
6.075566152313375268e-01
7.678191256313758872e-01
-7.358730166938287631e-01
6.369084932239642560e-01
-3.539425092090648928e-01
-6.298393000122938234e-01
8.484476502742163140e-01
6.543668552787136328e-01
9.922209301507616264e-01
-8.123332810205684540e-01
1.330890690755181238e-01
-9.344953455211019167e-01
4.461635411454489830e-01
8.188133148749972001e-01
-9.908217000021080079e-01
-4.212249885190785248e-01
6.387492108837652394e-01
2.987654681333944406e-01
-5.092448987914417469e-01
-8.204733999489273177e-01
-9.138692453807791827e-01
-6.379028251694320861e-01
-5.358909669118639973e-01
8.800466252841075976e-01
-2.477589621889595972e-01
9.719707389072425041e-01
-8.973850475255152892e-01
2.979943474308233697e-01
7.095968789132879317e-01
-5.346073798426073109e-01
-1.841392435907527880e-01
7.841589125483499068e-01
-9.469090628319217773e-01
-1.071366628706765523e-01
3.136306780683331685e-01
1.449132590737926274e-01
-1.220626349712800596e-01
4.097365155135933024e-01
3.964512838120758942e-01
-9.962427372085472799e-01
-9.994374155980996211e-01
-9.953761333667355826e-01
-9.941761445606660530e-01
-1.006231527423006589e-01
9.939825032693331286e-01
3.337884444324480948e-01
2.332548828814954567e-01
5.553407756990487165e-01
5.873645130651542479e-01
8.011659159158527332e-01
-9.418878141088975475e-01
8.545282783104173330e-01
7.261268221954449986e-01
2.632674037591909988e-01
-9.066811268430480242e-01
2.317310171912801697e-01
-4.219949592196482469e-01
-1.953976900426662375e-02
-5.060606656064836617e-01
9.281802230997062697e-01
8.701073361236105752e-01
-8.990517018303906260e-01
-9.863753061534896727e-01
8.406629502992057912e-01
-8.074651526578233707e-01
6.390105297410941798e-01
9.893188907012957500e-01
9.984505668148707658e-01
-4.190070334507582928e-01
5.222186163348312427e-01
-7.500126591117541874e-01
-7.788626951800343701e-01
-9.572156285973464351e-01
-9.618780252064553782e-01
-6.727284762979606203e-01
9.321790287153126631e-01
9.996588229731185882e-01
-5.587658104127919412e-01
-4.230852761404420986e-02
9.993778895604014112e-01
7.797050730151349196e-01
-7.217800373826687155e-01
6.955850730420762851e-01
7.711590314370404542e-01
2.768272804235982210e-01
9.996184820936812043e-01
4.077106991794137714e-01
2.978316148199652291e-01
4.959088471895730654e-01
-9.230118126106656717e-01
2.861316437628240172e-01
-9.948444683360022633e-01
2.734136318792710352e-01
-8.038812874894495364e-01
1.196883491585188225e-01
-6.500772968127053186e-01
4.610293471642403773e-01
-9.980893252830670415e-01
2.716727442925815361e-01
8.279718450356247095e-01
2.523972218128883727e-01
-1.921651919546698006e-01
3.565956297403360398e-01
-2.136747725465570069e-01
-5.189530148157104339e-01
-9.807893355833976479e-01
-9.819732591095157170e-01
-8.910089734839702347e-01
-4.978908790251439509e-01
9.275053316245582824e-01
6.099687694313790098e-01
9.948051210327832905e-01
2.526310956907414362e-01
-7.845462564232112967e-01
4.901933830533589664e-01
-1.915041344390736588e-01
3.520604746721413547e-01
-9.825095031841163395e-01
-1.253570136630884069e-01
5.872952312313105550e-01
7.968259606018048835e-01
1.902006465314572958e-01
9.975913933309182857e-01
9.286750236886363030e-01
-9.634745687587367158e-01
-7.466075291411032877e-01
2.281236902663342225e-01
-9.831406818139312165e-01
9.663919828030822501e-01
8.964722838134645544e-01
9.344740214841635861e-01
9.810292951843507803e-01
-2.552814436678965127e-01
6.453142694982351435e-02
-1.800505830107303473e-01
-7.828439597207380585e-01
-7.026479394538825973e-01
9.556358735670146265e-01
-9.445377963697202395e-01
9.916911470361801095e-01
9.971340767209236899e-01
-4.948877444774989476e-01
-5.362659956646721460e-01
-5.520450638575296054e-01
-9.982398913203648361e-01
9.764403636475043058e-01
9.856322141500991618e-01
-9.647802597243300138e-01
9.520073168717309020e-01
6.014986352142526194e-01
6.103283249819217993e-01
1.066585667259649928e-01
1.780364243748665254e-02
-5.552550757908552431e-02
-9.916477675136485814e-01
6.128850852606333444e-01
-6.787296594623027923e-01
-5.073498206934046184e-01
-7.888682823079159467e-01
-4.187046681531986225e-01
9.878063182401510822e-01
-9.059700168580097079e-01
-8.385813393509985447e-01
-3.335075544446511886e-01
-7.071306427840748920e-01
7.386934063105307091e-01
1.192696770298657255e-01
-7.340554489100342694e-01
-5.133380661384439048e-01
4.465955756583840919e-01
2.330124517953959806e-01
-9.999729757212044712e-01
5.914416407673707132e-01
9.153192139828408846e-01
-9.724061917073581127e-03
9.660553591933196405e-01
-1.120693489330938653e-01
7.751855018579860701e-01
9.382636323129499578e-01
-5.772175382780561081e-01
1.098970380198103780e-01
6.096689709400838764e-01
2.482029252872671940e-02
8.615443349218876445e-01
8.062183334742277774e-01
-9.298709141746592799e-01
-8.978384839003256471e-03
-8.713774482533983567e-01
4.846104498689806084e-01
-2.686545202965198720e-01
-8.972460861371800434e-02
4.500461042558292490e-01
-8.299658721239945303e-01
-9.336713134657365076e-01
-6.288946987438690517e-01
9.332996169463898539e-01
-5.857033701579372753e-01
-8.056313477053407279e-01
-3.631851755377206725e-01
-8.631367552847143410e-01
-6.754530292786629087e-01
-9.929655643421095856e-01
-9.469240124208371245e-01
-8.431053366016254547e-01
-9.697424803757697109e-01
9.679235045474373633e-01
8.300569515280064037e-01
6.286133204670326657e-01
-7.175312132014048938e-01
-9.675026203478860332e-01
1.886734161892589245e-01
4.061864357360660260e-02
-9.029220253348844150e-01
-7.654038611108306966e-01
-2.237641609941708187e-01
-6.380377677431731120e-01
5.952853408549564351e-01
7.469108157954202909e-01
-9.977649681881722854e-01
-8.364798949497702640e-01
9.583168638940085804e-02
-3.890420129005245364e-01
-9.788135496230316868e-01
6.508215601682939555e-01
1.503798941828601021e-01
-5.460251532590617574e-01
7.730289912630596838e-01
9.916887106908734983e-01
-7.070714973547394255e-02
-8.968881597097013714e-01
-6.341532153223274904e-01
-6.286549909278953407e-01
-1.778798904317070440e-01
-7.697857250264821261e-01
-9.986472496814439159e-01
-9.028739942402429497e-01
5.979726757444573382e-01
-5.636667712400309505e-01
-9.542041745839747735e-01
-5.879960217541316814e-01
9.773141563462626191e-01
-8.274886234069946944e-01
-9.324103149088470710e-01
-3.604654706422510402e-01
-9.919674971632448379e-01
-3.308385348558436911e-01
-9.969176988352747015e-01
-9.268348407710286230e-01
-1.634570614046410852e-01
2.354367976996035450e-01
7.722813107739656679e-01
-6.434878575108231580e-01
6.720574000267370840e-01
-3.271723631851699010e-01
1.679563433468525269e-01
8.580442941547828939e-01
-5.122765504574872120e-01
-8.022827107629931787e-01
-4.309526612048998340e-01
7.704271229073055283e-01
4.679713900600627197e-01
9.693419880037675851e-01
8.029570610847986539e-03
9.727803389545879309e-01
-4.715788787196948384e-01
-1.887425644498252342e-01
9.422683224419733383e-01
9.630208892409554133e-01
-9.883180644499721668e-01
-2.360751075282384315e-01
-6.404316396963010138e-01
-3.673028200946212851e-01
9.697768954369200278e-01
4.833333809754231103e-01
7.755906872830613530e-01
6.087832213824776462e-01
9.683586370057374326e-01
7.860705655395162639e-01
6.110161965923696092e-01
-9.998500314762057695e-01
-1.730610094708856517e-01
-4.732722124190583135e-02
1.995325071935487027e-01
9.615943628342955574e-01
4.440763123944986845e-01
6.397594853638861601e-01
-9.875247251698723305e-01
-1.885834579315338599e-01
7.384360959145462866e-01
9.250295488772473096e-01
-9.886023684703690861e-01
-4.186849106303663359e-01
5.505023311166870048e-01
-1.140355813434817678e-01
1.594520325847604003e-01
9.043822144183913947e-01
-5.403139102980611952e-01
9.803798051907561817e-01
-1.537252012074907526e-01
-9.726424789798590043e-01
-4.383647586491290493e-01
9.256670403393235658e-01
-3.540849834737923030e-01
-6.841821601965032418e-01
9.174736057926587973e-01
-5.673958744979212820e-01
1.088733237657776853e-01
7.874316185722867178e-01
-5.977492751709702068e-01
5.640655545277116767e-01
7.722667371838777550e-02
1.246088060682801479e-01
-4.663586498867229868e-01
-9.604410683000571547e-01
-3.183960465516044724e-01
6.648681513448958524e-01
9.755698856297353450e-01
-1.099026846751628428e-01
9.400405078361693256e-01
5.973365891172023323e-01
-1.969295392458846328e-01
-9.952994489324626937e-01
6.188219541193132334e-02
-6.933918529452989254e-01
-5.490261013411401603e-01
-3.103325000342042617e-01
-8.682301014764591818e-01
3.963124453969821825e-01
-6.654519094273613211e-01
-6.492149476721206236e-01
7.335165169953394848e-02
-7.412140865457772509e-01
9.539968632223879696e-01
3.081866291517219025e-01
-9.999579636508918457e-01
-3.066692462462333735e-01
-9.661373347557971059e-01
6.126255254978028031e-01
4.133479028944856970e-01
6.693733967088331127e-01
-9.995109305663850696e-01
7.172861321968174719e-01
9.342825130715687321e-01
-8.110573201639557084e-01
-9.998439230153149948e-01
-9.986603376979497071e-01
5.417986330300358366e-01
-9.846944190079889303e-01
4.940994883275756089e-01
-4.925181970589453950e-01
-3.648330458561276912e-01
-8.673413530838467445e-01
-7.942420290176205322e-01
6.176723762505930138e-01
-2.424254363113433064e-02
-9.999856773348143602e-01
8.676223438538930299e-01
9.537386765818298695e-01
1.569245284417675190e-01
3.579244160730659652e-01
-9.931473203036361719e-01
7.994541964640718978e-01
4.230402230680163633e-01
3.541319647328073916e-01
7.160423119676248005e-01
-9.559639982946986914e-01
8.487389786923597024e-01
5.305209319250098199e-01
-8.664110181056154936e-01
4.837551755040104262e-01
-3.654177121213938451e-01
-8.104986265207100304e-01
9.914497371325801112e-01
7.618273274990131072e-02
-6.661797162568386388e-02
-5.249227379700531770e-01
1.617576623419718362e-01
-2.625070044091643573e-01
5.338380227501480224e-01
4.047072814265218477e-01
8.335034441785768022e-01
-3.972485588226158937e-01
8.995073933577322212e-01
-2.794740077528216626e-01
4.580108706050928236e-01
-8.694990921076878321e-01
-3.310781982875887208e-01
-8.174175086446906491e-01
-5.179164919235214048e-01
5.401054626851167217e-01
4.424892355851435810e-01
5.965393048688109046e-01
-9.999291395740074195e-01
9.960368619334963869e-01
-7.600024468066590710e-01
-3.438138076887264222e-02
3.256490714224115623e-01
1.708967828619930782e-02
-5.720649793135379468e-01
-8.209467372516442429e-01
5.482232610676053275e-01
-2.147635287959580030e-01
-6.541034442114848080e-01
8.644006080083038723e-01
2.927344035363245167e-01
2.943869369027123373e-01
9.993563664121390966e-01
-1.203754735125146663e-01
6.344027716706240883e-01
1.213687564542649013e-02
-2.008853091231879995e-01
-3.666440370275839133e-01
-9.711141739509898674e-01
-7.636183287725611946e-01
7.641425951852351406e-02
-2.358255973461428068e-01
7.807202535101281926e-01
-2.515165912446881268e-03
-4.495383296241443061e-01
9.998925236797152616e-01
6.102126439010869818e-01
1.519835795251324173e-01
-1.578268841205000828e-01
-9.823653246451280463e-01
8.192224208787929340e-01
-7.348346131931049463e-01
-5.212512467205877575e-01
9.938030466857742384e-01
9.610553224850858500e-01
8.332801566073169131e-01
-7.529230925186453094e-01
8.914466198923144402e-01
9.978235980425353979e-01
-4.016919074097329290e-01
-2.014452873847736025e-01
9.989076415842721435e-01
-2.809613192568105045e-01
8.466572494738653365e-01
-2.044408696516937796e-01
-2.724246547988140588e-01
6.034502556294276676e-01
-6.225324333636611529e-01
-8.874183558751274070e-01
-8.835351096542306548e-01
-5.228872638766038916e-01
-5.423957935711231082e-01
6.611765492514951603e-01
9.214482966031383171e-01
-6.591622312586559174e-01
-2.417866949220558725e-01
-1.712039873654413458e-01
8.702749408200839421e-01
-9.741942097066913497e-01
-3.798313121462105202e-01
-7.629112755028728543e-01
-2.695733951364182590e-01
7.728012386980731563e-01
4.079916508122814478e-01
-3.030756515215851099e-01
9.441788657946641461e-01
-6.986131167276186105e-01
-4.878548896898726728e-01
7.501788512365227257e-01
8.479694113479738782e-01
-1.740034722072229534e-01
-8.805368130039976649e-01
-9.778943055385572736e-01
1.314712394723536841e-02
-5.270439166831075717e-01
9.395857831651944769e-01
9.176766682110543139e-01
8.651209694304268227e-02
-7.168422575901167715e-01
9.511291022811740881e-01
9.455050448477383407e-01
-2.332700408355230792e-01
5.008617357632194622e-01
8.059113904911324733e-01
1.380623242495571112e-01
-7.506496269562320522e-01
2.037094574662146051e-01
-9.746194459081464201e-01
-4.660802527014825114e-01
6.197087058104324697e-01
8.192423328670106475e-01
-1.544581616281215375e-01
2.975490243219313102e-01
9.070179121081293205e-01
-8.117684510111262686e-01
2.813028017449419882e-01
4.519883132729455855e-01
7.444856776074686433e-01
-3.627372900293414082e-01
3.593006295282535900e-01
9.578948449063731108e-01
6.896087968036422877e-01
-3.836104896086685589e-01
4.715737231312317618e-03
-9.804324039026246496e-01
9.538091468969924769e-01
7.043252811266613456e-02
8.643719490231910330e-01
9.964073715350540983e-01
-2.330167652915191290e-01
8.932581702065435225e-01
-7.498404168109698009e-01
-9.235754740759594128e-01
-9.999102809201627640e-01
8.898699697160598054e-01
7.311745512113132506e-01
-6.624700364590246915e-01
-4.732553448824070030e-01
-9.138469011315378809e-01
8.257241117441477263e-01
-3.146954891427319184e-02
-4.319377040674140522e-01
9.959174898689300282e-01
9.840084638556779728e-01
-8.741993046194629358e-01
-8.820160672356525122e-01
-5.814716779932044277e-01
8.852518985492019432e-01
-7.365322530451422489e-01
6.376789479157719542e-01
4.925122104025039249e-01
-9.738185872267544063e-01
9.715620954827361988e-01
5.348660744198802108e-01
7.881584021752804370e-01
9.991920357767393179e-01
5.397955073394572478e-01
8.244449993022427980e-01
-9.584241369216779383e-01
-8.558058042827695333e-01
2.016881994727725280e-01
-9.988734315534258945e-01
-9.769134091692638355e-01
-8.775079196240174184e-01
7.937195747265486379e-01
8.767970153615981532e-01
6.945391835296689242e-01
-6.988288308279728689e-01
3.832704118965164775e-02
6.834344759847395256e-02
9.997722932815965580e-01
-4.023741135610545139e-01
8.779409245720665167e-01
5.043461403566747991e-01
4.761339412212208660e-02
5.973637607688800921e-01
-7.189497025727396018e-01
9.904994740025880873e-01
9.585893069080669848e-02
-5.283552083367373253e-01
-4.495169587015686585e-01
-3.914778796056679333e-01
-1.855483799223862640e-01
6.787611173509286999e-01
-7.273479317998942095e-01
4.414462677293989890e-01
9.955224650727959590e-01
4.456897125602881649e-01
5.476018103771498335e-01
-9.210187820208248777e-01
-2.248077212183761386e-01
-1.284158328492684131e-01
-5.947792491956270799e-01
9.887409525563357615e-01
-4.481942170142259041e-01
-5.512333182552349164e-01
9.817758275836987458e-01
7.416430832024097919e-01
4.657657530349442188e-01
9.990773859754197295e-01
8.667681195473706524e-01
-2.433932411464924672e-01
3.921506177752743239e-01
6.080242175499761537e-01
9.317027827297625908e-01
-2.009853178244469518e-01
5.802605297037483068e-01
-8.259053591520679749e-01
-8.144398841766717911e-01
7.347014028294217569e-01
-1.259699840817137028e-03
4.242327861287883417e-01
4.670379932711270499e-01
-9.755508538018716758e-01
9.995527993443475978e-01
8.890865643137131347e-01
5.112420557393469733e-02
-2.102645991071299680e-01
-5.175819230237880264e-01
-1.954740201069526673e-01
-8.204822885387590414e-01
-1.192625558113427631e-01
-9.616896255381613967e-01
-1.791330561310725267e-01
7.863520648347410713e-01
-4.414038200066641160e-01
-9.369217095222261982e-01
-8.487410280419688258e-01
-7.592490298053158337e-01
-6.927996637089879339e-01
-7.316699801996296992e-01
-5.980510213538450248e-01
9.893739103155649861e-01
8.040487051291016485e-01
2.614288322141605225e-01
8.882745569868477631e-01
7.690851998069357931e-01
1.297337755820502647e-01
9.832851362386285654e-01
9.415158861967912740e-01
6.106133510771590833e-01
8.982151219101363049e-01
4.136863865860449518e-01
-1.536614940318747347e-01
9.673001641602738676e-01
1.984776231509906008e-01
1.491993218962044954e-01
8.203823861472768764e-01
-2.634130328827314349e-01
9.996210025878590200e-01
-4.729141292966196897e-01
-5.685375711769493634e-01
9.853239152031921799e-01
-9.551152660865933619e-01
9.382960450327137991e-01
-6.152193214231854723e-01
-4.737392749775696799e-01
5.777309361866987958e-01
-9.950598034645697920e-01
-3.058948448354780192e-01
-9.681619513297929913e-01
-4.107244020391958572e-01
7.257063306852370443e-01
2.969382877485780003e-01
9.811586478823246527e-01
4.858895441855795028e-01
3.812916305366387815e-01
-8.134333926751387001e-01
8.026765235563400047e-01
-8.357713738674406034e-01
9.184010231329413632e-01
-2.824918194078634426e-01
6.307979006514860543e-02
-6.928673708398918052e-01
-2.586723366554092296e-01
-8.569686329501621236e-01
9.694275934866163347e-01
-5.159863263617624485e-01
6.966214872722312768e-01
4.762674490678419637e-01
-7.960007033197578075e-01
8.997955082322204312e-01
-9.345768333561160768e-01
-5.024931634972610306e-01
9.315130944270570978e-01
-3.497945826747250742e-01
-4.098805266462544061e-01
5.174246375543199994e-01
9.825627744835069288e-01
2.629469587356229598e-01
-4.033274089359359382e-01
-9.447079375777391874e-01
-4.481150366053179290e-01
-7.168321385073771479e-01
-4.906617843402061308e-01
7.390969722338034398e-01
7.058403782598300369e-01
2.309986094019012837e-01
-9.977611697265750257e-01
8.861939447527825697e-01
8.189724671779172183e-02
-4.335944783798145741e-02
1.715780151189435498e-01
-4.740585826378435064e-02
9.999945128337368594e-01
9.899186792450526129e-01
-2.550560377339891258e-02
9.708515950167384556e-01
3.003147798223296805e-01
7.222166202030532167e-01
9.882387912530449237e-01
4.562986255942608760e-01
-7.536216585632820042e-01
-4.356484737203089042e-01
-5.717333945991598387e-01
-8.230167225138226295e-01
9.445234585545285722e-01
9.981783642240142918e-01
1.694374347687080118e-01
7.111916529817972066e-01
-9.557769355165575131e-01
-6.004011497170503864e-01
8.304927507305320811e-01
4.937590318491102415e-01
-9.945347441995348037e-01
8.868507145449453510e-01
9.198723530993270225e-01
9.846573224098368327e-01
9.943422373354877664e-01
-6.394702648115158095e-01
6.208609833098119868e-01
1.959832776466778614e-01
-9.999947817091912050e-01
-8.840153842378527527e-01
-4.724520231919286384e-01
-6.453420059037392464e-01
9.327829890229248910e-01
5.954095029198298583e-01
-9.077332682910603801e-01
-9.457074078658512795e-01
-9.916483734654117921e-01
3.682631729580791435e-01
-9.619093998603245321e-01
7.249074849268676290e-01
3.709098687765358671e-01
-5.287013794184115545e-01
-1.852328815820233204e-02
-9.670172030204652325e-01
2.380344973007489373e-01
-8.943714484829077271e-01
5.680463165896294103e-02
9.614926277525376319e-01
8.730501665786328802e-01
-8.905763326078979247e-01
-7.413542959523834464e-01
-9.747888659450730797e-01
2.555069708569250309e-01
-5.307308278254686540e-01
-1.024127409179691750e-01
-8.768988147421241663e-01
-8.982242390363176510e-01
-9.298542504871230019e-01
7.607338541609674591e-03
6.317887945177518283e-01
-9.821923546077826472e-01
-4.557442736811884165e-01
9.354545489576919781e-01
-9.475670513769545167e-01
-9.937474719139893775e-01
7.652006643882854897e-01
-2.136977062515396653e-01
7.746713387589915234e-01
-7.481003033086618126e-02
8.531742820629513169e-01
-2.283382520846367336e-01
-9.849888548435118407e-01
-8.782209377454084365e-01
4.503328432614598920e-01
-4.400125119199144175e-01
8.909495504366218288e-01
8.037352887403002022e-01
1.131951981631785092e-01
-5.978959546567935018e-02
9.825013158578317363e-01
5.428602670788056361e-01
9.876577505845702820e-01
-3.318629068799386905e-01
-9.999990394813969008e-01
7.712550545663653390e-01
-2.708987973319801346e-01
-7.133241124350062634e-01
-9.686007442549245949e-01
-8.876455827415641320e-01
9.017874500618601186e-01
-3.383647445754576349e-02
4.347199379487991511e-01
9.956174538244991767e-01
3.949605522672469671e-01
7.495704259575103334e-01
4.464707419954003220e-01
1.533230602683802180e-01
4.352598636615240268e-01
-3.835699620650115382e-01
-9.999157930154857210e-01
-8.334423153225272163e-01
-5.275222863611058743e-01
8.722765400981552508e-01
7.313461737972039023e-01
-3.784259750130066768e-01
-9.813664327328031067e-01
-2.445543367584795125e-01
-6.853808756722624684e-01
5.062743262603044414e-01
2.938820857018650812e-02
-8.150370392027558308e-01
-4.500925810928523285e-01
9.680406054109423897e-01
-8.077759879346901872e-01
-1.788759133768213772e-01
-4.119518709487225427e-01
9.971011837984564696e-01
6.845225188151509155e-01
2.359201345495947899e-01
9.988779171223917119e-01
9.551458388973216307e-02
-6.056214852864440223e-02
9.547768537990360960e-01
7.482776477872241649e-01
5.490168651940309230e-01
3.800125725177690428e-01
4.960871574347091029e-01
-6.223496849770082662e-01
9.905569756946163151e-01
-6.056721263981016401e-01
3.865276775995480363e-01
-3.111539565587885248e-01
-9.050487632543370298e-01
-7.384125800231117198e-01
4.357425696664026793e-01
6.286059955133437294e-01
-9.961618861453177542e-01
9.966658887533433875e-01
-9.026683108188016114e-01
8.777430694772001551e-01
-7.538398986606266172e-01
5.369525340697695048e-01
3.513485589286637900e-01
-1.693627965857608803e-02
4.473082615816034169e-01
-7.104189031581167324e-01
-4.953614601176330456e-01
-8.255759513802136684e-01
-9.106884565119578445e-01
-9.881368030352525311e-01
-1.668536081317503750e-01
9.908243516757417879e-01
1.563222943739687454e-01
-7.715344368364335237e-01
-4.850511210578488108e-01
7.925065451782703496e-01
3.768027615595586632e-01
-9.763788520559100181e-01
-2.193880141901411451e-01
-7.980389091313172534e-01
-6.538014481020526340e-03
-9.358971413261422123e-01
9.445868247283535357e-01
-7.340395611852638114e-01
-9.982913932389754219e-01
8.480580160055574135e-01
-8.094771316716418141e-01
-5.130372668318456952e-01
9.963104122859688383e-01
-5.711576686742718678e-01
9.528917405494754522e-01
-9.800852452625934408e-01
-9.996942231282038849e-01
3.386646626438939989e-01
-7.718661561451636288e-01
-1.224136575967307572e-01
-3.921182092312572309e-01
3.217586187117275065e-01
-4.792082296491697591e-01
3.802423572932482898e-01
-1.870849906270103669e-01
4.018829678312294540e-01
-3.243307039438240308e-02
-8.987869695233928757e-01
9.414411740018858721e-01
-4.063524500372224235e-01
-4.712546191897108994e-01
6.375206580009109558e-01
-4.622856313385901306e-01
8.805495660652298273e-01
-2.032572582966929720e-01
-3.168061837383217560e-01
8.576179029056552050e-01
7.685511381293966826e-01
6.869441417509039027e-01
-1.543540577294187088e-01
-6.132492515679127676e-01
2.100959920534700986e-01
9.118827639433384480e-01
5.856580825567319071e-01
9.657460306396540295e-01
-9.378762647956466747e-01
6.995815524770750138e-02
2.858119709315866119e-01
-8.743535794419100560e-01
5.069740442507926215e-01
9.850364731005771812e-01
2.064465388886863872e-01
5.112048970743336973e-01
-6.118928466335047389e-01
9.760595516560776064e-01
-3.051324176550805345e-01
4.451119396968913899e-01
9.360318957631772463e-01
-2.905561808592418416e-01
2.323438780038883655e-01
6.819476095655553349e-01
4.958488561864451416e-01
1.288481709814528475e-01
5.897059753131327353e-01
-5.796152718332056031e-01
-7.830347594581275050e-01
9.496685093478456352e-01
-5.389600918342091207e-01
-4.235304437440557401e-01
-7.137937905747896439e-01
5.419711967972775657e-01
8.114969351666408981e-01
7.474166504449701876e-01
4.908427175305354884e-01
-8.279963511529213616e-01
-6.384520369187413058e-01
-8.380219236198791499e-01
-5.869773521511769676e-01
-8.729419455829415808e-01
-5.589086506374043584e-01
-4.652013661383526122e-01
-9.592749116159766665e-01
4.585961649408761276e-01
-6.769392564819569635e-01
-6.759517187208556876e-01
4.101081763156719795e-01
6.573645773774684509e-01
2.586350250459099609e-01
-7.692042389493924937e-01
-5.894444651907242427e-01
-9.455690103988596551e-01
-4.723732361746847963e-01
-8.017812356796628626e-01
-4.375418690393855781e-01
-8.047398310097445551e-01
-2.494192298573741917e-01
5.971736237576463768e-01
-5.261008833201258339e-01
-7.434819996116702745e-01
-9.981756786252156122e-01
6.403194138367567234e-01
7.178473419969036429e-03
-6.159883488895998571e-01
-3.606280781008189273e-01
3.148736503085184379e-01
-4.671126276249495946e-01
9.988845612975353339e-01
-9.837833483899424136e-01
-4.667187348960533666e-01
-9.997868836979759699e-01
-9.897662599961450924e-01
5.579644940794984409e-01
-2.790355472856603791e-01
4.809926421579704958e-01
3.185792862566634853e-01
-2.975999085101069808e-01
9.837721785343810366e-01
-4.953249130832102498e-01
2.454697473461722457e-01
-4.781125915907626367e-01
8.585226026306250757e-01
-5.074262747359201686e-01
9.683367550257847567e-01
7.094439237708518586e-01
6.746472101620596407e-01
-4.787899731888896060e-01
9.998524374593837916e-01
2.981352876836010912e-01
2.169806055707654627e-02
-9.924625648693716773e-01
-5.008128631000817732e-01
-7.474545835874680799e-01
-2.076969591896871692e-01
2.500698472463876443e-01
4.830963303572130552e-01
-2.065898487271207729e-01
8.642096266418380912e-01
-1.544384674142381120e-01
-7.495321519849623693e-01
-5.298124901001314280e-01
9.961050024782622803e-01
9.870926666521393500e-01
-4.418480378359493921e-01
-5.036378166919459609e-01
9.990593903189611824e-01
7.948416358776015933e-01
2.568535151265924354e-01
-2.213758176425849877e-01
-6.572477660958029322e-01
-9.195327824641990055e-01
-9.998059048796847925e-01
-2.161170937670506276e-01
-9.568254589989947378e-01
7.861529689756373562e-01
9.239626574944849180e-01
5.775937925339394985e-01
-9.805086226040186093e-01
-9.910000022285967436e-01
-9.999052021358824094e-01
8.881192536230271550e-02
-1.191545237175768573e-01
-4.543347771619378750e-01
-8.644806288481321488e-01
6.793835019764270511e-01
4.964823379904055867e-01
-1.260105528827187293e-01
4.029711926363551688e-01
-5.341285810904579101e-01
-8.858106244603691781e-01
-7.571113044945010362e-01
-9.830706352823450622e-01
9.787164957823024647e-01
-4.292240001529716575e-02
8.606286669640620390e-01
8.700384102264673292e-01
-4.113247476498360644e-01
9.772686829138030884e-01
-9.524467100669590236e-01
-3.061463668999297449e-01
8.580755192959824695e-01
-5.866797249231202604e-01
-6.901192782281245774e-01
-3.932502224472056995e-01
9.760815423187425566e-01
-5.066506162522145251e-01
-7.934136740903408036e-02
2.630020079166368041e-01
8.266016094271242398e-01
1.615358984216573035e-01
-2.185339627857669775e-01
-6.960359939398408358e-01
7.938146986290633977e-01
2.999712698080154727e-01
-5.553512203909951594e-01
9.613654551706116713e-01
-9.471740602118720043e-01
-9.797697295621318192e-01
3.997207550663129383e-01
-7.999557847029589164e-01
3.719269515056504161e-01
9.533744956005021365e-01
9.391629801021769142e-01
-1.047072381710047323e-01
-9.747912260425113384e-01
7.438428307490891900e-01
4.875482899433700723e-01
6.196564446348261646e-01
-8.948387853282959714e-01
-4.664149031100953691e-01
-4.105796352231324553e-01
-6.202189370870292429e-02
-4.218082517661385644e-01
1.802436665134079519e-01
9.857582523705050725e-01
-4.993118790555347575e-01
-9.818309980521389146e-01
8.035512613760527334e-02
-5.100806755490494560e-01
5.472135755921613276e-01
-4.140938969410409287e-01
-3.873960994520099788e-01
-6.722841499780080055e-01
7.507974131961925313e-01
-4.819071506815628819e-02
7.615549087549091656e-01
-9.905978166484192826e-01
-3.870697763129431479e-01
-8.749175912612271455e-01
-6.772216128914387845e-01
-2.472316014105865600e-01
-9.999480516212583270e-01
2.069384747154099369e-01
5.866728743323004203e-01
-7.278144982131801166e-01
9.590164331252188923e-01
-8.983437000165482855e-01
9.881600659422894450e-01
6.847014841028687959e-01
9.833596598184557447e-01
3.642716750027206185e-01
8.975872310709005486e-01
8.729093523075512895e-01
-9.821308092831256831e-01
-9.993846457461661448e-01
-9.329158519038117658e-01
-4.147986430801575610e-04
9.713963383175109323e-01
3.976113129957106751e-01
-7.849235684133598623e-01
-6.401271333922063933e-01
9.986324981930341238e-01
8.991436582442177139e-01
-9.709788485127587299e-01
-9.421086796266543439e-01
-6.590680383555599375e-01
-9.992752605772575736e-01
2.697572525603461613e-01
5.841060832144883141e-01
9.399634111726220542e-01
8.399614530773570342e-01
4.187437105780870694e-01
9.181638857998599690e-01
9.986628051161152708e-01
9.897937457434830000e-01
8.524685223516181853e-01
6.819544370354960749e-01
8.498856985038271139e-01
-7.328903308380881887e-01
8.922352101032985372e-01
-4.657279377711939783e-01
-8.786909255228100291e-01
9.309568499447099521e-01
8.476995024693115832e-01
4.721358664320715604e-01
-2.055127391391421143e-01
-9.108741058014632186e-01
-9.196176955060065827e-01
3.841162979555330648e-02
-8.195268544225009499e-01
7.885090255463296227e-01
3.329398774694773081e-03
-6.424885138319981958e-04
-6.694262700910544872e-01
-3.524817826763200213e-01
4.553500906948911298e-01
4.024292476912323946e-01
5.155636816749281648e-01
9.369939446180064468e-01
1.451727735786591429e-02
-8.109804364338292215e-01
-3.113151237167384178e-01
-8.856948443393385384e-01
-5.903812629440413629e-01
9.862562699391534959e-01
-5.104749354251059135e-01
7.684495147695680206e-01
9.262197824625458820e-01
9.060020983401421146e-01
-1.851882129452990522e-01
-8.764942885506464831e-01
6.533400229194201714e-01
8.287544361278595950e-01
8.978981587943291043e-01
7.130436914266268245e-01
4.479609597267581456e-01
1.172325872891345211e-01
-4.519426930798285946e-01
-4.146152291649314869e-01
7.946190420579563041e-01
2.043599802652713016e-01
-9.900077056255579544e-01
-9.387764953386876776e-01
9.956423265397699174e-01
9.996991123578223837e-01
9.627066775836370383e-01
8.733792517260859922e-01
8.801564111495413512e-01
-3.628218464910921703e-01
-9.579581627402547483e-02
-9.992107065658660803e-01
-9.954645666764301293e-01
9.999353491433904395e-01
-8.808572675143305775e-01
5.501170989429384761e-01
-4.277553210533263650e-01
7.095329683266100584e-01
9.296849146149495091e-01
9.288335231383849644e-01
-2.848735758873117141e-01
9.816745131798890744e-01
-2.086622152319100032e-01
7.724245925380097688e-01
-5.734795912112456984e-01
-8.422725736974383537e-01
9.823705902093605724e-01
1.612834926275286684e-01
4.833523419162377710e-01
9.093883624187542036e-01
9.978313643536904642e-01
9.244620855027074757e-01
3.415188342517087028e-01
-3.803648155156924560e-01
1.399395122246550327e-01
5.727485513395238342e-02
-5.941121582294098813e-01
1.951369474801980253e-01
-8.079276330328248878e-01
4.639137524527300882e-01
-7.587948559406587634e-01
-6.858510760195323241e-01
-8.637424762407207579e-01
-9.945959066280598559e-01
-9.511361482043785287e-01
7.983815484419143349e-01
-8.781607789019538757e-01
-4.449669532000359584e-02
2.559369232687459528e-01
4.788100789128755808e-01
-2.502707110044042338e-01
-7.759012296043995560e-01
5.710743555279282901e-01
2.796711336078035459e-01
-9.301168829612639355e-01
-9.998171336700940603e-01
2.270939442446843204e-01
2.018611506382760601e-01
9.482719437871656165e-01
3.013907949876835635e-01
-8.584515269146432148e-01
-9.746049538086941633e-01
9.872649566674884802e-01
-5.833226845447898185e-02
-7.361808798628564077e-01
9.848281746849267826e-01
-6.394234928155521080e-01
-9.978804043086112463e-01
-6.020823593464298407e-01
3.827948606295668577e-01
-6.246479464673636572e-01
8.393960969945302164e-01
7.535902958217156611e-01
5.308896292900441294e-01
-9.810744401645623558e-01
7.155737872153215828e-02
8.429967808440103072e-01
-6.125048253307388002e-01
-7.577599507682679647e-01
-9.877804399785659051e-01
-6.702644620120539187e-01
9.977501126842094337e-01
4.607783444398953487e-01
7.068854422015354855e-01
7.380299271343541967e-02
8.836779462810292474e-01
8.276909751409162741e-01
6.701155972490085988e-01
-9.445302670405792966e-01
8.337925988103143116e-01
1.529345179830939316e-01
-8.056919797576022058e-01
-9.456342998866501537e-01
-6.454362240166776621e-01
4.975246933576921160e-01
9.116515989840640044e-01
3.983765926464477025e-01
-4.502767232773343120e-01
-8.614395202618010394e-01
-3.610247662200176677e-01
-8.143528598838429833e-01
-7.713385583551568558e-01
4.807647263389184800e-01
4.211892425011111163e-01
3.155451873762615267e-01
-8.261073428544091213e-02
3.375697534310008741e-01
1.618054251972299573e-01
4.112978756813847614e-01
8.481971989593517502e-01
-2.477381555275847691e-01
-6.484890040704637260e-01
-2.643361686280316647e-01
-7.064791654549383848e-01
9.450367185612572607e-01
-9.999795172007647226e-01
9.986140649111469036e-01
4.001700674719533835e-01
-4.581979431691718951e-01
-3.090565298537957181e-02
3.808163073559257539e-01
-8.256588438617352699e-01
6.104851033894352907e-01
-3.949446751261512789e-01
5.966648509434313574e-02
-7.163580471304774600e-01
9.585143190079066233e-01
5.814149730344034817e-01
-3.289484296849838896e-01
1.847967246588356205e-01
-9.968480426158241592e-01
3.606106357581493893e-01
9.999832375737973678e-01
-5.330646307044256682e-01
9.736727348740171761e-01
2.637206414522465514e-01
4.878802942977771284e-01
-9.171789021486985716e-01
2.172354942051316629e-01
8.206353005452077243e-01
-5.537484574094868606e-01
7.151720038542873636e-01
-3.233509207003513741e-01
9.956477103981949961e-01
-6.244566641177892174e-01
-3.762132838961868564e-01
3.276782633584686133e-01
6.566760367516583097e-01
-7.260110190582288459e-01
3.441941131008431909e-01
4.022016004190579613e-02
1.189471620141404201e-01
9.929933826497608917e-01
5.038000664115819260e-01
-6.475173001117134897e-01
-6.743424838899716445e-01
2.184974246444060589e-02
8.090851135769516755e-01
-8.412778951769873670e-01
3.488926677602962462e-02
1.307049614263136594e-01
3.505536354262549503e-01
9.977846244785366636e-01
7.880349233529319042e-01
-9.162622621121451205e-01
-6.885053585626151884e-01
-8.866443470631417689e-01
-1.022343148199451879e-01
8.742673259671143171e-01
-5.562930550517046768e-01
-5.749703693096860357e-01
8.832995020601525082e-01
9.254186824469933237e-01
-9.834115194356336520e-01
7.246271975339986238e-01
7.282273450114601365e-01
-7.875729211107601602e-02
3.180737058435903486e-01
-4.346815981915955196e-02
4.810270367699855387e-01
-9.770667928800554902e-01
-6.714991009025412794e-01
-4.421645400063585751e-01
7.992072970720687231e-01
9.441500734852101839e-01
-2.017843085424201044e-01
2.365375830570976279e-01
2.377337280442536338e-01
9.903009435710075081e-01
3.465578629647026593e-02
-1.214176935915816241e-01
-2.212698916661374471e-01
7.888645302804421222e-01
4.485884964670892594e-01
8.568646914713347051e-01
4.501947198627951896e-01
-7.369694444558262392e-01
-6.379277534642628922e-01
3.772584847868455660e-02
9.805494351452880286e-01
-9.928431983002683481e-01
7.188623248681664801e-01
-7.252168811138788307e-01
-9.185963921818549593e-01
5.648614945663648079e-01
-9.929527410831615608e-01
-7.598240701294219912e-01
3.182910924635993788e-01
-9.563118011209317260e-01
-7.178138145771038037e-01
9.716591209745917279e-01
-8.565521569734281249e-01
5.551784193099026377e-01
-4.033920602760660001e-01
6.355880803541177348e-01
-9.949801445951104162e-01
6.724841676680330671e-02
-9.685751731173121160e-01
-9.865689519326259482e-01
1.147297752716180119e-01
-2.082968574808432768e-03
-1.145596510248691607e-01
-9.987530705764624539e-01
9.272460061754510263e-02
1.656985653704494688e-01
7.467256048602571861e-01
6.480223547619841373e-02
-9.383524876680057192e-01
9.839570726449635707e-01
2.967934552764934231e-01
-8.596389068223055097e-02
-7.996208218851517113e-01
1.791104186817255306e-01
3.723555521067502538e-01
-8.008734364794529714e-01
-9.996140137483222610e-01
4.439596903692421548e-01
-2.585663285115067378e-01
1.383570562223975786e-01
3.361408912632211088e-01
-6.770669498401788999e-01
-9.999999043220562100e-01
9.994140185058730808e-01
9.822771591170524896e-01
4.382215696970620522e-01
-9.969928608682827598e-01
9.215527084564039129e-01
-4.528592819195925712e-01
-3.252642265073448224e-01
-8.283433110952937994e-01
-3.566514392183077753e-01
-3.124287473472247001e-01
-3.141781004140630218e-01
-6.673201593754728433e-01
-8.499786271289849759e-01
-7.460606911212734893e-01
6.635946688614765554e-01
-9.262268424493445007e-01
9.631279923868769632e-01
-9.889921748698512483e-01
2.815505921958576518e-01
-9.889120040801395728e-01
-9.981139549877999784e-01
-5.428803764409070309e-01
-8.290294084862700474e-01
7.837774488241572302e-01
-1.966700760999328945e-01
8.965050929345772524e-01
9.388463550081824205e-02
2.563138633332459615e-01
-7.139798800871653972e-01
6.060858569254600203e-01
-5.415942591678956086e-01
-2.747793362668655703e-01
8.540550958588993824e-01
3.957831163351895332e-01
-4.840778977497990354e-01
-9.874539727579729753e-01
9.967896727431952986e-01
8.980968432214190278e-01
9.993609592917239715e-01
7.361492162995373345e-01
-3.017550334805804702e-01
-1.184628349415551979e-01
9.257088500481505319e-03
9.228217663133941873e-01
-9.764350822846108724e-02
5.522867887207582038e-01
9.097574520183994151e-01
-6.501192017873852480e-01
9.916274186392892709e-01
8.707821175332091101e-01
-9.999260684815542977e-01
-6.173418485958607205e-01
9.391411450470721345e-01
7.919088196975004879e-02
-7.581844214728440390e-01
9.468625314363230405e-01
8.044558157887521377e-01
9.811602931383398563e-01
9.977184128666531926e-01
9.423122195467108497e-01
6.180837518772636097e-01
6.981862969475451930e-01
9.767548179049450052e-01
9.970118256314653982e-01
9.959140436246275430e-01
-9.552884153736729278e-01
-7.493482077443777145e-01
-7.373568004970921796e-01
-9.972997382780288689e-01
3.350489162679821109e-01
-5.977734447675757679e-01
7.560831073884197728e-01
-7.493789533001682379e-01
-3.806162135518356138e-01
6.274560464068701382e-01
-8.446731348127917149e-01
2.973892507209243696e-01
-8.434757027762799231e-01
-9.830843684379170222e-01
3.045640729326669002e-02
2.090510223256931976e-01
-8.544695664200966378e-01
7.594513303338868981e-01
8.662449953320106033e-01
-5.961526544922167714e-01
-1.213030865283080267e-01
-3.565718196724702027e-01
-1.488478316003426227e-01
9.460528882828916908e-01
-9.797989379342116889e-01
9.467069481665154607e-01
-2.621899478505158587e-01
-8.850266879506070161e-01
1.107454196405203706e-01
7.794313322468646721e-01
9.948852577931250885e-01
-7.481599103639228199e-01
-1.310842127445065453e-01
-9.359076534661971980e-01
-4.498516877066803810e-01
8.583279764398367151e-01
-8.547687164893771339e-01
9.328742085918283466e-01
9.972281639242580598e-01
-5.107807875798374697e-01
-5.455841755628209055e-01
1.655614260787698078e-01
8.354386509194979826e-01
-6.438600019413411868e-01
5.218275387506182694e-02
8.306832120212577220e-01
5.414314380311608943e-01
3.831305076672491539e-01
9.996010817510141422e-01
9.951571749757761598e-01
3.023519502491225364e-01
-7.805990794161580260e-01
8.337717393763303120e-01
-7.814657975475944873e-01
-9.999842889062092732e-01
-4.710904118118557915e-01
6.514770239577419852e-01
5.214461535386163415e-01
-6.574688312901715292e-01
9.878963106044658105e-01
9.333526018104677524e-01
-3.679684202572359175e-01
-9.566910038525840987e-01
5.675452859237125613e-01
-9.744582251556083152e-02
8.759646263019817969e-01
-7.723374233544385570e-01
-2.484482927295134091e-01
-9.250026457777129618e-01
-9.982395360951964447e-01
-9.996798505849153749e-01
4.048056658315584699e-01
7.811629647217225303e-01
-2.885193728398895152e-02
5.733679751587175133e-01
-5.138365467733556624e-01
-3.180062756537948010e-01
8.213029473763491795e-02
9.920538728097251235e-01
9.971164743084786064e-01
9.990531232895663027e-01
-4.549983018564009440e-01
-6.287959237324998174e-01
2.636858092299213530e-01
2.744877119684678290e-01
8.210677971520988772e-01
3.320948689979357216e-01
9.976910666208607115e-01
-9.384412590251579589e-01
-4.721483776088957612e-02
7.813067688758049689e-01
-6.337728867662572041e-01
-9.986080729401374256e-01
9.790842382991057358e-01
9.993603131255339722e-01
8.091191095653258447e-01
4.282900933630047202e-01
-6.445170261376920173e-02
4.344626634221458450e-01
9.178863095339231393e-01
-9.545970149802825988e-01
-4.296851136518193282e-01
6.024941033255492018e-01
6.504857074354114532e-01
8.040670235910443164e-01
5.594321951943608262e-01
7.556657437615953432e-01
-8.477194714989179092e-01
7.464793523118896656e-01
3.907235640520380637e-01
7.738252407189083470e-01
-5.816657822181641180e-01
9.764317587193676040e-01
5.115445704745869016e-01
1.924287086063155294e-01
-4.747845498057499669e-01
-9.180577426626738147e-01
-8.599274713867264275e-01
-7.792278958253038290e-01
6.805797235363247877e-02
2.504497063456306849e-01
-7.559687069051402863e-01
1.388705091814262382e-01
8.351320336138654543e-01
9.935353923739935755e-01
-8.496857242980997427e-01
9.936173365848040007e-01
3.507616199984078809e-01
7.551851413709956828e-01
3.033768497509995443e-01
6.124933767284378439e-01
9.254502616482470634e-01
5.694699749854792437e-01
1.250995918796886375e-01
-2.756110424733059783e-01
3.099423353561486794e-01
9.641523686016942873e-01
7.590359967259848739e-01
-9.813037409656634180e-01
8.470837222182185655e-02
-9.807513799941046662e-01
-7.851747389918033448e-01
4.451961821462387392e-01
-6.452009849338179448e-01
9.591276379632628357e-01
-9.995372197175013129e-01
8.641758503580587725e-01
9.967964858946031237e-01
-2.537301079330614995e-01
-4.296282114842487343e-01
3.319170958017220729e-01
-9.944003265844386652e-01
9.745506855731219664e-01
4.331989978668367991e-01
-9.054666662716494008e-01
-6.144808304170961133e-01
-2.969768937179557700e-01
-6.264246444461855079e-01
-9.433791628849860222e-01
7.442623442068753148e-01
-4.310866185814220541e-01
7.158668402757613070e-01
8.891192367258220486e-01
-9.873119659806137705e-01
-9.072937860559404655e-01
7.781019852129492098e-02
5.626388728399314143e-01
-9.787277135452987498e-01
-9.866150147720277319e-01
1.899128266144274324e-01
-6.109242014969130663e-01
-4.800716947246685407e-01
-3.130274216591257819e-01
2.940259270826177107e-01
-6.325761525974925581e-01
9.370666403066453265e-01
8.798007606087442367e-01
-9.149734227003538667e-01
-9.974542308130406321e-01
-9.611619377844320411e-01
3.934748686244188276e-01
-8.035134765894813569e-01
-7.709776090468200005e-01
9.954102487509344233e-01
-3.328366173039211673e-01
-8.410881491630122220e-01
-7.906612292705530454e-01
-8.146941283544846257e-01
9.981476769621423495e-01
4.639750999000805121e-01
-7.826407146620494304e-01
-3.646015301196224301e-01
9.998600594379760675e-01
-2.821941089203035546e-01
-8.708139995802240962e-01
4.626870124933468165e-01
-2.028766686496785154e-01
8.228565887196620521e-01
8.363084252468369062e-01
8.061640213608438632e-01
1.786446232118376609e-01
9.997494038084155932e-01
-3.074133329400332015e-01
7.846545897534831782e-02
2.953094720761285097e-01
6.897955277592959789e-02
9.759425742034122386e-01
9.950868170542281899e-01
-9.264424981063664744e-01
8.298497142851990471e-02
-5.399787896414429689e-01
5.905202152211577182e-01
-4.256632816322485913e-01
-6.422967368589617143e-01
1.679735951853389420e-01
-7.046018460342756695e-01
8.564246221611310217e-01
3.517131590717432754e-01
8.245615130077561528e-01
6.068434294782895089e-01
-8.952115568641341170e-01
7.819522358598149925e-01
-6.589254853002377565e-01
3.636376519858968703e-01
9.132235294189382513e-01
-7.383186090574828109e-01
-2.752905330097903391e-01
9.067652380687930558e-01
-1.640066153153612039e-01
9.820047731681225134e-01
9.944279940624185521e-01
3.413403602066164555e-01
-9.344617442701799170e-01
9.906680367396428766e-01
5.589633027403537735e-01
1.681820631853017389e-01
-4.085940934466086305e-01
-5.475421782480188737e-01
4.066190572060945363e-01
6.187029003664252791e-01
-9.063770289831095672e-01
-7.970786142686023812e-01
5.063571036120588786e-01
8.786445780846253717e-01
-8.185762992248245551e-01
-8.847810868790385586e-01
6.628258481786607481e-01
-4.559003311378490020e-01
-7.049749763122070689e-01
-5.128533120321455696e-01
-9.307889847590913313e-01
-7.772637652388864060e-01
-4.799091290338621252e-01
9.431370506280670751e-01
9.662250997888012227e-01
8.593970205358149039e-01
9.788426591710859270e-01
-9.344921456800925341e-01
-9.111854216124780359e-02
-5.113435106139163633e-01
-3.272549812129484925e-01
5.816654099458096194e-01
-9.947126919213257201e-01
4.663077174333713493e-01
8.397824196575518485e-01
-3.066185139050371933e-01
-5.942695508650067682e-01
-3.821161143522367465e-01
8.190046942204927127e-01
6.802263234684847726e-01
4.370762961015093317e-01
5.025034650372097733e-01
-8.845867260685941202e-01
-9.986541534962413147e-01
-2.400762933025870072e-01
8.090493498216970725e-01
9.269433895036627291e-01
4.916748338171360588e-01
-9.876525578065959987e-01
7.117138630732933180e-01
-6.603227458707615627e-01
1.433421184283252547e-01
2.650479014766063957e-01
3.935457985954761151e-01
5.665665031309261579e-01
1.003074767967601505e-01
1.844927220026641168e-01
-7.189415295301835318e-01
9.349072236405477909e-01
8.680165353532884875e-01
-9.970793688041797997e-01
7.966278462181408671e-01
9.118092944294730051e-01
-2.355010802986670371e-01
9.999426328873614045e-01
3.365848306071561602e-01
7.834096425740190162e-01
-6.305389009548243440e-01
1.885497650285087312e-01
9.881398049764044123e-01
-8.870668493437051660e-01
-6.666692247650157777e-01
4.285526482909646773e-01
-9.999799800051873966e-01
1.878364883516350434e-02
1.719941375917300175e-01
1.585744592090215510e-01
9.297389866093741517e-01
-8.189623531726242245e-01
-6.217381996126944976e-01
-6.129527358831037276e-01
-9.963891382844831668e-01
-2.650271990028229552e-01
7.990594169409100944e-01
-6.248866069716697558e-01
-3.171564463408439033e-02
-9.419132238573992844e-01
8.212869766218709733e-02
2.666003148265298495e-01
-1.120138306855154031e-01
-7.011776036928555333e-01
1.190876800735846258e-01
-9.185664485975445492e-01
8.693749310009063480e-01
-5.997160257150328799e-02
-8.392988459348402763e-01
8.303401959385762199e-01
-8.934032462334441371e-01
-9.991737155854241159e-01
-9.538654605576711853e-01
4.103994346179355990e-01
6.817614915723144708e-01
-1.226089749172811633e-01
5.693544085053863224e-01
-9.999653874993518210e-01
3.637790987497693113e-02
9.498981991940028680e-01
1.350098470316750676e-01
-1.460540818823986009e-01
-9.802825178860619104e-01
-4.599602355414749710e-01
1.779216097169404043e-01
-9.587844064092743146e-01
9.826676922101226230e-01
-3.142781350233335713e-01
-6.797346810102615766e-01
8.803524495232410985e-01
9.453363061365116504e-01
8.738421419245571142e-01
5.534680007598169471e-01
-9.972606290057762779e-01
-1.365880662767043896e-01
-4.876427548313702620e-01
9.611945973019364597e-01
9.014647851309036675e-01
4.695136780573156976e-01
8.470889076851572108e-01
-4.336981788626401713e-01
-3.658117171884251451e-01
-2.479053020219039449e-01
2.642180548428422690e-02
-7.350297559090487320e-01
-3.013143582966079648e-01
4.952791282738164824e-01
-4.963629014288187258e-01
9.826865657997023717e-01
-3.330125777098856266e-01
-6.279857666837544983e-01
8.470234495225655857e-01
7.736947603209000102e-01
3.149741108345924800e-01
-1.420806718277262681e-01
7.279746877156311191e-01
8.654997676036553234e-01
-4.615746211565915913e-01
-1.619132261874665357e-01
9.926370918273522692e-01
5.385820062163555466e-01
9.803134726969990886e-01
9.895911492555503619e-01
6.830057925376380457e-01
-8.477661483748247795e-01
-7.287987740562311689e-01
9.690732917123454637e-01
4.392388968752758971e-01
6.713321100051463652e-01
-1.020286537557060225e-01
5.127129375605342654e-01
9.710153860973128603e-01
-9.769014558678326132e-01
-9.998528952987209006e-01
-3.129554763361908076e-02
-9.515440624990851859e-01
-3.510254664084357379e-01
5.630630069620816691e-01
-8.848544774175537420e-02
9.992101985581522960e-01
-9.278752035846835611e-01
1.070873335954042604e-01
9.976617004923874488e-01
-1.461009705226508915e-01
7.339468029781431868e-01
3.697151379812451538e-02
-6.345204999283934368e-03
-9.567199579764681938e-02
-3.833203176664004563e-01
2.816841662420559445e-01
9.874355151977050049e-01
8.549223187417861469e-01
7.147130933049093970e-01
-4.626976572062952986e-01
7.722374604962958244e-01
-7.800096793351216085e-02
-9.533683073114956885e-01
7.031678434021566559e-01
-3.804771921505887833e-01
-7.091866119489649567e-02
-9.772035373966022620e-01
-3.305859844114860877e-03
7.289517269632929120e-01
4.581908241353785383e-01
6.758942410303062642e-01
9.833532529414561463e-01
5.101077598374680333e-01
6.447686479577197094e-01
9.995107423166978977e-01
-9.239125011761695205e-01
-2.635167431405668892e-01
4.904743009131067866e-01
2.150255992468695365e-01
7.075320137964159484e-01
1.202395487279052239e-01
-2.498357727143373508e-01
7.133440267462527462e-01
6.103523619379714882e-01
-9.926631130920290369e-01
-1.852157400511293128e-01
8.789094053142265661e-01
-9.981027397313447791e-01
6.186855227966596704e-01
3.977053406429490456e-01
8.687637524185174431e-01
8.637763324737317561e-01
-7.202774388128451166e-01
8.300334532683653621e-02
2.124823036174281476e-01
-6.757836606952321024e-01
7.477093827762463230e-01
-7.325610325480097496e-01
9.890317716184547914e-01
9.981878093824839704e-01
9.825261832691856156e-01
-1.039905226510193653e-01
5.864545855038628686e-01
7.839037782611263383e-01
5.508912901122412498e-01
-7.976416928075058532e-01
7.139941389580579945e-02
-7.246424608255136457e-01
-6.760564100140926680e-01
2.418994163572622813e-01
-9.943086766270440302e-01
9.440365897277341878e-01
-9.690923436846801131e-01
-3.738410566961972714e-01
-7.480198046820160096e-01
-9.869913375100849429e-01
-2.391124609580727867e-01
-8.358440948140036797e-01
9.568700258857641971e-01
1.464107723354486079e-01
-5.666812952084474553e-01
-4.147633823466336800e-01
-7.842639302069802365e-02
-9.962864826146312636e-01
3.118454327223633693e-01
-8.376223230309756129e-01
-2.063482124107453297e-01
-7.318475853829305988e-01
-1.637176134352751333e-01
1.501595716599244956e-01
-4.170232507649194176e-01
2.252966021322984069e-01
8.497831206856245601e-01
-6.756170028744402645e-01
-9.809137649752809329e-01
5.090837013432095715e-01
2.487757116444417049e-01
9.321600897604045421e-01
-6.093116568809430200e-01
-9.684690054921134550e-01
-8.260797493709653994e-01
9.990420230524039713e-01
3.001421968276402064e-01
-8.879731223808811080e-01
-9.613834102887396371e-01
8.111004594255308842e-01
7.336380530600115080e-01
-9.469818863276642240e-01
-1.245664472243319665e-01
-8.611548958509102070e-01
-9.995877216388142639e-01
9.978971704956423050e-01
5.539689738419560916e-01
-8.123856405496104882e-01
9.257099550139827326e-02
9.708449953348283756e-01
9.759753539425726210e-01
-6.111472818732913703e-01
-6.484145866510931944e-01
-9.809705894286105954e-01
7.386513336859722445e-01
9.849334690852783458e-01
-9.381306924527835767e-01
-8.936409658470380046e-01
-8.032347814066755909e-01
-6.420316343946285143e-01
-6.801802381835024558e-02
-9.878474159522575571e-01
1.888985336830901196e-01
4.334412960887986110e-01
-9.792468921751117383e-01
-5.841602060561859044e-01
9.924219120683791528e-01
-6.988800284607509239e-01
9.877471067452012754e-01
-8.606607209530869884e-01
4.009368346412406359e-02
9.829938470501937697e-01
-9.238031561237314282e-01
1.996841108240390850e-01
-3.165980526558801467e-01
7.348529026581260837e-01
9.999989417167712835e-01
-9.847747825935340149e-01
4.072891313954957876e-02
3.414280364400829604e-01
-8.838795507856714861e-01
-2.216123052473416288e-01
-6.838985970529235514e-01
-3.354116135709295787e-01
-8.013623143845652885e-01
-3.564069337289827999e-01
-2.875348603198154551e-01
4.096523735703813673e-01
6.410742449154011036e-01
-4.646721273622331227e-01
-5.981907964532201527e-01
-9.509188243383952521e-01
9.794334432472439067e-01
-7.566715552133096434e-01
7.957371215613313620e-01
-8.788008899345607361e-01
9.977595519023046977e-01
9.608640827482377578e-01
-9.519934522054773751e-01
-7.508197783446811657e-01
-7.252571481332867886e-01
4.388997483756630347e-01
-5.939609322021213167e-01
9.313735729070956593e-01
7.121628360923575318e-01
5.430938639724729455e-01
9.696033481982048174e-01
-8.600718209937557868e-01
7.651334565855814063e-01
8.560907995300308659e-01
3.498413444476238254e-01
6.473275101670186160e-01
9.812364718700070654e-01
9.999965913008928009e-01
-5.098906954757578269e-01
-1.759327899666325301e-01
-2.944919290924557509e-01
-9.445931008600174650e-01
-6.503163753179673767e-01
-2.011528609537187040e-01
-9.140916949283149906e-01
7.161680834806187779e-01
-5.961888060048816662e-01
-8.614365430585696481e-01
3.197336856307014252e-01
9.338717897823414216e-01
8.314572386393145331e-01
-3.789118024593262080e-01
-8.857381412401769127e-01
8.063964792015307914e-01
-2.781782484330460048e-01
1.209113416160162956e-02
-3.812472386899276033e-01
1.061556778911305621e-01
-9.317880932063142829e-01
-6.444408653545080634e-01
8.701274429850004433e-01
-9.792438012756807253e-02
6.614524750730659264e-01
-9.453367504631136065e-01
-9.194808104167709883e-01
-9.010651403432872186e-01
4.018188245012881965e-01
-9.979494107165181038e-01
-1.094410864807675576e-01
-8.276179997386099441e-01
1.618762374646073310e-01
-1.950647510092435866e-01
9.067851534141819769e-01
-9.225742617651772060e-01
6.983359071059312695e-02
6.353423729060834191e-01
9.981608686186385082e-01
4.654012123439039139e-01
3.232194850179073708e-01
-6.752923005875233198e-01
1.308762872181468973e-01
-5.514960735696067262e-01
-8.161247717022981907e-02
-8.475727456266171078e-01
-9.998868381304821806e-01
-7.003183638383848608e-01
-8.207741326864406162e-01
5.912935035715719545e-01
-4.715596538149663952e-01
-4.287678698680504330e-01
9.362848701079792280e-01
5.223634077755592298e-01
-9.760394073594392816e-01
-8.160722081685953810e-01
-8.675550599791104212e-01
-3.348404116717076245e-02
4.977385653269276178e-01
9.730184247520653473e-01
-3.837746401147367759e-01
-9.999195811069161444e-01
-9.492082847371424714e-01
6.722748177678491421e-01
2.009860900514880977e-01
9.285335308429888412e-01
-1.933534755194298294e-01
8.533328671168004531e-01
-9.167390198626264031e-01
1.131313665814499270e-01
-9.914712313020931367e-01
-7.916750912705776688e-01
-9.979930194753046102e-01
-4.814068036843628384e-01
9.996875068302611966e-01
1.515220777569880606e-01
9.596789515510232293e-01
-9.966780321162769241e-01
7.253867624241963075e-01
-8.967664211989991863e-01
7.993289233933322802e-01
6.634052458639115857e-01
5.922177547495850458e-01
-9.997695718469715720e-01
-9.588458751579790329e-01
8.717722754746956015e-01
-7.976787076033470258e-01
5.231687011634619244e-01
-9.996077010231673166e-01
2.484196596899344023e-01
-6.419686158470513382e-01
6.008340354371884962e-01
8.334271288193442206e-01
4.581767051245806688e-02
-1.425973158123413909e-01
9.959409119255731024e-01
2.119890907844828587e-01
-7.792961412709736857e-01
6.585586752334654514e-01
-3.927215633720822496e-01
-7.415589412182792550e-01
8.272241746557613684e-01
-7.696892054384227855e-01
-4.668471326363749507e-01
9.991516505106997625e-01
5.214482514967466731e-01
4.648957952748114519e-01
9.538529057371453179e-01
-9.417700511191274826e-01
-6.465877633055870932e-01
7.378347228279219516e-01
-1.706916994114252850e-01
9.999921019253706911e-01
7.023263676859917704e-01
-6.415929019399960742e-01
8.954072959921777208e-01
7.762167039226934850e-01
-4.685579742591516883e-01
1.650575126757626021e-01
9.078243891575747959e-01
9.826129954664464261e-01
-9.617234726622215790e-01
-2.244253291585275589e-01
-4.799979530766739777e-01
-1.184505025149096974e-01
-3.097855450119127441e-01
1.578889604343554631e-01
8.299581928668231523e-01
3.099510358848015512e-01
-9.965193057329178039e-01
-9.998886451703582479e-01
-1.466682838630618546e-01
-8.541451824817998251e-01
-5.697069190848903508e-01
5.549567985209358234e-01
-9.757507584315487925e-01
9.436382343940998840e-01
-1.250330269976359931e-01
-6.289402553068400570e-01
8.206266972702060958e-01
2.627570967674400793e-01
-3.135422791367296624e-01
9.970922261675040366e-01
-2.090836490440438067e-01
-4.969059869828959530e-01
-9.428264593510784497e-01
-9.844804079566904509e-01
-6.891956805550786269e-01
-8.839823362307309695e-01
9.455945233812116379e-01
-3.960117002961302535e-01
-9.305919475442990807e-01
-5.744548555192467987e-01
-7.837513938614580900e-01
9.443158953741684902e-01
8.605256115884357682e-01
-7.979039553986132516e-01
-7.709429446068056802e-01
-4.821488321689416240e-02
5.575193691870166113e-01
7.161250508130880821e-01
-8.809928012569254729e-01
-9.924019678780698905e-01
7.453740885093900204e-01
9.555149746591152793e-01
-9.999329804980583436e-01
-9.991894188823811085e-01
-3.029190558039859260e-01
8.638484520958553681e-01
-9.227940168667513321e-01
-7.894898467039082046e-01
-5.185207982332411536e-01
-5.237885263822088244e-02
-6.378001445786136703e-01
-5.234393632608628222e-01
6.751732151901862489e-01
7.066457252729396732e-01
9.110313181533272187e-02
4.064814733466657892e-01
-7.651877939708845444e-01
-8.456798624142046750e-01
-7.720884513795802651e-01
-9.234982705173657713e-01
-6.740166521735704297e-01
-7.425591867808805091e-01
6.957273787975132295e-01
-9.982780984062945562e-01
9.136748702227041052e-01
-9.947224293885674751e-01
-9.926568890324350969e-01
3.374433367653883464e-01
-3.818961041426460201e-01
2.618387082489068499e-02
-1.781012260946812642e-02
-3.616988387084948964e-01
2.824121963927973544e-01
-9.508786848559899196e-01
-2.621808243785732628e-01
3.635994357741868521e-01
-9.877620137858910132e-01
9.728942440484922294e-01
-4.281884519465457839e-02
9.198687894459124381e-01
8.525435575346038686e-01
9.423619366292186328e-01
-4.181692188821788947e-01
-3.698942517096888150e-01
9.410899306461630864e-01
9.370213602788601825e-01
4.803445852327392074e-01
-4.596858860909975864e-01
-4.549450253448465431e-01
-8.054336255559843005e-01
9.982044370058122951e-01
6.511354233174412309e-01
-1.871920373891921285e-01
7.769659045799094388e-01
-3.140372611206190268e-01
3.754410065916191086e-01
9.974109829666985005e-01
9.993476519406944147e-01
7.776655005009760480e-01
-8.285220816291342105e-01
4.891439008847950909e-01
3.621026276994516180e-01
-8.880906058176402107e-01
-8.840733769698682076e-01
-3.850154286697242065e-03
2.242199845074734077e-01
9.258297840450877558e-01
6.259749569442405459e-01
5.935236600875328783e-01
6.329046448913016043e-01
-8.832582778241506727e-01
9.674543500787856631e-01
-8.060563942898487655e-01
-5.150071827438069683e-01
9.236297698843896897e-02
-4.892797244696469039e-01
9.859906451957880513e-01
4.932278853241642835e-01
8.063788221018665103e-01
3.850042099475722845e-01
-1.456343009200182503e-01
-6.660103569859994466e-02
9.668695268672461429e-01
-1.264923645099656213e-01
9.888398966827730563e-01
-9.993888027316567557e-01
-6.881551904751722626e-01
-5.367095492135378620e-01
9.610503073453881273e-02
-4.211046688036571561e-01
-4.275726261482339918e-01
9.221794475007207836e-01
2.475106052389808853e-01
1.646365739256539784e-01
2.469932289883361443e-01
-8.518238415654802997e-01
9.991015659914911362e-01
-1.810621960310541678e-01
8.160452258174806517e-02
6.466053265093398839e-01
-3.677949503273171827e-01
-5.469911109872858113e-01
2.760818220493556630e-01
9.999732938606313848e-01
9.997449480424811519e-01
-9.341371464073727759e-01
-8.673977951408127218e-01
4.260501733107577849e-01
-9.938057992749891323e-01
5.494548016077404062e-01
1.283388408562229910e-01
3.319478471881796011e-01
-2.151265690410585629e-01
3.076847781386001235e-01
5.727468669000697066e-01
-9.936917151933175596e-01
-2.116859124970036851e-02
-9.423688689822042885e-01
1.311564056716967019e-01
-2.986455276392462332e-01
-9.726579847937363299e-01
-9.999836745465547905e-01
1.741939133276483587e-01
4.002239210188274221e-01
-7.095012114286000093e-01
4.342451148915199011e-01
6.300754205464380586e-01
9.999025802084345882e-01
9.998171204512128485e-01
-7.344385836974320902e-01
-9.496446814498616940e-01
-8.582838504801891810e-01
-9.847330311338519104e-01
-6.378305627254150512e-01
9.517206802389310827e-01
-7.964298165505507843e-01
-9.926898097660875608e-01
3.535831874823748278e-01
-9.651054994466388148e-01
-9.999982137077119138e-01
-3.531223110372527785e-02
1.297440673329315342e-01
-6.198515425269321977e-01
9.999976403363332045e-01
8.990176193068184496e-01
8.795000054461680206e-01
9.845684977292017415e-01
-4.612305331023230925e-01
9.968225967229297213e-01
3.702601262776848978e-01
8.117408552732399141e-01
-9.144417458016104172e-01
5.571356402055223089e-01
-9.983065616680183441e-01
3.492928966661161261e-01
-5.120253323874931484e-01
-9.618044162800030161e-01
-9.362564596941939099e-01
1.596694321762219537e-01
-9.762272588193471323e-01
-7.282682084350943219e-01
-9.982477254286823420e-01
6.604741615740694627e-01
5.253853184173808977e-01
-9.946915547905568200e-01
9.386337733146142837e-01
9.851022212660356381e-01
9.921073023497530841e-01
8.713660805083773830e-01
-7.000842084833741596e-01
-9.307822110221946055e-01
-9.757112986558503787e-01
1.332982295314766030e-01
-4.452076407106305700e-01
9.275127383896538680e-01
-9.036782254060163888e-01
-5.874910975349112441e-01
-4.189423900843953774e-01
-5.794961684259680723e-01
-8.151563035620642550e-01
9.588774939603509351e-01
5.210161963135612195e-01
9.994855187465538915e-01
9.770886387443094012e-01
-7.996358735623529945e-01
8.691147640273619857e-01
-8.711015785876451423e-01
-1.311501734983971657e-01
5.655499940270191511e-02
-3.325328817961724637e-01
8.068877714902344955e-01
2.722217282783269132e-01
9.188278438162675865e-01
9.841844999202894462e-01
-7.909362355852830317e-01
-8.592466427256038042e-01
-4.889515841637128712e-01
-1.871747169840071723e-01
-4.131492138295433381e-01
-3.452913639485992725e-01
-9.753272955148495349e-01
-3.079087335835491990e-01
2.346193026378003699e-01
6.912013256311110299e-01
9.999446690142256289e-01
8.385592689828518242e-01
1.336021723606109213e-01
-9.955875494198084263e-01
9.988043507899514450e-01
9.725872264832045033e-01
-9.899480880553795936e-01
1.468871699180493429e-01
9.367948435506070481e-01
8.365988396094797830e-01
-1.420498493497500681e-01
6.082825027380032307e-02
-8.138783416085446087e-02
-8.058340628000641992e-01
6.493874359841292909e-01
9.913306364836200757e-01
7.804062142312936379e-01
-9.246528654475631992e-01
-3.093398467086640458e-01
-6.555644618973544002e-01
4.669589055580252168e-01
9.117923225926923836e-01
-6.989857031223900563e-01
-1.712867022835792286e-01
1.831827937651392679e-01
8.985756239058189099e-01
6.184064072073003349e-01
-6.563948345356462877e-01
-3.782654303819670827e-01
7.563436211428694600e-01
-8.006175822597043634e-01
-8.687531796853840138e-01
-9.844862631767596906e-01
-5.279878097565133821e-01
7.730976971606343673e-01
-4.161605690739877961e-01
9.280755970685740097e-01
3.531297255963046777e-01
6.099048594970956083e-01
-7.488608724308271070e-01
4.933128124988898633e-01
9.644282796822857273e-01
-8.064645685306152112e-01
8.469160438095441057e-01
-8.847231597573442796e-01
-9.987241335587787594e-01
1.650317876683499163e-02
8.880765975959270531e-01
8.375691169889452059e-01
8.487129174355315664e-01
-7.381260248199215113e-01
-5.913316205861440800e-02
2.662774503673649984e-01
9.982229478211605000e-01
-9.828486516432087816e-01
6.435613070323201734e-01
-8.302383465471185886e-01
-2.488643153927808105e-01
-7.935338901633213204e-01
-5.038606101573682716e-01
8.565545679070128982e-01
-3.592168621481719448e-01
9.653986568455688033e-01
9.932380997899831199e-01
6.279914966682507149e-01
5.533354281268728636e-01
7.218974949061706115e-01
4.335039067035913463e-01
7.514973771900534949e-02
8.409647837671152537e-01
4.664980259331941159e-01
-9.971822324804540116e-01
6.633051812566022054e-01
-9.056908799531144805e-01
7.724218615500554330e-01
-6.478741375182860418e-01
-8.132672750736050227e-02
2.686770854021716670e-01
9.996308952597982023e-01
8.673163679115496461e-01
6.071462710240969063e-01
-7.453855658152825914e-01
7.143846490363162660e-01
4.934813133789170414e-01
9.989061307519917499e-01
-4.271857400159310703e-01
7.720191258914374521e-02
8.861544756962885794e-01
-6.700265143034259685e-01
-4.719501509070694323e-01
3.321050375396786269e-01
-9.973423307672464322e-01
-1.851269414932964208e-01
-2.778832343602469224e-01
9.593659942944723351e-01
1.468320607467397520e-03
9.909950495476972376e-01
1.100824721237198128e-01
1.644063656460717227e-01
-7.516060718953802011e-01
4.236641422644698562e-01
9.962938258726151686e-01
-1.137134387603604413e-01
-9.999108057595286203e-01
5.341873840722004552e-01
-9.550764416270742796e-01
-9.963038555080311331e-02
-9.935035952254467340e-01
2.615221211292442227e-01
9.584459002906241532e-01
4.379260168050180257e-01
8.709016805078146906e-01
-1.376230604716301986e-01
7.071524508979348811e-01
-8.681352843657187401e-01
9.883344225525145799e-01
2.404341047013105470e-01
-9.753344147477039927e-01
9.213819059259563682e-01
2.061962738571482545e-01
-9.236653407101035329e-01
4.258005163486159317e-01
-2.310606383152576382e-01
9.976081215289729354e-01
-3.640426889761445850e-02
-4.126266362947164090e-01
-1.619302444743425107e-01
-8.099916361173730150e-01
-9.638771935354810694e-01
2.143038576250943239e-01
-6.183916804812606555e-02
-2.302548496090632280e-01
-9.962595529052946652e-01
-8.883934113498168639e-01
6.043977178605827172e-01
-5.169882468819343435e-01
7.248516222149619104e-01
3.141581113182235208e-01
-9.472209844874703855e-01
2.295133820326102359e-01
-5.264730050777798320e-01
-6.784668905555325535e-01
9.730861431986473908e-01
-8.505700657030476064e-01
8.765465502741413839e-02
4.772431338378299581e-01
-6.746656668294133130e-01
-9.486427878252575718e-01
6.071764600246672972e-01
8.287412405514872349e-01
-9.551294808056117747e-01
5.079090336621831098e-02
4.274782850866288286e-01
8.493328325337597962e-01
-2.179857386128249419e-01
-9.974013423236841591e-01
2.261188385723132133e-01
-8.905923334583752959e-01
5.292129723589514834e-01
-2.657206389413148684e-01
-7.507647825684607978e-01
1.965643802920801486e-01
-9.982120423032810885e-01
9.441332168736089603e-01
-1.734127697534492696e-01
-9.622193368404693414e-01
5.641852097650342790e-01
-9.121918008354187313e-01
-9.826953281855741462e-01
-8.306409670543586365e-01
9.563394583879656352e-01
6.608166574344246369e-01
9.883173455466578439e-01
-8.069370801004214222e-01
-9.871851566500132735e-01
-6.651391191987714342e-03
-6.725759143078746671e-01
4.449081857114272065e-01
6.789511986895089279e-01
-9.841804024904498016e-01
9.320708218035502757e-01
-9.770522142681256073e-01
-6.686218484358642522e-01
2.999925262976164131e-01
-3.019871052437346770e-01
7.024056819983111044e-01
9.967563102947690767e-01
-7.484158755831918919e-01
-5.988553386614311469e-01
1.737030581515628114e-01
-9.082416145996518031e-01
9.170216551233087987e-01
3.950667394462151899e-02
7.961453309361185005e-01
4.206870463381102709e-01
9.603913483414969754e-01
-9.393899825822517036e-01
-8.147747897195393163e-01
3.833323283881946431e-01
-8.653141427408486130e-01
-1.443867158093047887e-01
-6.684730577632774784e-01
2.263738083061229978e-01
3.232606354675623406e-01
5.275906677721840798e-02
9.189993236323007464e-01
4.274411457294641781e-01
7.749842740694646848e-01
-9.787947767094111740e-01
-9.053215923438954205e-01
9.405230791229672871e-01
9.769961734818408683e-01
-9.929839503514898968e-01
8.217488163213190200e-01
4.690736309791999625e-01
-6.100288841372888404e-01
6.864377999939699215e-01
9.162849012608745847e-01
5.257036193555647552e-01
4.859832877001745155e-01
-5.174634148181420784e-02
-7.708572717672129704e-01
6.456203616125251177e-01
-8.662354280351948210e-01
-9.984387548980823146e-01
4.982674427473104406e-01
5.449990122035609508e-01
-6.219593513482223335e-01
2.593768606493898621e-01
-5.398156969031955299e-01
-7.174344526393777732e-01
-6.851947887670151172e-01
7.546337490507627477e-01
-6.998984135953607577e-01
8.522607541004439957e-01
9.751602053093144651e-01
-4.158361893134622789e-01
-9.458831239033652638e-01
-6.068916672182058658e-01
9.581779612771794685e-01
-2.340811797592627919e-01
-6.790094519976415111e-01
-9.983258123242608750e-01
2.305419904355957006e-01
5.681035733858250669e-01
-7.668618709584231752e-01
-7.253363226303799483e-01
-9.088691784960457598e-01
-4.180218180331903288e-01
1.382498575274023755e-01
-3.801187046432609185e-01
9.277040551826427617e-01
-6.830392801914477729e-01
5.842672162921390688e-01
5.737798104446677483e-01
6.762506937302975585e-01
-7.495411232814781499e-01
4.260702166943574620e-01
-9.848977900966252585e-01
-9.990705381363457205e-01
9.907547541225015797e-01
9.991326788223150457e-01
-5.537067699513172903e-01
2.375664163455274980e-01
-9.773720244068093699e-01
1.608165354359606947e-01
-6.211281673556506844e-01
-5.978999165759992795e-01
-9.891196188051144533e-01
6.670587881727930712e-01
9.902597790540481615e-01
-9.933876775907476420e-01
-1.008530170244487240e-01
-6.307100426630215528e-01
8.618323723125229652e-01
-6.962209377806273247e-01
-7.357480650955513513e-01
9.986072311879397034e-01
-9.077396698920768836e-01
1.966584133512665755e-01
-7.740345135880583038e-01
8.749733043966961832e-01
8.933948599596031048e-01
-2.789147052591234854e-01
1.385430430992463935e-01
5.144752392854133882e-01
8.504540733824155208e-01
-9.593207152923121095e-01
-4.700897571273054965e-01
9.452276167060869039e-01
4.781623936541550268e-01
-9.684288299961189006e-01
9.527359164554650706e-01
9.717980784625855906e-01
-9.776810741403432203e-01
8.237715330041615047e-01
6.592117870341986929e-01
8.548454828816644258e-02
-8.196515765156028310e-01
-9.998672356030711139e-01
-9.867365175895931317e-01
-8.789857629903875536e-01
-8.088020863225743595e-02
-8.663032191609124633e-01
-7.643860521317765722e-01
-9.515088623795191491e-01
1.099387702458171773e-01
-3.046285312477985951e-01
3.428505573072772039e-01
9.406201446842744618e-01
9.947462552825314663e-01
-9.121874345324196831e-01
4.860989722481784958e-01
-5.579536306948879032e-01
-8.961923868436767471e-01
6.721392565149417742e-01
-9.549895512125424757e-01
9.669687398908525244e-01
-8.509805978413689243e-01
4.946439540553632108e-01
-2.361084163516241063e-01
-8.457302180068360098e-01
-4.031100300003347403e-01
4.119404228310970528e-01
-5.700988732039643514e-01
-8.202935633602553844e-01
5.649849261103506715e-01
-6.877969962488084121e-01
9.280384571738635735e-01
-2.534070940619862489e-01
6.985628122737146395e-01
-4.458512697405874747e-01
9.352636480207402458e-01
-6.420822296967848564e-01
9.694413615031335363e-01
8.888940001719917161e-01
9.806570859020981024e-01
4.631501845537998596e-01
-2.020587414792075487e-01
-9.177895894025129842e-01
9.999993492419059216e-01
5.904913289182052161e-01
-4.512974382562989772e-01
-8.662800881691832267e-01
-7.307925750675298149e-01
2.568779962515205795e-01
9.659369680481819653e-01
-2.539853361987959302e-01
-5.969284462942702207e-01
9.012902474363385097e-02
6.685660260594632476e-01
9.656985411061250746e-01
-7.740276375297591160e-01
9.994081759635027318e-01
8.466124012408968724e-01
-6.132849067435598434e-01
7.302818907147931027e-01
9.524733900018658161e-01
-3.547647245956105366e-01
1.919896649885875217e-01
-9.553609474654770617e-01
-4.319838200539172224e-01
9.646147001116148756e-01
9.994897573936116775e-01
-9.372903516373073396e-01
5.323771451214094341e-01
-6.987269957589047065e-02
3.057887380437621094e-01
-8.658396136836823409e-01
5.288696097325020773e-01
6.316903878677787576e-02
3.194948097868963166e-01
7.832715897378473846e-01
-3.115383571275490149e-01
8.616789331937830809e-01
6.054397975857203074e-01
8.369172960527382354e-01
5.741556029877824263e-02
2.983244028122871150e-01
-5.737411629276945035e-01
7.580119386549076799e-01
9.979612838401571429e-01
7.368771865791834408e-01
-9.867906992597742510e-01
-9.982060342221719118e-01
3.625185338926109058e-01
-3.996443744079071214e-01
5.527831722088558664e-01
-9.237641083194341185e-01
6.808544031108824113e-01
-8.104355241421162814e-01
9.988863802753714660e-01
-8.518645979656839229e-01
-7.915586132150427279e-01
-9.996521824552501156e-01
-7.020326151920150970e-01
7.837272329392868109e-01
3.288645847719718351e-01
-8.140897247259475389e-01
-6.460339997773125731e-01
9.838236463065743731e-01
9.062115795509606553e-01
-9.780855565339749980e-01
5.645044821426816739e-01
-6.934048576007914022e-01
9.554302078481363703e-01
-7.851987472442026883e-01
-8.771211582112047045e-02
1.121903992873741901e-01
8.186166780128605325e-01
2.147028115630209844e-01
-4.067411552065579999e-02
-9.993729671341853305e-01
-5.209505849150403156e-01
8.506538645207356586e-01
-6.963555299358125117e-01
-9.771411520420955066e-01
-9.999964352304764326e-01
4.471014825202662135e-01
-4.087882755196944329e-01
-8.889782201098288261e-02
9.995487811828848157e-01
3.940202485845619718e-01
3.673790765648146661e-02
-9.108224976594274658e-01
-5.823288171740264030e-01
7.023447870335663978e-01
9.904579406172401290e-01
-7.463526182689675936e-01
8.098516396873617351e-01
-5.522673825359554201e-01
9.972960666258579021e-01
8.858377550847195137e-01
9.370097328629524158e-01
9.090488658853845827e-01
5.537297774081934021e-01
5.473812124384174610e-02
-4.569666061471265306e-01
3.284894763593307898e-01
4.925455333008026959e-01
1.270787709956789080e-01
1.234253306229544794e-01
-4.318211919701838153e-01
-8.724669089282884871e-01
-9.968375190123810459e-01
-9.972491186437547617e-01
9.561335684714772354e-01
-3.845414663144317013e-01
-5.146925532405570713e-01
-1.880179785539371207e-01
7.511682602174117873e-01
-4.435858918494963721e-01
-2.966633585292229314e-01
-6.952400874617439275e-01
-1.601619153460101530e-01
-8.334370975681900662e-01
-4.347297635364913981e-01
3.937573202888142720e-01
-6.386273433255874599e-01
9.804796640580722977e-01
-5.079575173067628624e-01
9.711185619763017529e-01
-8.841821123068863697e-01
9.829430537763244047e-01
9.538995132469780813e-01
-2.710509964119782178e-01
8.261160186676882455e-01
-3.879179644435560848e-01
9.954819102681927712e-01
-4.618407875602009716e-01
7.937541718523588585e-01
-9.848294467294445020e-01
8.899764314109649410e-01
1.028288751336501883e-01
8.071328607190689786e-01
-5.382103483993058157e-01
-2.180335793676558831e-01
-2.121320558637534714e-01
9.758612006675833062e-01
5.485414776777844392e-02
5.434281801028417042e-02
9.452681820892299136e-01
2.290095599522358194e-01
9.638333786687989235e-01
-8.857435429506979596e-02
9.119216909571888907e-01
7.373775544501927071e-01
-9.005100328406254739e-01
4.084833025499797765e-01
4.478144000768849442e-01
9.184847555361819182e-01
9.212353675268427633e-01
6.001315368372918228e-03
-9.934576756993069857e-01
-1.444098366949398693e-01
-8.085357943940287839e-01
-7.256638115414602019e-01
-2.782806581421840009e-01
3.622173386588394884e-04
-7.340830576668785357e-01
-3.978667635956374959e-01
2.080442877848895922e-01
-3.891906636235993311e-01
-6.557373570676676700e-01
8.970444868822172735e-01
-5.555383611206528016e-01
9.796013092393420774e-01
6.131145910284208078e-01
3.973824452292089582e-01
6.439260217117608320e-01
8.687430339683041014e-01
-9.707447477279010917e-01
6.582927602400810985e-01
-3.015155426624351875e-01
-7.981882569123059934e-01
4.914673985139502571e-02
-8.317123443351014389e-01
-4.695883253474610886e-01
9.986701118402576682e-01
-3.087749702521946915e-01
-8.702397904810601492e-01
-9.977566139860108985e-01
8.142092794139325074e-01
-8.365398625397013621e-01
-9.753450448585693211e-01
-5.191898838226269852e-01
2.707496113834880758e-01
-6.852194789055543467e-01
7.549396461637535305e-01
-9.673763097152818791e-01
9.967859201095220500e-01
8.354118597974666827e-01
-9.987206945522300039e-01
-9.844447951614904158e-01
9.982400216753705147e-01
-8.666102143641284394e-01
9.579346829061511359e-01
7.581690820752936544e-01
-9.925387765775457449e-01
-1.626048779194400606e-01
7.663153442280837280e-02
6.686161574776590122e-01
9.965886228064271268e-01
-1.212651371474783857e-01
-1.563707914003869548e-01
-5.189978400449839491e-01
5.042863686539774681e-01
2.862693363534771773e-01
-8.727748390930069322e-02
-4.173545081772921106e-02
4.355448740489809567e-01
2.895110227151526661e-01
9.913563833105085710e-01
9.228481524341420883e-01
-9.970622103853189477e-01
6.976850551888131857e-01
-9.755511006305678245e-01
3.318366627879879571e-01
-8.575590765901849877e-02
-3.233277498988418874e-01
-4.766682157914866602e-01
-2.080504988813257072e-01
-9.835047849859160918e-01
-9.995615051709878518e-01
-9.763337368013041973e-01
-4.641605919471967767e-01
-8.754282662389494263e-01
8.862995191626161784e-01
-5.083806306011688925e-01
-3.163836795203189833e-02
6.941649956998504623e-01
9.588978549449975741e-01
7.229355430119489556e-01
9.437731842514242020e-01
4.802982065655367339e-01
8.819524132356303392e-01
-9.922952384499088563e-01
-9.659897064821132417e-01
-6.556539689171064778e-01
9.070980745503824938e-01
4.604025732595714571e-01
-9.749306840843876554e-01
-9.807884510208551010e-01
-9.873648390254401441e-01
-8.037782095455208164e-01
-8.616464349076832230e-01
-8.293766815940786241e-01
-8.441300934179869486e-01
9.214520848331779757e-01
-9.928084879870168189e-01
3.348971483009101635e-01
-7.976672818192019898e-01
9.270059096837123258e-01
-7.153776689980186898e-01
-9.071830217072230917e-01
9.715312377372192776e-01
8.131627882969867382e-01
5.943904581633489004e-01
6.006493983829256367e-01
9.996569859477195674e-01
3.265860076500731735e-01
-8.840196271107145787e-01
-8.529886225476355222e-01
-8.333829476897264277e-01
9.453368564752493430e-01
1.547489549630782779e-01
4.326124108669779367e-02
9.816862862463909822e-01
6.897051970379841634e-01
-6.957242990860512677e-01
9.721161791582753897e-02
-9.946710625637931180e-01
9.711398950305909494e-01
9.299452796282798861e-01
-3.780654938352407402e-01
-8.430933475888488515e-02
-2.769887129825615024e-01
-2.703410553687711770e-01
-7.493411738152646606e-01
-2.840479747119430964e-01
9.758423817456322868e-02
8.766823401358077028e-01
-4.004529754007928322e-01
4.526842751144325994e-01
6.844946396795368315e-01
8.961455201536095982e-01
9.299992730826216469e-01
-3.106775108672001906e-01
6.082320753530807284e-02
-9.724592697147137477e-01
-8.501214351009263037e-01
-3.852239457857296601e-01
8.719410579318763732e-01
9.600475539858155383e-01
-8.489849326865229751e-01
4.148002410758127589e-01
9.822513109333066428e-01
-8.799739853784299681e-01
-9.377507691632015474e-01
7.895900052269313463e-01
-7.565073256515032762e-02
-6.276416252181098443e-01
-5.807917421184342066e-01
2.598223786383480061e-01
-9.721672468862442296e-01
1.172436305267885309e-01
-4.472334290856196937e-01
-9.292148856883744035e-01
-4.130304700033815002e-01
9.231838235009718341e-01
-7.258323750573593136e-01
7.927886675720957621e-01
7.035737371265964324e-01
-2.482132418949898611e-01
9.967969929288684749e-01
8.972442818191374014e-01
-9.813020522152982039e-01
-8.610385423758190049e-01
-8.846417990647263974e-01
-1.784472278760383668e-01
9.291766291810344969e-01
-9.723237391589963918e-01
-4.951366120740873233e-01
-7.273860500037166998e-01
1.187147359319543211e-01
9.956594301404039227e-01
-9.680480651057918884e-01
9.302708117026751988e-02
-5.724643585884596764e-01
-9.770382182179513375e-01
6.234449086366674470e-02
-6.259536189841140574e-01
-9.073038830560429258e-01
-8.660325529605612527e-01
-6.126613349456100366e-01
8.288397337319272640e-02
3.702594625921534766e-01
9.794607589468525832e-01
6.234704499543815004e-01
9.995680237633375320e-01
6.857733886166795800e-01
4.805860121246553485e-01
-4.251744861170727585e-01
-4.623729086387880494e-01
9.407095194047173647e-01
-9.036745669255344948e-01
2.619290287737039979e-01
-4.385277172493863840e-01
-7.350047744739047761e-01
-1.779511245102536887e-01
-1.868135123541470044e-02
-8.304011637419673741e-01
1.761811785006688613e-01
-1.963452344818192863e-01
-8.019990699183777716e-01
-5.859548609961899857e-01
-8.933895313723647646e-01
6.907345050016296950e-01
6.215493256082441631e-01
9.794162703600556297e-01
9.944585115274827691e-01
-5.375102170102945554e-01
-8.173459539008882946e-02
7.675290669692780288e-01
8.893149854046348279e-01
3.016061111662321492e-01
6.134978561647588258e-01
-7.798893076290877024e-01
-9.861892684098638728e-01
-9.679132981224908283e-01
9.814937918928192673e-01
9.996597253529467819e-01
-8.314910895501533838e-01
-9.519336208379257647e-01
6.017455382286727161e-01
5.801624617408828177e-01
-4.013956882220064415e-01
9.998323269829964000e-01
9.959777592543623825e-01
4.473815721918945054e-01
-7.694608816032578735e-01
-6.891435671029805254e-01
-9.540095084923072566e-01
6.688723010986081796e-01
9.844106560346324586e-02
9.142333305279198852e-01
-5.744333401705742359e-01
9.746485239944443491e-01
4.655835362588441328e-01
-6.819502634638646699e-01
-2.569581979387325354e-01
-5.592699393892367477e-01
6.601244987109087248e-01
-3.232918212812657677e-01
-9.713110687946255872e-01
9.827773361391675122e-01
-7.887525283710595803e-01
3.576137836537097159e-01
9.312445772079913642e-01
3.685831299851510812e-01
-3.679357953020575001e-01
9.863180115433090034e-01
8.332166337673905243e-01
-4.895762875974205008e-01
5.705388805578350819e-01
2.980977149489917877e-01
-7.640342221252373056e-01
9.153931496130376377e-01
-7.165991429856177763e-01
-3.057343681785418266e-01
9.976241034019232012e-01
9.118976129699117861e-01
-5.171936575484815668e-01
-9.935739689783251727e-01
7.808754560504805875e-01
-9.187138677184633062e-01
-1.941924195506463113e-01
-9.598087016986892595e-01
5.185567855297718021e-01
-6.077860174676661398e-01
8.353254208217411048e-01
-7.267754957350470724e-01
-2.574582192888090204e-01
-7.443634487650695464e-01
8.446932712558257172e-01
8.272019467948703297e-02
-6.190298645520789789e-01
5.245450141981204684e-02
8.544486147555179212e-01
-8.153155638864343357e-01
-9.451496446887615033e-01
-3.672618836973148837e-01
-9.029206064780209706e-01
-2.604753164054633974e-01
-4.189391281152878288e-01
-1.916688500556991970e-01
9.993452897672222557e-01
-3.320662882991691767e-01
9.707290726693366123e-01
-5.637267192920067949e-01
-1.041603130928616672e-01
-3.666117388648914011e-01
-9.554986881360906237e-01
-9.660636000494802200e-01
5.458810689597403121e-01
-9.241634073171302033e-01
1.006178490329582981e-01
-9.708913835191089747e-01
-1.368902874869215233e-02
-8.353008005984908779e-01
-9.362079350238526887e-01
3.641679838194881724e-01
-5.536090770493503656e-03
-3.727932201603375434e-02
7.108273622269759562e-01
9.683461059282583161e-01
-4.913464691978652876e-01
-8.793223613592302534e-01
-9.996494619993272490e-01
9.640627426328792771e-01
-5.145460575349062454e-02
-9.991001142834581294e-01
-7.236591633561270109e-01
3.399748912499775400e-01
8.727369201408575750e-01
9.937005622667044458e-01
5.962879223005289608e-01
-9.292653202633895937e-01
7.907613229363187335e-01
6.929572292289551960e-01
5.205230569975448363e-02
2.908160751377302233e-01
-2.297130688218551597e-01
-4.365649431477853781e-01
-7.595949463077789066e-01
8.942466066558374393e-01
-9.090480827465022839e-01
-8.586327060967147151e-01
8.744880702355284363e-01
-8.411088476223869126e-01
-8.797769415757991096e-01
-5.621939269660216620e-01
3.922813148845026299e-01
-9.155144352985429279e-01
-3.238751979794435298e-02
-7.668869826611861562e-01
7.404993548659818403e-01
2.658996010635270579e-01
1.441924387458149437e-01
-8.561693524922312504e-01
-9.850478414200700694e-01
2.223397379348661662e-01
2.524046012963695462e-01
-9.879129034667574194e-01
-5.707325698467486941e-01
5.498277341368700277e-01
-3.525821950532438964e-01
5.548150737641623920e-01
9.557036347613740990e-01
-8.580125247337749839e-01
-8.759712566699738856e-01
2.270273729241817362e-01
-1.513082553027663979e-01
-9.566210668674798301e-01
-9.957135397749432570e-01
2.802026879274638338e-01
-9.991734986303643096e-01
-6.983494693600148517e-01
4.383641187447345766e-01
-9.997768355622342895e-01
-9.978060161441515419e-01
-9.675357034985289095e-01
-1.926718289250270999e-01
-9.529988916476350713e-01
6.249230677892857466e-01
-9.927646975142165875e-01
7.564250199789496198e-01
-4.614975799668836198e-01
6.047149179466900781e-01
-7.666751614250603142e-01
-5.286096922146792387e-01
9.659324328849893115e-01
8.419483362158295403e-01
-9.548427668016687964e-01
-9.702231811255430660e-01
4.004747078987249687e-01
-9.271201453665197656e-01
-9.412796311711686403e-01
6.362854189396786042e-01
3.358913753694600657e-01
2.720737803463301185e-01
4.855584921998560843e-01
-5.224598167750289512e-01
8.254965686890294307e-01
8.628577871800552357e-01
-1.085320469706795715e-01
4.162506003972059332e-02
-9.392786631892846572e-01
7.332357623402699920e-01
-9.918794844922441678e-01
-8.021579413853716645e-01
9.957494391656854793e-01
7.091217139457425267e-01
6.611901661126943219e-01
8.124881015143294860e-01
-6.456046998167608297e-01
-8.555376302758425089e-01
9.498073500264258007e-01
-5.392366911221723180e-01
9.321078684866560549e-01
5.833847004019879767e-01
-6.737763839500185981e-01
-9.116272850944284745e-01
-9.509064215594762448e-01
8.175755132176935058e-01
-3.380472528364431573e-01
9.726364114923131687e-01
1.099903710378063587e-01
-6.906650678399749443e-01
9.656407277924353716e-01
9.881553101673188344e-01
1.181178216571588530e-01
-7.839298406579104928e-01
4.912080060000264398e-02
-3.886598235814553992e-01
-7.790616698274375196e-01
9.993444812894206608e-01
-5.130106994618185423e-01
-7.883557834225186634e-01
9.996777020881050246e-01
-1.067508820440356554e-01
9.552552384232472216e-01
9.910463446964919987e-01
8.541209688523411225e-01
-8.200893224887746413e-01
4.373309126793947232e-01
5.890000326641562367e-01
-8.823990396375199774e-01
3.116286109519713632e-01
1.278443600124170611e-02
8.208940168891594169e-01
-8.382731801640505021e-01
1.978280568446189880e-01
-1.782377922346353172e-01
5.288516161542454741e-01
8.918964826813976510e-01
8.959569758588191712e-01
2.468328453430237990e-01
-9.472366561335626711e-01
9.372073169950121407e-01
9.448828776691561154e-03
-9.034396165448805860e-01
-3.507387508016361344e-01
-9.665731472682723702e-01
-8.069475475320598834e-01
-1.366098507838835741e-01
-6.088743251564614489e-01
6.966225424076301076e-01
9.562069944405511279e-01
-4.965590866972794393e-01
-6.893042803184097345e-01
9.631465423099829781e-01
6.699897133154251172e-01
6.885318854607180850e-02
6.365031061358307207e-01
-6.968020603517527389e-01
9.928780274173982789e-01
-9.962274356585929524e-01
9.969341333042098796e-01
-3.099107135175095673e-02
-9.994305913284952103e-01
9.671416270563638617e-01
-9.677730245450385516e-01
7.563364786841519916e-01
2.049640360943849049e-01
-2.365785342424337190e-01
5.047775768415143638e-01
9.968010114389047605e-01
7.403466933364345470e-01
7.591845341511855860e-01
4.203269249180246331e-02
-8.201359668249845747e-01
9.930784853687261160e-01
2.492996049425979799e-01
-9.512741877573148708e-01
7.771121391809480972e-02
9.953626001555170300e-01
6.457509615109915391e-01
-7.835770704629029249e-01
-5.126562460590479153e-01
7.115125109927687985e-01
1.981838475217073958e-01
8.797085965088278225e-01
5.523344726859288345e-01
7.090569281658063439e-01
8.184130838882952563e-01
9.013038063506502162e-01
7.524893883503399605e-01
-1.080997076285934166e-01
6.486133374344602576e-01
5.121596182552986543e-01
1.194139787777772077e-01
9.816889722082361436e-01
7.423282059209034278e-01
-5.917862478181477037e-01
-2.157237865066550034e-02
-9.918383234726283471e-01
9.922050648489534330e-01
-3.188717451772497546e-01
-9.909302505023420693e-01
-8.682491956589593052e-01
-9.739682050827520587e-01
5.454863901843544083e-01
-9.870181035854816987e-01
-9.247955767313692510e-01
-4.616945555212532692e-01
-9.088005617826072635e-01
-1.955036681282882327e-01
-5.394189151228341306e-01
4.141572852197182852e-01
-1.635982725341887656e-01
8.425043915066620093e-01
-5.814086974877479275e-01
6.142562387824127557e-01
-6.907960961329709937e-01
8.975853487603592251e-01
-9.286076794156798986e-01
-9.924009930866529716e-01
9.972603285097818571e-01
-9.954645831277084689e-01
6.737009952046059125e-01
7.683020744380973932e-01
7.707038620691570863e-01
-7.047175061950642361e-01
5.664496564627351585e-03
-8.951382750495022744e-01
-8.936699074121849939e-01
9.996295414934857071e-01
-9.490972729634311600e-01
2.562393461280229601e-02
5.414434770618270498e-01
-5.407391067124458495e-01
-9.288686625607907033e-01
-9.186912785221635902e-01
-7.444688340155309891e-01
9.996377777547328369e-01
-2.588641962484938830e-01
-8.345770441336561318e-02
-8.823577533703855780e-01
9.999719524921921732e-01
-6.907459708083742989e-01
-8.519557103652160013e-01
-6.564295652085671007e-01
-4.976999885477379482e-01
-8.022046043329355003e-01
9.994691684879668525e-01
8.466577536450214936e-01
1.800794995599479809e-01
9.969947735977242598e-01
5.222828546435923647e-01
-1.768059939184404017e-01
9.781566677566418955e-01
1.243005894094717928e-01
7.814771172828929302e-01
-6.297021952987883475e-01
-7.698672611662126242e-01
9.998509443618960324e-01
4.408197034459669927e-01
-5.963503052594520959e-01
9.645898350087979134e-01
-1.181476345502565639e-01
-2.609238207406752719e-01
4.944433980128342676e-01
-8.457985791794569996e-01
-8.445322963352648316e-01
6.643589424090093898e-01
1.522231629265060060e-01
-6.089942165549679931e-01
-9.936099567931064858e-01
6.491084269030116261e-01
6.377638500876439132e-01
1.419141959849240797e-01
-9.635960757127657317e-01
9.400657728163748228e-01
6.458469222469287452e-01
-9.860782843404017894e-01
-9.093611099819823851e-01
4.096944121376230319e-01
4.613747112728845412e-01
6.698451816720755181e-01
7.825709203231631106e-01
6.540748682238651801e-01
7.886438535570414743e-01
4.558029192081110015e-01
-7.949652184132369737e-01
-8.670555827846566643e-01
-9.837196410477296871e-01
9.278186860467843022e-01
-9.312321366144716839e-01
-9.160700903792166061e-01
-3.363026255861100711e-01
9.560710295393158864e-01
1.802277164165921597e-01
9.238008231123292502e-01
9.965528622934135550e-01
-9.700917528762437181e-01
-9.966547015066119508e-01
-9.883046053763527850e-01
2.000324616901611174e-01
-6.234709512096723305e-01
-7.682997767488882745e-01
6.269142870081442775e-02
-2.250411925843277816e-01
8.199562119706330643e-01
9.062331320230108123e-01
-7.535031016685856953e-01
-1.008402364122204381e-01
9.335622316836733603e-01
9.972121962816958840e-01
5.409725073586810207e-02
-4.896357409536426508e-01
-6.463324960618176407e-01
9.848971808453426124e-01
7.071596867166787259e-01
-4.977884663980087776e-01
-4.162568963216448092e-01
-8.180341459150631822e-01
9.512136260360627427e-01
7.634240971986308022e-01
9.973154214537407469e-01
6.081594770011488071e-01
-9.198534991179765363e-01
7.616218625589333824e-01
8.199935577662483821e-01
7.028118286978549678e-01
9.495041068528919936e-01
6.216716987920606341e-01
8.862631869323505107e-01
1.572813386668406310e-01
-8.812032294003423472e-01
-8.668427011543078375e-02
-5.691753146518012674e-01
3.055659129911347249e-01
9.908216989328864077e-01
8.794111963297228662e-01
2.834494491979434039e-01
-9.309100291005046879e-01
3.765364395278643084e-01
7.827162622734409325e-01
1.277463093451448595e-01
-9.658146302012606821e-01
-4.442543602041135742e-01
2.469840233679027608e-01
1.746526995114586200e-01
-1.718772184705682493e-01
-2.158461351377529425e-01
8.443100918599406590e-01
9.997651618064086199e-01
-1.254817420704205655e-01
6.352343600981573690e-01
9.647621835705556537e-01
8.135169637204729964e-01
8.646516306998003332e-02
3.029537113910891755e-01
4.113841552101685228e-01
-4.990014101350944142e-01
-4.567125245051101290e-01
-5.229752798849230944e-01
-1.601471541621117267e-01
-6.000674859622596724e-01
-9.807866955799067199e-01
-5.234423488342005992e-01
-2.555284842085915331e-01
6.089542593117884817e-01
-5.240983150523228495e-01
9.133583700469223299e-01
6.861571958459026233e-01
6.608974709392345659e-01
3.421389505743576698e-01
-8.809811027656786475e-01
-3.275548008892374963e-01
7.616817282675525380e-01
1.825937117715461522e-01
9.940670485397743450e-01
-9.892023415081500071e-01
-4.158981216996782693e-01
6.327918832798072879e-01
7.075726933180230827e-01
-9.989487559619407708e-01
7.549558761229965276e-01
-9.636423540305543156e-01
-2.807969893591891752e-01
7.689836643999302668e-01
7.740342477184384284e-01
9.924647186407623556e-01
-9.188075442379838309e-01
-9.226630922489302555e-02
9.650087446199696606e-01
4.348728245053585240e-01
6.953504807058209503e-01
-5.762194315054076643e-01
9.927079691009825790e-01
-8.009761932456832545e-01
5.603923415205949721e-02
9.389884343758195806e-01
8.387542276200766755e-01
1.979830325226027976e-01
5.584487675272133828e-02
9.972470041670450369e-01
-9.890347346934953432e-01
9.988642054103515910e-01
7.571023962607054125e-01
-9.225197490881555940e-01
1.894959287074349796e-01
-6.692971897039819984e-01
6.797543979088344068e-01
9.223653879934299304e-01
5.744735319449176814e-01
8.219709457920295614e-01
-9.849994463145249624e-01
-9.834620227948328575e-01
3.363079557546715765e-04
9.908503763388871732e-01
-9.330478258043350959e-01
-9.999689407378596906e-01
-4.875976949453044162e-01
-9.973700435565017175e-01
2.221679399899736673e-01
-2.086632883605480382e-01
8.316687001716814576e-02
-3.920162845174058330e-01
-2.381577205664141272e-01
-9.902991218532666284e-01
-5.577718112135621881e-02
-1.712563613343248692e-01
-9.196008630208942769e-01
-4.414167632634233285e-01
6.420974686154508060e-01
7.829014801021407788e-01
4.809348713832485300e-01
9.319983096386547095e-01
9.998636189860253820e-01
-5.372995607367199167e-01
9.452861456880793378e-01
-9.642736859932206084e-01
-5.663565996392264656e-01
9.758655177686025306e-01
-4.266158682103044497e-01
-7.085067625325989216e-01
9.327704189238822385e-01
6.166169797147288412e-01
-1.775217584025807691e-02
5.582937931532883091e-01
3.995496828016070201e-01
9.094283748303569892e-01
6.976270074031649671e-01
-9.119797379013900862e-01
9.441678952106253853e-01
9.265700607340688899e-01
-2.103291807222338605e-01
-8.494844242436835335e-01
-8.173157161369924983e-01
-9.797563902318460194e-01
-7.694906518626728475e-01
-9.859039110916549831e-01
-9.429315996925671239e-01
-9.749488498545254567e-01
7.701427918608565459e-01
3.397172854543532017e-01
-1.771388777220468391e-01
5.474236536149399424e-01
-9.388565163578864725e-01
-9.815788128020012104e-01
-9.768431087295976756e-01
8.321089613782853833e-01
9.854019052878243423e-01
3.176703905330293121e-01
9.999767980695936087e-01
-8.387597498169249155e-01
4.420831206738063401e-01
-2.952743710350570483e-01
-6.907132184168134348e-01
-6.043053191833339666e-01
9.886400500254126644e-01
5.957963038919645848e-01
9.957319277348524178e-01
8.061576778461393422e-01
-9.813656561442840598e-01
6.426523860053007242e-01
-7.390469372105309409e-01
7.864052253508804213e-01
-4.703347009348331498e-01
9.987945587800531877e-01
9.580556795079910870e-01
-9.975678047167233498e-01
-9.136642764652620485e-01
-3.480713915191699370e-01
-5.473829499098813445e-01
-7.907776364774311562e-01
9.215999365389899722e-01
-3.013928933758542109e-02
-1.400568681691027606e-01
-7.712256059226167970e-01
9.620049159231737201e-01
8.148171369715780932e-01
5.402865385372551676e-01
4.312668985216884798e-01
7.083503832941144829e-01
1.061845428115570367e-01
-9.990606137702127132e-01
7.397363573108999280e-01
-8.104518059432560539e-01
9.621643027327969611e-01
9.996002703876987194e-01
-7.915324776261108974e-01
4.073309426086860197e-01
-8.256391918380738826e-01
-5.957728867965444985e-01
2.415535919102964890e-01
9.565259054788676218e-01
8.497355555062464649e-01
9.941708682540022490e-01
6.219763608097890195e-01
-6.881946481194113341e-01
9.046676853235053883e-01
-4.957956078793123167e-01
8.398915981758378058e-01
9.832282822140266942e-01
-2.443245407047539841e-01
3.279432379766724082e-01
3.563611801605859886e-01
-6.520963517886864125e-01
9.870283132004625815e-01
5.009147465106696950e-01
9.383434500745542195e-01
4.321116840414373494e-01
9.992852173815026662e-01
-9.996095673090542588e-01
-4.970378712769594753e-01
9.049260143136044210e-01
-8.664550859751871670e-01
-5.440496924764211565e-04
-9.496923543369620857e-01
-9.927332754185340669e-01
-9.849508675979544714e-01
9.793372725233867593e-01
-9.924518275614778728e-01
-4.656573023998514804e-01
3.777295300845707748e-01
-9.038785072931146969e-01
-2.657219943605451107e-01
7.684100509836224724e-01
-5.191191656854273612e-02
3.497485862883555341e-01
-8.118556720415329719e-01
9.752310098382419579e-01
8.767906367604986206e-01
-6.034074721134924379e-01
-8.534946503753754188e-01
-3.294710115779826975e-01
4.973022118084616250e-01
8.946634854430519646e-01
-9.398844759803693938e-01
-9.971897405578221685e-01
-9.678967710337232910e-01
-6.072589506366907197e-02
-9.218758815989589461e-01
3.232935007209330469e-01
9.344059342730103301e-01
-9.960063435868495851e-01
-8.387867905602951479e-01
1.133595181450335748e-01
1.166242334144968334e-01
-9.042174837199938864e-01
7.885292634788420019e-01
-2.702884712067262774e-01
-9.379413687402872180e-01
-9.749558570080367748e-01
5.547582008403835196e-01
-3.278748705029236876e-01
-5.957874778479148592e-01
-6.725193615801918767e-01
-6.094123432199461954e-01
-9.946171562102650299e-01
-7.915523606814286461e-01
-7.915943404944860706e-01
9.151654819603100011e-01
-8.224263847863807486e-01
-3.644313295697099719e-01
-8.542592146145544518e-01
-3.118666720126723746e-01
8.440377138383717837e-01
7.734555364167733371e-01
9.465064137804377609e-01
9.609903734922981000e-01
2.916548313565939798e-01
-9.526845388631574041e-01
9.875912699840847520e-01
-4.166692693503317724e-01
8.624627513599125717e-01
1.033708274311265080e-01
9.543889128884712747e-01
-3.114706821038548124e-01
-8.488113848339614576e-01
-2.000486699941443347e-01
3.686570806760731678e-01
9.752000946647038093e-01
1.923499492272029154e-01
-8.741222775737679251e-01
3.502203173289698546e-01
-6.605498215290968034e-01
-7.366253928120728434e-01
9.123290361908422685e-01
6.705291984076987566e-01
-6.354442340604462558e-01
5.475208816593829519e-01
7.002516990303330191e-01
5.661037033397976481e-01
9.726426844899574986e-01
-2.980877942713286988e-01
-9.081862234351325558e-01
-6.534835749444585229e-01
-6.619410695077034834e-01
5.798896314286061671e-01
2.929521698069305694e-02
-4.404896848528041531e-01
-7.953829683903472503e-02
9.439410176015748943e-01
-9.105948765249716192e-01
-7.916802199180987820e-01
-9.391273354345326396e-01
7.190289877502538118e-01
5.918751098405699018e-01
5.070833825810955320e-01
-9.949780012706357368e-01
7.155660697753873922e-01
9.703743278791229221e-01
-8.946378038744771111e-01
-9.918044596996951068e-01
-3.256139735322254314e-01
-2.490359451524701284e-01
-5.794892459657589034e-01
-9.129104809839611034e-01
7.830456110627340149e-02
-6.772049914425374295e-01
-9.898752095816618635e-01
-8.178142094799863149e-02
9.814929286780181839e-01
6.192174559381544707e-01
3.925458003159751907e-01
-2.320749897522485228e-01
8.411214022281960911e-01
-6.180514085943092373e-02
-9.414133554953476590e-01
-2.130259503054882098e-01
-9.316172916804537074e-01
-4.542094986336100981e-01
-9.996314680636210204e-01
-1.332311390668508011e-01
-8.858624354674543566e-01
9.816272858385940991e-02
-7.097185146748354878e-01
-6.350753510988297323e-01
6.433197174143799879e-01
1.041191147646423031e-02
6.404155244953493309e-01
-4.314975218570746285e-01
9.983622737544686210e-01
8.742064832039878608e-01
-1.331270394117869682e-01
-5.263016471038134414e-01
-8.096682238794242759e-01
-6.485597416865888087e-01
-2.470006795359059315e-01
-8.511564538642331090e-01
1.612738075694029327e-01
8.594627890789852120e-01
-2.677983703945552296e-01
-5.915838578463584740e-01
-4.700887956241979748e-01
9.996276123497470634e-01
9.011580872417246368e-01
6.378468812303578206e-01
-7.734911477881983854e-01
8.816119692333309610e-01
8.972927250169762114e-01
9.089943702639354806e-01
-6.670570727429695479e-01
8.634348149311931175e-01
-5.946452125583060466e-01
-4.567932923216674879e-01
-1.922649193793588840e-01
3.951075824560360550e-01
9.922258598333628665e-01
-4.865214930049312492e-01
9.603284680617195646e-01
-1.461060795341225654e-02
-8.946801952846833439e-01
-4.993445630340325736e-01
-9.071607935904089093e-01
9.579222462110077441e-01
-3.892822421415798595e-01
-9.993576550074522169e-01
-9.230646139475366940e-01
-1.598016803761945492e-01
-6.370928622990743584e-01
-9.767883445940430676e-01
5.583297639979398763e-01
-9.110951068518814422e-01
-8.005378231308346582e-01
9.589057239772158514e-01
1.813687305195298693e-01
-9.708801797640265185e-01
3.112276994247410028e-02
1.151529747729504866e-01
-2.111946630431123240e-01
-9.975960050880345875e-01
-9.610022848766052173e-01
-8.826216586385533525e-01
1.008139339623535663e-01
-6.012283292294354764e-01
7.783816585186269510e-01
-4.362866142995491109e-02
-5.344672048040854939e-01
8.703721534669089932e-01
-7.267208227057402048e-02
-8.894463738972304689e-01
-4.564818316036906576e-01
-9.968441868056513444e-01
5.894562914014054300e-01
-1.855538865795915981e-01
7.462533641210157276e-01
5.180653136104030887e-01
3.008434894301132423e-01
-4.231553808701593589e-01
9.992885515681506625e-01
9.945006998933985098e-01
8.159642012961675350e-01
-8.080907890670749882e-01
5.393957414826566765e-01
-4.787636590015129645e-01
9.085065298167205317e-01
1.399501196001291525e-01
8.944421973005232118e-01
-8.310018071552344177e-01
8.936616267414942277e-04
7.374388164237677401e-01
-4.003906659187994044e-01
8.897484434329316905e-01
-2.305073318205085597e-01
1.860175405991515429e-01
9.081300500149706856e-03
-1.537682686500168039e-01
1.137728299089030143e-01
-9.942428239891032415e-01
6.209374168251111659e-01
8.082861695347539621e-01
-7.017418088192258763e-01
-1.048212668285432858e-01
-8.682638044728981930e-01
-5.529288319461641427e-02
-4.754172456333174424e-01
-9.933307857964009946e-01
7.008249356305712441e-01
7.863852086108901185e-01
4.440087575482304372e-01
7.740402337233526220e-01
-3.113682284740040829e-01
8.385516094195328840e-01
-3.680157334679274306e-01
-5.116307387374010585e-01
-9.973107824433936619e-01
9.096858172709406665e-01
-4.299743504077117584e-01
8.670711762225147279e-01
-9.461991884236963246e-01
-1.765920655756355595e-01
9.037260508115400048e-01
7.479667310270711189e-01
5.136906280211195330e-01
6.185414729205013229e-02
4.556385742440641207e-02
9.745335023747053738e-01
9.998782642131429643e-01
-8.776384466333552181e-01
9.987932099694063481e-01
9.951470987489063891e-01
-1.013775075189990715e-01
9.894128054585179521e-01
-7.477878759485606652e-01
8.820431221794396148e-02
9.964161195124928705e-01
-4.644031882747494677e-01
-9.983885604159576932e-01
-2.829623125795405203e-01
1.551791170655275054e-01
3.657646503322417031e-01
8.329706408531993844e-01
9.474597318944928404e-01
9.283483722698250284e-01
6.744461264426345748e-01
9.275077947342855733e-01
-7.952839801990319035e-01
-6.287701068124887938e-01
6.908687760384196741e-01
-8.987098680394971506e-01
-5.359144601461015567e-01
8.290682548774667149e-01
6.712443611757430428e-01
7.364949528220693376e-02
-7.094509593046697260e-01
5.620605881100878554e-01
7.507085577660767006e-01
9.992180216461417075e-01
-2.062922535276392744e-01
-7.779498726983490320e-01
2.833275424031983514e-01
9.826175135513360859e-01
-9.999907504381624346e-01
-7.425393455487023786e-01
7.534251029738686656e-01
-4.448329301066117902e-01
-9.775015233029173967e-01
-8.477176192864126492e-01
-7.259909763779812675e-01
-8.302790405923885508e-01
-9.922385041805772410e-01
-8.962158889130521500e-01
-9.846813108390460867e-01
2.921054004017258898e-01
-4.377004015824519367e-01
4.519179358120269385e-01
-9.959126963029527602e-01
3.361397389956924942e-01
-5.903548242610244801e-01
1.810699271576838298e-01
9.903638751191770062e-01
7.465155738610700364e-01
5.598844684343150524e-01
9.976496976819396734e-01
-9.983900847565774228e-02
-1.429802000225950387e-01
-9.348893124620472062e-01
-5.599009521763520514e-01
-1.166254712594082948e-02
-9.795919326132815907e-01
3.051814419636009190e-01
9.671914636966185697e-01
8.107225020413232341e-01
-6.399615631549584460e-01
-3.487034423638045166e-01
7.864696130500705706e-01
8.554030063832819275e-01
9.282532505119144295e-01
-8.168288085858244063e-01
3.293360950664701026e-01
-6.462979482527402286e-01
9.766222165446398762e-01
1.232330455140349251e-01
6.443406278906269602e-01
2.065664696501861783e-02
8.085275342604283377e-01
-5.278389679284758440e-01
-9.351954082992256501e-01
5.722146210932242960e-01
-6.257912097224047621e-01
2.106878083724249284e-01
-9.759115126227604353e-01
-3.551846743399924566e-01
2.818125178110841289e-01
-9.523602203059459148e-01
-8.252439172901251396e-01
-6.037013717663354262e-01
9.428233299299785264e-01
5.655429801780382792e-01
-5.976850239530984155e-01
-4.683510303326620661e-01
-7.284320624726556836e-01
-1.400497610792485019e-02
-9.355014320080521362e-01
1.926206134820689087e-01
7.682865774050025021e-01
8.186173954084416948e-01
-2.953614126434591647e-01
9.809614339305057218e-01
9.582926608597551466e-02
-4.987819371462427487e-01
-3.406676757883039613e-04
-9.896246822703164137e-01
6.393409977116133458e-01
3.996072709641016463e-01
-2.350377172106414003e-01
3.950088535792026789e-01
-1.072959090336400995e-01
-4.665965154495034239e-01
9.751327131872785658e-01
6.624124307917386156e-01
8.516823696479238759e-01
-9.842152103430058530e-01
-3.123882600271224996e-01
9.286366708110718182e-01
2.418059904838370244e-01
-9.547927151313480021e-01
-9.941178173957075925e-01
9.891924922655255248e-01
9.367225927898780169e-01
-7.957653168337081029e-01
9.975416402793444437e-01
4.236197454469329826e-01
8.070184743510990799e-01
-3.403491683434982651e-01
9.537309633671547937e-01
3.399890411061087248e-01
-6.172008147174269377e-01
9.218417368418434510e-01
-1.761556522327122898e-01
-9.973166538409657944e-01
-8.831325109118883798e-01
9.879817191661621756e-01
-6.082413751825358483e-01
-9.342346300864841080e-01
2.189410906609631224e-01
3.662197537063007768e-01
2.477202295989581193e-01
-9.792502813877924650e-01
5.342084935510104104e-01
4.040921553974399227e-01
-7.935888817625456060e-01
3.893634396332191772e-01
-8.606445970640627108e-01
7.916983392296426114e-01
-7.975930655334020347e-01
7.057485306521089630e-01
9.079107599162375974e-01
9.160179688072599413e-01
5.412332319134566250e-01
2.865321754091912018e-02
-8.324016990419204065e-01
-9.199770225986446670e-01
-1.883997801687722351e-01
5.459292183289844447e-01
8.345989415870043171e-01
-8.612832725462714611e-01
-9.057552107314419398e-01
9.608895259940577471e-01
-4.234723051665080229e-01
7.847415378480889769e-01
-1.063816608402151365e-01
-9.079318749499577790e-02
7.508847316167999164e-01
-2.408604603942722799e-01
7.504118041135545703e-01
-3.297297238902195948e-01
7.457857323779020220e-01
3.628813398770065479e-01
9.795120860455129863e-01
-7.314786701067148289e-02
-3.752158787771672221e-01
5.619296398477376941e-01
8.457266739109818854e-01
7.735711072841573444e-01
7.814970192493927437e-01
9.637093935215069740e-01
-9.480530788425115540e-01
6.496538096008431795e-01
7.276455768965871540e-01
-8.475666527008441919e-01
3.514620490980407963e-01
3.948904452074846749e-01
-9.989018662280123584e-01
9.354289452268864657e-01
8.225873999482737065e-02
7.106008474452799595e-01
7.435799091636480229e-01
-9.997215575313840308e-01
8.691588090005407663e-01
9.715073636760298559e-01
-9.456156692966730670e-01
9.972482373549159673e-01
-4.790732319969959740e-01
1.834687378141344749e-01
-7.187537423355642163e-01
-2.429666638830789427e-02
6.910596170482808942e-01
-7.743647310938140023e-04
-3.587676470784224581e-01
1.752945383885755326e-01
-2.201100407739568499e-01
2.022663401186138021e-01
-2.531309067732108731e-01
7.452867378637153539e-01
-7.094688526346358826e-01
-6.249866754010169334e-01
-9.092007391913449199e-01
-9.198372227636368859e-01
-9.975066055296580858e-01
-8.060740785701292488e-01
9.959294106290582649e-01
9.795205318856216037e-01
-9.690194647727807808e-01
-2.083059656713539265e-01
-9.717526626061369077e-01
3.014216787928881147e-01
-9.235917842190364269e-01
-2.884668109676042369e-01
-7.242184777318438904e-01
5.137965367619812262e-01
2.799358164657351766e-01
6.928887372422640745e-01
2.142682553328471157e-02
-9.149966620893343894e-01
9.236179673581375038e-01
-5.793219830360594180e-01
-6.181501787869900788e-01
9.925663239780333491e-01
-8.420659744993866935e-01
-1.547711947127301535e-01
-5.948911840819022245e-01
1.640846744683222558e-01
-2.060564606676455746e-01
1.432867841044149597e-02
3.651297424736772435e-01
5.111922315869291689e-01
5.166510385576584402e-02
1.868938234029337564e-01
-8.806935120965739827e-01
4.841510715053483627e-01
9.680670242356029798e-01
-9.983266824795907768e-01
6.554475501254198866e-01
9.697767941868133956e-01
-6.723841204883909128e-01
-8.494322812251168253e-01
-3.513912738805911595e-01
-9.997281933522225161e-01
-9.938568139289265524e-01
-9.570411864271162194e-01
-3.532219246994107165e-01
8.451058045994377377e-01
-5.568143678493706616e-01
5.500349073779555731e-01
-8.662374973633694131e-01
-7.494573176093403122e-01
7.283475657199169895e-01
-3.296318055018770399e-01
-6.025276541042337008e-01
-1.316050677164581351e-01
7.421213592305401230e-01
4.264099917207577750e-01
8.393140056380515857e-01
1.803990874217815676e-01
9.949968328499536607e-01
5.590750160703008564e-01
4.269558701015658264e-01
3.902573357548797528e-01
3.379148492539975623e-01
-8.868226338014520427e-02
-9.999998413980418777e-01
4.232032368821675994e-01
9.992771767226893420e-01
6.335334481008239593e-02
4.070911545941960918e-01
7.875383494568874987e-01
-2.993988303623466019e-01
8.586020423659523892e-01
9.044115180711560509e-01
-9.833985175671008383e-01
8.068671947772175779e-01
-1.033886446616249233e-01
9.268616420853634241e-02
-9.871194954328194049e-01
3.028879466595884584e-01
7.787465353509795962e-01
2.129191632971073889e-01
9.170891936836895741e-01
6.245567746549803845e-01
-9.849018914803876479e-01
9.126038751085345790e-01
-3.821760434343488555e-01
-5.930319074068300944e-01
-9.944631509419227244e-01
5.211825342416906981e-01
5.457094765361691913e-01
9.422827787444033598e-01
9.643418493536561886e-01
7.818917557953873887e-01
4.370837409338085844e-01
-9.710890371081790651e-01
6.334232345766700467e-01
-6.505094210099144902e-01
-9.965471920014259410e-01
-8.175000029751563480e-01
1.251990361268564278e-01
-9.575587225640496136e-01
9.861067519265749315e-01
2.558320036924211296e-03
9.952201729371407124e-01
-1.739282762569669682e-01
7.119960449385143164e-01
-6.676646100502016401e-02
9.094251796016534772e-01
9.992545804405760235e-01
-9.994490953112633580e-01
4.170278245332335598e-01
7.032521792855130904e-01
-7.409811929487426507e-01
-9.988719815797597601e-01
-8.360099408037873214e-01
-9.158752656351125676e-01
-9.911310542962608050e-01
9.981301486052430727e-01
-9.600959614022015476e-01
-2.710032580069110519e-02
9.923826954474830320e-01
-7.841697105912845966e-01
9.690682262059606700e-01
-2.809502507959184547e-01
1.397498152228211499e-01
7.352554143087616234e-01
9.983320334208459768e-01
3.075908665752726812e-01
-9.969329385636424012e-01
-4.099559631605001475e-01
-6.857639641237687211e-01
-6.899634686327550392e-01
4.204362603067560156e-01
-9.659554020929758122e-01
-8.004204234055928291e-01
-8.996706664309905843e-01
8.081427019151058433e-01
-2.282629236517986354e-02
3.676372621579758748e-01
9.526206358030943067e-01
9.890852896497754898e-01
9.541980430163427007e-01
4.735954817926262828e-01
-9.613462238574160823e-01
-5.125395187886329085e-01
-8.599704460118938742e-01
8.490679794122212298e-01
-8.395164592393408176e-01
-9.902050213994894046e-01
-4.993156333733449470e-01
7.389452497965278699e-01
6.747512118577455587e-01
8.487576213325449537e-01
-9.015897555708645150e-01
-9.747114205734550563e-01
6.422149712608659078e-01
1.522430810217499653e-01
-5.326635935476331518e-01
7.487762762634778690e-01
-9.501137983241138008e-01
6.354499612376006690e-01
5.366570500817993139e-01
-4.981315391712170526e-01
2.611608698251712268e-01
-6.838383413014696710e-02
-7.139469550089500016e-01
2.935032960002912153e-02
6.555890377345020559e-01
-4.341348007295238731e-01
-9.183014464855224768e-01
-9.575026460618266677e-01
5.098472747955166140e-01
-9.477680885096831931e-01
-5.692451978977710603e-01
-3.504480750385248755e-01
-8.429905798665024985e-01
7.093105837572073746e-02
-9.438714940765565720e-01
-8.891522174459950412e-01
9.126936678205784803e-01
-4.863769649342818968e-01
6.532137199353921231e-01
2.924800604900740231e-01
4.381925531466285828e-01
-7.087926057823237258e-01
-4.679598230862640484e-01
-4.300804023774886797e-01
4.028368510063806140e-01
-6.143252637085788725e-01
2.218079848240594454e-01
9.492177161322949974e-01
-9.629831792021427139e-01
8.855968717665000378e-01
-4.725703553892552922e-01
3.374927776497633342e-02
8.631002771703993881e-01
9.521286033380350622e-01
-8.860736582057333610e-01
-8.774350442426507302e-01
-3.459728393016594516e-01
5.667752427095054113e-01
-7.408244160016885793e-01
-6.983758098134572601e-01
7.936668251669241059e-01
5.003484966302153194e-04
9.900918308775618071e-01
-9.997225697811128464e-01
2.965775549576064041e-01
1.702662420187936732e-01
-7.219985074581910522e-01
-3.245839579304741762e-01
-5.496928012096116006e-02
-9.612508809718727232e-01
9.853434021879190485e-01
1.466625034584842224e-01
-7.255950476854065023e-01
7.845635724376545106e-01
-9.975968504901987499e-01
-9.565674225364523622e-03
-9.945650919658891587e-01
-8.333046133561309299e-01
4.779944735952457169e-01
-7.170091082776391955e-01
-2.745562326853583923e-01
8.936821667972688621e-01
-2.406345165804252562e-01
-9.098182815442733551e-01
-2.672528066401027788e-02
-9.174461619584846073e-01
7.137206695863476114e-01
-6.752561383580030219e-01
1.502223904275721000e-01
-3.943246987893099242e-01
9.845688863527963797e-01
-9.998829905141124463e-01
4.134619653038587583e-01
-8.035522744637940695e-01
8.725117950632480524e-01
-9.921428764998884153e-01
8.533043838406978443e-01
9.993193634450203700e-01
-9.998156983600365866e-01
-9.954926036094362551e-01
8.486365164604714462e-01
-8.253706534545233175e-01
-8.662815724841562703e-01
8.487506496641176179e-01
-4.639487772119308961e-01
-5.669853661569961290e-01
6.075777117969397567e-01
6.202486720692693689e-01
9.517743880255167266e-01
-9.999609019037127844e-01
3.312183968343450635e-01
8.724106963434966611e-01
-6.808323012810637564e-01
6.672197368088937930e-01
6.989745984148761915e-01
1.558860626245019421e-01
-9.842019402010725448e-01
9.649682658226723664e-01
-3.161373805993282771e-01
5.831334891487131022e-01
-6.613120314550762213e-01
-2.643369420162065553e-01
-3.248427400540451759e-01
-2.838416576130436408e-01
-9.814465989027950643e-01
-5.812634401826634045e-01
6.049105319060661401e-01
2.738212125742008896e-01
2.971488039623951249e-01
-1.616585804388057657e-01
2.973092644869135270e-01
5.577376299107892343e-01
9.021200284671232472e-01
9.267977580548389938e-01
-9.105581979115210389e-01
-2.582304665633560967e-03
4.946796205999570151e-01
-9.977642730889410005e-01
-9.238894213440972392e-01
-6.243041626912331221e-01
8.943434357685899894e-01
-3.291635253601287170e-01
9.919297582897453891e-01
9.932389743884894040e-01
-6.800205692941946323e-01
8.343740827448458131e-01
-2.276303662022574892e-01
6.043899618442315491e-01
6.101823570581140777e-01
6.833875904681120383e-01
3.179941230546566300e-01
9.202307855938155479e-01
6.989723734697215196e-01
-2.054817750259941012e-01
-2.560595179481038319e-01
1.138049655274862432e-01
-9.996841230254090993e-01
9.274565120095674686e-01
9.486607945306169132e-01
8.610421436846841248e-01
-9.260938391619160104e-01
-9.934910479422168761e-01
-9.332640989678990806e-01
-2.723843920215899272e-01
-8.116132305318510820e-01
5.042194737188313569e-01
-1.050576684578990658e-02
-9.953598293781636963e-01
-1.641594540506635391e-01
-9.211645104678971574e-01
9.181043266840458461e-01
-8.418960663461950711e-01
-6.472218177646208437e-01
2.705823412771325431e-01
-2.802039831788740720e-01
8.436112776268883673e-01
8.301649064120467658e-01
-9.899444023804662152e-01
-1.564602325566627761e-01
9.474307573127510596e-01
-6.455449144238063486e-01
6.261080866229321584e-01
-6.306147615941285478e-01
8.924763064263355750e-01
-7.334485403187750441e-01
-9.985030014501141693e-01
8.355212621834876563e-01
9.993303217549190931e-01
6.011440639008637232e-01
9.684678927942276250e-01
-2.168049409249887538e-01
9.819126363427458370e-01
-3.198353843706190358e-01
4.350605625370286278e-01
-1.086524768888750270e-01
2.388781869652248369e-01
6.148399015800203316e-01
7.821861836715005012e-01
-1.367209066176562279e-02
4.808472157425070503e-01
-5.124159287623067938e-01
-4.274039146515906662e-01
-1.438303187435365782e-01
-5.402893525172681732e-01
-5.963118635614798047e-01
8.284573065867811836e-01
2.937786569752596222e-01
-8.735666539347651804e-01
9.070081046600031449e-01
9.416502858990296598e-01
7.465503537530500111e-01
-9.740623073342284943e-01
2.260932431728605030e-01
-2.458060775518909891e-01
-3.441012259118904626e-01
-9.990590997242313476e-01
4.643212947691134351e-01
8.146839640865169985e-01
-1.413265159492678447e-01
8.793291479974172375e-01
1.569358870638089543e-01
-8.256803580109293161e-01
-2.992461372922909368e-01
9.663353063034582080e-01
9.847714221755995423e-01
-9.533758565278168673e-01
9.151459580232346180e-01
9.957571388915190669e-01
-7.243562821779663263e-01
1.979621881972556674e-01
-4.815190370902220351e-01
6.382356139550914298e-01
-2.308560450044703193e-03
-2.271041298118629537e-01
-9.870611034535970996e-01
4.743389572355130590e-01
3.090254404344333072e-01
6.996494836968445430e-01
4.634214365520603618e-01
1.298257592539613925e-01
-7.368243452766208845e-01
-3.601715985429899125e-01
-4.751074725406606580e-01
5.193100732849065260e-01
8.044639702404847714e-01
-5.974945053206333068e-01
6.695902280705244847e-01
1.150205662614262464e-01
-8.674147600450751172e-01
-7.650190076120535476e-01
-3.317707148975126974e-01
3.463748870616888964e-01
-6.577995980640043427e-01
-7.509180442456705462e-01
9.827998900408976279e-01
-4.237911075592814408e-02
-1.517750781722569109e-01
-5.084047790762116215e-01
4.472388614293297537e-03
-2.199104528036995021e-01
-9.835397980320274014e-01
9.570535484070070709e-01
-7.020034966049751302e-02
9.976382558431410308e-01
9.250926179403287097e-01
2.373397082656825974e-01
7.457246564147909096e-01
1.357650211777718385e-01
-5.692756749377657632e-01
1.314216464711177035e-01
-4.215261015152168556e-01
4.270840293995938897e-01
-5.446058845625475486e-01
4.308424549446323581e-01
-6.305773511093167860e-01
-9.772841296427533520e-01
-8.780544482945112916e-01
-2.367739641033413667e-01
-1.753455380610101019e-02
9.857586374776935445e-01
-9.996841887424646744e-01
8.861056375143513408e-01
7.260318685786084636e-01
-3.067575406028613116e-01
-4.318122863136671374e-01
-6.784746309781406470e-01
-3.483208186635999293e-01
2.771564488352712963e-01
-9.996125148451346920e-01
-9.841432057074084305e-01
9.657856729310587696e-01
-4.149757022273959928e-01
1.073659027608941108e-01
-2.886093115110035523e-01
9.999624181886658247e-01
-8.159531348612553137e-01
5.431220216463107375e-01
6.619560650824890535e-02
-4.256254951376987061e-01
8.751946446887949316e-01
-1.793104220542020844e-01
5.530829872055963436e-01
9.994771462499074666e-01
-7.038861288110446202e-01
7.426802946011118456e-01
-7.727497767709970433e-02
9.819377622089026092e-01
1.099194580613225558e-01
9.924177608876578738e-01
7.802510414762401370e-01
1.281546384168138764e-01
-8.812670987969168923e-01
2.309662789781478931e-01
-5.804780033829133323e-01
8.742946719456976545e-01
3.383649091426401689e-01
8.078390643596113918e-01
6.389104161961022266e-01
5.433798703479711945e-01
5.329774852249837824e-01
-4.204822221892619560e-01
1.159976953597942340e-01
-2.638960010291112046e-01
7.508821062188819617e-01
7.209290051944660105e-01
9.428447591575447317e-01
-3.705048553716162041e-01
-8.547812082431303082e-01
5.396868017547954421e-01
-7.278177386192711262e-01
3.663925913729740302e-01
-9.932759536929601785e-01
-6.763763239227653656e-01
-8.142060502482427742e-01
-9.819224290795283139e-01
1.125350773893201151e-01
1.527491100214037612e-01
-2.139904554891493560e-01
6.048781069299129509e-01
-9.575614553764935089e-01
-3.932340214273704060e-01
9.919791665563008065e-01
1.236656635663499759e-01
-8.469798234369051437e-01
9.981733781451745946e-01
1.206355939486174617e-01
-6.123191390401719891e-01
6.105029418510425909e-01
-6.868048673466478071e-01
-6.286495289705608114e-01
-7.458629946883796880e-01
-8.971733080287788153e-01
9.821075323163219739e-01
8.304529086595323628e-01
6.309714463508092619e-01
-9.996912427771237342e-01
1.825983819595083379e-01
-8.355180280910707857e-01
-7.464904808148422610e-01
-7.118204862808396038e-01
5.672096099930782342e-01
-4.146358074690876250e-01
-8.536489218324423423e-01
-8.532836673698551699e-01
-9.747211724987772108e-01
-4.253950047630692399e-01
7.461166480491179254e-01
9.705009003776259371e-03
7.987058122993059284e-01
-9.739596455092214278e-01
-9.596575632296062697e-01
9.192353122169441004e-01
-6.660231205815990707e-01
7.175173037398815401e-01
1.543546434182333227e-01
-6.279317535309743015e-01
-2.342562647114256880e-01
-4.480710224445156875e-01
5.725435380848595823e-01
-6.799881088791014105e-02
9.455980689135056183e-01
2.739817585990952375e-01
8.863242896517180558e-01
-9.730050938191820986e-01
7.295309039265486240e-01
-3.372947387061407398e-01
-8.245128454499086601e-01
-4.079517661274523199e-01
-9.959561071401202836e-01
9.461878692663704404e-01
-2.401013372609129559e-01
1.544347543184909910e-01
-3.400895756422371852e-01
9.864001862692419742e-01
-3.879744150820005899e-01
-6.102620150770776686e-01
5.541606983026528370e-03
-9.420131559753228689e-01
-9.465234876004016140e-01
-9.953132587827846489e-01
-6.470427445905605479e-01
6.115836010319446459e-01
-8.661401862296662646e-01
-9.562550172224292266e-01
-6.262069747768574945e-01
-9.767170573830464830e-01
-7.374510942669190161e-01
7.915684333382904114e-01
7.161646899508727904e-01
4.086602478667886867e-02
2.376610394522761516e-01
8.622871641995979441e-01
-9.016536569298332360e-01
9.404913575647362300e-01
8.863634692002010824e-04
-9.624646959124347756e-01
5.682104178013632628e-02
-9.628598560548541352e-01
-1.640792330898316886e-01
9.515287418496702898e-01
9.639597853346916212e-01
7.638253289545725577e-01
8.486184423380292996e-01
5.437064842415557653e-01
9.879494644356822119e-01
-4.444800359080494090e-01
4.033293176845888506e-01
8.962534263483820096e-01
-9.455078745873761736e-01
-9.999695042895395680e-01
-1.346665761560815189e-01
-9.181926185928356299e-01
9.805135053868496708e-01
9.360135233950195310e-01
1.345698912925532287e-01
-9.166896686314597309e-01
-3.406002251357446164e-01
9.084212181489912386e-01
5.486819308741467394e-01
6.012288173522772894e-01
-7.219379155128565762e-01
9.867613603217550988e-01
9.314441119005872904e-01
9.995390875396201746e-01
7.959262201675211534e-02
-3.920581560125879772e-01
-9.012938923495475985e-01
-8.628874319968219408e-01
7.127522706479578751e-01
-4.403474203747758664e-01
-8.224840468265571802e-01
-1.893842902021378727e-01
-9.386086953877036398e-01
9.935990595925231483e-01
-9.321079495681308114e-01
8.385657037687876958e-01
8.570397255249169177e-01
9.622876225304750619e-01
-8.081117401196494798e-01
9.615933112318411080e-01
-3.936543863613480299e-01
9.965583028937003984e-01
4.019259682937249001e-01
7.752903911534900772e-01
9.231779588129637171e-01
-8.874848512850684878e-01
9.010196947658275501e-01
6.905291163461799719e-01
-9.910279470630941612e-01
-8.146905154001784499e-01
5.987586241765173733e-01
-3.416338778163076073e-01
-9.651031930460672870e-01
9.999722565834182619e-01
-8.411391788657488489e-01
-7.791975300254598835e-01
-1.809729172009728881e-01
-9.818310869516717609e-01
8.748900761313261887e-01
-9.609600404662406448e-02
-3.682521795339758208e-01
-9.977231490268451131e-01
5.652843064653120253e-01
-2.463891695071281918e-01
1.162686733927666000e-01
-4.698543964630634562e-02
-4.868929186142209597e-01
-1.521793274382980954e-01
9.328561763337726020e-01
-2.412480923314747616e-01
-9.271052460132356288e-01
-6.630095886496933932e-01
-8.692164612271354729e-01
-6.196959267272285077e-01
-2.012770632226103529e-01
-8.526195990442630990e-01
-8.340101282020984108e-01
8.659405655970253690e-01
9.981235858660957305e-01
-9.600807784446466764e-01
-4.194936917820291655e-01
7.821753916844930155e-01
-6.714961622013465581e-01
6.502266899756474761e-01
-2.674114132037795910e-01
-9.995405883841441685e-01
1.276141505823350231e-01
-9.982125395154543002e-01
5.866465613976416110e-02
3.344555546305865712e-01
-9.749312478938974014e-01
9.275787910868064090e-01
-1.087520611492358152e-01
-7.218031794142816260e-01
9.215704713868005937e-01
6.258767727575947903e-01
-9.222140827620565195e-01
1.946567105063281566e-01
3.979313784914932373e-01
9.914897047201548519e-01
8.074193251763454038e-01
6.577051075212000386e-01
-2.656053870768888547e-01
4.776237826473322956e-01
-6.724106037322276075e-01
3.677183712111360969e-01
5.544543426725080382e-01
1.842313940789860049e-01
-9.878404985666671134e-01
-5.428543753021952689e-01
6.633746595428576809e-01
9.701156186297270612e-01
-6.469255295755441670e-01
9.324645924283361254e-01
2.219206652854427142e-01
6.432958469849618943e-01
-9.274383494347659962e-01
-6.052543183876615274e-01
4.187529961973993631e-01
-2.456141698473978188e-02
-3.023737889949465463e-01
9.246367118377690764e-01
6.172257880214458980e-01
2.638344676880491901e-01
-3.966383239972916530e-01
9.171915092383431389e-01
9.913847674976212776e-01
6.990396145720568777e-01
5.290016351694012409e-01
-7.321690507894081934e-01
-9.923647694222323956e-01
9.524238494724492909e-01
7.891394694706022062e-02
-9.514153821772226571e-01
8.107394958341647140e-01
9.632668694800912146e-01
-7.140885512605033014e-01
-4.492772632938273336e-01
-9.999982521017420911e-01
6.458213028220839425e-01
-6.979349823783994600e-01
-9.653788674009172732e-01
9.888018702705396734e-01
-9.910126684932200058e-01
-5.560652228574916034e-01
8.821985970248398257e-01
8.225875284691643863e-01
-1.114670201986826675e-01
-2.530226210573910395e-01
4.850049798821164937e-01
8.814684183555860919e-01
9.828950944131026324e-01
-6.830737817464245243e-01
-7.731210079647968803e-01
-9.176899679358153650e-01
-3.122619088964205258e-01
-5.936235292287215248e-01
-1.214986210462257327e-01
-7.182958566148537338e-01
9.998981529041642835e-01
9.874143235174365207e-01
-9.097196372938110009e-01
-5.929177826219197422e-01
9.953770314328846958e-01
5.917412130401284998e-01
-5.462408895101196482e-02
-7.655694846459280001e-01
7.174438665072898624e-01
9.302996974378177075e-01
-8.026928120518236343e-01
-6.395174443822317922e-01
7.692320638793247456e-01
-4.510647818512403262e-01
-7.274922395532255059e-01
1.109088697799624941e-02
1.038162100991288639e-01
-6.107514786753589497e-01
-1.573121077249749200e-01
-5.353563687245841418e-01
8.560556368190971321e-01
4.394729871030479407e-01
-4.793516740028270218e-01
-9.514232345374923350e-01
-8.923000909788077195e-02
-6.205853139015437003e-01
5.106839443130741785e-01
-9.999936639469344524e-01
-6.312915018351848984e-01
-9.991037724731397507e-01
4.115620232925855659e-01
2.239367146053010682e-01
7.504717039755378627e-01
4.999838663270868011e-01
-5.913122148769626163e-01
2.890868627401576574e-01
-7.499438285702104967e-02
6.725715478717972928e-01
9.492070602689991476e-01
-5.118271180042476276e-01
3.464646731261100121e-01
5.866607567058235162e-01
9.673563463448894284e-01
-8.816585825011821198e-01
2.970332434787184006e-01
3.461773595253037072e-01
7.209372337416966037e-01
-4.927332800284716097e-01
-9.422896705933564432e-01
9.921325730723057346e-01
4.870803656080553434e-01
6.047477301812099748e-01
-4.666837141508766718e-01
-6.606669871429965424e-01
9.019474830433513723e-01
7.136863992378641441e-01
5.916672532076109325e-01
8.858178704003608628e-01
4.818906604995720211e-01
9.511875048024118762e-01
-7.033696728309619672e-01
-1.729944004243799405e-01
8.266415709772887421e-01
-9.573778149978341423e-01
-4.857499285625383467e-01
3.354326314615176385e-01
4.705162041074120727e-01
1.852728501276236228e-01
1.693439619109243233e-01
-8.710936308514438675e-01
-2.302064739826677753e-01
9.436483394665413638e-01
9.984123937667310766e-01
9.932854046123933411e-01
-8.670036540821269844e-01
3.479651333633232979e-01
-9.977038687313936061e-01
1.624783072318811139e-01
-3.641242134551960219e-01
-9.794669906936736004e-01
4.687033798475944563e-02
-2.139206418771289198e-01
5.843500368216821839e-01
-5.502731645206105915e-01
9.038910803854592890e-01
8.931916405749913412e-01
-4.640539624873185054e-01
-9.690404071423797117e-01
-8.464688172544405642e-01
-3.642295017678288116e-01
-5.324763833232619703e-01
9.379032871725003773e-01
-9.882026066466723657e-01
1.298529057423052357e-01
-7.768899680498437821e-01
-3.794995056053180882e-01
2.168198804175005545e-01
5.974172022448300812e-01
-9.980572258021501719e-01
-6.539195273136976239e-01
9.646150631921396323e-01
9.818558749694273891e-01
-9.750523332568359347e-01
5.208637857657766324e-01
-2.931091710011133333e-01
7.343786297052702361e-01
9.990350877369735816e-01
-8.246169560333326265e-01
1.591762680156601772e-01
5.682464110011735681e-01
-3.007801065922894868e-01
3.020819603653363550e-01
-9.876964274177170156e-01
7.523728237614213388e-01
7.865010167978278566e-02
-6.673813193692936796e-01
4.246529187490529211e-01
-2.028549410165929878e-01
-7.083486453885970979e-01
4.315908954530837671e-01
9.945525309725961050e-01
-3.436843568677339089e-01
-7.030937254631864919e-01
-5.533135238470077155e-01
-5.267479943067433501e-01
-1.491553659309443258e-03
3.633253509748967103e-01
9.279651557117397642e-01
-9.133004577055408024e-01
7.485973774552086013e-01
8.638643703729120826e-01
9.937935360695853149e-01
-4.853223677253794555e-01
-9.966077913051807347e-01
3.387990146521491219e-01
8.054461211352436090e-01
-1.912197492749216077e-01
-1.609804681847456370e-02
7.404966808288422353e-01
2.928046698984183016e-01
-9.962561863861311151e-01
8.837435681810918986e-01
-4.368687913663203970e-01
2.007761334964795197e-01
-5.354808224152710627e-01
2.930282543928917072e-01
2.968375405763089003e-01
-9.892555201668851161e-01
-7.671242538858261684e-01
6.570820416891981486e-01
6.372736442559417958e-01
9.810240749007668182e-01
-7.266026243856086309e-01
-9.596489417080440454e-01
4.198168177335082074e-02
-9.452893898376377724e-01
2.016828424887645022e-01
3.839953824328470322e-01
-4.637579420562616406e-01
-8.428511015658297634e-01
8.502696816769975685e-01
3.656599595337579611e-01
8.692563314641056360e-01
5.399179930845161152e-02
-8.315460862003913878e-01
8.849656940436024799e-01
3.805808297791770656e-01
-8.055650003896209776e-01
-1.306844653511569643e-01
-3.918694643901516894e-01
6.473052112819335235e-01
9.999510962813267234e-01
-7.221738688626357927e-01
-9.077541066575330053e-02
3.091152156118267408e-02
-8.353688840482711431e-01
-4.430153560571453153e-01
-9.177285038780642612e-01
7.653870669744849975e-01
3.972534201051105551e-01
9.951124328638729644e-01
-9.922433087002195951e-01
-5.973737571097283983e-01
-5.854397304601012264e-01
-7.132633370399793504e-01
2.327697741461562664e-01
-6.389771988227953559e-01
-1.491896653561234076e-01
-5.792830268972870567e-01
-3.375599340281487115e-01
-9.904709368851786211e-01
-1.608951207052237153e-01
-3.171640736262590354e-01
-8.193810159034110585e-01
-9.980763833646892902e-01
8.535173003573363060e-01
7.091947923650468999e-01
3.660775955369494072e-01
-9.070505366219111520e-01
9.724311109235449502e-01
8.582990896209239384e-01
2.897908438586719870e-01
5.137167243114878490e-01
-6.615291557679170431e-01
9.968709007380670561e-01
9.867906899545184629e-01
-5.017913149922386129e-01
3.614661390574122612e-01
1.314857542298545900e-01
-7.173138994111741829e-01
-9.891267668145786729e-01
5.194597153245057441e-01
-3.575756914435099798e-01
9.419523165981472657e-01
-7.192638510372401095e-01
9.942339802803985549e-01
-4.529232049246108560e-01
-8.365734373805794322e-02
4.794991394030595488e-01
7.737693468913749983e-01
2.115518617896812725e-01
9.485478867563622574e-01
-9.579270933782646491e-01
-9.963852614309037792e-01
9.106219798504125995e-01
-6.518236774837905534e-01
-6.606941185601811206e-01
-5.318397403164487613e-01
-7.248572999540741080e-01
-9.292063818502519501e-01
5.448258326953934194e-01
6.754078001703951450e-01
9.041953393298162167e-01
2.595818128724602936e-01
-2.298176169392996959e-01
7.397250082053780096e-01
-9.999532503617315493e-01
-9.429542559136009361e-01
2.445479541724365422e-02
-8.825762220897013233e-01
3.217628475538873017e-02
1.995300979799095042e-01
7.381373714952976783e-01
5.682675615707874321e-03
-2.520904179968907477e-01
9.864984004565301445e-01
3.565025032587850196e-01
9.722007331321271817e-01
9.999433882648480765e-01
-8.227653169276415435e-01
9.741851264483305517e-01
9.981807322217065570e-01
3.549672978862112860e-01
-6.082469576647692167e-01
1.546130116018820666e-01
6.787453286940919872e-01
9.925901438261640619e-01
-6.102078549355735015e-01
4.410679743176189674e-03
-5.544586326119316233e-01
-8.329932678748510622e-01
3.198870026806150957e-01
-8.054743666781906120e-01
9.928377105508140454e-01
4.818610878991216179e-02
8.230278639568470167e-01
3.528052466811676391e-01
-9.998447666680224666e-01
-2.147154845187903005e-01
8.120735903571280057e-01
-9.794374336375195611e-01
-5.288809668298989353e-01
9.635592706876716651e-01
1.723971257282275460e-01
-1.256433030708452858e-01
-9.272891581927481530e-01
-9.810730777917501255e-01
7.075483032908079783e-01
9.045325097738181608e-01
8.307415689644014334e-01
-9.636646508770557729e-01
-7.222167536775950802e-01
-1.658136642774883929e-01
-7.366878112964899694e-01
-6.215749056522580362e-01
7.532329192775897297e-01
-9.109787970935474544e-01
3.346688514582321639e-01
9.508592047964820049e-01
-2.234903675335687678e-01
9.019200214146047001e-01
6.343532486211193033e-01
-2.281386198676717547e-01
9.569318759740264024e-01
-8.951138970318902599e-01
-3.834308218096569854e-01
9.818922998716806960e-01
4.435582938846486245e-01
-7.722421110802822897e-01
9.883030698496185762e-01
5.520518390539764786e-01
-7.921038256550611001e-01
-4.729084695279364703e-01
-8.288217480195381182e-01
8.982169760806106851e-01
6.494220995797228557e-01
8.563874852973105689e-01
8.600485529103655269e-01
4.635544513783503295e-01
6.240865632553307396e-01
9.917924370601017836e-01
-9.648694943449676042e-01
5.573203876921140054e-01
6.440352425950029991e-01
9.691986175813054327e-01
-6.942447676225447228e-01
-8.611437144934183108e-01
9.615986475727902327e-01
2.001866474106958893e-01
-9.899886443433378869e-01
-3.032015689017238391e-01
5.892415399316052182e-01
-9.944162009940853419e-01
1.070538015328409698e-01
-8.964378205281225975e-01
9.728535444634318630e-01
-6.752551684546593824e-01
9.526403127411314786e-01
-4.848607004215238492e-01
8.946586773863565156e-01
-9.842784429659019452e-01
8.793982157304375269e-01
5.368195264335420269e-01
-9.980065564848229487e-01
-9.584110350050735194e-01
-4.453706285506910945e-01
8.090278838089959290e-01
9.910887400492698340e-01
9.071656899453623968e-01
9.788058503980608949e-01
8.100863959587918384e-01
8.830054771556589133e-01
6.880308165171640233e-01
-3.777525344111971606e-01
-9.269062396563763073e-01
9.604069471956545589e-01
2.990011745627497164e-01
-6.291772732302804150e-02
-5.816866882729315735e-01
6.994105007066656610e-01
-9.089071340342903538e-01
-9.120180162167286220e-01
-9.965957251239478953e-01
-3.150253649224062924e-01
2.053838850056338150e-01
-9.888290973839293230e-01
-2.193003971299882782e-01
-2.857267717568426901e-01
9.358751090653105731e-01
6.345614326011322914e-01
7.252726360709811360e-01
3.765189992931164409e-01
-6.193187029765014756e-02
1.483807787741099615e-01
-6.557851921543789153e-01
1.789689785343598905e-01
2.669082573554809601e-01
4.740872390031256600e-01
-5.923101894603975959e-01
6.826399294621170455e-01
-6.447855418660098925e-01
-9.406791771289148008e-01
6.507028819486077031e-01
-8.592391302152371235e-01
-6.261217888029571021e-01
-7.256738812364231794e-01
-4.726882988429802479e-01
-6.964427834368388526e-01
3.537296318298341347e-01
-3.342404296220869986e-01
8.650608143324486354e-01
9.495670118339331056e-01
6.644644815988079989e-01
9.695630060351717594e-01
5.060503437698679052e-01
4.954118705360655572e-01
-7.953286203405904864e-01
1.458506943170242431e-01
9.992800305880170653e-01
9.927712806290168723e-01
1.035877566935816813e-01
1.585116746154566769e-01
5.633538843972267784e-01
-9.099118756395039309e-01
1.612038812926987752e-01
3.959687791066512919e-01
-9.195806465970270960e-01
-8.736427000245484686e-01
2.659978041961661988e-01
9.347587141077998707e-01
9.750512733934035836e-01
7.733380804630979322e-01
8.218149142020756415e-01
-6.728720112795406605e-01
-9.933445188214728994e-01
-2.665610088357041607e-01
-1.958759447858740010e-01
-7.144817875563272969e-01
7.498176618563235918e-01
-9.957757072175632551e-01
-9.908944019436772832e-01
-5.160617964638033461e-01
9.275399494917635490e-01
7.453029366462122773e-01
-7.080698135022324147e-01
-9.992507811703532639e-01
4.204429490897509392e-01
6.853798937176615036e-01
-5.327985112029218762e-01
-1.318084387505280841e-01
-7.581621501729152168e-01
9.532106777715196877e-01
-5.937828285953112850e-01
3.518750504750228769e-01
9.997322582167661453e-01
9.772265929070023116e-01
3.062329826089053020e-01
-7.104831428733699994e-01
-9.823381363639405173e-01
-9.658407301139146917e-01
-8.409869600325452499e-01
-7.687868630886288135e-02
-9.739167783108015897e-01
9.993152879762170482e-01
6.133416725257430091e-01
-6.694828272313803064e-01
1.696703836542950150e-01
5.755077018739781503e-01
-7.121656716209864291e-01
-8.620526190222174145e-01
7.897100675097320499e-01
-2.494306263994016948e-01
-1.493517257535254862e-02
6.258098699518756247e-02
-9.772481370580112792e-01
-5.199253894729573000e-01
9.592061262792946907e-01
3.553321970109406952e-02
8.877602154440813464e-01
-9.450188082259244338e-01
4.582515503036345139e-01
-4.195054445696329015e-01
9.657355434351208023e-01
4.789302933692688446e-01
-9.035401881047565587e-01
6.253437394569892893e-01
9.916362375223779502e-01
-2.545373959632316052e-01
-4.669988644120816046e-01
-9.960996457746355004e-01
8.597870431334589947e-01
-8.090438040202838632e-01
5.518428994339384941e-01
5.889239678917767007e-01
6.826855018902626415e-02
4.626487904279087959e-01
3.883321613878394363e-01
-4.164339079329889004e-01
3.271996117831468820e-01
-8.395707117300362787e-01
-5.179712486160974461e-01
7.171325889604646120e-01
-9.984019587488531799e-01
-9.651196411861751034e-01
-2.259048256353144157e-01
5.626279008268260107e-01
-5.281148140951019698e-01
7.015214014397177511e-01
-4.717929201493465952e-01
2.284304415720511405e-01
-6.375804195628670401e-01
5.327223276992483214e-01
6.903991681521667312e-01
2.530948188900233320e-01
5.025677578097897946e-01
-2.707655386564920552e-01
7.921053029432307824e-01
-6.463500626533696947e-01
-3.236542250247623764e-01
1.226498194232499353e-02
-8.384347146767516801e-01
-2.980130360183389504e-01
-7.568566568493848568e-01
-9.932229181757042946e-01
-3.852897679390410168e-01
-8.308083737290485882e-01
-2.068463554101095947e-01
-6.593496043482721669e-01
9.998640906772737758e-01
9.999786608494892759e-01
9.978858605356940581e-01
-5.760175994839297209e-01
-9.387669432746024167e-01
4.196173650387055587e-01
2.805758638520192486e-02
-8.001483053806033308e-01
8.732894155962851734e-02
-7.011144116676736038e-02
6.439477938482934816e-01
-9.926083003399758242e-01
-8.789569932673151065e-02
6.008995167356119271e-01
9.967876084120810276e-01
1.716121496627287524e-02
6.769212519694215446e-01
1.268959461160772129e-01
6.534752707144052541e-01
1.070833592975653087e-01
-3.754743250967478296e-01
-1.940817135214298805e-03
1.992064108260612199e-01
4.036739999443695881e-01
3.321992038198979258e-01
4.098835116517066113e-02
8.570122356023429644e-01
3.685568852625273895e-01
-9.399120919793391149e-01
-9.991709397200468912e-01
4.225615266201400710e-01
-2.846301095039956985e-01
1.265503521548272392e-01
-9.120251050378409552e-01
-1.534488989876971743e-01
8.292814602024196624e-01
-2.435993863862568887e-01
-3.399632657946344283e-01
2.606898967830627578e-01
7.761891912394834891e-01
9.910070331526874554e-01
7.636940085156881386e-01
-2.195006816579354036e-01
-6.108742761070437011e-01
-9.991719191070322914e-01
7.929652185053846780e-02
1.320101549151182219e-01
9.798719937930815416e-01
6.225300957541567426e-01
-9.909722474437906437e-01
8.698855012595969605e-01
-3.651201981815334063e-01
9.984910606420143164e-01
2.177904927285008452e-01
6.202840537817131406e-01
9.973058168445690930e-01
-1.017856319530187903e-01
7.861066025012298786e-01
5.302553908052787474e-04
9.759342814045682823e-01
1.802876421957982228e-02
-9.454000124830175267e-01
-5.623542048334920773e-01
4.998976812020184401e-01
9.372490392641188439e-01
-8.798560798925375570e-01
6.382423380391947232e-01
2.044460163689114096e-01
-2.298643550017064607e-01
6.947102801585768317e-01
1.094769445863850166e-01
5.476721169741327611e-01
-9.504484701080155862e-01
7.305302038487317962e-01
-9.963933701269949150e-01
9.808941418891440334e-01
-9.863598528473500604e-01
-1.228359130745404482e-01
5.899874462111105444e-01
9.421048223708464731e-01
-7.018015622628640537e-01
9.090480695184622872e-01
-6.531657130740928796e-01
-9.996034642841672424e-01
9.034223967220389451e-01
-9.368760517568019974e-01
-7.972874625772269352e-02
-4.316482751975356247e-01
1.007298094942188360e-01
-9.333150149868301160e-01
-7.113817021968098508e-01
7.455786262505488260e-01
9.686297914938408748e-01
-9.943392945716130749e-01
-3.638503389082299866e-01
9.477115886284643853e-01
-2.063982184992926294e-01
-6.581603507948857734e-01
-9.547912714173779625e-01
8.436344401380115876e-01
9.573775669816776412e-01
-9.099978795168596202e-01
-4.254384269293396553e-02
5.256005412620552708e-02
7.705755728806266136e-01
-9.351119046134541701e-01
9.926478583201029382e-01
-5.169262811993213802e-01
8.654171404204955564e-01
6.309114916390937688e-01
6.373366257778635691e-02
-1.071687686844102066e-01
7.227322157800594171e-01
-9.903863910748343935e-01
3.602388293312931977e-01
-6.002044609703666156e-01
1.811344162246985579e-01
-9.630664498599008638e-01
-4.233131251361371139e-01
-9.884958012027328378e-01
-9.146171252870207713e-01
2.519008293262169421e-02
7.485435716252075711e-01
-5.267235519764856821e-01
9.307764793858422925e-01
6.174338836556778065e-02
7.649316561571642969e-01
1.854445181134189435e-01
-9.349138299066146462e-01
3.833103962000657394e-01
8.496637787009979625e-01
6.262784391181478449e-01
5.956001997240161216e-01
-9.448331664990261558e-01
9.974881653013593086e-01
-9.629093908417691861e-01
-9.977372352816359369e-01
-5.589293607164043109e-01
4.105056062250366233e-01
-1.806209049571762537e-01
-9.778920928612956365e-01
-2.128350373419165553e-01
6.303383788787205733e-01
-7.084176996845414909e-01
3.877412535062312038e-02
6.297977660277164214e-01
7.453753378345623348e-01
-8.624199326578245728e-01
9.999909817772953957e-01
9.994166269582709372e-01
5.213805214419388045e-01
1.358601118264378960e-01
9.068394041725990062e-01
-9.091031878743635053e-01
-9.888390071695128958e-01
5.383107349453682966e-01
2.277284494110148050e-01
-3.068992418521737098e-01
-5.923052306027941638e-01
6.101283531342652777e-01
1.865026625931502646e-01
2.611923548961068813e-03
-4.085623769785275416e-01
2.239470389450976540e-01
-5.045750625596541195e-01
-1.774745894478381436e-01
6.812597701858416066e-01
5.242881290456754551e-01
2.474533260912210875e-01
-5.072038993255579831e-01
5.148463439443832224e-01
9.193707417765660805e-01
6.926789224864076111e-01
9.916977149113507251e-01
8.626292387498694092e-01
-6.351849798293520699e-01
-9.726200397434484612e-01
-9.645634126120764540e-01
4.420824608922227505e-01
7.811101600471711537e-01
9.261143490453338512e-01
-5.464432504296075077e-01
-8.873337776665664312e-02
1.301536205632044252e-01
-9.991092105582405347e-01
2.808858594657286933e-01
-3.967135691504004164e-02
-6.448578254607356675e-01
1.331054351302135563e-01
5.276983158731540779e-01
4.906909178407049543e-01
-5.833475117261087695e-01
-9.746052659600105139e-01
-4.853394183782732685e-01
-9.818360088317259482e-01
-9.060039475786334506e-01
8.030820105493234884e-01
7.171427057230524982e-01
-1.131871204514840190e-01
6.969809641196887950e-01
9.580630991489885728e-01
3.302938236004257511e-01
1.425650257410760735e-01
9.548299025850982558e-01
6.210491804717132025e-01
-5.407759766274038427e-01
1.796877273323466695e-01
-9.308639566126778453e-01
-4.037116234840220641e-01
-2.858189918719681311e-01
9.462458274899508970e-01
-1.477053323639406224e-01
9.141551820783703208e-01
9.742748779922028035e-01
-7.668472022720262959e-01
8.696731036682779914e-01
-6.992145923696554410e-01
9.713462337915461653e-01
-9.966452768193257983e-01
7.435622955659311473e-02
-7.607534520497273300e-01
-9.454071934419769896e-01
1.206035583825625368e-01
-1.877265979521652584e-01
-2.758965410683255071e-01
5.818485587190784791e-01
-6.992115815130810486e-01
-9.993268584985708358e-01
-3.594535403641575533e-01
-3.972374144838569654e-01
7.091070796488241346e-02
-9.999552668351302520e-01
4.543917923982672691e-01
3.103472772562429483e-01
8.788842202198596798e-01
-9.998326069744479794e-01
8.861458257133038030e-01
8.881825568840371332e-01
1.646396359202986770e-01
9.995507343348108975e-01
4.778501231586810838e-01
4.305553932470798650e-01
9.137992798186788113e-01
-8.291036076905555774e-01
2.922047422912008585e-01
-9.858950232853510576e-01
7.387100066343145477e-02
-7.928302486733834753e-01
-3.816650050676881900e-01
6.267641516978154081e-01
-8.238150773911913083e-01
-9.421717116476290288e-01
2.057554879143121684e-01
-8.656722914564358717e-01
7.953809549365598031e-01
-7.745522969003589830e-01
1.243282174705058474e-01
-9.515001080101125330e-01
-9.827880499367465106e-01
-8.368955160188832343e-01
-8.852242075046226066e-01
-5.900245946323606772e-01
6.655402059486537070e-01
4.183496431943083127e-02
9.906598669554280701e-01
-9.818479933520387615e-01
-8.487242158841490358e-01
9.991781554925585063e-01
1.171173066938619306e-01
4.075891986258564637e-01
5.755214021495093091e-01
9.793379446627106244e-01
3.730088380193300468e-01
-8.704639986390922957e-01
8.845313716783205216e-01
-4.836276575040475145e-01
3.381512334620373483e-01
-5.944864050659715016e-01
-8.135392480410565952e-01
-9.052401588492375861e-01
2.915543773344176914e-01
7.306698657325113588e-01
-7.760143606173039998e-01
5.337832727951432599e-01
-9.118252386892398142e-01
-3.798434636613490789e-01
5.674404119324880647e-01
-1.880793750048244395e-01
-6.880548762225183745e-01
8.002294531021583168e-01
-7.563717842194986885e-01
8.641225389585809324e-01
9.440772691221771540e-01
-9.996274120552683939e-01
8.431227377190640970e-01
-6.891074378769649345e-01
-4.116607025505000794e-01
-8.810309278900704255e-01
6.989152717604354415e-01
-9.694279282971027811e-01
-9.964288624144614914e-01
6.907154031670392769e-01
1.401934064448811246e-01
8.584595507938874714e-01
9.993485006654372338e-01
9.814086409475822892e-01
-4.783602014944781100e-01
9.127346693953525270e-01
4.317689420024883873e-01
7.493971719532123155e-01
9.972589926633680379e-01
4.828009925789595869e-01
8.046323850023242574e-01
-9.444546154416915140e-01
8.777167608376506003e-01
-8.778194690945471113e-01
-9.832126288364535505e-01
4.888649268289121941e-01
4.368551902922024333e-01
5.517283850506319309e-01
7.790287195877230175e-01
-8.744678006375987689e-01
-5.845512029810893129e-01
8.133191690276992958e-01
-6.370986163356208154e-01
-5.832238364414347176e-01
9.970504367029703330e-01
8.686531367367508194e-01
-2.219404540800071768e-01
7.644635208593242304e-01
8.557597976030618669e-01
-3.063536120463052348e-01
-8.897279240683741292e-03
-2.089484343813995670e-01
2.602788251445954937e-01
-6.464062070851466224e-01
1.150787874960768481e-01
5.137173785813824445e-01
4.728838616352919466e-01
5.067762274698104363e-01
7.668363472509125423e-01
9.690595916443072166e-01
-9.206920529216154891e-01
2.826313153873502015e-01
-1.061109598245091046e-01
-3.409357044734639963e-01
-4.677244751722218763e-01
5.272282649306639368e-02
1.036665164739414002e-01
-6.379733968926866172e-01
-1.998992193009734852e-01
-8.827478753021392732e-01
4.226993815599151549e-01
3.855966567827011637e-01
4.748845114752880403e-01
4.628828559531591447e-01
-4.493962146733510576e-01
-3.881364984687442066e-01
5.210535561579445751e-01
7.243642483600274407e-01
-9.903353174262223835e-01
4.757897032752856914e-01
7.283643031188230532e-01
1.902998533370550138e-01
-8.609041527984313547e-01
-9.751080134854617221e-01
-9.889374943177959842e-01
-8.175656293359282456e-01
-8.554513683680835534e-01
9.972084153980670385e-01
-9.991464446144224798e-01
9.884724000900314556e-01
3.569051909366924846e-01
-9.976990157898549816e-01
8.682470460038388405e-01
6.088952083900439627e-01
4.666463633712748527e-01
9.990686960038885900e-01
1.554056197251233451e-01
9.990374680120052142e-01
3.469137299183990275e-01
-9.557723489014703366e-01
-9.948166590520377550e-01
-4.601738563877089128e-01
9.882811651832453803e-01
4.983131584126334612e-01
-6.700491588664231335e-01
9.754108143611054382e-01
9.750933613176447912e-01
-9.999248481759874796e-01
5.562045561665857063e-01
-8.644828653338603175e-01
9.825316720757631961e-02
-3.470027279951688470e-01
-9.846983107758974230e-01
-6.973311359431011436e-01
8.769514098922798206e-01
8.057158474174839213e-01
-9.987709979151573325e-01
-6.454380271283901571e-01
7.748596879816552763e-01
-1.590140117083951032e-01
-4.432310301665310925e-01
7.258471048330004116e-01
8.792175102266801545e-01
7.750888792550264528e-01
5.781883545501823596e-01
-6.879924603937140892e-01
1.683858472223274255e-02
7.147296615880954773e-02
9.775190731547471756e-01
-4.247685407278042335e-01
-9.812546864908938682e-01
-5.542406011387629450e-01
-8.835199080798621374e-01
5.563781974037895761e-01
2.435317910905822336e-01
3.443359097919044265e-01
9.853738533609195382e-01
-8.521721483833962774e-01
-9.102681974985099567e-01
-8.790463416709827227e-01
-8.157353386827908004e-01
-2.165435704859314248e-02
-3.651084717713850569e-01
-9.253553897994256650e-01
-8.260218544191098022e-01
5.595643685723722394e-01
-9.288923884132026243e-02
1.731727469664489649e-01
-8.633812846586570444e-01
-8.261734690031636852e-01
-9.223430178892945142e-01
-9.746059447886515903e-01
3.144298950839019002e-01
8.637680129349235569e-01
-1.711173689108891616e-01
-5.232032418209797697e-01
-9.865652142665171098e-01
-7.922738984671772178e-01
-4.328993055380320754e-01
3.045545691055385751e-01
-9.704131573881991102e-01
3.243425379534608521e-01
9.315861357772144968e-01
8.861045202494362005e-01
-9.658314447459878105e-01
2.705403637735847577e-01
5.501261312104540613e-01
7.439904262546084279e-01
9.712448377189707438e-01
-8.618680172640334758e-02
-9.999682851430538033e-01
6.147431012078540258e-01
-6.771863820771960307e-02
8.343211095686228207e-01
9.613335825970171777e-01
5.784491292721688493e-01
2.163488263516242516e-01
-4.602331072610524876e-01
-5.860033905874308946e-01
-9.998472083356765294e-01
-6.668763075929622364e-01
9.894362323889220878e-01
7.009336447916391100e-01
-1.342679450738139268e-01
-7.084893161876929524e-01
-4.325052965153441953e-01
9.913621921222697253e-01
3.570210522672921938e-01
-4.184460307008126823e-02
6.703125576633782723e-01
-9.319717095334401069e-01
-9.209918155091799674e-01
-6.757295275380803545e-01
3.598842672682932009e-01
-3.629392667248648729e-01
-9.919882615386493852e-01
1.375495865264995676e-01
-7.365187821176127914e-01
6.916074751072004423e-01
9.533419415873656266e-02
2.976362420948931442e-01
7.351538760708952180e-01
6.604271803083865411e-01
7.788850726264254787e-01
4.187628106624673996e-01
-6.401440530076073498e-01
-8.441269424446290470e-01
-8.312284686911768083e-02
-8.059234582610974584e-01
8.105908673699437905e-01
8.409825118142895128e-01
8.296816772426394149e-01
-2.909687211921466177e-02
7.150649419540293650e-01
-3.414570468017566474e-01
-7.134906240575700220e-01
3.868726958443327035e-01
-2.491962400228721064e-01
7.223276037138516292e-01
-9.993865855341470539e-01
9.857677196359004856e-01
1.778675033892474222e-01
-8.184042329374024982e-01
-8.692776557177517294e-01
7.522243335282663423e-01
-9.962558639131056104e-01
-8.363374722380402526e-02
-8.378649306527750085e-01
3.589983106805442747e-01
-2.434677305674285974e-01
4.209498506966058429e-01
8.903295550370650124e-01
-7.051122286500491887e-01
2.565623576401833694e-01
7.351462634464644985e-01
6.663125588424585466e-01
-9.597677734589333820e-01
-9.964818143304858822e-01
2.955129211455660432e-01
-6.383788655490504338e-01
7.413312366217696958e-01
7.148204419743077187e-01
9.221709386360981142e-01
-8.738524232573573469e-01
-9.826369608502526498e-01
-5.568996883142498522e-01
-9.183702614269482201e-01
9.626696859589668476e-01
1.882058542047487515e-01
-5.896838247373846764e-01
-8.663651412215189751e-01
8.461793676919008300e-01
-9.865032745246065105e-01
9.524567611415443169e-01
-7.796497086620817196e-01
-3.709933366774260666e-01
-9.692144224361712856e-01
7.395280814433182748e-01
-3.761028505222476226e-01
-9.326778555196223452e-01
1.838554363717209150e-01
-7.490643440001734099e-01
-4.195361374855359760e-01
-8.965482053228747139e-01
8.941622275833073230e-01
-5.200128268228898509e-02
4.672672012911465722e-01
-7.134769542048698954e-01
-3.273597747726226248e-01
6.721913314016794150e-01
-5.452008164623454306e-02
-8.523658685674762037e-01
-1.365698304108006189e-01
7.776742622911474445e-01
-1.272544951192034757e-01
-9.387533652859927358e-01
-1.819129236754223888e-01
-9.064700645189345263e-01
-1.156208326984592694e-01
9.983226936000286766e-01
9.968129569131711776e-01
-4.119108210580330054e-01
3.347847572949503858e-01
-4.409232462955009479e-01
-3.605213894489419091e-01
3.085871097433976959e-02
9.900362341017968082e-02
-3.977341479633174082e-01
2.226441963145873448e-01
-7.454479859400932329e-02
-9.857775478762421661e-01
-2.374280493694888583e-01
4.269833146839870919e-01
-9.946653757151641129e-01
7.230549887977065771e-01
-6.882370937637170005e-01
-9.995662577379699210e-01
3.803783571811013009e-01
9.504793365521844173e-01
-9.827581668189051545e-01
-6.749704372220787230e-01
-1.527750089069832562e-01
9.999883509716654961e-01
-7.955059808594489024e-01
-9.851407484450601659e-01
9.699820006230343017e-01
-7.901839589150914112e-01
-5.241397718737790257e-01
-1.781669481087945484e-01
5.109544265027436971e-01
9.077103843803493444e-01
-7.196974927106949416e-01
8.718119651677005422e-01
-6.757840568545337989e-01
2.398737052893826216e-01
8.878127164663880411e-01
9.999192545125699105e-01
-9.789815043646922232e-01
2.322006237576989540e-01
-5.651101769002060404e-01
-7.572615672246248986e-01
-3.894810300253106483e-01
-9.973875252900138433e-01
9.783046612813196541e-01
5.140860566456554315e-01
2.350906354326086356e-02
3.686048999222487632e-01
-9.222991997518928953e-01
9.998894134437964487e-01
4.361544808903203840e-01
8.862766446291207023e-01
-5.072386736750074399e-02
-8.025293467142419201e-02
-9.211887426622291652e-01
9.980482483189695442e-01
7.192141141264157822e-01
8.540231375183960916e-01
-9.542956382020707506e-01
2.004695912983618655e-01
-6.554516745973858471e-01
-9.913460676640807323e-01
-5.268122610231521508e-01
-8.532980927271505145e-01
3.780023605965944777e-01
8.168314638162090802e-01
-8.914862322099138536e-01
4.785286265052637877e-01
-3.904362253709131036e-01
9.410229991174863251e-01
4.744231307962972766e-01
9.184773596508717386e-01
1.577357810280511086e-01
9.176872925206387421e-01
6.084773268433710802e-01
9.381092578222600675e-01
-2.849467436670206077e-01
-7.936803744914914249e-01
9.303752090553059073e-01
3.793705866654109582e-01
-8.948384133034157362e-01
-4.206556235175363256e-01
7.968926171003859471e-02
5.889863159530891457e-01
-6.678361894810802557e-01
-9.673658099977545666e-01
9.999661497390854858e-01
8.866948202855796934e-02
3.252651297717017859e-02
-4.158445495642033030e-01
-6.331010455962798877e-01
1.156763770154168869e-01
-7.115679963977069589e-01
9.476829830102084795e-01
8.369662314078344378e-01
9.051460042539167805e-01
9.984267880927014671e-01
-8.280402069683608923e-01
7.594661316288439101e-01
-9.959483151616488339e-01
-6.609323068134523860e-01
2.958482967196295887e-01
2.629394651221437229e-01
-6.082013982771087290e-01
-3.016114616545066598e-03
-9.540328826822072616e-02
-9.317756416259231900e-01
1.641617952583999673e-01
8.601375073717082431e-01
8.451489933012310551e-01
-8.748783882394735034e-01
-8.314454632572766402e-01
6.033787716882524910e-01
-8.070717139742999979e-01
-5.195244155610195813e-01
2.499440262116865152e-01
9.951113955253887422e-01
-4.306461219781581584e-01
-9.106479805093182778e-01
3.087068074615142432e-01
6.786653540459572920e-01
7.746852756529990502e-01
3.559676436412725908e-01
-9.893795726438452398e-01
1.976207383876443791e-01
-3.468744393409610161e-01
-8.980186986035159080e-01
8.150167403615700135e-01
9.682062686803488694e-01
9.389303814158800332e-01
6.366869670792854041e-01
3.253287565027931927e-01
-7.609276970851818200e-01
-2.774813821918514778e-01
-9.170439702254177261e-01
9.991757419132341056e-01
2.567722198650866372e-01
-2.374796855144372665e-01
-3.570156021951342851e-02
-4.183153518841468688e-01
-4.734057423958836219e-01
9.657096806115098575e-01
3.515876062223450282e-01
9.826450615239532560e-01
-8.019953756339861517e-01
1.831473801086798969e-01
-6.451236105002811083e-01
3.792562359882290512e-01
5.583200547783833123e-01
3.083053035742384651e-01
-1.455080497715822985e-02
7.587952518663749757e-01
7.888961416478585953e-01
-9.722643365495733381e-01
-7.725192781798209118e-01
-1.265176251139919772e-01
-2.146773392395085467e-01
1.758335061873979033e-01
-9.818522130148572558e-01
2.011569892728357900e-01
9.441454826944581935e-01
-5.934569086812936378e-01
3.483793106989421795e-01
-2.263066209141930407e-01
-7.836239225659061836e-01
-9.818497433200482627e-01
-8.642733696894101536e-01
-4.857490343151529139e-02
-9.993429298795590832e-01
-8.458454308808194266e-01
9.905729475888668256e-01
6.736768582980744435e-01
9.898263952388376419e-01
-7.602551273846729352e-01
-9.646738376944080651e-01
7.330102337299286841e-01
6.598007362195661418e-01
8.183781017510229905e-01
-9.976463627109047883e-01
1.204670632988292661e-01
-9.966367171053156504e-01
-2.096972841165177515e-02
2.069804194780444084e-01
-5.243374899692088142e-01
9.775952678974834109e-01
-9.353675919675220607e-01
3.589296812765867262e-02
-9.832435873678050386e-01
8.445632494741858176e-01
-4.620818481328239358e-01
8.990372458819462231e-01
-9.995474836151725384e-01
1.855641319976651105e-01
-6.969160080870739904e-01
9.070597002131860487e-01
-9.808950159405142033e-01
-7.449871742430560495e-01
4.449249123359101943e-01
1.303722197012804895e-01
-7.898192197460632835e-01
-3.580062015456487723e-01
-9.889174146241163088e-01
5.221858124135602131e-01
-9.956817822859810319e-01
9.987706157144311536e-01
-4.558005651572347716e-01
-9.318867549202165534e-01
8.958269272413553752e-01
5.303789524844517711e-01
-1.676664618787697680e-01
9.402440239962770452e-01
-9.278429174838523918e-01
6.016420581386328070e-01
-9.060216885253246089e-01
8.786737173803854661e-01
-5.961460085822845034e-01
-7.870780836881518692e-04
-5.237714899276375569e-01
-9.806799001399905125e-01
-9.448650662989819260e-01
-8.962380923538423305e-01
9.819917632030276122e-01
9.802097889838606859e-01
-8.860618271363357445e-01
5.079555190401713327e-01
-1.577779104110338115e-01
2.390037258490681701e-02
9.733305334741249037e-02
4.914482053173105380e-01
5.417273320402645753e-01
9.939606556083793176e-01
2.509584719692374288e-01
-1.604635029608677266e-01
-9.982712219016652844e-01
7.644881350773921058e-01
-6.533734390152785565e-01
-4.331837326034881919e-01
-4.462168131744944644e-01
-4.104452905935058737e-01
9.198798977031001911e-01
-8.664849310301130370e-01
7.582473777327800590e-01
6.992388877210342635e-01
9.998003014815268763e-01
-8.234004950243758447e-01
3.322276295979095240e-01
4.138517576638295337e-01
4.585840776123757956e-01
7.490865886267061846e-01
1.454336788850677520e-01
9.513590897272303781e-01
4.906852686950188835e-01
-9.102597688946981735e-01
-8.083783352678223233e-01
9.832581315443400527e-01
7.387170630702574181e-01
-2.637678016114644586e-01
9.353253632433942144e-01
5.295852939727301312e-01
7.656793178978303915e-01
6.900984070272194737e-01
-6.289511342708080655e-01
-1.334263683666696565e-01
-9.814727052023448639e-01
-8.778852303532240775e-01
-9.409574301251246720e-01
-9.959185240905138459e-01
9.450220519334611158e-01
-9.319235226361727298e-01
9.447639092082253942e-01
2.101411308175965553e-01
1.527536655506685562e-02
4.026516407235083972e-01
1.127020402943868481e-02
8.509447466645616576e-01
-9.870487842023459857e-01
-3.035943013159498882e-01
9.729218456436896645e-01
7.430391909430462682e-01
-9.896387786213722837e-01
-7.591440478583155738e-01
3.682315984693237954e-02
-3.984801034485671023e-01
-8.136195094921402360e-01
5.833990734574271420e-01
-6.436739130850583912e-01
-9.584453754640681611e-01
-9.807026530329214786e-01
-9.993827025641308648e-01
-9.658035557833746232e-01
-2.480504474558778705e-01
8.712173231622316605e-02
-6.391335745582994443e-01
-7.347499910747335994e-01
-5.772767804171884398e-01
9.410404073109882583e-01
-8.002689995000827894e-01
5.918517620119591038e-01
9.806809106613432192e-01
-6.667246035057367015e-01
9.957437160621551708e-01
-3.958621601450589833e-01
-9.888813575044365090e-01
8.295690819707389752e-01
9.986523951222521234e-01
-9.726390326495579775e-01
-4.156803351296518012e-01
-9.790394599219498506e-01
6.487801480155014344e-01
-9.978392913475027104e-01
-9.985141395825226640e-01
9.891901365153664694e-01
-7.829167393220165527e-01
9.392351357832180447e-01
8.890192774874572379e-01
-3.188244115476769891e-01
6.592930969782766493e-01
9.265230974712594936e-01
-4.388354581584152925e-03
9.988359933651969058e-01
-2.933202523941639828e-01
2.916103625088843354e-01
4.294208395882489343e-02
6.380037613617977055e-01
-9.909979586279512587e-01
-4.729224900474223170e-01
-4.877111806472324562e-01
-6.342504452683211946e-01
3.529872747820217427e-01
8.325982406201244412e-01
-5.248556664801062865e-01
5.277770562635899498e-01
2.779680408223421106e-01
-9.894289838559297001e-01
-1.973869689671924055e-01
8.816794781622230293e-01
-8.586727290732034668e-01
4.521513641251154875e-02
7.496688797548626271e-01
9.785944385685514391e-01
4.914949517484679120e-01
-9.872809874116826867e-01
-6.290647669428527378e-01
-9.426553201851753938e-01
-6.657744039253664647e-01
-6.092218619370816102e-01
8.397828299489082937e-01
-7.175365389139911620e-01
8.318989704803655405e-01
9.586608519078985147e-01
-7.291566404284348657e-01
1.044890585287338962e-02
4.610068697638149415e-01
-9.853631535680296150e-01
4.393754584970068766e-01
5.037302748574007394e-01
-9.591932062658117264e-01
4.992171683482677924e-01
-8.628090868167365146e-02
-9.999758207585701664e-01
-5.508108573111021311e-01
9.655628111134328950e-01
8.844374472243287100e-01
7.324675354366942948e-01
9.293227116758939754e-01
-9.360829346696555309e-01
8.920058037587100808e-01
-9.961289607941701263e-01
4.071860714764363037e-02
-4.708349401609558949e-01
7.911472532844819883e-01
-9.992099231567872497e-01
2.396007845576052231e-01
6.142839223652791780e-01
-4.617829224584234504e-01
6.093365294665484821e-01
9.903381664966889320e-01
-9.260410896384444479e-01
2.149094029294302266e-01
6.179574521933857145e-01
3.292959359809021214e-01
-5.539197359956518074e-01
-2.123547539736118372e-01
-6.462762684806052649e-01
2.768579539575722823e-02
-9.020277406822069244e-01
9.620098991346232031e-01
9.641719782109936521e-01
-7.892495185208239228e-01
-7.824754993556223281e-01
6.056891904333633336e-01
-9.950195335581347722e-01
8.654587986774284758e-01
5.081890115942999664e-01
1.558058674745726457e-01
1.535826828847196568e-01
5.649341455361319708e-01
-9.976642646464582986e-01
9.794877875169998305e-01
-9.938292442848635222e-01
9.987801170025623065e-01
-9.515081810614455238e-01
-9.948895297739274168e-01
-5.976197360537887082e-01
-7.846890765664045198e-01
-9.833673902692148250e-01
9.993155263025512713e-01
-4.062034190397123545e-01
-4.055991173766703151e-01
6.541673746235878717e-01
4.966534504897513469e-01
9.961422559464541138e-01
-5.209998919326570554e-01
-4.736926521458279526e-01
-3.469018597207755850e-01
-9.982102450014203043e-01
5.298509856691689668e-02
-6.655633572296389966e-01
-9.999417894825168851e-01
-2.292845291875104941e-01
-9.254206295088214518e-02
-8.591316036617338003e-01
4.233221047020078731e-01
4.046514766505623223e-02
5.124765029237755565e-01
9.398590437348189885e-01
-3.897439988127825994e-01
2.874148065083671488e-01
-9.692969569413979469e-01
2.183579762150292536e-01
8.621890183001483798e-01
-5.733284840764356627e-01
-6.467645686492985713e-02
-2.058565139164370283e-01
4.619766196399660019e-01
-5.007012698680691765e-01
9.999641360096236387e-01
-8.957017498081796258e-01
-9.010430249147655113e-01
-6.600963231709841006e-01
1.801405819815271037e-01
-3.631931814273171022e-01
1.932925371048221930e-01
1.620375883206093270e-01
7.383532363898145379e-01
9.851704706989428129e-01
8.115672591099435396e-01
-3.358453329060778758e-02
9.853006121400768036e-01
-8.364282194063411557e-01
9.188323702494270995e-01
-9.932534214300894337e-01
8.366231209147192427e-01
2.541976514985119784e-01
9.975934893011026983e-01
1.571029433506661577e-01
9.743720371227883037e-01
8.360044527046288643e-01
-6.552523311769723469e-01
-1.752993622853611377e-01
6.997118804123568792e-01
8.984197677665152204e-01
-2.183042750206941329e-01
8.279128021485303579e-01
-9.927505898048913924e-01
6.208019760933536357e-01
-2.554710782976248873e-01
-4.975485732329459343e-01
8.451291971912765488e-01
1.754795837041574214e-01
-2.722511845892954321e-02
-9.955287243109602890e-01
-4.933879171948668541e-01
6.989221317523014454e-01
-8.816138240279203231e-01
8.830494226056803120e-01
-9.055039049853701449e-01
9.029509002823152830e-01
-8.300216043296928525e-01
-8.550093931455099439e-01
7.441295815719621842e-01
-1.507479585159048896e-01
-8.766101368884735567e-01
9.695619004121782680e-01
8.835757790285660163e-02
-4.736639811045065263e-01
1.786394578740294614e-01
-7.309786438331107583e-02
-8.647657527074540385e-01
4.094602290045195048e-01
2.068781229790267809e-02
5.455580794904092423e-01
8.090996198512449833e-02
9.333692678380293151e-01
7.031071523516941868e-01
5.563482204878681392e-01
2.707965777376032390e-01
7.363239544037065709e-01
-8.573483945958846331e-01
-5.270424681733621997e-01
1.763188643499812025e-01
-2.972390492053362809e-01
-9.580112650628053172e-01
3.546541326594740418e-01
-2.468738978738932999e-01
-7.476946140788327533e-01
-4.036039310533042768e-01
-7.386992436454403732e-01
-9.958819842205626216e-01
9.685947655334059547e-01
-7.368586475089452525e-01
3.672193130345395295e-01
-9.999398335198586008e-01
-2.765022509938105943e-01
-9.824418743198382042e-01
-9.805186092290107958e-01
-9.100076352368945409e-01
8.660967234401772963e-01
4.304541854284038016e-01
-7.624378588542417567e-01
-9.487553865098389272e-01
-5.110100356627183399e-02
-3.275445790310870242e-01
9.907025588695633767e-01
-5.674042589028441830e-01
-3.863657623557014142e-01
-8.740004979136825058e-01
5.440517934581577952e-01
-9.980301898928366500e-01
7.861363182753442480e-01
9.478835452650988813e-01
-3.779193889440336518e-01
8.666147991720029031e-01
-6.702410593489226409e-01
8.793431475484211335e-01
-8.456234894027229165e-01
-9.138931794792820584e-01
-8.391161628001311268e-01
-2.089197672528794181e-01
-7.761079884304248333e-01
9.591687240250742486e-01
6.245419843054770409e-02
-1.883838178061626178e-01
9.026789432305877270e-01
-1.598464023339670748e-01
-9.517884177668212153e-01
2.566612526699376673e-01
-3.861934967313142373e-03
8.544034981188117772e-01
-9.961648867903836191e-01
5.286507123549659681e-01
2.620644067373474884e-01
4.500745062673443542e-01
-3.884089326836586142e-01
9.599381382742778746e-01
9.076566141758691808e-01
9.188026823748706162e-01
3.614818779539985538e-01
-3.090278800345068744e-01
-4.241498698807137924e-01
9.989912183003772927e-01
7.701010966253147849e-01
-1.887949097750041827e-01
-9.313360777285965009e-01
-5.114067463592066876e-01
8.555064189756150794e-01
-9.279509757087394117e-01
-1.496755625394958489e-01
7.031036092205829036e-01
-2.927216536646074507e-01
9.986674053796065209e-01
-6.438472787102471617e-01
8.029429798763617621e-01
6.569342745999373623e-01
1.923311068017874992e-01
-8.900802203148989733e-01
-6.337867156254415324e-01
-8.989725520761314703e-01
2.303866741475037172e-01
-7.054958822507680916e-01
4.590845936405008043e-01
8.990008732567648098e-01
-8.346803384738530340e-01
2.040426707877297519e-01
-8.277061142183969045e-01
-1.635534268248097778e-01
-8.591656509421091714e-01
-6.967515908020807114e-01
8.133934308817265535e-01
9.335617762324041058e-01
-7.639228285595633938e-01
-5.745647206171092813e-01
-7.247858677090252000e-01
-8.434208019736109119e-01
-5.625537310418747827e-01
-9.008449801288211933e-01
4.921502534248728966e-01
-6.605773311637679335e-01
8.246842458257813702e-01
2.457523394970452524e-01
-5.753969683426023440e-01
-6.571873359654746283e-01
-1.131570736671852762e-01
8.798200533479502150e-01
-9.751503483047543330e-01
1.043673621939317925e-01
9.930518726743889912e-01
-9.958131055208871985e-01
-9.889250741344722817e-01
8.049533201654443526e-02
8.757609882402035417e-01
-7.335298406701596940e-01
-2.183674618154126668e-01
6.669238390546548823e-02
-4.800177106069835054e-01
-3.019418605228052499e-01
-3.865066606593282050e-01
9.866208622879637513e-01
6.061995395012635957e-01
2.909185188228836094e-01
-3.121496772368403394e-01
4.288082422516254488e-01
-4.028490686577301250e-01
-6.624463944354178624e-01
-4.239607889221394532e-01
8.913495555701828055e-01
-2.797849752240709198e-01
-9.157477914365018679e-01
-9.270986324223826625e-01
-9.976822202008128748e-01
7.661286165280698501e-01
-8.440846558230639951e-02
9.780580139801343664e-01
-9.907874212667393543e-01
-8.634091183682379711e-01
-8.291356069123616557e-01
-9.811505064073665627e-01
6.739578181780804256e-01
-2.882024389295955169e-01
7.589348144111488503e-01
-2.571822389652599905e-01
6.226823023362831888e-02
6.719346217394019938e-01
8.318760973516877710e-01
8.119873956304750617e-01
9.903594508422326470e-01
9.323014285061969053e-01
-3.840138466428036912e-01
-9.869321836367809242e-01
9.339741754669895757e-01
-3.556789628918677892e-01
-6.027783012780386918e-02
-8.293857077753421514e-01
9.025990854721418488e-01
8.917562795118775254e-01
-7.550782856394093745e-01
9.764063688167882171e-01
-9.108103413879645727e-01
9.907714537827450041e-01
2.574129673710411903e-01
-9.320209651562730846e-01
-5.846983452709927365e-01
-8.408153193155831762e-01
-9.119936305078735206e-01
-2.484666528443179867e-01
9.992622954369567712e-01
-8.120382841104271110e-01
9.977600770592406354e-01
-9.379292766815453541e-01
-8.374718523186781560e-01
6.611876168134733778e-01
9.298045953012745723e-01
-5.251229245601853890e-01
-9.983371101719075158e-01
-2.748248483081573990e-01
3.780022816523500445e-02
-1.594168223914479710e-01
9.781796577930673697e-01
-6.848773617789601920e-01
9.971165971230618874e-01
9.532113218651273590e-01
9.982796229942616506e-01
-8.291160174920787496e-01
8.287611362855945574e-01
-3.980170059565425050e-02
3.157855824197570715e-01
-8.902620168531323319e-01
-9.376779959505292528e-01
-8.607838245847484471e-01
7.704457745100920518e-02
9.985959795839420838e-01
9.996617572291812692e-01
-8.541712825268453768e-01
-7.878893659049499565e-01
-8.698424112655425144e-01
9.482258005567737458e-01
9.949814356979489460e-01
9.977559219528594481e-01
6.815860114699988648e-01
9.696502528506090179e-01
-1.660627959157908451e-01
8.837366708607826693e-01
3.000422879819183430e-01
-7.853176228113649682e-01
7.170484406528655486e-01
3.032321828273651376e-01
-7.443522672813533969e-01
7.115424096734311865e-01
-5.925044958213627755e-01
7.749130304217819454e-01
-8.485549324317811504e-01
-2.989243347548251398e-02
-6.851242695406373207e-01
-9.696606380916489298e-01
9.898487441167346246e-01
-7.356038745909123655e-01
4.665291360641738994e-01
-6.317503109860083121e-01
-9.593414745118317155e-01
-3.480523911091274458e-01
6.175506434386850430e-01
9.919500149402683542e-01
9.999859234208371417e-01
-9.936697561256827571e-01
-9.185411860543256646e-01
9.667908999564062134e-01
-9.976253791163982587e-01
9.033570123690485287e-01
9.244886405755544656e-01
8.026321257175337287e-01
9.999833903489628861e-01
-4.404000625568950666e-01
9.850512658674447364e-01
-1.112276162644907224e-01
-6.408038258187761516e-01
7.929836142672566091e-01
7.719804735943902596e-01
7.801056283741633068e-01
1.037104819570566910e-01
5.110116079454170013e-01
-9.338012350213501511e-01
-1.839879602547238591e-01
-9.991382477824044539e-01
3.340103943032490807e-01
8.749960616199474461e-02
-5.288609639204926854e-02
-1.992861799389078759e-01
8.633244695563792037e-01
-6.968641985766075297e-01
-9.078657163817455134e-01
1.535982300109754728e-01
7.865546886613361544e-01
6.771325998071883179e-01
7.471949917739491021e-01
-7.961802698300238790e-01
-4.032238688667237891e-01
6.409360931156088403e-01
-1.611509155182302977e-02
-5.483110717260410993e-01
-8.389814010959900648e-01
-6.884457185279115876e-01
-8.572447268610868809e-01
7.858503573475441595e-01
-9.888129171096780023e-01
-8.068916983924010605e-03
-4.960986159419700225e-01
-7.591984285018653633e-01
3.692866653498035889e-01
4.558924855119673714e-01
-4.571261518555146397e-01
-5.847520940654640786e-02
1.873097790011521713e-01
6.310204466338309448e-01
-7.313208603932578322e-01
-9.783725429827291320e-01
-3.673045841142380530e-01
9.724299762898546140e-01
-1.178209127900498587e-01
9.139178319328388200e-01
3.528847424017640955e-01
-9.919782646247449209e-01
7.995757568285176697e-01
7.997945164677754126e-02
-4.252410569439453170e-01
9.214316458505478202e-01
-7.247796763905146600e-01
-3.776826210678839724e-01
-1.226642246896843952e-01
8.463067421383683175e-01
-4.724392710658326666e-01
-4.483861097120124262e-01
4.154126338788107220e-01
8.095958228781954258e-01
-3.313992237887591896e-01
9.931488562788807206e-01
4.974184156253372846e-01
-9.258616182464592947e-01
-9.141684644177939800e-01
-9.869245726721654899e-01
5.833584821407308274e-01
-9.985752530083853440e-01
9.921454260594043673e-01
-1.755301072037209476e-01
6.734706872800678701e-01
-9.999933943436396522e-01
-9.972135357415110590e-01
-9.734078177759504236e-01
-2.683262693673655885e-01
8.703295673825578449e-01
5.888147317074737819e-01
-3.852763406590363759e-01
8.621987388893058712e-01
8.085181444698996689e-01
-7.906087617530230816e-01
2.023624442833349760e-03
-9.654309456268748146e-01
-7.332920044498085765e-01
6.379845109029287364e-01
8.859439812088873989e-01
-9.725794168596975098e-01
-9.172136490091193917e-01
7.309443064193552608e-01
2.610265194525581700e-01
2.414983879070261019e-01
-6.678363869234624217e-02
6.676185583990950079e-01
9.939345054234198784e-01
3.104139102578382658e-01
-5.320213605923654887e-01
-8.592366581127751646e-01
7.161939320634014283e-01
4.746580117585669778e-01
9.378887706196287199e-01
7.289770346186505989e-01
7.887311021242536802e-01
-7.620218856715416100e-01
-3.348396116959560520e-01
1.929899995233049226e-01
-7.408787463427355391e-01
-5.096986031068818646e-01
-5.545777179784717736e-01
-4.660356180859983599e-01
-5.516241794236992346e-01
-8.455477264888540123e-01
3.460402643040599857e-01
8.660617225727069712e-01
9.441929652280020013e-01
6.429496664820143481e-01
9.529093586929300308e-01
6.742085122483422177e-01
8.941874349780960796e-02
9.856184799373003402e-01
-6.484167711564279291e-01
4.581238823879205668e-01
-5.260862250738633783e-01
-9.281269560456176793e-01
2.864992800471675150e-01
9.011038118149820031e-01
6.143830281630544565e-01
5.315900394860152423e-01
-7.685721362766392284e-01
2.765115188127303392e-01
-4.813977789588498868e-01
1.333242361646375662e-01
9.733606599019714034e-01
3.697765692724552800e-01
8.366140839153214381e-01
-9.372259882429202493e-01
-9.936047712653354180e-01
-8.178746999152139985e-01
-4.639890416616461177e-01
9.816973879527075564e-01
5.734267704452189474e-01
3.991428928963270395e-01
-3.174780921888233076e-02
-1.156993791463776372e-01
-7.074297357845297229e-01
-9.036509142373991832e-01
6.799086935430058709e-01
-1.289472052116947820e-01
5.921425938992848081e-01
-9.604889613440785734e-01
4.749158170118518429e-02
9.492882439782864834e-01
5.333685515162117641e-02
-6.578750839210583123e-01
-2.947713236972988593e-01
-8.842530309215960171e-01
9.318947302122457810e-01
8.753388963961743485e-01
8.588129719690689168e-01
-4.013240943869427757e-01
9.986224421245725180e-01
9.950524275615602043e-01
1.987272006468696062e-01
1.182572415885551759e-01
-8.756908215990481803e-02
9.551557833982210477e-01
-8.822900073425241629e-01
-4.276573084755768139e-01
-8.727923447297240012e-01
-8.478618836493958533e-01
-2.451886357599672717e-01
5.566433059879496437e-01
4.924913153047691394e-01
9.256612188635850169e-02
-3.346837334090090876e-01
3.255173813705450336e-01
7.545858628396333589e-01
2.494641188140488131e-01
5.615089028727238141e-01
-7.491458801198437323e-01
3.688214238392941713e-01
-8.192230811811612723e-01
9.619097549089334898e-01
9.478460954940302052e-01
5.276642174933184881e-01
-5.291815537058829344e-01
-9.984410984427691815e-01
1.222703763163145024e-01
6.421599696670419188e-01
-9.999901924528592501e-01
-5.360157130155469574e-01
-2.228350691190106037e-01
7.304041989424540082e-01
9.994813331789165201e-01
5.572012231819138961e-01
5.034129117676332532e-01
-9.140405703887499733e-01
7.008755872194191161e-01
-9.267801033594968985e-01
-9.892698472936871656e-01
-1.346339906907081385e-01
2.902248109176669977e-01
3.348993765126868638e-01
8.161758077969029079e-01
9.614620737760110059e-01
-4.791747593498463242e-01
7.578711011592601521e-01
-1.928449563458138061e-01
7.909937396431508949e-01
-7.619211464649434939e-02
9.997589825618685699e-01
9.346409520676185467e-01
-3.789533824244048499e-01
8.566350611002473414e-01
9.025012001852458221e-01
2.256574073669592728e-01
-3.565589289106717019e-01
5.274656666861070597e-01
-9.035206661714947352e-01
5.770020372033642930e-01
-3.623411258721943029e-01
-9.408248190871393302e-01
4.207779046328057881e-01
7.902982250750196780e-01
6.158103674014002715e-01
-4.807555554770737705e-01
4.199741955349836631e-01
5.649711100587686552e-01
3.007529558288793980e-01
-7.649242691432192043e-01
9.062678468199480974e-01
7.643045831505478338e-01
-1.623610588427429058e-01
2.687400191898332569e-01
-6.511518286523160226e-01
-4.620898785457552282e-01
-5.647703422696356279e-01
-7.725314527955383648e-01
9.986371475716538937e-01
1.012015991184069957e-01
-3.826592796299103094e-01
8.624639104631166564e-01
-8.700996709448479693e-01
9.464440064628333316e-01
-1.076241238178270027e-01
4.880859215681636054e-01
1.462796867389133393e-01
-1.600111172112137214e-01
-9.999335650520048135e-01
-9.813202554952308310e-01
9.999851366913826700e-01
-3.824114516941472530e-01
-9.766223219307729186e-01
4.987137996244921795e-02
9.934769114863455375e-01
-4.940800256117917205e-02
-6.921044188283812515e-01
3.603040797809946572e-01
7.380656403252203179e-02
-9.887991491939427391e-01
2.265917390123919073e-01
-5.356557555476685328e-01
7.343270882888573992e-01
6.620320861463983020e-01
3.820802383212674180e-01
5.987006157137075499e-03
9.979415827174137332e-01
-5.430258114211596876e-01
9.952313249237048076e-01
-9.517220702257892517e-01
-6.207347813513857115e-01
6.397671003211726770e-01
-6.853256934596938521e-01
-9.096598988856330337e-01
9.600973651054229840e-01
-4.679203930580713017e-02
5.036737677410521030e-01
3.461985317075557123e-01
-9.986962780961756714e-01
6.120284220598062874e-02
-4.118967598239138272e-01
-6.594978982124864997e-01
9.028438120941782996e-01
-7.908505668550157575e-01
-3.861398724688973605e-01
-9.998555336799319626e-01
-6.968670193031514248e-01
-6.604335583515030805e-01
1.551126330620050398e-01
9.377388005515401304e-01
9.719849167427269121e-01
8.087383678251212071e-01
-4.420894775867056925e-02
-9.583775375467620261e-01
2.336947827042704651e-01
9.393805903511627253e-01
7.100422531716679142e-01
-9.867286826580630166e-01
9.813323769242611183e-01
-3.896146030852157827e-01
3.643142414300579168e-01
5.999626484977409469e-01
8.642201153664731406e-01
-9.331004764113707273e-01
-6.072932432636963807e-01
9.955623838622013055e-01
6.731273728994349170e-01
8.189723566649929065e-01
7.917631011883804470e-01
8.190447084162426616e-01
-9.551584083912106893e-01
8.450967606870563031e-01
8.746466486401603957e-01
-6.790843743764328755e-01
-1.454839028692805070e-01
6.489795406155741686e-01
-3.273077562272611041e-01
-4.989484391101812744e-01
-2.327592778839318866e-01
9.610125435592982157e-01
-8.638120393540629216e-01
8.164723308831033366e-01
2.359719846140268529e-01
-9.997560499955017166e-01
-8.034141285049722914e-01
4.159302520223143174e-01
3.431026827272153912e-01
2.584833709177102729e-02
1.373102675544412010e-01
4.745708259787545513e-01
-7.482156149697793968e-01
-6.413952645794577245e-01
-9.932890755527374882e-01
-9.258916910575959447e-01
-9.558981290639110284e-01
-7.258070482359013642e-01
1.569124991023819748e-01
-7.614886433989094261e-01
-3.712780608092066115e-01
4.689931619232359794e-01
9.720356278472305211e-01
-8.160466118365886645e-01
-5.619358461056057630e-01
9.997545910790769375e-01
-5.443199151759955390e-01
5.033177115153134595e-01
-7.320034036206015671e-01
2.216857456268953308e-01
9.009105948320712542e-01
9.303789971591848174e-01
-4.652910785445841801e-01
-8.131628006971085565e-01
-2.943693642604494620e-01
-9.440995788095415397e-01
2.699406385587349577e-01
-2.741228387567820057e-01
3.452997229584474081e-01
9.849678720244500196e-01
-3.118811446938299370e-01
7.719052693030743484e-01
7.631316215440865358e-01
-5.336499887545095300e-01
6.923982725739333821e-01
-7.352823743641111465e-01
-1.876095337841738320e-01
9.550503640941996331e-01
-8.551199788951171499e-01
-4.352891484904000685e-01
6.912415765215234043e-01
8.560952663893208747e-01
5.382206693075183290e-01
-2.341313023754073575e-01
2.573376060518949293e-01
7.106724476590714490e-01
-7.541812065112986074e-01
-9.825764794244824518e-01
5.620451538396873392e-01
8.382420985670111513e-01
9.060944159120818409e-01
-8.201181941585594659e-01
1.420022144495289573e-01
-9.828386432081216428e-01
-4.295453124699303293e-01
-9.380495261255419326e-01
9.998945671092028809e-01
9.394098625660157742e-01
8.964263167840190727e-01
7.516233742612684621e-01
-4.781681154343088713e-01
2.143583006553811676e-01
9.824171861947595952e-01
-9.065665788497466737e-01
6.277035432885578192e-01
6.412518734870900072e-01
-9.742038218804814909e-01
9.536921356185936727e-01
9.992729744236623635e-01
3.815536246212893889e-01
9.819138135330035544e-01
-1.944765722983001488e-01
-5.119794072348160530e-01
9.802245647645136950e-01
2.802727106224398579e-01
-5.674243590806651305e-01
-3.483623006665036992e-01
9.994673633068492657e-01
-1.377635362869092661e-01
-7.725103928558092470e-01
-2.425656942827986162e-01
-3.453777920962844972e-01
1.306990643211633218e-01
3.722117031218194483e-01
9.986452167627281051e-01
8.814520516511971104e-01
-1.265109945437387640e-01
-5.196384235038299382e-01
-6.314446260141064471e-01
-8.441337078159827367e-01
9.906141849069034500e-01
-6.953584578200247002e-01
9.259070677718882481e-01
9.880558934148701011e-01
6.848581790253784884e-01
-8.730309059874215016e-01
8.597319569922008409e-01
4.434253423937335736e-02
9.916078992743340148e-01
-6.856858497339063385e-01
-9.993296271254611396e-01
-9.995257415367115872e-01
9.931267884057856099e-01
8.491894852787458259e-01
-7.564054189647756443e-01
9.941303552635383234e-01
4.409850632857181818e-01
4.235284018579169030e-01
8.257411573575006436e-01
-9.337065291977985071e-01
-6.168398650316502252e-01
7.937806305270187490e-01
-9.817215762115465427e-01
-6.943306721131357051e-01
-6.271762252497055101e-01
-1.028233471825810846e-01
1.320303154080479935e-01
-5.077894755257396087e-01
-9.176092384678961045e-01
-4.441143638971140062e-01
-7.295413560944494780e-01
9.680850013978760105e-01
-6.474322177423910141e-01
-6.222689228686856255e-01
9.919262213435692255e-01
8.141988258593523264e-01
8.559967277214127757e-01
-9.968449219067662126e-01
-6.851229307581944150e-01
-6.122383015735477496e-01
3.915746162293057275e-02
-9.463139313841044675e-01
-9.870818275561177302e-01
-7.713429726420437671e-01
8.065983500475626400e-01
4.653799461738552523e-01
-2.815864674017653502e-01
4.364289843863311535e-01
-9.262110077865993718e-01
-9.601225925684365725e-01
-5.874306336437667975e-01
-9.784559315261681656e-01
8.959670719906345226e-01
-2.246584085030167988e-01
8.330342104642063372e-01
-4.140921098137090861e-01
-9.097415808501949641e-01
9.603926738112619210e-01
-8.980858667475702939e-01
8.619649731644036805e-01
-3.954091574605428372e-01
4.285592124778275225e-01
1.816762928044394487e-01
8.721775750299669561e-01
-8.027757268605465457e-01
-9.520619897972011358e-01
-2.083599514487521898e-01
-6.220607039655635662e-01
8.785044655340829012e-01
4.276313494278206617e-01
-9.985063795425246358e-01
9.936330430135150715e-01
8.909551077939819042e-01
2.985792626248503501e-01
-9.343918646249795845e-01
9.986097954135902954e-01
-9.948619098338165045e-01
-5.837443856906169293e-01
8.469523588684747528e-01
9.819015306936677012e-01
2.215720903373348538e-02
4.978875436287732437e-01
-9.970722231061811547e-01
9.102391928224469464e-02
9.957399507705682051e-01
-3.360463966909148503e-01
-8.391298806567193402e-01
-7.179770916229322175e-02
8.756273457668778404e-01
-9.992967697158481322e-01
9.865110554840640367e-01
6.260077682188242010e-01
-9.900930964323606531e-01
-6.689598910487541683e-02
-6.060748700396668687e-01
3.394682224471317622e-01
4.078503282981759126e-01
-5.566525215468310916e-01
-5.168538372551775284e-01
8.460235282243827593e-01
6.042112397478116570e-01
8.563546460595029552e-01
8.280688329739660514e-01
4.775467940499638075e-01
4.706245175626297406e-01
-5.112262814251005150e-01
-3.730799309174452350e-01
4.054610793595074258e-01
1.922138470551654904e-02
-3.864931627299296180e-01
-1.554998762340859819e-01
-4.081308952548914348e-01
9.045123307251744516e-01
-7.833149414554427814e-01
2.421475917891112994e-01
9.990503012964198071e-01
4.026455419680041170e-01
-3.609083312367882823e-01
9.130723604918237202e-01
-8.105074038649864310e-01
-9.966982330045690563e-01
-5.997291991953960233e-01
6.789980867634518580e-01
-9.996800779920735902e-01
-9.649436355574919633e-01
5.732346159832977239e-01
9.995739445794575850e-01
8.611090209905006843e-01
1.807914727486074347e-01
9.466943345617225836e-01
4.515188910504552289e-01
7.650141405888422064e-01
7.104360850936428662e-01
9.691600140793623641e-01
-6.608235007799015959e-01
-5.082750438311095520e-01
-5.682335404325282446e-02
8.139733789507552775e-01
-8.590436625350947875e-01
6.097046784382428308e-01
-1.577769871722260395e-02
9.743888038861414636e-01
-7.574108932997083432e-01
-6.298093065267127422e-01
9.120582592124242272e-01
-5.789780085802406218e-01
3.618958022178446754e-01
9.311387696099325817e-01
3.077300697544228525e-01
6.812212015183758407e-01
8.417867234124098985e-01
5.283520192462577425e-01
5.179694659645917021e-01
3.879735879009533206e-01
2.257580336564965762e-01
8.416531813973147091e-01
4.618253203506723636e-01
-9.953650702431566799e-01
-6.037573526694938186e-01
-7.438028060785049911e-02
-9.114237886941515265e-01
7.086418139024702745e-01
5.912850217836751465e-01
-9.580427173633933036e-01
3.826533186930260455e-01
-4.699578115834411873e-01
6.131511512029618194e-01
8.304076478988104970e-01
9.520666291738282272e-01
8.039256839390659937e-02
-7.100394982698691182e-01
-9.926752881871528933e-01
9.600525298538471475e-01
6.050675535591228948e-01
9.637591792778030797e-01
-1.245476738969304997e-01
7.047580241188979855e-01
8.901113395471622614e-01
9.996153097727005221e-01
6.222834586955491298e-01
3.562496402212019797e-01
9.999638879684024095e-01
-8.787791713808873473e-02
9.801278814391122252e-01
-2.383660800287669690e-01
9.867279141718111601e-01
-8.901675919840771334e-01
4.959718373103523259e-01
-2.530490304682855504e-02
4.317713445407597023e-02
9.557623505658849883e-01
-8.916047654699239544e-01
-4.304100445432474387e-01
-6.300141002808604673e-01
9.838362073560263932e-01
8.167474791923943211e-01
-1.942489363831989835e-01
-9.496447895562989405e-01
4.302217658305605881e-03
2.560361978330337740e-01
6.309002124445020065e-01
4.050102959393835356e-01
-9.645346729666403052e-01
9.888792269285761050e-01
6.152518337206713817e-01
1.619833954191548520e-01
-9.917365201911383377e-01
-9.983712840388508925e-01
5.885484824842960316e-01
-8.331046863590710894e-01
5.291732693013195821e-01
-4.585216491947901041e-01
-5.478735857303869139e-01
-8.957522932047043973e-01
-6.064571838535854492e-02
-2.303734666332085332e-02
-8.106099911277763193e-01
6.837125145864232367e-01
7.417847796329962717e-01
4.510247462868182122e-01
1.106538017346910159e-02
1.845101822611470710e-01
-6.359113545149693847e-01
-9.947024220519906645e-01
-9.879763926234947924e-01
-9.996216099118437892e-01
7.226746514176172198e-01
9.613797104192016718e-01
9.730915793903868183e-01
-1.441749731779217759e-02
5.564234626121322691e-01
5.671643326999719070e-01
-1.335829194876946846e-01
8.674926931982027689e-01
-4.335470931141938156e-01
-9.921015686934512301e-01
9.085460998839280933e-01
-8.438665787388068829e-01
-4.361024660248069562e-01
7.124912237232705614e-01
-3.652963357762242791e-01
5.378093425217864709e-01
9.307654201784252290e-01
-8.302206859215779389e-01
8.045006328559137776e-01
1.694991341809778951e-01
9.636390211258588634e-01
-3.049637150656878681e-01
9.722092955666806757e-01
-8.928600881311703485e-01
5.568859060688177154e-01
4.710034565763767112e-01
-6.275220491553308300e-01
-8.493061064366826951e-01
-6.899780966293467266e-01
5.688333607328768249e-01
8.210673611406479333e-01
8.770262778889162392e-02
3.121385461548962792e-01
4.349469423016077418e-01
-2.495004892326971313e-01
-7.673509550068273732e-01
-8.283589121529594257e-01
9.774452892954403893e-01
-1.630934442177003063e-01
-3.106816541430856837e-01
-9.005072411471415350e-01
8.102357405643614285e-01
-4.143449644744653382e-01
7.984867157627887346e-01
-8.375466945245083616e-01
-9.741648778635270123e-01
-9.578052649569005483e-01
7.394045336271922730e-01
-4.399897114103958062e-02
-6.295097053256315522e-01
8.322141138877335864e-01
-8.155503224294146092e-01
-9.096098823660342392e-01
-9.624351736422054326e-01
9.997861536031850127e-01
9.425961691197910497e-01
3.571996113332519540e-01
7.165893888269272982e-02
5.399689627939253667e-01
8.696095126994310975e-01
5.190467430149966477e-01
-8.377884531607384666e-01
-9.999883717516055981e-01
-3.462943490187613826e-01
-5.869141234837116361e-01
-8.608663041392010662e-01
9.276045109186107362e-01
7.529931893266778031e-02
9.612232226032877414e-01
-9.951021887142661448e-01
3.278211658370568937e-01
-9.576199325583358846e-01
9.859167839635555319e-01
-9.963531583635422129e-01
-4.549896297879618690e-01
7.358589036606445477e-01
9.257877096074198509e-01
9.564812520112682126e-01
8.605653565697048979e-01
7.630026516810936021e-01
-2.455027254302246387e-01
1.952792458948564014e-01
2.539882603159004382e-01
-2.444368734995348846e-01
-9.745576594280347393e-02
-9.599597017830773238e-01
-2.972392338880296414e-01
-8.108920746139975932e-01
5.896185087865787183e-02
-1.778222800058824882e-01
-9.061736233942269125e-01
8.138291271689389594e-01
-9.998228064239121915e-01
-3.390496637011030656e-01
8.014522137470828644e-01
-8.289929144064762667e-01
8.993559222453850754e-01
-7.402404984349134076e-02
-1.081600179735412587e-01
9.916873584618542958e-01
-4.255496474600740653e-01
9.991694086861090396e-01
-1.315531044858271881e-01
-7.077399551016286816e-01
-9.869357896071642156e-01
6.632815481260814217e-01
-6.084571691329614396e-01
7.897239449619769536e-01
-9.993862359102096971e-01
-8.867864424769008602e-01
-9.989410898582465892e-01
1.909358759887470058e-01
-9.994985706863355190e-01
-6.361495989498385795e-01
6.382066589527923828e-01
2.210997408461596037e-01
-7.629577711504614834e-01
-8.690238543262367443e-01
-9.768634975677885635e-01
-9.580368180096145991e-01
-8.656229112300564132e-01
-1.469061158891429575e-01
9.973601629257059509e-01
6.146335613767991424e-01
-9.854335737940728146e-01
2.021308328408404908e-01
6.908175558331770549e-01
2.307499206033770955e-01
7.713212620148851562e-01
-8.938575870694880354e-01
4.995962014709156573e-01
7.023147608554007881e-01
-3.180254164149166618e-01
2.868573149999281702e-01
-9.938257151883069795e-01
-9.461818346186664508e-01
9.532084204227588842e-01
-2.591493877099264598e-01
7.010646440103919241e-01
-4.949801488779508873e-01
-3.361614789520235846e-01
9.490872726404466775e-01
9.980530725358944810e-01
-1.320485251464955101e-01
3.912815802195756532e-01
-9.687257574893222145e-01
3.057607333939410532e-01
-3.807215858993423518e-01
-7.125035832728230378e-01
-5.647712057649025841e-01
9.989503336860894311e-01
-9.922421821995580649e-01
8.114967572890657843e-01
-9.842316048251458227e-01
3.585254648123839538e-02
8.428507886457792253e-01
7.749871737357063584e-01
2.255802469605271976e-01
1.838795882148037686e-01
6.005574386600017744e-01
-9.423281319349763319e-01
-7.784672788737946603e-02
4.231323518553959384e-01
-7.529606481023620734e-01
1.874409611056520597e-01
9.842568613904858488e-01
-9.993176911541870044e-01
4.081066431261295979e-01
-9.164591240212246470e-01
-6.665792757005051250e-01
-8.416630883869905544e-01
9.961918270908654005e-01
9.604881657927127891e-01
9.077743224438132863e-01
6.216227944404876249e-01
-5.961627161945807218e-01
-7.907929554183762422e-01
4.354897352697430502e-01
-9.312469345759349926e-01
-9.739338864595232792e-01
-3.263969688503904898e-01
-9.170647371366965617e-01
9.952383766587383773e-01
-9.886837482597232718e-01
5.862852406962177909e-01
-9.991394901723357203e-01
3.023914185810256949e-01
9.978552045409547766e-01
-9.473722294988828896e-01
-8.585267669933789314e-01
1.630364797697803347e-01
-9.729457260165158550e-01
-4.892492114524270019e-01
5.687526245625704746e-01
4.299174202434700720e-01
-9.939367597586989955e-01
-5.289209750028941448e-01
-2.523019354392250779e-01
-5.970164306527073750e-01
-9.978941099311691154e-01
-9.175717401622160985e-01
-4.818681762008541342e-02
8.952884927042901175e-01
-3.005622425856165347e-01
-8.367148167639165690e-01
8.904159247066610883e-01
6.308928210718462992e-01
8.076754703233339772e-01
1.736479224869440785e-01
8.982302958011192384e-01
-8.890742026588096536e-01
-3.728004281270490550e-01
1.239889415010936996e-01
9.442641537056710721e-01
4.633993488636083402e-01
9.792496159628932828e-01
-9.778353286726187976e-01
-9.390873312941351303e-01
-8.388910299913034940e-01
-8.279590308328297343e-01
1.112813486885664699e-01
3.947050247527921774e-01
-4.316146415682776266e-02
-7.284911502517736892e-01
6.792746351219560719e-01
3.268728133969224792e-01
-6.107389418597112263e-01
-2.695051510111338700e-01
8.955273378414444485e-01
3.758669078479164316e-01
9.550708324850181175e-01
5.260815160632136001e-02
-3.118143697661437952e-01
4.147767215908839539e-02
-2.818111665216942452e-01
9.587671244736014620e-01
5.785794104221474443e-01
-3.529201803809465798e-01
7.379162544259095791e-01
-9.864107532176686899e-01
-2.685944759802703224e-02
5.152737340370537877e-01
-9.416567353556674069e-01
9.729861092422253943e-01
-8.656767410140169261e-01
-3.584754895779682093e-01
-2.291274793661625397e-01
9.968761976671750569e-01
9.358658758812985479e-01
-7.706387581908601403e-01
7.776156877427763403e-01
1.403052771356345374e-01
-3.675693498752989896e-01
-9.573548461073038141e-01
6.472655637341265256e-02
-9.641983625263081947e-01
-8.661111471008733353e-01
8.936723389704962495e-01
8.414267609234213907e-01
9.976978864883081499e-01
-6.460185950001712252e-01
5.910357272647782656e-01
-3.165917442588375152e-01
9.999933567808207968e-01
9.928411601736844005e-01
-7.964000419792360841e-01
-6.978851564306481903e-01
-8.747588638371533998e-01
-7.520338065872286260e-01
5.745628790623866777e-01
-3.092584372041191632e-01
-6.104800976834459103e-01
8.005520053619488152e-01
8.142501188634035936e-01
-9.998968864763516651e-01
-8.287348921525005130e-01
9.035886855546639840e-01
-9.532319586883619689e-01
-8.950530544384536213e-01
-1.580943489857308537e-01
-9.011584238793129975e-01
2.687891053271957986e-01
9.628975780997690581e-01
9.222237082101483185e-01
-7.878382958661193092e-01
-7.796563247086257809e-02
1.679442624594330857e-01
7.859142677093037266e-01
-9.629798644165100674e-01
-9.886179301688050591e-01
-9.998982979777774061e-01
8.237670593108252781e-01
-9.934073824765503602e-01
2.586015769317986379e-01
9.529525167856515155e-01
-8.746891149215226813e-01
2.248445289775356237e-01
3.798840158009326728e-01
-9.234227695807623038e-01
-2.755585949090649245e-01
-7.371390921441531852e-01
-9.528766530045422734e-01
5.352468615151922959e-01
-3.397429628735382234e-01
-3.693836455482924636e-02
5.272934293829266705e-01
-6.421353565705694155e-01
1.343085970434009235e-01
6.672914229208107839e-01
-8.618888930423741490e-01
-2.776867623131209495e-01
-9.293792012297753535e-01
6.923555895378923353e-01
-6.514412495021749683e-01
-8.414018747717986191e-01
-1.679659046677825854e-02
2.905241539628184988e-01
-9.991897363086331696e-01
9.985294698176117034e-01
-2.595774733763967640e-02
6.607035493641344459e-01
9.494125562217772263e-01
-9.140912554334958973e-01
-4.622517724860402133e-01
-6.413239610556322745e-01
-2.637020219702119195e-01
9.626648002626050360e-01
-9.604304906714161705e-01
-9.284405402858477707e-01
-1.997768448401676111e-01
-6.354022810054921200e-01
-4.973083975712953575e-01
9.927354705784980915e-01
-8.597227732125382049e-01
6.489161189121147588e-01
-5.492246796396522690e-01
1.787841023381573080e-01
9.917904863820151684e-01
-8.805215926474156962e-01
-7.766323405191649654e-01
2.832790701827632152e-01
4.320079477277758567e-02
-9.617547614802326450e-01
-9.402668518765404659e-01
9.613759291166622534e-01
-5.722669789931799089e-01
-9.807128128069755313e-01
9.978037562268751159e-01
-7.144690873473340531e-01
3.280392603758126024e-01
-6.624797415051648652e-01
9.652317749536690750e-01
7.928877391700455135e-01
-7.540233953049760851e-01
8.200878024765531071e-01
-3.828429915104279435e-01
-5.571300106450568501e-01
3.670786145841827830e-01
9.476959172448812252e-01
-8.624752113656412034e-01
-9.331765672633813846e-01
-8.502227831225798171e-01
5.333880332994753726e-01
9.814751800395331571e-01
9.279483940348628446e-01
-5.068793127811436205e-01
-6.199241028835933420e-01
-9.792561840876184975e-01
-4.419371197392157891e-01
-9.952690076032957300e-01
-8.868765158623183043e-01
1.086016224461738844e-01
-4.260868566396135426e-01
4.491192378490884707e-01
3.153695897017237404e-01
4.675449194961425747e-02
-9.489487599766130987e-01
9.239943717831564651e-01
5.539947484328331534e-02
8.943770670588436777e-01
3.886371234813316144e-01
9.986179842559921305e-01
8.813390752009969686e-01
9.370702365603725825e-01
9.389141051409300998e-01
9.999895131471224774e-01
-3.899203381523057566e-01
2.829088018820955647e-02
2.733197349641001139e-01
-1.528937132691820799e-01
-9.312702599903052159e-01
3.951853356253757221e-01
4.381834011115495753e-01
9.139773751469196794e-01
9.987035281471859927e-01
1.412891579585006108e-01
-9.999792956879610673e-01
4.380716002844662893e-01
-7.264211564075355732e-01
5.642277914345013023e-01
-6.769302948329792846e-01
1.170024171278078312e-01
-4.843862306794034511e-01
-9.860142381553738122e-01
9.999767097468220678e-01
9.829139506569334328e-01
-6.125646753366165154e-01
9.982355984139880123e-01
-9.486476372901129217e-01
1.853105686667773366e-01
3.114894290039466052e-01
-2.638802444566301086e-01
2.395933988979485618e-01
-6.290040413792344909e-01
-7.997482871678704974e-01
-8.449248967020045464e-01
9.099853319431192578e-01
-7.551998725501739562e-01
-7.996409503074360936e-01
-9.972393952530609340e-01
8.792285922155146372e-01
1.541682290258559185e-01
-3.731622167295006176e-01
-9.956113053457057438e-01
4.606327368288004043e-01
-7.053661147022858291e-01
1.084869972700330532e-01
4.398297172757755225e-01
9.977489077025898379e-01
-3.216542536356193360e-01
2.892747016389998205e-01
-4.490600939124256841e-01
9.309147689434591477e-01
8.345387168973125158e-01
-9.774479209752144904e-01
5.159786747915375837e-01
9.060449744568553898e-01
-9.045974457296603877e-01
-8.090945682218518842e-01
2.022055222962475807e-01
-2.119775650461963590e-01
8.562824458478979217e-01
-8.839938518227878905e-01
-4.481732088594211905e-01
1.865116220225214172e-01
-5.725066732250365664e-01
-8.067546782650412140e-01
-2.730838128457634406e-01
-9.912137423888430776e-01
-8.025806518328547634e-01
-4.512115801315578767e-01
2.661118918042753578e-01
-9.894000507952053214e-01
1.852886149596222609e-01
-1.941259058616633948e-01
1.028291020736643024e-01
7.037928672927233897e-01
-2.578657027908064139e-03
-1.917530015429356749e-01
4.276077324598739904e-01
-8.908990034426400584e-02
7.712095418715169126e-01
9.053812906073936961e-01
-9.324835747282156362e-01
2.938813063948504944e-01
-9.999309235897267945e-01
6.243401912655853758e-01
8.025397947609788085e-01
9.135491835805004124e-01
-8.607628529291567743e-01
9.918920094799597020e-01
9.927894556805628989e-02
-9.892746223311181808e-01
-4.720982590967927051e-01
6.823863265008873746e-01
9.742048099943254602e-01
-7.074054440726639248e-01
4.727312314932525794e-01
6.214727702009195109e-01
1.159698038601381098e-02
9.476692235904684569e-01
-9.998342347367439320e-01
-1.511001085731518145e-01
3.622423699686428966e-01
-3.459185889322204388e-01
-9.241803851492685906e-01
-4.035407893826072345e-01
-4.368373086665156002e-02
6.058313571494644556e-01
-9.332583379903405252e-01
9.502266862340378317e-01
6.783371239253912499e-01
-1.253417569871211057e-01
-9.968130849950934680e-01
9.972285516144295814e-01
-9.986750514889299879e-01
-9.923819380256028166e-01
-9.447848848460893567e-01
-3.793992586681734780e-01
-6.620089850857542313e-01
4.180207919321423105e-01
3.986081209004418424e-01
-9.729921405489216912e-01
1.261806074162511448e-01
4.007204443336283006e-01
9.890473334237598335e-01
-5.865712625104562150e-01
2.069767512336923576e-01
9.712642867111289657e-01
-7.354446598142303504e-01
7.993489750777382774e-01
1.557259165120168654e-01
-2.711581863405765694e-02
4.877600079413577094e-01
-9.782824739194461161e-01
9.906807022568918653e-01
-9.999955396217828918e-01
7.955716307525623199e-01
-2.651301701578654968e-01
5.860878481669449247e-01
7.867345790160007457e-01
9.412922781852802734e-01
2.051905226871149346e-01
-9.464633420981488632e-01
-9.977018394306591542e-01
5.978500741403753871e-01
-6.300999618400737745e-01
-8.810723115257292903e-01
-8.164386459974887211e-01
9.621934343518666610e-01
1.956542344649284393e-01
9.467287895688478727e-01
9.962662261941622743e-01
-6.856598936714725090e-01
6.171601274131137682e-01
4.890057244228256383e-01
-9.994928377604895831e-01
9.567197862953673582e-01
8.709754232068855906e-01
-3.440717350834695543e-01
-4.821681665272996575e-01
5.688287247169183658e-01
-7.405649288261335617e-01
6.151568119097350351e-01
-9.749353098183388688e-01
-1.831370002283600196e-01
4.007536975740790819e-01
-9.986425123958709849e-01
-2.607438943320898872e-01
-9.994569309674378177e-01
5.355600565171687588e-01
-4.082509496301877649e-01
6.849875002944093572e-01
-6.799643687301856199e-01
-9.579321223680052899e-01
-9.998864740902845272e-01
9.621869005150468501e-01
9.817008013909198638e-01
3.202200011322015039e-01
4.489836438320980450e-01
9.077682740748224122e-01
-7.212615412519142177e-01
-1.512963394754742452e-01
8.271818776767323467e-01
6.357999352229992684e-01
8.438317238587290658e-01
-7.895455474878756430e-01
9.276819393828460436e-01
-1.932814797960582739e-02
-9.303927170506842703e-01
-6.124443566889720136e-01
9.213440409874457115e-01
-8.769766776968327404e-01
5.356545825974565744e-01
8.377765927282634362e-01
-9.976697885137386645e-01
4.335511643829122463e-01
9.109973805465507724e-01
9.943903769342073984e-01
-8.868489600435247588e-01
-5.837143234920606494e-01
-4.300910889945531168e-01
9.971027542591870407e-01
-1.438872067091818540e-03
8.654616929162828320e-01
-9.306299673864060207e-01
-9.829304632950954801e-01
-8.430698319838016153e-02
7.158679377376023778e-01
-9.698689046721357121e-01
9.942129035886326793e-01
7.476528414369151276e-01
-7.262358141789555521e-01
9.069904879383816620e-01
9.767848302176745934e-01
-3.657420359925916964e-01
3.370739753848010084e-02
-5.422238892660724563e-01
4.119340603186339989e-01
8.695775640817527963e-01
-7.564058728832327994e-01
4.086780922899010959e-01
5.617360357536445026e-01
-2.572315335304792838e-01
-5.159926399374772377e-01
-6.415401389751129724e-01
-7.179045705674713673e-02
5.912236869111461152e-02
-8.645326779382533910e-01
-4.378792664022920222e-01
-8.389006416550832679e-01
7.671389891630446822e-01
7.029785081595515406e-01
-4.341648201177918942e-01
9.990019236935755442e-01
-8.207136298771373628e-01
-9.408758016436499227e-01
-3.537152638240780300e-01
1.312860245347227672e-01
-8.545783131757087592e-01
6.350291334370008478e-01
4.970996575974860610e-02
-3.898394726294578949e-01
-9.898635308964918167e-01
4.080945497409440570e-01
-5.639945376954529355e-01
-9.457004516766952529e-01
-9.932510069209897763e-01
-8.272774187989083705e-01
-4.992207244216508855e-01
9.624274841832527461e-01
6.442676436406665763e-01
1.702106957795367914e-01
1.414303159938708476e-01
-9.158684446125062717e-01
9.987526906081947153e-01
-5.140261147802551722e-01
5.363290673241388751e-01
4.714093353891772309e-01
-3.201849108847968500e-02
5.822272376781341130e-01
6.003744477909509492e-01
9.990885298606601017e-01
-9.776000468214469663e-01
7.638269962237919097e-01
8.152581237540050818e-01
-9.994360146373422182e-01
-9.380373617296627886e-01
-9.160039370379793322e-01
8.189798972704044333e-01
4.597508552539002896e-02
9.394607598775154278e-01
-8.821752649068314023e-01
4.811316247316400618e-01
-9.235782684034773427e-01
9.339672238315430697e-01
4.838667464143649871e-02
-9.629895736858866684e-01
-7.905305130189528920e-03
8.929387794759103825e-01
6.354335310584730001e-01
3.693583214814038507e-01
8.927842747009852031e-01
9.804929773807651294e-01
9.519249907401334809e-01
-8.977536627839893812e-01
-7.501272900959918277e-02
-9.757903620455277149e-01
-1.502512251309425298e-02
6.162282028164524084e-01
-9.543554774518523409e-01
9.873345363480879877e-01
-1.198823128557893192e-01
-4.265433230531480158e-01
2.783960110787228603e-01
8.702336231671150557e-01
-6.919651882452052538e-01
-8.703381574800055087e-02
-8.363754843707057463e-01
5.397274618308943728e-01
-9.540346894286402257e-01
-8.007174298734480722e-01
4.879521194429402020e-01
4.609182732274784144e-01
-4.683581408113358935e-02
-6.414927128537109002e-01
9.048221604337863821e-01
-6.696284653919220009e-01
-8.636425532264593308e-01
-7.776159806455449353e-01
2.283717684637962264e-01
8.418639441152306335e-02
-3.240314865581863102e-01
8.733635408343025652e-01
8.238522685875372398e-01
-6.884681326678329105e-01
-9.190804611570950744e-01
-6.761819108384975463e-01
9.876432030740691648e-01
-9.924531013376687305e-01
-5.868086588769484413e-01
2.430696469424274420e-01
-1.801306169203248375e-01
-9.418626085608041709e-01
4.361220822111153694e-01
1.048666267327679341e-01
9.787148081044648729e-01
5.527025600046527876e-01
2.650626514081314555e-01
-1.994623213199343270e-01
-2.799613735905880363e-01
-4.294365464841350954e-01
1.789220499949693843e-01
-9.997397633026567920e-01
-3.592136582600387040e-01
5.332175490261918949e-01
9.258828677999714207e-01
8.285788725577990510e-01
8.555729780117411476e-01
-8.200540375919288527e-01
8.805083318560184003e-01
1.135147270442878747e-01
-3.938929557250938629e-01
9.528945350167429273e-01
-9.678137958267415408e-01
-9.026758308955687982e-01
1.202746209426714674e-01
-7.296028817168035419e-01
4.395549864539112228e-01
8.666537682013990551e-01
9.661791284562238902e-01
-9.031591663984134266e-01
-6.859540453439555430e-01
-9.857838390319008104e-01
9.899730699497808484e-01
4.332151711002639738e-01
9.996040477500107713e-01
-4.247663461158019405e-01
-8.670966464671682195e-01
-9.904519518788763577e-01
-9.883058426085095105e-01
9.964500413835896131e-01
-9.625175290014523766e-01
3.636238618810618273e-01
3.115830903651441997e-01
4.609817157498430906e-01
-8.556529452486698606e-01
-7.883038800004277258e-02
-8.823084860997159051e-01
6.294551795536070839e-03
-1.138522593110423559e-01
4.282138688804764670e-01
7.207058589955871453e-01
-9.152298190731106287e-01
-5.246814448886196747e-01
9.992904473614588889e-01
-7.526878971721161493e-01
9.947254242467812313e-01
-1.788885893814718686e-01
-8.126072727945586882e-01
-1.915009895114099525e-01
-4.752472621930930452e-01
-7.770837732810482734e-01
-6.989108990817394229e-01
2.883520852086076183e-02
9.879853142155263779e-01
2.598428755590646844e-02
9.307273472161782246e-01
8.427583692864385467e-01
8.799892929532957542e-01
-3.132424028033114483e-01
7.187116627366735289e-01
-9.470512166050643055e-01
-1.620881355864990485e-03
-7.369335837282451340e-01
-5.075268890806699379e-02
-1.288888792897623925e-01
1.940762100886506136e-01
9.994122320907252721e-01
4.842360028009125017e-01
9.999835239239897033e-01
3.580100529888075589e-01
9.902640154616265677e-01
3.787397761339559299e-01
4.145160680358919159e-01
-8.617671255995303925e-01
-1.042588012644614370e-01
7.942928083089210167e-01
-5.956961396876286896e-01
-9.904904075045695144e-01
8.806245006834753086e-01
-8.525449282301785781e-01
-2.741466559005010240e-01
-3.358101530466694462e-01
-7.867634972316912556e-01
-1.153006080124873850e-01
-5.197406356826195228e-01
5.754323742469352743e-01
5.310663615973949536e-01
-4.385658001776764348e-01
-3.113561343207079529e-02
-1.944249185157034820e-01
-8.296629632332960247e-01
-8.591433525177700758e-01
-7.724567353625070298e-01
-9.752786122398239277e-01
-9.976907655229259042e-01
1.264636690804366304e-01
8.148842255823597336e-01
-8.139928200858197183e-02
9.130494434122549130e-02
1.107057405969665287e-01
-4.404036403003472322e-01
-4.908994324073964188e-01
9.614656604044509169e-01
4.189131194038258621e-01
-9.858574733349986241e-01
-3.913395940334675194e-01
8.352175517233203506e-01
-3.965512499328093243e-01
2.131017712254586749e-01
-7.908590651250614334e-01
-9.979626013250760819e-01
5.215726192122891458e-01
-2.023624779105273053e-01
5.860694688362840798e-01
-7.559156566689895218e-01
1.577637666611775014e-01
-2.715346884566556263e-01
-1.112308992937424829e-01
2.606483406577819739e-01
9.479918319741114097e-01
-6.097197135612120178e-01
6.979629829923953421e-01
3.361854260815756446e-01
-7.218400205213656440e-01
9.978676973746232193e-01
8.403907367585718990e-01
-2.685908261594752711e-01
2.103996040677721946e-01
-7.721033339939189499e-01
-5.767234215172055700e-01
6.030651376605874470e-01
5.515645489583752975e-02
-8.422784224181034674e-01
-4.891137402623342845e-01
4.474448562463620993e-01
-1.683097120397820598e-02
1.967526277149116987e-01
9.222453448847411916e-01
-9.578999157867573722e-01
9.613753665429152218e-01
9.831364691130169975e-01
5.051612333680556288e-01
-6.811286442578891043e-01
6.576298971204574961e-01
-4.892621245423811605e-01
-2.516757966753707665e-01
3.893865381220740218e-01
-8.722065516135312224e-01
3.990673065097463112e-01
-9.362249623492944206e-01
2.866410512790532050e-01
6.434541976137336805e-01
-5.540066409657680158e-01
3.677057403857754703e-01
-2.185146617996184537e-01
9.959089108631773435e-01
7.288652573492937492e-02
2.094301637081985856e-01
-3.959559676513481064e-01
9.971023653246264828e-01
-5.600073990319187622e-01
4.721631956975176903e-01
-7.618058426295053476e-01
8.998720204327126382e-01
-9.859078154088020129e-01
9.857113252051612484e-01
3.305722335216870755e-01
-5.304492741020552238e-01
6.092530572907945974e-01
-9.023198194007067130e-01
-9.992570355748948696e-01
-6.940996614211447646e-01
-3.059772480616472778e-01
-6.953758286545036471e-01
5.072013398710745191e-01
1.972998145913792412e-01
2.643710707651397707e-01
-6.667141804466084065e-02
-8.629673307033426388e-01
2.297765155748641985e-01
-2.664049096708046571e-01
-6.127975190778970349e-01
-7.749410124729018412e-02
1.486810791331850956e-01
8.983808587198026663e-01
9.726644948348460717e-01
-9.938759225278501752e-01
-2.941173298400517333e-01
-9.940505298318336180e-01
-6.551317694708105877e-02
-5.257232521656809987e-02
-6.911026805275034546e-01
-1.139394201147571860e-02
-9.749521651397967670e-01
9.911167023057042558e-01
3.338175104927293968e-01
-6.068153854250499801e-01
9.086195010112834147e-01
-9.982200097097935210e-01
2.698646391346753992e-01
9.504291666234885305e-01
6.526591349657884233e-01
1.983472793500896669e-01
-2.656554774101369532e-01
6.547538447833505248e-01
-7.528420181386258347e-01
8.421813027969970999e-01
7.749048229712601765e-01
8.351472707446873089e-01
-7.518696191363778425e-01
5.134288468392850247e-01
3.986925836228449871e-01
6.137788612875745287e-01
9.801639510472079930e-01
9.189597934743893859e-01
9.499188023495075406e-02
-9.844373465711286908e-01
7.590727905999460345e-01
4.977820128056900661e-01
-6.944381532268221191e-01
6.512089566331229484e-01
-9.269842562066425984e-01
6.371588642149450532e-01
4.509124823702543305e-01
-2.753019705832840947e-01
9.760738272954511130e-01
-3.886353869047164122e-02
-6.113288661092300957e-01
9.619891176126122989e-01
3.226634492176709834e-01
-9.381250234749097805e-01
-6.719344652383152372e-01
-5.563911703631581052e-01
-7.806663485341028830e-01
-6.196177055922663657e-01
-5.631400769098274806e-01
2.539891185256625827e-01
-8.346297686699820639e-01
4.397981745761695982e-01
6.158577588399340996e-01
-5.797230785966425159e-01
-8.083524497606848769e-01
7.361306354585115397e-01
-1.143174499097509289e-01
-3.316155370944802727e-01
-8.651147464474749915e-01
9.700914788584255044e-01
2.665456565969122615e-01
-9.916558366223960919e-01
-8.957524056814821778e-01
9.437907110907733932e-01
6.231475695936434800e-01
-9.320387513509271749e-01
-7.987780359204289526e-01
7.746792584434981643e-01
9.578399031989324186e-01
9.647227069289124879e-01
-6.750857793798373807e-01
8.421026663964134018e-01
-7.628597217717049128e-01
-6.747153137724899441e-01
-8.435414666304976716e-01
-8.932021034130701587e-01
9.830543246002108049e-01
-9.798210175318327053e-01
9.917465810766923351e-01
9.757917764208292599e-01
9.678556787335228506e-01
7.160348151712649101e-02
9.532307142788343235e-01
-9.594307729879864022e-01
-6.716882762189386735e-01
8.938292627187884865e-01
-8.768299364568460375e-01
-9.971838713197356263e-01
7.006810340978598672e-01
-3.899183517362116436e-01
5.289473065457159784e-01
-3.999602223156267788e-01
-4.554459067857525301e-01
3.232703517261919512e-01
4.079458905329346741e-01
-6.334164605911321022e-01
-9.755433763212453258e-01
-1.764051663831898431e-01
-9.991263352455399538e-01
-1.731912108686158025e-01
-4.784747382028269325e-01
-9.999971201083367456e-01
-6.908900764369889647e-01
-5.657328113860261576e-01
1.881444082727819767e-01
-9.254005465016212906e-01
7.429593793573094906e-01
1.651320736361928387e-01
-8.046380051262144173e-01
9.732477825862619891e-01
-8.755980352433985203e-01
-9.731596089609408917e-01
-7.658473757205577215e-01
2.922693916895079402e-01
-6.980524997288584110e-01
-9.862646768247347318e-01
-9.926502300453163841e-01
1.246984296209634607e-01
-1.948586804974706266e-01
-9.882648468984761569e-01
-1.816815834724794521e-01
-6.481395564807046483e-01
-8.793918028779870166e-01
-7.519091479684182344e-01
8.105327013622988241e-01
4.143839280657528601e-01
-1.822641807961334071e-01
-9.707605356040941436e-01
9.927438985965342244e-01
-7.329812002558964146e-01
-7.772378201455942826e-01
-9.883258820970299841e-01
8.588520069758746045e-01
-9.587817474012158003e-01
-9.709518567466747241e-01
-1.214586963903240557e-01
9.207696311621882401e-01
9.852380040799542105e-01
2.417948725361863116e-01
-6.939106376134411835e-01
5.467286992277510249e-01
1.673830020980465183e-01
2.115437520286201634e-01
-4.197912859801063989e-01
9.954922419086283947e-01
-7.585205507275959436e-01
-8.529979633717649223e-01
3.211838086601743747e-01
-3.258257617740417666e-01
-7.761042007342275895e-01
9.954846851268467356e-01
-8.543006709406710808e-01
3.053731326063464091e-01
-7.092229273836765380e-01
-4.405613203263128441e-01
1.385526584209378215e-02
2.834971698153208042e-01
-8.827174106395521136e-01
-7.625700586862501629e-01
5.051372192906784520e-01
-9.371753900207067112e-01
-9.905309352121696165e-01
5.276818763120041250e-02
5.971960230492345811e-01
-3.734854143702239226e-01
7.802710240563915933e-01
-3.307480876484708010e-01
-4.123207224703308582e-01
4.568934973602968852e-01
9.981978081750836340e-01
8.936384556264633794e-01
9.751606491750308692e-01
-6.659397023390574155e-01
4.644362734245491287e-01
4.837318464993404198e-03
-3.430421927389589176e-01
-9.667581935601674559e-01
9.967327240930131671e-01
7.952237691077936876e-01
-2.932938688531822047e-01
-6.044369052197867687e-01
9.734189705448481611e-01
-9.979379227925169182e-01
2.325223811694239473e-02
-6.960264170361032399e-01
7.952177381973173365e-01
2.071298075047526555e-01
9.313025008996708154e-01
6.716222497594387386e-01
6.213470014737231262e-01
3.532026743531320179e-01
-6.956840579251540868e-01
2.403683162818574526e-01
-6.353909551528252875e-01
8.117145472470718159e-01
7.091440837809227515e-01
-6.777287787684459497e-01
-9.781743436860252938e-01
-1.543467476246331849e-01
9.416898206460618814e-01
9.618423498204931033e-01
4.879379018686003655e-01
-9.031443611170516528e-01
3.809304995019935913e-01
-9.228749543186958171e-01
7.353407519964899608e-01
9.130546925372390321e-01
1.236539085951107730e-01
-8.802739715253927733e-01
-4.123401427674438513e-01
9.347087530361382346e-02
-2.043926163073001845e-01
2.445447902944083290e-02
-4.586877856939915454e-01
6.461659370100515665e-02
9.529501393180769275e-01
-7.545067946058192643e-01
-2.694748738243635811e-01
1.615244754010239925e-01
-4.593476614094818000e-01
-5.095962151164831200e-01
6.838013884024666256e-01
9.568094513539910917e-01
9.046703662543007507e-01
3.737121480170313426e-01
8.977830702074439673e-01
-4.786934145144512431e-01
-9.789863207705684633e-01
6.649724534287255739e-01
-2.397045785262254258e-01
5.592409332292221924e-01
2.269234986479272149e-03
-9.854490137323396182e-01
-9.871687550821230950e-01
-4.744311559483852664e-02
2.165073477207597186e-01
4.998118980781098841e-01
4.121492946031388716e-01
-8.460903012012424007e-01
-3.579603678417112578e-01
-6.316165800858241086e-01
-9.543653767361617302e-01
-6.732828246304951580e-01
7.032850123781158036e-01
8.193806733527549957e-01
5.613527842173862865e-03
-9.714553472315581306e-01
3.274490265700428782e-01
-8.074477804041748641e-01
-3.672016710404001349e-01
3.179540229417982533e-01
5.056388254792758552e-01
-8.240438337439129901e-01
7.225696028217223343e-01
9.980073241182646493e-01
8.808819187216628821e-01
-9.908734124607987415e-01
-9.422034478748847475e-01
-8.276275479489039744e-02
2.043237737640848095e-01
-8.399703903497952595e-01
-8.391672512569795517e-01
1.110178976251543215e-01
-9.457228718342501894e-01
6.070123328366111570e-01
4.234004887667528472e-01
9.915713810887495372e-01
-4.337467634423834983e-01
-1.220367460627018869e-01
5.460211135264081417e-01
-9.999569457347344814e-01
6.214629671420088819e-01
3.684816097785675870e-01
-2.342698816442199128e-01
6.152376331931074249e-01
1.245751560390271906e-01
-9.686672040331503197e-01
-3.641347574242906338e-01
-1.864560863009671610e-01
8.350984111064769788e-01
-1.080309706536122794e-01
-4.096287803894657631e-01
8.789482295381476629e-01
9.340174675035796126e-01
3.243601573218782841e-01
7.860107173382780976e-01
-8.481281771200690489e-01
-8.242585838356668304e-02
4.441736530855625031e-01
9.789589216314824593e-01
-8.607418506983411932e-01
5.465190504196233423e-01
-8.311366961404510409e-03
-8.721211768531870190e-01
7.166961284780236641e-01
2.975806730108882525e-01
5.665770051006742136e-01
-2.813430628637343389e-01
6.552702037532092127e-01
-7.595721805162553020e-01
-9.066367459017167230e-01
4.213639023315562948e-01
8.974324649353045968e-01
-8.728572122155962010e-01
1.376962004171365384e-01
9.835736076795553728e-01
-9.547291177581717081e-01
-9.173009963877115647e-01
9.881884424005943357e-01
7.196084855687714388e-01
9.155660372267355740e-01
9.802476569434167564e-01
-8.622363823459265886e-01
-8.090686869188794539e-01
3.534788214859428956e-01
4.689407862750947231e-01
-9.790739575971091346e-01
-5.671233799952090093e-01
-3.000347043023082749e-01
-9.217428210675392419e-01
-3.406914117386536378e-01
1.813340300239044411e-01
2.714469269022663084e-02
-9.763274943645660064e-01
-6.074621978808000256e-01
-7.900650390919297106e-01
-6.610678484363192720e-01
5.942186646885495860e-02
9.395225974371878008e-01
9.888353583923970014e-01
9.965613695902890701e-01
5.871057207504658954e-02
6.345769163254452172e-01
5.772001235093124905e-01
4.061111097838871475e-01
-8.189879233254164781e-01
-8.365401194858265166e-01
-9.832212305450074297e-01
-7.914963756401248718e-01
-9.977399701986321423e-01
8.773005066767384230e-01
2.919532953231621653e-01
9.924463555417046834e-01
5.815030356572268300e-01
-9.474354769783031038e-01
-9.935504907171318623e-01
-9.897977321587712041e-01
8.250204027928519090e-02
7.574080762819387358e-01
-2.745296119624710679e-02
-6.738239896068709545e-01
9.321477947783175511e-01
-7.365789572931960016e-01
-6.880240091258661428e-01
-4.100932985924433116e-01
7.446262072082505679e-01
-7.474962998222081101e-01
3.334946449085521847e-01
-5.075706418750803861e-01
1.881122163247383322e-02
-7.108686732823251697e-01
-9.417570949405457137e-01
-7.832392848174494215e-01
8.005286040991630436e-01
9.801135448932160044e-01
2.332688708357023577e-01
-5.702145594968582865e-01
9.771926717236434357e-01
-3.932369884236612545e-02
6.689875992300947649e-01
8.504741230273096253e-01
-9.837423544422656541e-01
1.612715916036179808e-01
-4.535073082153162627e-01
3.415222271730492531e-01
-9.042613773260557153e-01
-9.652970270944934983e-01
-8.429019347308118748e-01
-7.641638567862025777e-01
-9.844493297946617094e-01
-9.901063035190291739e-01
-4.826309025763513838e-01
-8.172742264650888488e-01
-9.239659408016500652e-01
9.198829954506348994e-01
9.377545271694212037e-01
-5.070150562547084405e-01
-4.891670521517669235e-01
9.284804943918941733e-01
-7.245087286936724436e-01
-6.816382914402272508e-01
-4.226537376913147015e-01
-8.880750505928857175e-01
-2.368445751034827795e-01
-9.619351103211415399e-01
-6.436501242831321745e-01
-9.864674675886898614e-01
8.910177919717506834e-01
-5.192450888477806448e-01
-5.019238871582127476e-02
-6.868455511781189626e-01
5.882231775736026513e-01
2.211059403614151764e-01
-7.937382743147528563e-01
-3.860211324121767262e-01
-9.615537624680821072e-01
9.203141972092715450e-01
-9.941230649288808063e-01
4.669451355095036726e-01
9.998042775846720520e-01
-9.997166964796646571e-01
9.996246563586593803e-01
-9.549479561974787423e-01
-5.330311115021988400e-01
6.457266541251116543e-01
-8.920675732708641115e-02
-4.007533073921840661e-01
-5.707204268621522969e-01
-9.566681367027987104e-01
2.289679374953757299e-02
-6.501733861993057584e-01
-4.801796496984320206e-01
7.242382403955296422e-01
9.683899295466662505e-01
9.966734494957226742e-01
-2.218473690916987484e-01
-7.477207196202241279e-01
-5.979192110387966386e-01
-9.064690225184571792e-01
9.945682686170848052e-01
8.895240127629764348e-01
9.801925632270219735e-01
-7.558080125187959242e-01
-4.662738720327450070e-01
4.155878706404266265e-01
9.050949403857609932e-01
1.913787141859849550e-01
-4.001329864687793170e-01
-8.316912596616216069e-01
-7.441769617644428125e-01
-9.697396494356748109e-01
9.970655469263468851e-02
9.237169813463030899e-01
9.994140752664508742e-01
-7.559766055981642641e-01
5.228091051514272003e-01
-5.313465871035943922e-01
-3.645962529128048968e-01
9.297590659450223338e-01
-8.260989332563207777e-01
-1.030932070798272898e-01
-7.597201970504541269e-02
4.557533485116736505e-01
-3.969714488568904520e-01
-1.305133055279134591e-01
1.306565937943634792e-01
3.564698623844755332e-01
7.614766952035592062e-01
4.917342890637541597e-01
-8.026919645678288751e-01
8.556252142721858522e-01
8.687757264257998935e-02
-5.719898341775474515e-01
-7.306569494850506663e-01
9.884197397199060431e-01
-3.061485074001107365e-01
9.081032046366381560e-02
-1.789176866719785763e-01
9.944534886729327061e-01
9.999282964154493358e-01
-7.833369814267544529e-01
-4.038140770381969391e-01
9.931785964938423250e-01
9.720309978766339398e-01
8.526407042509467349e-01
-3.747310300332852284e-01
-7.632039480962915512e-01
8.618509815522835682e-01
-1.037473658624151751e-01
9.511975892465184268e-01
6.095084023736441203e-01
4.513332441935255512e-01
4.526003344417447449e-01
-1.013538590544642432e-01
7.726611616738693344e-01
6.957369917444489182e-01
-3.201205698738177619e-01
3.035085591434690810e-01
3.480391292465143116e-02
7.084317455339558256e-01
9.822176619978193468e-01
-5.304595343331833801e-01
8.927477165610802068e-01
8.971273853896774009e-01
4.498556438410916125e-01
-9.960825739005678692e-01
9.868947138348129755e-01
1.847994291692710567e-01
6.276612644898683646e-01
-9.826497289825993908e-01
9.084423144860246380e-01
-8.819374350182279665e-01
2.380216513623426844e-01
-9.872280901963704780e-01
8.807092364747534097e-01
-9.659332287672196538e-01
2.327828959432427514e-01
2.635082438999991616e-01
4.925842369673483767e-01
-7.267829034511129604e-01
2.203722763642849691e-01
9.816285543380475209e-01
-4.314211027302703449e-01
-7.606199387002973156e-01
2.919894951457354670e-01
-9.729190380841200581e-01
-9.441488431679274651e-01
7.957080366985040953e-01
-1.554323952817891763e-01
6.488696419182927999e-02
9.081783302046418926e-01
9.940607393181253304e-01
9.982517197276544740e-01
-9.243464636460507755e-01
1.900739099750210492e-01
-5.857100515412373420e-01
1.234746546556429181e-01
-4.399168314722391449e-01
-8.411055596617138530e-01
9.851606342949212891e-01
7.828058520233553974e-01
-8.289712734374241609e-01
-6.994994382214019257e-01
-9.230259574057865235e-01
9.689882923593645669e-01
-5.834149035179733156e-01
-9.893909777713167930e-01
8.381201897894661190e-01
-4.204285476433083923e-01
-5.023335054926877374e-01
6.693360464718940417e-01
9.269515382162256678e-01
7.018933470125839902e-01
-7.358278910607671808e-01
-2.635663471063331986e-01
-8.820598349931731974e-01
2.661887897627692734e-01
-7.112426934416686830e-01
-8.250899017886804687e-01
-9.176301860053096560e-01
-8.676092206572122434e-01
-2.277080913044677857e-01
-7.113598953223417842e-01
5.857505635933153432e-01
-9.888421582521532693e-01
9.269418046074624495e-01
6.214284521275419415e-01
2.866866089503484205e-01
-4.377565042848996502e-01
9.980448691325166655e-01
-7.822494628914371528e-01
1.993214447653772758e-01
3.093258174254084336e-01
8.280604911845115268e-01
8.522452622657607224e-02
-9.970277418966119187e-01
2.387431652631245571e-01
1.122354946889683042e-01
-2.201553146471951217e-01
6.772794407953820484e-01
9.989445857659459138e-01
4.077051722995662097e-01
-7.749168502198959807e-01
2.818673869827262313e-01
8.705233253561299733e-01
-1.785188334635508522e-01
8.027962419265921579e-01
-3.039319813449173346e-01
2.120839367661255526e-01
9.927248409535934792e-01
-6.973431014626850499e-02
4.732960790711760457e-01
4.546388174835260254e-01
-9.100840289674129169e-01
-9.904957082371974586e-01
-5.017421075792438678e-01
6.507524414766946430e-01
-9.724109829428252416e-01
-2.517541466744174783e-01
-2.455982141031644861e-01
4.773335873202895485e-03
-4.812472405632292061e-01
-9.953355033898778625e-01
6.499496218659995828e-01
7.749614503379297359e-01
5.242173418928047779e-01
-6.520556223212777835e-01
-9.018423661540886371e-01
9.927483409397758196e-01
6.485248696163102844e-01
-5.539552848301215748e-01
-9.661109858369185677e-01
3.305853526240218332e-01
-9.339713173373749289e-01
5.635555000202536746e-01
-1.733411074906884564e-01
-8.953668652243323978e-01
7.808293745354008553e-02
6.936539024644331475e-01
-8.827739803956153875e-01
-6.209230887615217742e-02
9.426575868963675831e-01
-5.376041690501701664e-01
-8.425616426687160265e-01
3.243032527141554988e-01
8.159263462715966586e-01
9.076001214532128936e-01
-9.969136830586730058e-01
3.448484346592689542e-01
-1.912830392296613335e-01
-7.211394069728421785e-01
6.539416168381476657e-01
-1.999949737818549345e-01
-9.984253277456514031e-01
3.827462181384879147e-01
-9.991933623801110276e-01
6.803729756728856826e-01
2.024248699363803972e-01
8.565104337502542631e-01
-1.458934255944769331e-01
6.216767150068170933e-01
-8.254784799040640886e-01
4.385416776611802403e-01
-7.511764153902507068e-01
9.692296230163641724e-01
6.571743254471120732e-01
-9.642490634437220209e-02
9.890874813226213647e-01
-6.044374371700821369e-01
9.826314466930343716e-01
6.468709828059189260e-01
-4.462368262134709385e-01
9.848928939825813966e-01
4.262403740365718896e-01
5.098145767326248690e-01
-2.176973892724336779e-01
-3.045926058992869390e-01
-4.652201238315218923e-01
2.053948176960114780e-01
-5.874895465027314412e-01
6.458549084867907242e-01
9.483359755086335774e-01
3.286539609718857613e-01
2.852665232320333311e-01
-1.022556336233600704e-01
9.811963826802190258e-01
-9.917661356409261941e-01
-4.395400644808702406e-01
-1.750415643751006625e-02
9.991596272227666331e-01
2.247634696918826835e-01
-8.263812425176262355e-01
4.054892828895010348e-01
9.739237112917333850e-01
-6.274645172170292273e-01
-9.996598090554358329e-01
8.295482120866871645e-01
-8.977923782333685487e-01
5.365309227953924953e-01
-5.538099546155645925e-01
-2.711117978739983614e-01
-4.177984415862062151e-01
9.131312832516348399e-01
-2.978838510406219831e-01
-6.791796487941436089e-01
8.692130310088574952e-02
-8.727109856795160769e-02
3.162617254556489566e-01
-8.974278018625660991e-01
2.780543730252257317e-01
9.348843518422546017e-01
-9.209786340641161750e-01
-7.788216099009105386e-01
6.183131150059129055e-01
-4.384908910332311893e-01
-5.985589434135181186e-01
4.414189806352619150e-01
7.191164134905613237e-01
-9.998096383611875249e-01
3.326116749856046773e-01
-9.059105591905843857e-01
-7.952853067201035575e-01
-5.344618863621380944e-01
9.599033503695276748e-01
-9.244517970972335741e-01
3.045134913156876885e-02
9.875370253913716700e-01
-1.377337704062772498e-02
-5.083728197524304271e-01
-3.614368277326410195e-01
2.532758914140544881e-01
6.609761616994804800e-01
-9.876285972744186514e-01
-9.895292155882106089e-01
-6.428647241309340954e-01
9.971347136399670574e-02
-5.224413289070901634e-01
-4.933010106365232073e-01
-1.405598621329539333e-01
-1.187694506450638066e-01
-5.776926930171110142e-01
-4.532566661053096801e-01
2.729520575410716576e-01
-9.899098086353060877e-01
8.861968255548933193e-01
-7.422406375768796361e-01
1.538488772845887642e-01
8.525074200081140807e-01
-9.289723997077816708e-01
-9.725674140256113098e-01
-2.535967682510931534e-03
9.901210420369134235e-01
-6.329462091486676156e-01
-8.867216828868971223e-01
-7.159824675264768734e-01
-9.571537555286513399e-01
-7.133627435287664964e-01
-7.615920211192570566e-01
4.025643189790316101e-01
9.310061997561923652e-01
9.213403896928336057e-01
-8.288834664871330693e-01
7.260405501777332793e-01
7.850474882773746943e-01
8.172648044738031192e-01
-2.888407000405985095e-02
-8.144113703423702111e-01
6.542642937971133721e-01
-9.820657983858598339e-01
6.599460647659061152e-01
-4.323453747141428050e-01
9.253794017532174232e-01
3.729260617646710796e-01
-7.318957671142839461e-01
1.455610741252976736e-01
8.573260088034736492e-01
-6.620332470092196164e-01
2.082263152977545384e-02
2.312002278053904292e-01
-6.884154744405506232e-01
9.907735556775564278e-01
-2.169190680313717035e-01
8.217751118442445657e-01
-1.796935815540086009e-02
-1.868591813699157500e-01
-1.565355403790648081e-01
8.213035951169213034e-01
-7.799375044512090183e-01
3.937239256393071374e-01
-8.400458321146577756e-01
9.608715666420521995e-01
-1.318124433772803750e-01
-8.745361787284164912e-01
-3.286262811976822795e-01
-9.968740099975322844e-01
-8.509057204152185028e-01
7.715771844295722381e-01
-9.534168404241587513e-01
-3.453914518577599901e-01
3.676285754459494015e-01
-3.230531491330606575e-01
-9.908312138403928548e-01
-2.521251283296406798e-01
-2.932174601585860740e-01
-4.748111309036284200e-01
-8.465375692753152048e-01
-8.423771718215898874e-01
-8.669056816019222733e-01
-9.990389691545850104e-01
6.262177148260953397e-01
6.651065034600726067e-01
-9.436245960618611095e-01
9.592371934218032470e-01
9.996011037656771236e-01
9.558751948012151889e-01
-9.954125983957925472e-01
-2.503129912685341241e-01
1.602966489579128739e-01
-9.820617119413681539e-01
3.073767136257701260e-01
4.231385589345588727e-01
7.090044358182835404e-01
-8.729235197042173322e-01
1.161442624371749888e-01
-3.840930638115273507e-03
-3.964488532905029866e-02
3.445642998169978766e-01
4.186685088170525870e-01
-5.815664965718300161e-01
7.809135180273203414e-01
-9.805875555929748355e-01
6.820431895474066142e-01
-9.780389400504847508e-01
-3.311189474554953049e-01
9.896903636160930828e-01
-5.802334902279030482e-01
-9.601259710451797158e-01
8.368156668047657121e-01
-7.444710551491442452e-01
-3.913609221853435738e-01
-8.472111798841351904e-01
-7.833958095277804290e-01
-6.646646644020272054e-01
-1.320009575628331988e-01
-9.617770467141369961e-01
-6.349374378597423263e-01
9.813192217759253433e-01
9.915881776847658147e-01
-4.944961657357477836e-01
-7.615626550841700926e-01
9.739239967356191352e-01
-6.643843009020710122e-01
6.191649764654489907e-01
7.755522206665238505e-01
4.457332921202046827e-01
6.371880180151532347e-01
8.081899387294633197e-01
6.837079561842994702e-01
-9.546000254080876379e-01
-8.990878552355335840e-01
9.180313427301319829e-01
3.703294080760836937e-02
-9.097431189593484513e-01
8.136263735557893728e-01
4.059401625087375454e-01
6.217986509257922290e-01
8.419941710049647643e-01
7.098383115594916193e-01
9.448346999275839542e-01
-8.168622701650742890e-01
-4.662896864716374878e-01
9.164160751156221751e-01
-1.876471061698547702e-02
-5.152482959673407477e-03
3.655650921878654258e-01
-3.040642036959871897e-01
-9.571258437243711503e-01
-6.144346860778329145e-01
-9.961127371570931421e-01
8.179183966948444517e-01
-8.192328722484943926e-01
-6.155991216878596850e-01
-3.139649645687973001e-01
9.577808649264084595e-01
2.157599354419221030e-02
-2.406690183507889935e-01
-8.387796305318626633e-01
4.687117273366473991e-01
8.960603294109190653e-01
-9.973678246249462198e-01
-1.818031398471817439e-01
9.938418435811972040e-01
-6.064228224024446057e-01
1.341077640429558793e-01
-9.158654074531336065e-01
7.881509494160464646e-01
2.029190011865166787e-01
-9.445382543640140627e-01
-8.717105692777880055e-01
-5.064109778894412273e-01
5.587300023083893175e-01
-9.698978011636313346e-01
1.890795649328249617e-01
9.197007051977483805e-01
3.925997623065753950e-01
-9.753054674575036831e-01
9.882585037867275268e-01
9.837100406085322879e-01
6.826978615411777307e-01
8.249523814190364845e-01
-7.331532373812073011e-01
2.620190990097322481e-01
9.998904543093417585e-01
-8.049048436000300066e-01
-2.628427554478808270e-01
7.912684986888796068e-02
9.475023998059929342e-01
1.756659261098181823e-01
7.288179590108285755e-01
9.259578973182426287e-01
-9.932793125534902234e-01
8.678073479573965576e-01
-8.278031832301906423e-01
7.657438616772765938e-01
2.778337284138481487e-03
7.935094736226567802e-01
-8.437947493231539031e-01
-9.072504161904958453e-01
-4.342701155645377065e-01
-1.092316792840285905e-01
-3.960675081978450862e-01
3.819288698705598784e-02
1.619813418429712493e-01
-9.800926998423574732e-01
9.239181209822617813e-01
9.190688467775049997e-01
9.953320755271720666e-01
-8.789896626249311673e-01
6.422383432534302106e-01
-9.969786699487432902e-01
-7.884816639710927610e-01
-5.994068080169367985e-01
6.646968596249740457e-01
4.901068910149505853e-01
9.972037768707736616e-01
-5.993424625291116081e-01
-9.095893258747769217e-01
8.353289264826282423e-01
-2.642178386003295465e-01
5.572133387788126280e-01
8.757565115495806740e-01
9.032513279240956816e-01
9.011698307526306850e-01
-9.923040218427991999e-01
5.212616374864076363e-01
9.683017878157236247e-01
9.924869571519180367e-01
4.043696225719079496e-01
5.095212775646279502e-01
-9.055489932779562379e-01
-9.987215237158987291e-01
4.305406329732977544e-01
-4.970762272897831791e-01
-9.787365714564835173e-01
2.534616135656588276e-01
-3.519618721657502558e-01
-9.543451583089863632e-01
9.228936675292985781e-01
4.007927206462528757e-01
-9.796202818138073365e-01
-2.177508149007396643e-01
-7.446607358397095977e-01
-5.458343090525558106e-01
-3.598882059405959510e-01
9.286601331468680165e-01
9.810728857153002691e-01
-4.191609695092358145e-01
7.748835737651985633e-01
-9.999105644448854635e-01
-9.327392122626326776e-01
6.577302345238295045e-01
9.730180796493891338e-01
-9.134143136015613340e-01
-3.587341204487375923e-01
-3.917987938247340929e-01
-5.529207708167192120e-02
2.952271873504975219e-01
-7.651470793608977639e-01
-4.622316753470388506e-01
-2.319556036417445011e-01
9.925137250053829296e-01
9.777436334130508166e-01
-8.414776885770985926e-01
-1.620042099271362390e-01
-8.132584698363263254e-01
-7.783985769899054441e-01
8.651689592482565416e-01
7.999789567026289738e-01
8.617935921656174614e-01
2.014532217770291234e-01
6.803707245108302493e-01
5.886619775897120599e-01
-9.083440916914662377e-01
-9.739190060406204275e-01
9.531959202882496207e-01
-3.839813325417170686e-01
3.045093002022832285e-01
-9.711605027528282807e-01
-8.438355277090072715e-01
9.159686508424109697e-01
-3.433479597483993784e-01
-9.621000834925269585e-01
-6.956143253063873377e-01
-9.407755823607957257e-01
-8.424555888296000328e-01
7.101084762880366386e-01
-9.932495170661390649e-01
-9.637103731928098327e-01
-5.860097058720084018e-01
9.256764701823635422e-01
9.381652848392598720e-01
-9.999746186079441213e-01
6.202101010936544867e-01
-8.695555253871393164e-01
-9.781598256486480070e-01
-2.344736064209164139e-01
-8.201028964354859507e-01
8.954272310622024555e-01
-9.743922981826731444e-01
-8.657394822060067163e-01
-9.511748164101618830e-01
-5.159939020722674741e-01
8.462326733426368541e-01
-1.488216614366739132e-01
-2.877262989245115699e-01
3.462978841604852920e-01
-9.505841638263295978e-01
-7.089054362745348392e-01
-7.639627381214092461e-01
-8.351443701468063141e-01
-9.995115764055177987e-01
3.918102013822651886e-01
7.776006837123766724e-01
-9.973210253939907011e-01
-1.692978802420426754e-01
-3.940245219108138297e-01
6.264652468400451202e-01
-9.856539842610555491e-01
-9.932781755439320515e-01
-6.735695389942286671e-01
-3.365239952335170592e-01
-1.285503426530985038e-01
7.910619359933707129e-01
-5.177316977884512950e-01
9.109024402008464305e-01
-4.355047036631592983e-01
4.612276739312667906e-01
1.010172024002508051e-01
-9.240204102728722946e-01
1.934715501308382213e-01
2.949187126248807300e-01
3.869597651125937787e-01
7.211714554440155078e-01
-6.750403248404476253e-01
7.434717313643197656e-01
-8.459837858802543575e-01
2.506944672211923741e-01
-8.242612648116610652e-01
2.585202663932686384e-01
-6.562461206631360344e-01
-8.930141957897900218e-01
8.624105374858139772e-01
8.880478637989821511e-01
-7.682737407548608788e-01
2.950233795272650394e-01
-9.893266010824836032e-01
8.762307196770007245e-01
-1.776132343679536207e-01
7.883760182441910125e-01
1.906242738659392200e-01
-6.471979667982603601e-01
6.869428808896387295e-01
-7.385956994830717992e-01
9.561846980011681207e-01
7.386064678922243942e-01
7.009181503634505095e-01
7.854371476477143288e-01
9.485270209075107317e-01
-9.999127115690231715e-01
-9.110326808627297046e-01
-9.336675388475973447e-01
-2.028108099764784067e-01
-1.736398997239194664e-01
-9.662019869726069521e-01
-8.138755609448413697e-01
9.594499354763194043e-01
-9.976329108743566820e-01
9.894044020958600028e-01
-9.344503998254030108e-01
9.895689402717804395e-01
-3.203566958820419641e-02
9.999982849845676647e-01
-4.051381412407101812e-01
-6.532805347930613626e-01
-9.598110961683842257e-01
-3.866837430476887660e-01
-3.164051402531252444e-02
4.401562718043974809e-02
-4.282192430906653358e-01
2.155861532465726260e-01
7.242764386421339795e-01
-9.941241532194525776e-01
2.794583857173166264e-01
9.875650069235367701e-01
9.999726946378024728e-01
-5.078390517880126964e-01
9.845067108476549533e-01
-4.554556773847382445e-01
3.216652617614202958e-01
-9.288767364174419505e-01
-6.600049591608937449e-01
7.545203271204121709e-01
4.970254071978235100e-01
2.709767553029073239e-01
8.267801673989345623e-01
3.632154813351484712e-01
-9.989560427090864447e-01
3.709529616084356052e-01
-8.249341092865926095e-01
3.607596962771063565e-01
3.026438947597636653e-01
9.548765858211972768e-01
-3.799332293169951913e-01
9.497876414115868915e-01
-8.807924538757292421e-01
-2.941821528424928486e-02
-9.018081150558596715e-01
-9.077290209141963828e-01
-6.876686707079014971e-01
9.656731748526961034e-01
9.998326010666261920e-01
6.701619576001471845e-01
9.776223287479616220e-01
-2.376438985703755169e-01
9.572269511376984008e-01
8.521857909056306246e-01
9.769470508677225995e-01
6.512791529536529067e-01
-2.711216526738263050e-03
-9.951417915874264386e-01
2.823139349518046792e-01
2.483259694415910490e-01
-8.898999978173780523e-01
-8.597167701934685935e-01
-9.767079869437271800e-01
9.737825317448342011e-01
8.711468599988955175e-01
2.733923529872360203e-01
4.506511715724077771e-02
-8.581870477208619619e-01
-2.598480963450545689e-01
-4.443174936572113487e-01
7.070327788652005507e-01
7.443178608520202300e-01
-5.977595493248105685e-01
8.248725708646009736e-01
3.304521736081180577e-02
-9.602184151094548259e-01
-9.162309484234678614e-01
-9.647751563829833898e-01
-1.427642623645538900e-01
-7.676852358451295988e-01
9.546932441040631989e-01
5.445296344436381109e-01
9.980822679251781793e-01
7.237073871462268437e-01
-1.840182976099590806e-01
-9.855883743177178413e-01
1.816999096086414078e-01
-8.998987189062482642e-03
8.583781316842249431e-01
4.693961373724576669e-01
7.295233868870718563e-01
-8.908792015985333990e-01
-5.609161545001719595e-01
9.963911065006721968e-01
-7.257769957449778930e-01
7.844817387837398348e-01
6.349607401654597805e-01
-9.981805034848757474e-01
-7.624846028593823544e-01
-9.019794486299392844e-01
-6.600328941908165659e-01
-4.551943304222591524e-01
-6.673215934043532638e-01
9.221953284033733711e-01
9.882860091247702705e-01
-9.899001711818968818e-01
9.533596492082341278e-01
-7.471354780607547541e-01
-7.380502067034891978e-01
7.270297034849577678e-01
9.762249777072243839e-01
-1.082947391017222011e-01
9.097203170083316692e-01
3.409699838410218953e-01
8.326666348289791797e-01
-9.976630922906075671e-01
-5.295406450795219211e-01
-7.929493557233686651e-01
-8.174341966173991336e-01
1.947890934055828416e-01
-5.597030068331231289e-01
-9.995676638445045725e-01
-2.515398838299593431e-01
-9.986619782889510910e-01
5.569733300476781279e-01
-9.379023498410847814e-01
-6.401448644053554515e-01
3.748836112041066260e-01
7.862516479948803427e-01
-1.901460249653010720e-02
-9.771726265651587973e-01
-5.615145645396223406e-01
-9.946648547816374641e-01
9.758086139527291092e-01
4.725701876507360649e-02
-6.180440218515474982e-01
-8.822453831490206788e-01
-7.669209001382299995e-01
-8.983744168735897651e-01
-9.503740527658198767e-01
8.680444213460457581e-01
-9.900941070552153889e-01
8.361453653842604306e-01
4.682365903749339253e-01
9.503058395807105763e-01
9.278728994450333722e-01
-6.287046259683582994e-01
9.085497213191116028e-01
-6.853738530221407943e-02
-1.469966764275802348e-02
3.261202691212812810e-01
7.808338063769492132e-01
9.998887571562076193e-01
2.556683341901060946e-01
-7.153606613274122727e-01
7.661478049998874384e-01
-9.952944595968385988e-01
-7.225803452963084350e-01
-9.026482608240605776e-01
-9.650474286753343289e-01
-8.677542082528385547e-01
6.563301973898699737e-02
-1.349509006173676973e-01
-7.339351419620511185e-01
-9.501847169832655648e-01
-9.954427867549291431e-01
-5.459633136954928911e-01
9.997393411948745090e-01
-2.962005347508939179e-01
-4.197159798567866029e-01
-8.950923115218609727e-01
4.824910291218896530e-02
9.825205232485266782e-01
-4.814694677011582824e-01
-5.276355886733613554e-01
1.258261273395466229e-01
7.949045486579628950e-01
-1.416218882523982425e-01
9.882779679016721053e-01
2.502196921826270737e-01
6.992312482386794370e-01
-9.557437232177028452e-01
-8.624610409123241173e-01
-7.423507878100291668e-01
-7.871463345718264781e-01
-8.931187448279275243e-01
-8.664030415504393456e-01
9.073258917306153970e-01
-7.571757792724147507e-01
5.737181441111811608e-01
-4.163885852425543432e-01
9.977006590378710849e-01
1.662951923683102934e-02
-8.340864133357926979e-01
-5.135453805638339198e-01
2.066651932204588704e-01
5.400329966710772922e-01
1.266492699837348246e-01
6.870368209037309715e-01
1.397813998992722684e-01
-8.600410819889112712e-01
9.963056068168174573e-01
5.387769879653603322e-01
-7.430659127408857367e-01
9.293435534079093063e-01
3.975579922043249170e-01
9.240416416613760342e-01
-9.461961576203378188e-01
-6.278934535793456728e-01
6.943915494970652746e-01
-7.549385979927816237e-01
-8.453212021364242545e-01
-9.810497619453235618e-01
4.221940534713943260e-01
3.181954031314332965e-01
5.019572247893390182e-01
-9.937240398617899206e-01
5.909713571926663578e-01
8.713656515325000906e-02
9.571387375468501935e-01
4.338047657748867469e-01
-5.427616984134734368e-01
9.813223134698694228e-01
-7.261297510932880339e-01
-4.187864433910880591e-01
7.251347717268429305e-01
-9.997698636615577339e-01
-5.032056797525945313e-02
-2.265335284504881030e-01
-9.639643692434892719e-01
-9.292317039132260703e-01
-1.979407933992314017e-01
-7.438764143280600649e-01
-9.899151783891554368e-01
-9.975340880350261896e-01
7.219877307720070636e-01
7.759403804627835743e-01
6.366142375805712295e-01
-5.554681885226150362e-01
7.188461218123631813e-01
-8.752559793720846582e-01
7.877109541581671648e-01
8.189187900281568178e-01
-1.362392305728202524e-01
2.137768945040706137e-01
9.893352780436668326e-01
2.159787141064564708e-02
8.603651415033298777e-01
-3.740009593130775856e-01
7.998152557035456134e-01
-3.158685088945460961e-01
7.891814867206309314e-01
-3.249228103563839287e-02
9.894370447659199819e-01
-6.087325190283626730e-01
-4.956328228339206277e-01
6.970666931800186816e-01
9.751753873464450439e-01
-5.447059288470608440e-02
9.721366714762003092e-01
-9.636354555180868253e-01
9.450473897908675536e-01
-9.354711062976626135e-01
6.228131992609532430e-01
3.497349776092351092e-01
-4.339481281335949570e-01
3.235946902849572426e-01
7.284046817596903090e-01
-9.457486837744535357e-01
7.867270589142244530e-01
-9.979352443678315421e-01
6.122177781659049467e-01
-9.951838202908337427e-01
9.635764005776861207e-01
-7.259487888369956510e-01
1.491008848451464974e-01
-1.919707209085815824e-01
2.755653240605900889e-01
-5.095517994313556454e-01
1.061471725283265610e-01
2.872207170027540335e-01
9.648942670342957051e-01
3.539573175140756089e-01
-9.873932058837602277e-01
9.511134575603985564e-01
-8.213959156533107153e-01
5.017214639369808049e-01
7.569534460322051572e-01
2.752324615628802540e-02
2.465166592565273818e-02
-4.205060887092428867e-01
9.986455740106330303e-01
-4.674839730674311689e-01
-2.285500075338581794e-01
6.334570590744860175e-01
7.652804295267857659e-01
-9.436741343230027335e-01
4.920932511944435261e-01
-6.041664614964622482e-01
-9.325594945343996800e-01
-5.403643684283252480e-01
3.830405761933528552e-01
8.329063243589548415e-01
7.660876873980206891e-01
-9.941458109657632658e-01
-9.419957889715449006e-01
2.090141089341807368e-01
-2.375095367763056520e-01
-8.285313505843173720e-01
7.977118169866569408e-01
-8.959473637026634796e-01
9.800602168347379850e-01
8.633197605076470271e-01
-9.151266556068062830e-01
9.991661272805270055e-01
-4.616423954986309530e-01
4.246541198234120018e-01
3.909565084789977663e-01
-2.479211966074655951e-02
-4.603717382918106060e-01
1.519398071626261171e-01
-5.949538481657626887e-01
3.876941013529695557e-01
-9.634427730834731474e-01
-9.354894215291187365e-01
-3.147005751204628443e-01
-4.169048420182625558e-01
9.971706433557320226e-01
9.965588841322415847e-01
1.197552634080705919e-01
5.218208131190643639e-01
1.174012178876081419e-01
1.229832702347897176e-02
6.779125515994602891e-01
1.791181654781597021e-01
-7.122226187695865907e-01
3.151451572748366070e-01
2.499839174959647969e-01
-8.044504791113010755e-01
-5.824091362125111138e-01
-9.484006922008951790e-01
-4.541657138885039635e-01
9.999995870972022693e-01
2.319131508162443067e-01
-5.005944646549344013e-01
-7.273198025034490755e-01
-9.509914226587012909e-01
7.780293117454788465e-01
3.948363050465140134e-01
-2.878375558083564600e-01
4.170010678542957483e-01
8.483979320368280064e-01
6.429213929427090024e-01
-2.397904831892594402e-01
-6.348083089245374344e-01
-4.527003520269406445e-01
7.783200419530210690e-01
-8.852971693264164443e-01
9.271599527807381502e-01
4.238130915386481012e-01
-7.177209782064974952e-01
-4.589779276139881459e-01
-6.890618209879546541e-01
-9.922758420949365776e-01
-9.660792019050131740e-01
-8.815300536470014325e-01
7.528880722871481579e-01
-8.581402137593328039e-01
9.891032881657605413e-01
9.996253647172730350e-01
-8.184114421009802687e-01
9.531083885855642368e-01
-6.686247214930617355e-01
2.642458947122152124e-01
1.011437669511835724e-01
-4.871986475159629237e-01
-8.517490184379437057e-01
-5.648211393403017588e-01
9.820054306241934317e-01
-7.839994200547623082e-01
-9.209378629203511801e-01
1.634545317748066218e-01
9.999988068404752628e-01
1.638003396778779930e-01
7.171399550182077087e-01
4.306130592270983048e-01
-7.612923335647658885e-01
8.409462882003616579e-01
9.410201359088989914e-01
-9.258723400946629045e-01
7.168495467571864843e-01
9.947784984758284432e-01
8.552102685607684274e-01
-4.886808844902653104e-01
-5.954270635662357869e-02
3.425076798550786283e-01
-1.425599691160643889e-01
2.638073108328355953e-01
-6.865578903623582585e-01
9.813462911324623006e-01
4.987792461417346890e-01
1.952512413925514001e-01
9.651222138863176925e-01
1.942777459180800304e-01
-9.809175014520438163e-01
8.215714741816435573e-01
7.790597389811058093e-01
9.878679029623067542e-01
-9.378484535930156074e-01
9.437561182428400031e-01
9.571056220739794229e-01
3.013069810165712736e-01
8.250675021218971672e-01
-9.761298549104107103e-01
9.505355982994385666e-01
9.153258337313593396e-01
1.701918289871904022e-01
-8.620873693212800504e-01
-9.957274007621098599e-01
7.835221890879479067e-01
-6.065970764188324260e-01
-6.603989608519912347e-01
6.799667352425921019e-01
-3.779255781306125050e-01
-9.872481534053751950e-01
-7.543802774777511599e-01
4.860057123537122464e-02
9.994137413849329965e-01
5.813441767960780826e-01
-2.062612415503872060e-02
7.833280282201762201e-01
-5.660768568182101834e-01
-3.131160614039835144e-01
8.293931603322082236e-01
-8.594183280861728003e-01
5.840760282085828425e-01
9.029273523129013324e-01
4.176766676423734337e-01
-8.802870113799177165e-01
-9.075677988717485434e-01
-3.859219543446386624e-01
-8.700383960599028521e-01
6.828765261422881094e-01
1.097338349347844605e-01
-5.489815557439561289e-01
9.893880677777409094e-01
1.992059877263503698e-01
-1.387087996042761506e-01
1.359522026509217274e-01
7.564289654041203015e-01
-3.977736701827752630e-01
-9.996838737645583617e-01
6.845994934501395957e-01
3.152278448308717951e-01
7.949235561191790866e-01
5.922241653437827491e-01
-5.941145916626533463e-01
-9.583846008007020911e-01
-1.593535592107187815e-01
9.125460499165424233e-01
-3.634332372562147362e-01
-1.901141759705691214e-01
5.907916678939326705e-01
9.243172562106407586e-01
-6.805632712222718927e-01
-4.988804388726610362e-01
-6.697331305240268318e-01
-9.984579838250121075e-02
9.856899077513698870e-01
5.375322768907012660e-01
-7.536248519840612614e-01
-7.206626753263432050e-01
4.513189472775096522e-01
-7.912942095965272427e-02
-6.533650005812122741e-01
-4.427570853447210242e-01
7.728150108721502098e-01
-1.509523343340541668e-01
7.451562102145492528e-01
5.748615315684323379e-01
7.973000378700460800e-03
-6.173855812018214095e-01
7.768962555205932707e-01
7.056348470964034503e-01
-6.985060047618284473e-01
9.183066401556908565e-01
-5.051412324577548851e-01
1.416547571778959402e-01
-7.185146535399822287e-01
-4.434086596906940958e-01
-6.848463736490882914e-01
-2.983691286246069052e-01
-5.829339097375162426e-01
-1.025097124685842576e-01
-9.177558528007139227e-01
-6.332695124309519752e-01
7.697415854531064472e-01
-7.992925916628197403e-01
-9.095574703606319478e-01
9.596863280891260173e-01
-2.354936763247690856e-01
-9.138349200040184472e-01
-9.997559664517280398e-01
-1.967729980651004018e-01
5.029344212359851962e-01
9.763241359056203938e-01
-2.710339040858418813e-01
8.674515531566696636e-01
7.049412031145869673e-01
7.634749648188765558e-02
9.907184214701005853e-01
-9.111452117510304705e-01
-9.903450239211984973e-01
-9.999799010103378460e-01
-9.117718026532535547e-02
-8.627922869527430150e-01
-9.975137247924088513e-01
-6.012060006268394874e-01
1.753426702255740099e-01
-2.413465549622182682e-01
8.785537938500853627e-01
1.162923477078103666e-02
8.093064120253993243e-01
-9.467783959244933933e-02
9.215335356995097982e-01
8.206619182891828901e-01
-7.734065838017560868e-01
2.849459910284507513e-01
7.410294847661126338e-01
9.989566020804236945e-01
-6.707418129946101093e-01
5.406594459691376198e-01
2.750971007566940241e-01
9.929679252368981413e-01
-2.393748819280012152e-01
-3.447895240925540339e-01
-9.589622746160145761e-01
1.349280957252549200e-02
9.485081633678750235e-01
-9.931664516716066649e-01
-1.138613718448802797e-01
2.881971471453143030e-01
4.676351198312691526e-01
-8.210495933851921085e-03
4.948299101220441365e-01
-9.835164602233736897e-01
-8.635399373381330568e-01
-9.999577994560495675e-01
-9.978554977867611919e-01
-7.719316914105243121e-01
9.621170495489661523e-01
7.471327959314955081e-01
-5.813607886001905811e-01
-7.220899643446659910e-02
8.870045847010296081e-01
9.979967737516771686e-01
-1.415809050148228165e-01
6.879385235305360835e-01
7.579727549530060893e-01
-9.811534158187005250e-01
-2.299797094723347590e-01
-8.629044638806662171e-01
6.880211651282803764e-01
-3.290890719071069836e-02
5.314272641193676927e-01
9.391441699834653933e-01
-3.462743869289268694e-01
8.521236137324245119e-01
-9.651049768965922482e-01
9.087842324522300563e-01
9.936175494337815550e-01
9.913466535454327211e-01
-3.409791130430129824e-01
1.980816382319131042e-01
-8.043253136195421815e-01
-9.347403539683224460e-01
7.916052067407739479e-01
1.980029440561389686e-01
1.747694518760302684e-01
-9.587815219392439303e-01
5.397527020786345719e-01
-1.892989751549868094e-01
-4.665373142798385775e-01
-6.392761541984454121e-01
9.005922022229148061e-01
-4.912131828927240318e-01
-4.973304407197523536e-01
9.992661996544195402e-01
5.661345153472377989e-01
-9.857889365759374689e-01
-1.591685216535504155e-01
7.865639976949282408e-01
-9.851790020108157631e-01
8.235801510492472000e-01
9.177057273009063820e-01
-8.216217432983664581e-01
9.010283055127268348e-01
6.712158561604115725e-01
9.979237492244951158e-01
9.364421866275274287e-01
-9.983467968548312976e-01
-6.848704718141870873e-02
6.497619322494975203e-01
9.663373197747887611e-01
-3.296902723559627657e-01
9.603903805149506256e-01
9.944505673350325647e-01
-6.211123402293231566e-01
-8.199817433418057355e-01
1.665160872780656331e-01
-8.242990174590560937e-01
-6.269493250559841080e-01
-5.412021969179956482e-01
7.642802533274116739e-01
8.281023588438429783e-01
-9.508198689420370719e-01
-5.481235575518121905e-01
7.946339640923151260e-01
5.334653824059071292e-01
-9.991612023763534189e-01
-6.227892734154525378e-01
9.842826015129355621e-01
9.057460023860937071e-01
-6.097268956668180362e-01
5.134616496244071016e-01
-5.900680800584964247e-01
-9.214287481189492590e-01
-3.122526942499476710e-01
-1.927848828480884791e-01
5.006181976891252994e-01
4.834881226354265094e-02
8.246530674017944484e-01
7.960645995975488276e-01
9.957482212633752550e-01
9.805709688751540476e-01
-1.378274766709957910e-01
5.794221816385305424e-01
7.118115826280849712e-01
-9.411025795174048358e-01
9.327630029104269083e-01
-7.866423637469518448e-01
9.373029331703292000e-02
9.534165592411397716e-01
-8.379035970938324418e-01
-2.676684073425816268e-01
-1.354551301881480041e-01
-6.911373176063712390e-03
8.879334200709023683e-01
-9.174553880592706268e-01
-8.227138848584159003e-01
-9.644648366541704876e-01
9.896336964718710494e-01
5.378639831572010754e-01
-7.078783999299914642e-01
-5.525269376046134662e-01
-3.677991943461818569e-01
-9.404875064099437187e-01
-8.833589932951037005e-01
-7.796068213051596807e-01
2.230945136814660168e-01
-1.676610683738834484e-01
9.986352487613142648e-01
6.574314890710392101e-01
6.133081193884643012e-01
-8.584140067466333734e-01
-1.086796806145663846e-01
-9.477517001888474679e-01
-3.511719556991328428e-01
7.369225750688037646e-01
-2.081363225205131451e-01
-8.902675346384232302e-01
-9.302417484269123182e-01
-4.604628571001457837e-01
7.540212476135814690e-01
-7.287596277477540463e-01
9.999437459776044923e-01
9.248378940115395963e-01
6.020842265524612991e-01
-6.896262412059950275e-01
-8.360767615073823045e-01
9.889217951242802451e-01
8.283562375151701795e-01
-9.977043037156926863e-02
9.126658417355093533e-01
1.312090580039895205e-01
-3.690684432237861107e-02
-1.155761994574501933e-01
5.503161859902948594e-01
8.322424103980521348e-01
-6.028214219128775753e-01
-4.934276347889886560e-01
-5.021441510491794213e-01
-3.693817619836115007e-01
9.992609862418124766e-01
-2.849647778859439318e-01
9.818219302817789984e-01
2.376385039243623376e-01
-9.639511800019470167e-01
8.168229869309289182e-01
1.358862864726895041e-02
-8.510887793996352313e-01
9.186509717766090377e-01
-4.401705947777491135e-01
2.874222774457281249e-01
9.338786794038368422e-01
7.060341132920582297e-01
8.165584957958241796e-01
2.561592478618318625e-01
3.383692556884539959e-01
-4.166927230045495145e-01
-4.896335082705742248e-01
9.731770039910375703e-01
9.902536826299634942e-01
-9.937930730236820276e-01
-6.514556884128346048e-02
-2.443067147737811029e-01
9.889423503922982750e-01
-7.103586722180497137e-01
-9.999527361915686585e-01
-5.636361693964110353e-01
-7.444347860796675098e-01
8.052416199505018080e-01
-9.998441453309734328e-01
-9.366544096982860612e-01
-9.946431638905800510e-01
7.168060075507343143e-01
-5.642283923393807132e-01
-7.225368446120373767e-01
2.164140416204819728e-01
-9.640034042171631290e-01
-6.261981366483353462e-01
-8.447228796631184311e-01
1.257895486108418504e-01
-1.772180820419653746e-01
1.763648471409309526e-01
-1.438917792762190728e-01
4.331210611696479362e-01
-4.395532095193344091e-01
-9.069977459707575518e-01
-9.903196173504772437e-01
-9.915116333059063036e-01
-9.213584273845624173e-01
-1.300312514437352018e-01
-3.149350642788015797e-01
9.960819879528574061e-01
8.879026236550041640e-01
4.737958846529629620e-01
6.338215166416421020e-01
8.465038202863605088e-01
8.585007470966979914e-01
9.002496644106652290e-01
8.322787489427493357e-01
3.667274409318603823e-01
-5.322454865588286399e-01
9.959223461011510459e-01
7.992429472428416171e-01
-4.923253772217354718e-01
8.654654303058531561e-02
2.980041728491779063e-01
-9.065932159001761637e-01
-9.994255329388117559e-01
8.029349440311802644e-01
8.515960538988597284e-01
4.274315620990391529e-01
9.670577305523891942e-01
9.518887244021555505e-01
-7.425721428738302210e-01
4.003517198272822930e-01
-9.355944113027663267e-01
-5.402326947150739578e-01
9.739434024062827433e-01
9.825374571676165347e-01
6.810001073969732532e-01
7.749707610552468706e-01
-9.680133770501557766e-01
-9.811019148176527427e-01
-2.641583173673329732e-01
-8.194022780159383457e-01
6.564433358419239362e-01
-7.884389633179045287e-01
1.147203846955071466e-01
4.777911454094146970e-01
6.735140263452326498e-03
-9.449070383397452089e-01
3.397348064262917799e-01
6.328370356384480644e-01
3.087572601075526113e-01
2.965038863656946910e-01
-4.476015064735099774e-02
-3.946027015956208306e-01
-3.523466894814223926e-01
4.978176200948630226e-01
-1.351766120710887198e-01
8.806772736295058746e-01
-2.440630550868413406e-01
2.307674602349686077e-01
-2.710228466716116391e-01
-9.996146955920289789e-01
8.217391241919981271e-01
5.476140569969821792e-01
-9.202700047830659758e-01
-1.625870565368077447e-01
7.371344077569903508e-01
-8.820078091129445186e-01
6.882246517856566159e-01
-1.436508077145978723e-01
-6.924144984005393688e-01
1.320988282709506870e-02
-9.527936463265065381e-01
-9.648000704673476147e-01
-6.469943526060003558e-01
2.647964176172397655e-01
4.716259389404442448e-01
-6.460235275034016400e-01
6.537125875541747178e-01
3.139800623668142360e-02
-9.959877289765571851e-01
-9.734758536496720405e-01
-8.523889982455786773e-01
-9.630127900829231757e-01
1.282939561186391964e-01
3.505218291417622201e-01
-7.828482232949497410e-01
8.615203529508186353e-01
-9.704239430866463678e-01
7.462656672458937157e-01
8.598735697913723053e-01
2.263498068042088529e-01
-1.724686257411915391e-01
-1.713226604372729556e-01
8.721084869179124288e-01
3.836601132742400999e-01
-3.270528557773704770e-01
-9.762331402291820615e-01
-1.879018881086817472e-01
5.497261630761928197e-01
1.931868475220321901e-01
1.868899089116562995e-02
-9.999956204546834870e-01
7.447811713170791048e-01
-9.086363284342440227e-01
-1.283678013252841643e-01
9.115077457217592993e-01
9.920044317961578262e-01
-9.542184129542674587e-01
-8.389742657478708177e-01
9.972552160289890333e-01
8.142663727986114708e-01
-3.180627953961592813e-01
8.967618702775925765e-01
-9.939251750591520107e-01
-7.971887810472211289e-01
4.419542725735083888e-01
-3.045714099394793428e-01
2.622674471390831208e-01
5.793134362407192928e-01
-9.226864615095428102e-01
9.949954484829766077e-01
-7.485521270981707609e-01
-7.853554539159258718e-01
1.625259000931611464e-02
9.939435713974870135e-01
9.957633565145398435e-01
-9.197025026485828869e-01
-7.897725658462004805e-01
-6.500379218173056861e-01
-7.753175213177022629e-01
-5.571997868550673250e-01
9.547737883031003348e-01
4.655335281762324473e-01
-6.243756287797962434e-01
-2.146656696057334390e-01
-6.938808883179798936e-01
7.650552044610781088e-01
-9.194066032724689252e-01
9.379388221759387134e-01
-8.726930531216088305e-01
-9.993225376622525413e-01
-6.472447255734599114e-01
3.139008282729471855e-01
-6.206123338461194683e-01
8.425558946440063757e-01
-9.870468439684618733e-01
7.124878094792063132e-01
-9.058094157268272717e-01
-5.579147145534105734e-01
6.712710699873941644e-01
7.265041481301642845e-01
-1.559466738407664921e-01
9.429360765952873313e-01
2.498006260186686756e-01
-9.108524840153160440e-01
-2.992563789264903740e-01
9.943194858244854828e-01
-3.675537206651514066e-01
-1.976382235593728276e-01
-9.474965760251508051e-02
-3.178336268764862527e-01
9.736664273130383185e-01
9.979343710787240695e-01
-3.897135406217268061e-01
-7.135549191058581098e-01
2.273437220598248376e-01
9.975490218535814080e-01
5.003713952889665695e-01
9.747422186589361770e-01
-5.087619663381516277e-01
-3.730572974960668642e-01
-9.092184420934832367e-01
-5.174202403413680207e-01
-9.942975509032663251e-01
-1.985218901787856594e-01
-6.376661229402040831e-01
7.541516696020351684e-01
-7.707526017571410260e-02
7.057579817865943239e-01
-7.660100534198658329e-01
-7.616253955039881118e-01
9.922458807224106003e-01
8.751321081730482065e-01
-8.658708128360471656e-01
9.650686910244650196e-01
-4.978551293960898905e-01
3.182855219620098208e-01
9.103432296835142212e-01
-3.237475520158057951e-01
-9.557012109199831684e-01
7.848033550003672421e-01
-6.991677322895604174e-01
-2.977075516033959035e-01
-2.223673105136831085e-01
-3.661615899460724521e-01
9.296411147879899417e-01
4.123859024189058253e-01
-2.803081308902006033e-02
-9.379556048279279468e-01
-1.005902510859397747e-01
-9.663962926885092397e-01
9.933324639057869998e-01
-5.640251658718294092e-02
-9.943134538988145366e-01
-8.241299279125062771e-01
9.934146785052362649e-02
-9.660137751020563268e-01
9.258249088040216845e-01
-9.024496052177357619e-01
-9.865851356006908324e-01
1.822715815257437699e-01
-3.213058521603422979e-01
-9.305918350290788288e-01
-8.854213944361880584e-01
-9.999514610954323146e-01
9.953145031270419496e-01
3.991700493653639326e-01
-7.135945708610100802e-01
-7.401261047258549386e-01
-3.226194399252690914e-01
9.810714740894548314e-01
-9.130972994132774412e-01
-5.958267178460883162e-01
7.524829329254170140e-01
9.387456912760780980e-01
-6.588568193921261473e-01
1.551653199297064467e-01
8.074046714746861697e-02
6.770952923700579440e-01
1.377849346711972622e-01
-9.816288591146458131e-01
4.196730712326758317e-01
-1.153577177179818392e-01
1.696460602717538846e-01
-6.549656748973534670e-01
-7.900311242473121442e-01
-9.873219150665830668e-01
-9.997814263043930394e-01
-7.273894885817374645e-01
-2.286513121940879356e-01
1.692492853946092057e-01
-9.198336558273035868e-01
4.851075360499020883e-01
-6.987204067232105631e-03
-3.495075482088180752e-01
9.548210496447989692e-01
-9.593053275588779849e-01
-2.997209010427604459e-01
2.607245791386925693e-01
9.223783126287429246e-01
5.953597838690354305e-01
7.981279338439304372e-01
-2.289470566058786072e-01
4.464800103049182955e-01
6.530122141196871288e-01
2.373379911292228250e-01
-8.115138536421314663e-01
9.933278743618585427e-01
7.138003173354239284e-01
8.684563628241386002e-02
-7.468761277787184794e-01
8.780835873353224352e-01
-9.985142188442579503e-01
9.765016343224132145e-01
-7.645279717435237155e-01
-7.786260114303034108e-01
-4.883486847337931702e-01
-7.252522838162119845e-01
9.975584706218152409e-01
-5.844167050563139343e-01
-3.753226653468164087e-01
-9.911336847791121230e-01
-9.424759251139375182e-01
6.529399890391611727e-01
1.294073126750657499e-01
-5.043797231455312557e-01
-6.833659668853816482e-01
6.031207767651188822e-01
-9.721761655472148655e-01
9.442901263444059001e-01
-7.459154400812962882e-01
-9.516175215083315653e-01
-5.686262032013483791e-01
-7.795500549081725294e-01
3.035019587285849862e-01
9.976593007682046377e-01
9.991790364415029657e-01
8.852196520562205517e-02
-4.334191389881594247e-01
-8.471221386237698381e-01
-7.491720703635986744e-01
-9.893251583482071121e-01
-3.207855206944482673e-01
-3.485125048325362074e-01
-8.704940982647327852e-01
7.885742078874321548e-01
3.426119144120818860e-01
-9.861803597518107312e-01
8.473343111063663669e-01
9.582494701205197529e-01
-7.111467521078242982e-01
9.867086245029851321e-01
-9.552664159624707496e-01
7.009718208315405263e-01
-6.850418897999601374e-03
8.326712531938340600e-01
7.833204206316967122e-01
-3.579757244325790927e-02
-8.163629211665056618e-01
9.378688200716057688e-01
9.534987401532400986e-01
-2.424167799908945042e-01
9.352965370317201099e-01
2.683348422510806741e-01
4.764998444816432865e-01
-9.740494335247465996e-01
8.581198452358363982e-01
-7.286923605227955125e-01
-5.045074975554537655e-01
-9.941330611463780054e-01
-3.016487255135719692e-01
9.969111919447747328e-01
9.377612471621907808e-01
-9.264983441876192272e-01
8.502927432266121910e-01
9.999973718756285379e-01
3.774181415945377371e-01
-4.882417463958854120e-01
-6.942223480354041687e-01
2.021478936772946322e-01
7.753437226799519966e-01
-8.591511140595128326e-01
-9.628952166936314283e-01
-3.684318311085865716e-01
9.845975170351849437e-01
2.255504921323300271e-01
6.843275788453525577e-01
-9.960448286032377307e-01
9.016306691796306394e-01
6.865161774307675380e-01
-9.023988394652159295e-01
4.977670833321903854e-01
-3.558798270704831568e-01
-6.124197644522338946e-01
-8.684080675121248483e-01
4.694634409612851167e-01
-2.381060882199343698e-01
9.923005737031965756e-01
9.945877762537685962e-01
9.777109743450141943e-01
5.297287046898583318e-01
9.386582084432675277e-01
8.798105004294782816e-01
7.371028030103002893e-01
3.271747412365185737e-01
-5.262452721667659761e-01
9.893367586755001941e-01
-8.977807716556994722e-01
-5.733174911054568224e-01
-1.390874156410795148e-01
9.920608286634683415e-01
-9.568451198178711259e-01
5.550489296859174582e-01
7.146215866170169129e-01
-8.378043253109437316e-01
3.618613086860513195e-01
-9.970256365624567962e-01
-7.255295865811016709e-01
2.162514103274733590e-01
-7.034311619259132620e-01
-9.994797891624720432e-01
-5.459309269725223790e-02
8.009996855397479854e-01
-9.909783552519779715e-01
7.205210733933381517e-01
-2.063013122766608753e-01
-3.600116878468939685e-01
2.850086399094501899e-01
-5.070438812859471289e-01
3.684166633459801665e-01
8.517401770280823570e-01
-6.609504669665371424e-01
7.030148005543661593e-01
5.640824079014506998e-01
6.742415318910056632e-01
-3.790401872556797835e-01
-8.916897223254474092e-01
-3.038614721860529722e-01
-1.344697086778382511e-01
3.698535508838444730e-01
-8.363640299080257745e-02
-9.901043892411127700e-01
8.389665211129474498e-01
-7.021619090155032383e-01
-8.699224350893458579e-01
1.431117204573886525e-01
-8.090664961039852887e-01
-9.972691164264256836e-01
9.756155334986333916e-01
9.573999335998100157e-01
6.589610365628413291e-01
-7.445630857678916525e-01
-9.999894977305332500e-01
-7.753309639065282255e-01
5.141578014416208209e-01
-9.900879568832620103e-01
-9.167875616317828769e-01
-9.642687135209956351e-01
-7.170573446209222990e-01
1.422315692688916333e-01
-4.723075714735839870e-01
9.654950682148704111e-01
4.762477454280845124e-01
-9.469826091747788332e-01
1.775781354232662534e-01
-6.507037447398230645e-01
4.555694060650112842e-01
-5.475129900973493280e-01
1.128402222933755639e-01
6.450784359550889580e-01
8.693128531213333288e-01
-9.679384417707881383e-01
-2.624284688275043687e-01
-9.909892638549075983e-01
-5.459484950392258229e-01
-2.843796716074670217e-01
8.182099455157434420e-01
-2.150134753845905078e-01
2.750811794889508333e-01
7.247737040805208864e-01
-2.895143999665126047e-02
-9.497802471367505772e-01
6.002690244655115581e-01
7.331971946834526799e-01
7.422745462636660685e-01
-4.865818301705816529e-01
8.036478643061781835e-01
-8.815663981662279491e-01
-3.264931047419433741e-01
3.931655599085690650e-02
9.121626613549308482e-01
4.810394260206455885e-01
-1.532196968954569471e-01
-9.673647087870491657e-01
-9.425428342497678136e-01
9.572162005908696480e-01
-5.925210650966906689e-01
-9.999292365561835982e-01
-2.877226616520525693e-01
-9.894653453023986023e-01
-8.525007395367938390e-01
8.807123896364477122e-01
9.146591172160106753e-01
-9.653839523683361845e-01
-8.884501069352465086e-01
-7.060889469833065979e-01
-8.508819876489259748e-01
-7.129094934978061904e-01
-4.259374259331565327e-01
-7.265867370868234199e-01
-2.130577205716169542e-01
-7.449915951016408133e-01
-7.659654619240642281e-01
9.995101653470304104e-01
-4.590130528415683475e-01
9.368560159664751641e-01
-9.967244137853368269e-01
-7.657891408613848316e-01
-5.756522489855218083e-01
3.108751718317652180e-01
-3.902150832558796689e-01
3.437559771684202681e-01
8.343448903622583401e-01
7.492878577138284424e-02
-6.105610373770881116e-01
9.673073092319918187e-01
1.495275781791495784e-01
8.367553289754293688e-01
-5.539401075037382327e-01
9.159769055144113548e-01
6.826410165134566554e-01
2.374201323628173654e-01
7.365200572478266539e-01
-2.963342350984566886e-01
-9.989241684148328915e-01
4.541211243631942396e-01
4.322242377544208147e-01
7.344023466611458995e-01
7.499215424704909205e-01
5.833744290553810607e-01
8.745510078219941308e-01
1.383145568281989313e-01
9.830924317519003086e-01
1.229291712474921555e-01
7.112064229671898330e-01
-7.165503250903166865e-01
-7.504856102109872529e-01
4.619386595265024265e-01
-6.384776000966574383e-01
-6.604565916339106835e-01
9.725664814241137268e-01
9.852060630398538077e-01
-7.185879626285660571e-01
7.975551151611194323e-01
-7.126200852265550667e-01
1.147402954169336881e-01
-1.035135324334018891e-01
6.064461184923696235e-01
9.610299596685730750e-01
6.542217221097884616e-01
3.230420623997612428e-01
3.870880402530993969e-01
-9.944888609817910119e-01
-9.497691589356708208e-01
-4.207005008349830044e-01
-9.146847244127841448e-01
9.747286964815049526e-01
9.681714076546155123e-01
-2.286789769520753968e-01
6.207084163477484262e-01
-9.423667254596361786e-01
6.300042662550128236e-01
4.153793062827962346e-01
1.617841727652007122e-01
7.918647054799919927e-01
-4.743068293540134706e-01
-6.256396225333524796e-01
-4.573499654179193352e-01
7.745851523751478007e-01
-1.636092099842658132e-01
-9.105108602591529543e-01
-7.328107613637014905e-01
-8.078715683728580066e-01
-9.165178417138908351e-01
9.286103087238068987e-01
9.600343515264824212e-01
-1.267737804231054699e-01
3.513841653627328698e-01
-8.131224468923616833e-01
9.705432182377967676e-01
-3.996952549623970508e-01
5.859700144644143238e-01
-6.094309034880417419e-01
-9.467523859748512294e-01
9.714548421400930056e-02
5.387563871601515064e-01
5.783421160037953701e-01
-5.104626008659109981e-01
8.136445578856060790e-01
-9.729300303472609990e-01
1.002778756567573731e-01
-9.406376413856576413e-01
-7.467954777357866947e-01
-2.326419416791167261e-01
-9.717788800574088670e-01
5.048249470785712845e-01
5.997859856690653801e-01
9.628437905547004849e-01
7.746551608917279230e-01
9.164005681323129648e-01
-4.551143992512400316e-01
-6.479151313900254339e-01
-4.660239620856406195e-01
-2.807026844646819397e-01
-1.128132738139901864e-01
-4.392234175579158295e-01
-6.012745498608009775e-01
5.141540624393953207e-01
-1.416006263132059961e-01
-2.038966955907789980e-01
-9.807421873429613690e-01
-8.730978158081518226e-01
-4.726310149901920554e-01
-9.294392105367333956e-01
8.664903136912022186e-01
9.624114912286299006e-01
-8.830653309440370524e-01
6.007763929337813780e-01
9.957257461516704211e-01
9.356591948559098704e-01
9.854913933745802490e-01
-3.716926385009189371e-01
9.883007393368883342e-01
-5.575426293342455875e-01
-7.968728540573624120e-01
9.461696911577618385e-01
-8.570694851152058646e-01
5.536855503675253143e-01
-5.673848235188075906e-01
8.459781195557064537e-01
8.558050733523867581e-01
-9.854524295019561064e-01
7.329289496447818353e-01
6.218813373624496599e-01
7.811638674518605052e-01
9.637069530100269565e-01
8.985193195756964180e-01
8.673480829975561690e-01
-6.449863503266802800e-01
-5.126579791664588326e-01
-9.888994616974224883e-01
-2.454203825620412116e-01
8.020751430423473938e-01
9.601264482112784604e-01
9.405817815119366099e-01
-9.439025973592157781e-02
-9.533617376425306267e-01
-6.979673603820187866e-01
6.271178353086062085e-01
-6.758637641981120048e-01
-1.172532160181167515e-01
-6.775085197755567057e-01
5.211454503270873673e-01
9.236316285397564441e-01
-6.443889112921195039e-01
5.181822265648837744e-01
3.118546265023425246e-01
7.120794157612866382e-01
-2.570980775555016806e-01
5.361981901796766259e-01
-9.993547591154360310e-01
9.933382623126013611e-01
-1.683733529511924343e-01
5.006745363770361695e-02
-8.304492771310386656e-01
8.734886033239313008e-01
6.833595717574554307e-01
-7.072230145773612531e-01
-2.160220009762771898e-01
6.585950572093675071e-01
8.049381729962968857e-01
-1.419056336429737053e-01
-1.702069518857876329e-01
5.143107526593256734e-02
9.966935439511853678e-01
6.146222342340739581e-02
6.628049149542214469e-01
-3.291397295035823189e-03
6.320911548947239465e-03
8.632430926952161521e-01
-2.156217058637160955e-01
-9.596683078361278874e-01
9.514787684503511755e-01
2.857216879511257149e-02
6.493440874953558817e-01
4.272749658829814723e-01
-8.680851569011143187e-01
3.908563514013722595e-01
-9.152815071129808411e-01
7.364292365987810118e-01
6.132188552102701973e-01
-8.634983475977079381e-01
4.264917817880896633e-01
2.312965945396623368e-01
-9.322817733188824008e-01
-7.936193393473760516e-01
4.217053579958955911e-01
-5.239713508434181710e-01
-5.084169765105741590e-01
9.998789916663231025e-01
-8.736023811840859521e-01
9.539123847509123344e-01
5.547589152856787775e-01
1.832226571701789375e-01
-6.567087985243885706e-01
-8.718231205082634105e-02
8.540515442924094813e-01
4.366267179184292746e-01
2.333869906674365391e-01
-5.610899577411376793e-01
-9.996555371689871405e-01
-9.975010446683572063e-01
7.528466048544271150e-01
-3.731065515278197270e-02
-4.074199332488847580e-01
-1.296062771502291822e-01
-6.958181804999262754e-01
6.056793049355577718e-01
9.806772574354446492e-01
8.412682694054853805e-01
9.604587940286339887e-01
-9.940509067908812613e-01
8.360439889691282378e-01
4.609548514277103659e-01
1.231659205274861779e-01
-7.409171410203715391e-01
8.360343958464180325e-01
5.136530965480762267e-01
-8.735704690392955829e-01
-9.835730305701414489e-01
4.826161776767031730e-01
4.263254533434939764e-01
2.381284868409237476e-01
6.827065598315381623e-01
8.184474741040697054e-01
5.487697758730905595e-02
-9.996181511582561408e-01
3.158745893449767528e-01
-1.958845380633956468e-01
-6.878619995146164623e-01
-6.588783550909064202e-01
4.276703694991503824e-01
-3.648297805182180720e-01
5.680353287254596983e-01
-9.884677746309060709e-01
8.707545035028120273e-01
9.494378686173997606e-01
-9.125952527716518770e-01
-9.831012619160723887e-01
-1.686382651428225965e-01
-9.057020768548403877e-01
8.637692228344620027e-01
-2.229634545466775697e-01
-3.995021396041248951e-01
9.902924973591549218e-01
-7.663730097281494791e-01
9.944881326223778961e-01
-7.997993704944346138e-01
6.753646281414640296e-01
9.975418940163954806e-01
9.523538283074950428e-01
-5.095023278386292542e-01
-8.518166338828623285e-01
4.623861039273809426e-01
-9.008677509778421078e-01
2.360852620055610973e-01
-9.776870434005177080e-01
3.734952345823171899e-02
-9.998092926684282178e-01
8.763584319705192138e-01
7.099651928210212182e-01
-3.537214824637786338e-03
7.578129630355477930e-01
7.113445693891619070e-01
-9.914504590686948893e-01
-6.084356332077952567e-01
-3.413737017141318386e-01
6.484794052328111125e-01
9.862291799446545326e-01
-9.853151304575813452e-01
9.477706657953473279e-02
-1.593558177318317171e-01
-9.724665375943251089e-01
-1.594308440215493616e-01
-4.196123754718777271e-02
9.393885662903129763e-01
-2.235353061096839039e-02
-2.797338955473420152e-01
4.607976813198936261e-01
1.811221571469664726e-01
7.883435784524905898e-01
-9.996935833888591638e-01
-5.920741257555119930e-01
-4.518859358505761259e-01
8.731287226683152047e-01
8.633355566157001615e-01
8.795948857634824369e-01
8.219230274300709516e-01
4.468758272353643424e-01
8.264983507360403880e-01
-9.910739714102215769e-01
9.216680684813549629e-01
-9.300892183401024971e-01
9.962821262062283578e-01
-8.993047642531869501e-01
-2.604628526642631114e-01
-9.787021050498295738e-01
9.740959432930137440e-01
-9.577190836927315098e-01
-9.755380974159688634e-01
-5.540116572630726655e-01
8.447362665981765772e-01
7.677427442770332622e-01
2.643221811832066614e-01
9.744952765066056122e-01
4.322983491950594531e-02
9.331506805840072971e-01
2.920432115540388951e-01
3.812378631699656073e-01
-3.021607976113012128e-01
9.163462495737160207e-01
5.770372136899614146e-01
5.122721596334296745e-02
-9.834388195696023294e-01
1.517378176896276853e-01
8.290126765864803959e-02
9.695547684250994669e-01
9.968535716121418311e-01
-9.969654828493466070e-01
1.881283712189396884e-01
5.867465028992482345e-01
-5.569620013324643182e-01
-9.566381476352432411e-01
-9.850082825580266377e-01
-8.877844210457784824e-01
-7.966759324562654454e-01
-3.806702216425984497e-01
-5.768850010699946296e-01
-7.265476156536965213e-01
-9.205084870118014351e-01
9.190474460442661364e-01
-9.313204999113782190e-01
9.171573537030469625e-01
-2.761138795797694057e-01
-7.732948818435104732e-01
3.380323814558536255e-01
4.656557103693574340e-01
1.529963852899358101e-01
-7.155891123935302911e-01
9.948538996295253067e-01
-8.830635712988006425e-01
-4.782980219578752412e-01
-9.943196994340846029e-01
7.261839370472267241e-01
-5.455447626906108072e-01
8.391849169802586550e-01
4.323112085293776552e-01
-7.416094958664841696e-01
-9.032024825185538397e-01
7.004171343677916273e-01
-3.759294985389796118e-01
9.007920925351270425e-01
-9.909394685358032806e-01
2.654649571569082933e-02
5.829417392906116602e-02
-7.215019597014704633e-01
-7.966074119606934012e-01
-9.501201709853102084e-01
-1.769164172316282646e-01
7.691877703119123222e-01
-6.983355733088871808e-01
-6.478579429085274954e-01
-5.329779316662075495e-01
-3.726349500345657595e-01
7.851561053096420828e-01
9.955407175361125072e-01
4.772983712973347670e-01
-4.738670786097384235e-01
-9.686043553104196624e-01
4.192871571260636254e-01
2.040388625894305474e-01
-9.966693611995935953e-01
-9.849579157269977570e-01
-8.677557444310713963e-01
2.641950856352150434e-01
-3.193359692882254963e-01
-3.155743082477311390e-01
-2.675828551732696847e-01
2.305074983513953277e-02
-8.850342754507407594e-01
-6.551571410472150081e-01
-5.222448086546153112e-01
-9.090519621993480293e-01
-1.076649101078658577e-01
2.035030043626492313e-01
-4.332848991327888921e-01
9.996312300884926394e-01
-9.999431840771081381e-01
9.739683626339922240e-01
-6.793334233076353534e-01
8.344568752095897768e-01
-4.463486655240861412e-01
-6.242487408626813394e-01
-4.609067342997383299e-01
9.558286895903410629e-01
9.703845725485008566e-01
-6.479097399339173169e-01
-6.157083934676124137e-01
3.314240216178346993e-02
8.896649886511811545e-01
-8.613486500360949538e-01
7.726777740895072188e-01
5.450676861769065962e-01
-5.862318129442077863e-01
8.493592040297905932e-01
8.839963575013942698e-01
-7.749568005631559675e-01
8.816332421421969601e-01
-7.342078004264105395e-01
5.518619860638787067e-01
-9.407729510950997298e-01
-6.809230108204926690e-01
7.119382208118679722e-01
-2.676269107585820817e-01
7.598317441063690003e-01
-5.390904999828034505e-01
9.350001880735833160e-01
-6.943798282347558581e-01
-3.933615412790076871e-01
9.777578587344146754e-01
-9.441070977352148397e-01
-9.863374008408971605e-01
8.440497832018835078e-01
-6.791941301227412131e-01
-1.375768312813401562e-01
6.598548575547736883e-01
-4.594716634559872226e-01
7.058978421189880670e-02
3.676983851857316132e-01
-7.804146349791840631e-01
-9.774738902337710700e-01
-4.948807865396962491e-01
8.697959919468974954e-01
-6.892518534746195913e-01
-3.038268444195176832e-01
-2.198503276371970572e-01
-4.901106187438336037e-01
-9.895545078897934888e-01
-9.235519688547164652e-01
-9.999031079948261791e-01
-5.790768829142792784e-01
9.973243834671162711e-01
-8.481520441027180501e-01
6.030257316768633524e-01
9.485401603238983181e-01
-2.043968873657382723e-01
7.462585510690498969e-02
-4.299037537547306109e-01
9.052473935499852908e-01
1.375933933334848036e-01
-9.650260633906400098e-01
-3.495511708351957680e-01
-7.315168410665787158e-02
6.674467294866527345e-01
-9.681591055041784966e-01
-2.774472264798695242e-01
8.368801775023255729e-01
-9.442895424838243512e-01
2.183298023817448197e-01
-1.891365819870946541e-01
9.771862580714980595e-01
2.461037522602083638e-01
3.597061515617508420e-01
-7.415894008180516916e-01
-9.853741330829346445e-01
9.991974945696404653e-01
-9.580692280228396696e-01
9.896032699088955775e-01
-4.749670392121032036e-01
8.756466960245389286e-01
2.143264119242442589e-01
9.640269455141685651e-01
9.298316678366564947e-01
8.374007182560674334e-01
-9.995943282459301971e-01
6.400154774856852136e-01
5.208303283463619482e-02
-1.666855716348620287e-01
3.043882329648759863e-02
1.457713290916813342e-01
6.468779781694702358e-01
6.546370399637398974e-01
-9.761516349657557434e-01
-9.953195710252621398e-01
-1.118471297428641487e-01
-5.386154782942665920e-01
8.012396336042160172e-01
9.950226250249855076e-01
-8.941787477744279622e-01
-7.523980126647769051e-01
-2.685412067420052118e-01
4.272145619284242746e-01
8.036202570190620342e-01
5.798285137450192028e-01
1.738644537679764068e-01
8.499629414908767000e-01
5.520008898186830049e-01
-5.479914825171253723e-01
8.928327573452555788e-01
9.993222839335572649e-01
-9.088478408925352303e-01
9.962662842652576511e-01
8.982117695701136162e-01
9.064424137229493139e-01
9.208289949290786591e-01
8.605525801915553386e-01
-8.774331166135829196e-01
-4.672385438364181076e-01
9.849160885893443185e-01
-9.706692884739738236e-01
7.716538665995282820e-01
-8.000627883032106480e-01
9.723443284335661074e-01
7.812182115457048104e-01
7.051785683744911104e-01
9.262254921441863686e-01
-9.821181877110574110e-01
-8.302771042798647860e-01
7.383701960397971442e-01
9.954090608886910774e-01
-9.738498641834979486e-01
-8.321750880560154773e-01
-4.136154103530321757e-01
6.890932744691624645e-01
9.996826509823238949e-01
-6.602134260341544492e-01
-1.927364098714668197e-02
-8.215549057549750289e-01
-9.999264201715466482e-01
9.997662310217684256e-01
8.996078581830829757e-02
9.942050348977340413e-01
-9.869898063664097609e-01
-8.866365361484058738e-01
-9.996879646851132284e-01
6.633096123523696264e-01
-9.947964132606403886e-01
-9.588057196011420258e-01
-9.598755723030135689e-01
8.432948708504822699e-01
-9.999658737296862610e-01
4.148290042212567919e-01
-6.070646262214286493e-01
-9.391358454449415527e-01
6.229144788035818614e-01
-5.939970094035184056e-01
-5.624292001635872174e-01
4.439033153989528357e-01
-9.763394078628965245e-01
4.079654555658187576e-01
4.153202004027101713e-01
-6.011454014463241124e-01
-8.986467629575807248e-01
9.392512621873255751e-01
1.199732174953700575e-01
-7.541746450231930909e-01
-2.590343158981113780e-01
2.925543452552067936e-01
-9.281025726661713549e-01
4.798439500072799735e-01
3.142729884397540419e-01
1.919369529080108550e-01
1.897361556515061443e-01
8.987781753310951638e-01
3.191545022805251097e-01
8.192032119172151239e-01
-8.576099897605380384e-01
8.407600288505978625e-01
-5.495353880365416721e-01
-4.851709139164964157e-01
-5.425291194025948505e-01
-7.300752999123875098e-01
2.088784959342265823e-01
-9.857858783747994735e-01
1.646548852559698572e-01
-8.495931446184126212e-01
4.977293870334116854e-01
-9.999809462687913042e-01
9.403139063937809849e-01
-8.600826516545330147e-01
-7.624185812249387739e-01
8.823165244951020059e-01
-9.549593521216164227e-01
-3.806001494211695979e-01
-1.737569529800736257e-01
8.825830860444724424e-01
7.717957744678158871e-01
-2.557106390922349037e-01
9.173955564469431501e-01
7.786642101098908419e-01
-9.232715033368722735e-02
9.996307785931989320e-01
2.689970412329031335e-01
5.095965539757989493e-01
-7.855554415003068724e-01
-9.985969042640648885e-01
9.013293863563138775e-01
2.760328424232569300e-02
1.882177902836981720e-01
-1.904537289211555573e-01
2.081807778517983654e-01
-4.501053843764971640e-01
-3.645846149971452843e-01
8.677640013861274149e-01
5.182290452496011168e-01
-9.943063467826964708e-01
8.679292137715785005e-01
4.773310324433070462e-01
-6.628691086987270609e-01
-9.920637372930954934e-01
8.324900881507469874e-01
-3.103279647920692552e-01
9.929761634574504336e-01
7.185150535772053537e-01
-6.602948078121043674e-01
9.946567822936691616e-01
6.541388928210033205e-02
3.128085004576482836e-02
3.827747429516207278e-01
6.149916909260363385e-01
-9.575492848584934436e-01
4.397735798469062929e-01
-9.552519709141684690e-01
-2.432260131042615348e-01
-4.023273972343360816e-01
-3.145519002250397045e-01
-9.475380702222125917e-01
-6.889056394690483698e-01
5.195035796082163593e-01
-5.816319120302878565e-01
-7.254070992888859148e-01
3.172937735237346679e-01
-5.359574159665838611e-01
-2.829224042933715100e-01
-5.588776992015332956e-01
-5.042944279427993282e-01
-3.598547745849708934e-01
-6.748798500233631481e-01
9.512169412065931695e-01
8.187529423705838250e-01
6.662446882442614182e-01
-5.583844301710270130e-01
5.208239813664925499e-01
9.916790258790414425e-01
-9.221670950472909967e-01
-8.226075048925593491e-02
-5.667814680801241956e-01
-5.223714292053731612e-01
-1.279618085363643798e-01
-6.245924365848270349e-02
-9.205892590956901156e-01
1.462971712414442294e-01
-9.930954649377840004e-01
5.578774076845413044e-01
8.215533006505723046e-01
-3.063176663581850812e-01
-8.741451746609620876e-01
-9.396932663224446536e-01
-9.997775087405172956e-01
-7.537336916509524976e-01
-6.702370175630641969e-01
-4.323868024911401431e-01
-8.053441497316512487e-01
-9.984794750797245655e-01
-9.698928501725069262e-01
6.313538340318045616e-01
-2.260683476942256243e-01
-4.575005006485522580e-02
-3.014768285385710511e-01
2.675895638619470440e-01
6.423124765362878685e-01
8.591695544160983244e-01
6.339666206335784482e-01
8.082309769355876528e-01
-5.006218757619550486e-01
-5.043610488758824006e-01
2.246945007408048325e-02
6.753504916377049971e-01
8.265569037261580876e-01
-8.547159816938709742e-01
5.608388533295000089e-01
9.999723140842431413e-01
-9.118685717452801320e-01
9.255762705379734223e-01
4.768445959669774803e-01
7.376548184651242623e-01
9.549794291295896076e-02
-5.535449954299674902e-01
-6.354205505551947797e-02
-7.525383262419840236e-01
-7.242932811926180436e-01
6.684843338093222620e-01
7.348832991752798360e-01
9.089052634857036628e-01
9.240668037031089799e-02
6.889251915390165459e-01
9.997850957127779603e-01
-9.351940826110941574e-01
-3.193937977379738280e-01
7.139411073191291868e-01
4.280064219017534755e-01
9.681510741431088585e-01
1.806097481431442053e-01
-4.178073024949833791e-01
-9.058927631437215799e-01
9.435237099664144367e-01
9.743485725266051167e-01
7.992167551929468816e-01
3.482541961595384539e-01
-3.248162542980994050e-01
-8.332645452913612916e-01
-9.740867073241329388e-01
3.740215500598437770e-01
-4.138462069101208618e-01
8.444435835593393502e-01
8.265157318152094312e-01
-6.282683675748235164e-01
9.344541720602021762e-02
-8.866932601635605371e-01
9.998832944025586311e-01
-8.942325945876130611e-01
9.725354980293694496e-01
6.328816745083306605e-01
4.235690887440783925e-01
-4.253178170864827523e-01
9.013054179841083480e-01
-9.196473111167943193e-01
-6.125278456479197331e-01
-8.598351703910150912e-01
6.249282396646974602e-01
-9.033556074756260434e-01
-3.193782237377236211e-01
-1.679139085275016541e-01
6.600359931291265303e-01
2.462572470432868588e-01
-2.601695933881585932e-01
-1.844251366151305471e-01
-6.483498656960086093e-01
-6.188750853398491403e-01
5.445510162679356725e-01
-4.735950429492864489e-01
9.988518439919397141e-01
-3.204136141655599124e-01
9.977245389554136867e-01
5.537101529692725066e-01
-9.390466398811847526e-01
3.770076605013445992e-01
-6.692375918287529757e-02
9.572382574330454696e-01
-9.742492519765908465e-01
5.726792598665841894e-01
8.477048163756335519e-01
7.443416536454328103e-01
6.483733285687291736e-02
4.238551987090055650e-01
2.129200556427133517e-01
-4.550983639243905143e-01
6.902017645451540007e-02
8.436563564041875685e-01
9.909741443850383913e-01
9.999906230625315029e-01
-6.878053899854064124e-01
3.411834428183601609e-01
4.716344411614898369e-01
-6.112878602200727540e-01
9.325041407123353387e-01
9.866146096251835473e-01
9.592655883767563507e-01
-4.483167732328916522e-01
9.890341899288961347e-01
-7.754223355787824845e-01
8.309535629156772352e-01
-4.016769596333513159e-01
-5.109873740055257407e-01
-9.770715662385078826e-01
-2.335219657225539314e-01
-4.921739679052240524e-01
3.102440719992119109e-02
9.056659288949222564e-01
-3.246934997981009152e-01
-7.078976155392697756e-01
5.155155157400661547e-01
5.142346567591654649e-01
6.231534374986915648e-01
1.495069029868727473e-01
-9.978457624012232463e-01
6.432616373199960824e-01
9.897606541619241582e-01
-7.637617204432449736e-01
-9.410254538213261855e-01
-2.548391513558079802e-01
-3.592216755624569879e-01
9.970635182038094513e-01
-7.989387270279170172e-01
9.113870773371286482e-01
9.851661394503103963e-01
9.627695717120698937e-01
-6.747069699753255323e-01
-1.947937316378288430e-01
-7.277741154948959013e-01
9.659974718719943620e-01
9.488830899897305882e-01
-9.198556729853369918e-01
9.947016936944127474e-01
9.134135516696405555e-01
1.003312650196599709e-01
-5.966338984549958147e-01
-9.798345286670151477e-01
8.782874635317322598e-01
3.482670889880964959e-01
-8.265452618418186459e-01
-9.021512670669933343e-01
-8.989066860306748064e-01
-9.984388638843090247e-01
9.875581967486457557e-01
4.480171394857915823e-01
7.489269161948790554e-01
2.019315586784222738e-01
3.113727920766694579e-01
-4.473743314030051987e-01
9.877188018633350497e-01
-7.349745917186563116e-01
9.949407626537895011e-01
1.909609815842240946e-02
-8.281530277447827215e-01
9.047397246764562473e-01
8.040176489699096818e-01
-8.519850730347285905e-01
-6.412983947157063769e-01
-9.283057379956243249e-01
5.223966519781978457e-01
3.524961505641316384e-02
-8.239406373626549929e-01
7.555864251787296482e-01
6.732293217849932843e-01
9.988330310213994201e-01
-3.649472163522632373e-01
-7.664891557356010576e-01
8.035082577829265604e-01
2.847542030529000567e-01
-6.000911164698360389e-01
9.534249891333289595e-01
-6.330669759288609644e-01
9.529761356218166002e-01
-5.136032124150513578e-01
9.638837521798447883e-01
-9.423233711226242093e-02
4.681354320826901505e-01
-5.031260830103168047e-01
-7.032862470747396344e-01
-4.569386939794581881e-01
9.775430203768018522e-01
8.726450202106600385e-01
6.009164283260470807e-01
-6.826554318067524774e-01
9.283191936793758758e-01
-9.964888254844780358e-01
3.649538120068229197e-01
9.945817804797137951e-01
9.664349266163526631e-01
8.892520240200046944e-01
-8.996002562390770230e-01
-6.749396590022066489e-01
-8.973647902556606271e-01
-3.951213742114312866e-01
8.630971003327777558e-01
1.057795112393468684e-01
5.953066117760371645e-01
-8.672163652977878945e-01
1.434962331542521397e-01
8.340111011360626936e-01
9.388529505789269258e-01
-6.969187221048472880e-02
7.891614962004831479e-01
-6.016036405532143583e-01
-8.595226770818603645e-01
-4.661759509255447020e-01
8.275155787266618157e-01
-6.864227704016736542e-01
2.961901413710210651e-01
-1.612249460837514303e-01
-5.439112505720279378e-01
8.085322342505472937e-02
8.804277022942391673e-01
-2.775800062349493280e-01
8.965552251351948110e-01
-5.848228835495369315e-01
-7.777298297747657907e-01
-5.286686757258852731e-01
-2.412766552778022044e-01
9.796435023841273404e-01
9.425393511834421201e-01
-5.951648277281966770e-01
-9.827419493385578519e-01
8.439174728146822124e-01
-8.769336566162131419e-01
-9.215680260360978870e-01
-7.572768215385544677e-01
2.369911184337530619e-01
-3.785774482813650255e-01
5.736027797995149058e-01
5.833756645111155548e-01
-9.946569844633276203e-01
-9.327262375774045822e-01
6.047119858333482867e-01
-6.612640460187830804e-01
7.675777613032359892e-02
-6.896187870477186177e-01
9.778267064028655087e-01
-8.539471669228833051e-01
-9.978989081215980939e-01
-7.721667999972524621e-01
8.934005193079486151e-01
-8.992698277806218110e-01
7.407938329793798404e-01
-3.301664183158147803e-01
9.481969512671967193e-01
6.533516447035377928e-01
9.002536145746560248e-01
-9.485890119983660940e-01
-8.810320488425803509e-01
1.898538759422280231e-01
-6.293348105128175884e-01
-8.205227321479993119e-01
-2.160917989321013422e-01
1.056952495812088222e-01
5.824639108989668745e-01
-9.210266046659665307e-01
5.305930962403326845e-01
9.950284117010307350e-01
9.586387051308919993e-01
5.904954995623279412e-01
-8.980578061563907477e-01
-8.209945225332024865e-01
6.166629663644476733e-02
-8.378895653935523047e-01
7.449135426598554321e-01
-9.995365320836300249e-01
-4.293974045530187800e-01
9.050582217655016581e-01
8.022220182393201560e-01
8.766264156330464408e-01
-1.874987560602126013e-01
9.398830401815075897e-01
-8.293059511662873584e-01
-6.365161843076111436e-01
2.612604419787009080e-01
3.730726235287112891e-01
-7.208502478863753060e-01
6.464587755788600010e-01
-9.973731276867393580e-01
9.500462190515801542e-01
-9.997219330159693440e-01
8.446797836333858056e-01
-9.913866883315841649e-01
-9.635751571345244626e-01
9.069062479919176578e-01
-9.666017077518720413e-01
-4.990459185322845825e-01
9.459470134268237462e-01
7.643518452548763165e-01
5.706375756010034772e-01
-7.764819457565790284e-01
-7.793511793378853358e-01
-9.999529584964192974e-01
-1.652600683929878744e-01
4.552557467306186378e-01
5.573604949250716700e-01
5.208288675223174957e-01
-8.501521151422221090e-01
9.874979241161764287e-01
9.715458279373075934e-01
-5.116553922676708721e-01
-8.208631344575025857e-01
-9.237869551552899128e-02
3.876323822044139278e-01
6.011000250086455665e-01
-8.973288737520246361e-01
9.954456043398690612e-01
9.984138541787199728e-01
8.147710695525578473e-01
-9.789315567601835077e-01
-7.723983247756719406e-01
7.774097389803398539e-02
9.789856934869652916e-01
6.781932084884865208e-01
-1.959454504796784569e-01
-7.902361336821460691e-01
8.930058137367282711e-01
-8.066085970555930684e-01
6.628203488093455109e-02
3.135134873966622382e-01
-9.564541940243681539e-01
-8.074225521492450763e-01
-4.633358908090823847e-01
-5.415131341314157742e-01
-2.093269033260814760e-01
-9.766493408438735591e-01
-2.378091800366281816e-01
-9.834127886435892751e-01
8.549610568577376002e-01
-8.989237901478691617e-01
3.186448942090521763e-01
-9.617641082661586571e-01
9.795856427938169908e-01
-5.836096485869201045e-01
-9.733929742881952674e-01
3.276015705395960986e-01
9.977120401352780332e-01
4.128901229704490250e-01
-8.753765258587515863e-01
6.444431978111450077e-01
2.046622759781804024e-01
3.261499704151610834e-01
9.354123073796311028e-01
-9.993393932437913962e-01
5.825865382879310550e-01
9.698443126974291006e-01
2.474885416189471499e-01
9.919728776942049464e-01
1.723329438739518030e-03
6.014389060132888654e-01
-4.442342691305278812e-01
-5.354487113060375503e-01
-8.699999603975190343e-01
-9.138198458052737561e-01
5.695417096163180731e-02
2.028049782704514914e-01
4.773181051669030395e-01
-6.047887800594810015e-01
9.959080694881893292e-01
-9.930775035269955309e-01
9.763880212806272940e-01
-2.116273207152780944e-01
-9.940299361405721124e-01
-8.577876550269749600e-01
6.932600414315202020e-01
8.017822249972149651e-01
3.377973970288705718e-01
-4.668760219204100281e-02
-3.359971876798888979e-01
7.839462137894860350e-01
-5.334546750866712150e-01
-5.341063450127399026e-01
8.861767059243161881e-01
-9.864577608579070400e-01
-7.210131256985151671e-01
1.024193283971424479e-01
-3.930777478805657088e-01
-8.433066691181915209e-01
9.937740835822400642e-01
4.601394186574030432e-01
6.930218509622115830e-01
-7.104916469961797265e-02
3.514730893863126648e-01
-9.951640564015071799e-01
-9.843121215957891801e-01
-1.419857090061108773e-01
2.173201452631624564e-01
-9.336760771846905338e-02
-1.364133621460082990e-01
9.998943505357608119e-01
-3.552040250688609513e-01
1.740024161165199257e-01
-7.719762996360333973e-02
-1.594586273348427286e-01
-2.808912629885554901e-01
8.717466514475534778e-01
7.422034925410218031e-01
9.618671439590570360e-01
-7.232900612778230265e-01
-8.429578409819568074e-01
-3.906366964051267154e-01
3.284635941690040029e-01
-6.816367974591062140e-01
-4.992038683764058460e-01
-9.252113060786708310e-02
4.927496124379125014e-02
-9.236459011351102477e-01
3.836100317443095764e-01
8.761067880205918312e-01
8.165054442614763097e-01
-3.266919772459769833e-01
-3.883126571964449769e-01
4.446331802862975580e-01
1.428504495262356566e-01
7.793309901114140459e-01
7.819667849361192635e-01
7.562563099333383665e-01
-7.343301317412501694e-01
-3.779638857992976414e-02
9.998338940036680667e-01
6.429207047330456337e-01
-6.453146792191326586e-01
-9.302620935798726343e-02
7.381136067750306007e-02
8.676581930410923738e-01
-9.955958299297460457e-01
-7.500553494415851397e-02
-4.762661758676691170e-01
9.966979033831285806e-01
4.745214965100567482e-04
2.571402068350856496e-01
5.581807758925448892e-01
-6.024302726448097500e-01
-3.223100607293160613e-01
1.774372352590816992e-01
1.603789834677973869e-01
1.711144963238795946e-01
9.971088595813496491e-01
8.924018704261692525e-01
9.881434576874597031e-01
-4.806704510726421131e-01
2.986751839211295584e-02
3.369119888576422861e-01
-9.997769492148612658e-01
3.857701434893259229e-01
3.232376520634607786e-01
8.992447172665106736e-01
9.706853536123928317e-01
8.445220391374765878e-01
3.980594007922960698e-01
9.990499860947656963e-01
-9.936791485461070605e-01
-9.185406755127322187e-01
7.707785525407588878e-01
-3.978908571689476759e-01
6.651449893427657800e-01
8.835947460084753180e-01
9.086252197224267135e-01
9.993079245325178217e-01
-5.177174686997122466e-01
9.735454808457270903e-02
-3.179384742642736850e-01
8.989953129386222264e-01
1.813975114688144707e-01
-9.386661382280846455e-01
-7.595752338280078453e-01
-5.773624422415623014e-01
-9.339715171390038373e-01
-2.273178731773963790e-01
8.661045604130248599e-01
3.640491810481922830e-01
3.533709022449567083e-01
-9.933284899109114940e-01
4.775328942178195812e-01
-9.718170680173501275e-01
6.099526312798727590e-01
-4.656986610754230704e-01
5.685517789842067099e-02
9.780321411260248787e-01
9.947637178099552058e-01
-9.713546752003817675e-01
-3.578170072227980503e-02
6.032106935434595751e-01
7.608496949468054327e-01
-8.398346955960513949e-01
6.652127309318776049e-01
1.739918801584018904e-01
8.705538792424368788e-01
-9.664246104043888730e-01
-9.916355259596179028e-01
7.750256729292831492e-01
-1.284405282103757706e-01
-7.555662359724970578e-01
8.594773190271363106e-01
5.011792083045234492e-01
4.937892613014864263e-01
2.792093832441958634e-01
-3.828985861256600787e-01
-7.590667367570099744e-01
-9.999398244905028932e-01
9.006673871403055864e-01
8.166861212481307808e-01
2.743223365839690397e-01
6.855327052407954591e-01
-2.498746089345336430e-01
-3.655205129751145088e-01
-2.751563404136415092e-01
8.530919582461026218e-01
9.423385998281665898e-01
-9.966750276866103153e-01
9.998761530024695698e-01
9.044729331804554073e-01
-2.553195345049581455e-01
-5.057559516734910776e-01
-3.901160371492707474e-02
3.393125204967168962e-01
-3.340210613873270673e-01
-9.350588309549126009e-01
-4.861304575282028306e-01
-7.110886136504096511e-01
6.362520483436505669e-01
2.893738019937299177e-01
9.715563269915412636e-01
-4.632125029518285309e-01
9.892464698767712283e-01
9.999974349472174895e-01
2.179003157606523022e-01
-2.250341575383273118e-02
-4.270965446250210018e-01
-6.205075917385610706e-01
-9.923837667639006099e-01
-3.508947907923412601e-01
9.409749936027905770e-01
5.098619641135809788e-01
9.829123543396542928e-01
-3.902265571855934589e-01
6.908840808641272258e-01
3.737351664745673374e-01
7.354132255536220963e-01
7.265687697638977260e-01
2.796471021755064790e-01
6.711719609285524690e-01
-9.978152721847336482e-01
6.642971021176572455e-01
-5.880596897829797332e-01
-5.430036278038556929e-01
-7.056386483211700700e-01
7.117181789021677085e-01
9.625616606008462472e-01
-9.978244949327685909e-01
-9.281055395646781170e-01
-7.367917619561726861e-01
1.442673473846243226e-01
3.954921690509828336e-01
3.979749518852988555e-01
7.105148413858940193e-02
-8.833158246004433334e-01
6.294780761747094111e-01
-9.346836621658715094e-01
9.331441052490323518e-01
-8.534095380591666391e-01
-9.386700934648365413e-01
9.989047963198642854e-01
6.076747426069782909e-01
-1.617764842837793038e-01
8.919532969723839022e-01
-9.243770336057193227e-01
8.733904038820896609e-01
4.970004642028568731e-01
-8.966719452317823968e-01
9.971512064481392601e-01
-9.657036106368642736e-01
-4.998730884256216145e-01
7.191840423145827721e-01
9.416448264471060092e-01
9.998511783634744798e-01
5.580740861958461974e-01
9.872334012773179568e-01
9.846409667932066734e-01
-3.811212806994564439e-01
-9.861486525261223823e-01
9.887016083109785303e-01
4.287479079711321028e-01
1.124151204454671427e-01
1.687337826189807544e-01
-9.874239325453924021e-01
9.998913121500999646e-01
9.926413342712275822e-01
-8.370023076869135270e-01
-9.294380421995741548e-01
6.969017652635778326e-01
8.911541285839894577e-01
9.368750116677345696e-01
-1.825618706883719577e-01
1.395223787133758331e-01
-7.762745843641423171e-01
-8.361550889075208826e-01
9.995130700556806858e-01
-8.092895818856825629e-01
-3.964897538922085296e-01
2.072365357774528238e-01
-9.776561539345641760e-01
8.651344410986455680e-01
8.725078948630176079e-01
9.773289299901760652e-01
1.949997980018738364e-01
7.412532427954487968e-01
9.146654219048945267e-01
-9.880163160841851644e-01
-3.960349914814652039e-01
-9.968720456259808627e-01
9.415191288855757623e-01
-5.827427806077095651e-01
6.127888830594230285e-01
-9.480573078614109583e-01
-9.388095958580791045e-01
4.351038330872948334e-01
-4.955115676426681270e-01
3.211824392844440657e-01
6.116766029056140974e-01
-3.619807558399750769e-01
7.797528661224725210e-01
8.997667690974497923e-01
-2.544281720093148347e-01
8.247378249782226778e-01
9.099831968653627756e-01
-8.791785279045270796e-02
6.497374403302001999e-01
8.975225218235194369e-01
-8.003605070384248732e-01
9.447023085368158046e-01
-9.989606936934873893e-01
9.935006752716591949e-01
-5.598257040464551526e-01
-5.827758728745524586e-01
4.800249152792431251e-01
-3.661198595298860159e-01
9.259827168120956520e-01
-7.921201274863658437e-01
4.237272911398472508e-01
-1.554804884978532864e-01
1.384477616195468608e-01
9.620790942813229885e-01
-5.329391163162520151e-01
-9.374068346769344195e-01
-5.952898013615391948e-01
-4.750649422564093838e-01
9.919765038372374555e-01
-3.979501621127762845e-01
-9.700490238414327671e-01
-8.883827203058013433e-01
-9.876994802996635903e-01
-7.360369076802014687e-01
-6.451422930896835162e-01
-8.382299880144330473e-01
-8.714009947924443722e-01
9.583211715603707770e-01
-8.213465516839781877e-01
6.971992379331880541e-01
9.999440241645189964e-01
9.992273507948652433e-01
9.612852511955995993e-01
-9.532012495132312635e-01
5.582321746565199749e-01
-6.523098661410520194e-01
-6.511057982011008161e-01
-8.256301264635008685e-01
-9.987992384909260002e-01
-1.838061644956274499e-01
-3.383373760196220492e-01
-9.067988798503019421e-01
-7.985811714653747728e-01
2.513185098017643448e-01
9.009194068751245066e-01
7.437663938757965720e-01
7.230761628402225805e-01
-7.559583503506912550e-01
-9.423318415557436767e-01
-9.906303715325322223e-02
-9.681811128383535081e-01
-9.011766738424434875e-01
9.954115371288699832e-01
-4.674540724491187960e-01
8.489371075445081294e-01
-3.880212467239758656e-01
8.195866898187619265e-01
-8.470819167105037018e-01
-2.315734868860427065e-01
-1.284485223501633487e-02
6.044880214728028944e-01
1.176621545275466085e-01
9.484318995047944512e-01
1.434252064106087410e-01
5.641926419836796880e-01
9.845784030074352655e-01
5.792483000139472260e-01
-7.800442557687293776e-01
9.946053593436917639e-01
9.500932780030991731e-01
4.493720860036737874e-01
3.393218158761952541e-01
-9.856939738041650134e-01
5.445056291407155413e-01
9.973273943082221482e-01
8.463809013531059522e-01
-1.964541944055270620e-02
9.988851772012854457e-01
2.285897299739801380e-01
6.726501879422405183e-01
-8.137607151675347872e-01
4.926107755165608226e-02
9.983291955226345493e-01
3.425713501936832883e-01
-3.241756839386586986e-01
5.955279100467903985e-01
3.095809189306372722e-01
-9.594294188372876064e-01
1.782917774574118708e-01
2.065703172830603840e-01
-5.857290173484361873e-01
-9.275103678470073554e-01
-4.298810503203982503e-01
-2.730978521692826733e-01
-9.303926918675436974e-01
-5.008588806027450824e-01
6.870721834723175769e-01
5.157077300844910006e-01
7.198012793847710089e-01
5.518449482526408545e-01
6.847460646535638018e-01
-1.415019919634056267e-01
-5.810324601650691534e-01
2.660250417392303057e-01
-1.215073472560040391e-01
-8.716877823992152940e-01
-1.472984831418488461e-01
-1.134356985143591123e-01
-2.825223610831036070e-02
-9.391956206310783095e-01
-9.793529376515330842e-01
-9.936983965662911089e-01
7.444724158075419762e-01
-9.296348500582649610e-01
-9.949621879423121706e-01
-2.346172724041578062e-01
-1.774000069257101186e-01
-9.722629544251252254e-01
4.746806084797380865e-01
-9.981149090893786102e-01
-8.846913902678916752e-01
-8.045288987548393500e-01
-9.999998161831034071e-01
6.158690108742854719e-01
-7.958862911055938349e-01
-9.884260519120798838e-01
-6.952223690932146649e-01
7.021297355983298072e-01
9.998484369304684316e-01
9.928650128345373194e-01
2.379240715241264237e-01
9.323054251679925922e-03
8.176082132284535620e-01
-2.024059240971434193e-01
-9.998957658267312310e-01
-5.508806228482785450e-01
-8.808269725656985294e-01
-6.708908911839740474e-01
-1.888758897119427183e-01
-9.501980168613149980e-01
9.996262193382353667e-01
-7.169477348432845565e-01
-7.680398737321866287e-01
9.074962857691092344e-01
8.909246008816674722e-01
-8.043281733744052087e-01
-1.954275787537486098e-01
-4.673903832753887877e-01
7.548724869725780273e-01
7.099319935881095445e-01
-5.791989025866793594e-02
5.386425002643099313e-01
-1.362823872649275292e-01
-6.937412024279525635e-01
-6.035990184386447188e-01
1.861259827597247507e-01
9.998388037274046347e-01
3.373823729535936899e-01
-7.280233595290089843e-01
-6.389980483065007544e-01
-6.052435391273117693e-01
-1.236817658344452862e-02
1.535920574508363723e-01
6.690208524509939636e-01
4.023646460718799944e-01
2.594048446431853616e-01
1.185479870572262312e-01
-9.952273181029690496e-01
-6.683790214309530409e-02
9.995186078387700013e-01
-8.878280347813930495e-01
-9.217503867208336477e-01
9.976991410924856973e-01
6.857148236023155041e-01
-3.950066462811307466e-01
-7.890785473243717985e-02
6.001092728598125259e-01
8.623531034570525167e-01
7.227338941303940167e-01
-3.662891234798962281e-01
-4.717367255205194287e-01
-9.996288609975519934e-01
-8.154833694220841034e-01
-2.483118953000339468e-01
9.582816361407013872e-01
-1.946851492122420313e-01
-2.758753259883564568e-01
-9.982774871626231006e-01
4.183456416969828506e-01
-7.519860202253493553e-02
9.660559266988015814e-01
8.803932190759193865e-01
4.168635203366446440e-01
6.451601885526415670e-01
-5.703028150305957666e-01
-9.622506437755032893e-01
-9.932988060608467507e-01
2.417736683423272193e-01
7.402652114300793951e-01
-3.557436182999416663e-01
-2.341674788883880975e-01
5.179588888689999893e-01
-2.903930610133837464e-01
7.842110829294907104e-01
8.908651406161522956e-01
-6.265103534154785603e-01
-2.766377878768909171e-01
1.339209640972779114e-01
-9.936665604503723825e-01
2.294533539844900716e-02
2.278872183790572603e-01
-9.850106610289147691e-01
-8.090219028913682164e-01
9.817595062270837447e-01
5.549166223375618934e-01
-4.975752086506113891e-01
-7.080962974974779334e-01
6.056512396866133713e-02
-7.891253763078915906e-01
-5.142267150796411279e-01
-2.434357580382069397e-01
9.847301652383910753e-01
4.416218646985878848e-01
9.385094026432760916e-01
5.950317011296393233e-01
-9.644147919981411743e-01
-4.617554136623941430e-01
-6.634392023515529591e-01
5.384215469021387257e-01
6.018270267111586191e-01
-7.480040599431950765e-01
-9.873680030471012614e-01
-9.962090156501320903e-01
-2.022524711232870087e-01
-8.315233884340875736e-01
5.070086814245654550e-01
9.660790779438287457e-01
1.905269774135489036e-01
-6.757645055145490298e-01
3.429592310073092259e-02
-4.398583318305962497e-02
4.952962511927731515e-01
-9.965628565759936386e-01
-9.791008418683463388e-01
9.966419883746193698e-01
2.535839423238789650e-02
-1.162800058472778925e-01
-8.378322044570051252e-01
-1.384474456369616802e-01
-5.379249371804832869e-01
-2.708983719251240041e-01
2.683837008507048427e-01
2.050412671488636152e-01
-7.624606997305743983e-01
-1.245896463319967479e-01
-2.932045683091001886e-01
-4.379664037901798701e-01
8.269905437672803172e-01
-3.876016262102959797e-01
-2.301861877371794429e-01
6.493707513187801927e-01
9.775129528913978350e-01
9.859573111577959459e-01
1.677294319467517170e-01
-8.123428955479494729e-01
9.999989435460285847e-01
-9.792368550161090202e-01
-3.848901274382960924e-01
-9.892649878791723861e-01
2.343264701593078259e-01
6.554120804178314996e-01
-8.009686418248216366e-01
9.996762932824292403e-01
-7.181558133499224006e-01
9.663311665305813758e-01
4.208323206158538082e-03
-7.745422354819697652e-01
8.183043630474609031e-01
-6.686745560388018816e-02
6.473464212956852037e-01
-9.431246521592393517e-01
1.866360829879077365e-01
5.165496705189384086e-01
3.155753062146439136e-01
4.785114857281316803e-01
9.455191865058364398e-01
5.969354466612701859e-01
-7.065271743116440240e-01
1.078178916316937241e-01
5.205057355134184993e-01
-7.370344837108040448e-01
-8.955362608529476853e-02
6.781009245964723098e-01
9.845659912329416397e-01
-3.514657161762401172e-01
-9.461235669867911202e-01
1.137183905565605779e-01
2.788568756763045720e-01
9.494762627933338583e-01
8.182344212530099359e-01
-9.986807602613938517e-01
9.912106220867401563e-01
-3.197327415096803960e-01
7.003988941797081313e-01
9.063092779249271036e-01
-1.468344546721686850e-01
3.455799637532360191e-01
9.803300795272769097e-01
3.709431654286111241e-02
6.600448384767785281e-01
3.995315106595958565e-01
4.043398503269611810e-01
9.916830583656492948e-01
8.450157537832694854e-02
-1.271229730415617265e-01
9.568642429722417075e-01
2.135626248422136872e-02
9.296823187191375348e-01
-9.936937196970907493e-01
-7.961656973765958156e-01
1.272549604005385193e-01
-2.304059959647759559e-01
-9.618130217837591589e-01
7.457545607300386514e-01
-9.516839327114000602e-01
6.644629875762305682e-01
-7.685063010152010099e-02
8.519878975975788693e-01
9.534841646807058479e-01
-8.600377565490539000e-01
-2.498927281288608471e-01
7.737064737940475556e-01
-9.801181277146422399e-01
6.748119230015328096e-01
9.999662703996254898e-01
-7.427840001410633830e-01
-7.139772051855753920e-01
-9.474864610177473612e-01
4.245878417056298537e-01
-9.520015621320107035e-01
-6.651457315748564580e-01
-4.063726739748523276e-01
5.144710841921040778e-01
-9.869126996140562547e-01
2.939045571564895543e-01
7.907420737134204236e-01
9.857613541298767545e-01
6.544581925977799308e-01
-4.009658946167978799e-01
-6.790491344945996932e-01
-9.468896180588661782e-01
9.963932423846548758e-01
-9.415183509684432739e-01
5.291583668817801955e-01
-2.060572939401223228e-02
1.924947540329604856e-01
4.651420067792678137e-01
1.688136700643997068e-01
1.632852253995004457e-02
6.483555435374102061e-01
8.880364046410326173e-01
9.549051127903654956e-01
-9.446826114560376020e-01
-9.997555547484533456e-01
6.442717912624785770e-01
9.910559223249733041e-01
7.782707050900292689e-01
7.796046377584818776e-01
9.907460937109608956e-01
-3.123416778964608898e-01
9.297212431919474884e-01
-9.714952777013314833e-01
9.376668680618679419e-01
4.607235771158181836e-01
-4.363884373294378838e-01
4.892378929317030278e-02
9.387118616489713574e-01
6.630701522004607273e-01
8.061601058700967881e-01
1.192902886102710546e-03
9.019369606163123443e-01
-9.431585188765289063e-01
-6.947156715502214031e-01
-8.349876737451227271e-01
3.766674960709902598e-01
2.340160719079184826e-01
-9.493941028162871110e-01
9.772182942622256174e-01
3.951175131682948538e-01
-6.408157640913250686e-02
8.822847628740217996e-01
1.926827618222010374e-01
-1.822479146924890075e-02
2.081193770831336609e-01
-4.962943183090450239e-01
1.826757152407841589e-02
7.317182372724871930e-01
-2.876531992268751767e-02
5.374369374428816792e-02
9.098604866041810624e-01
-9.753111674648842211e-01
8.126746837982914418e-01
3.564792298489253830e-01
-9.746068116632981004e-01
8.676770943109023415e-01
3.068156291526856760e-01
-8.696314754780888334e-01
9.897442803574070247e-01
-9.588733818080280580e-01
9.940677050178698959e-01
-1.545634381372136198e-02
9.953621400942110897e-01
9.551948086920805103e-01
9.958882859733573234e-01
-6.294376956073569618e-01
9.980754837421896841e-01
6.397453583713188507e-01
-7.010023880572857635e-01
6.214809325924767203e-01
-3.394802663673386900e-01
-1.090363924807569579e-01
2.638953981743498000e-03
7.535592746408351639e-01
7.360137566456909086e-01
-8.157665183118936181e-01
9.965441375425143633e-01
-1.970999376711453088e-01
-2.377138945288423122e-01
-8.703782490483765732e-01
-6.948060784379492816e-01
6.215203071267373369e-01
-7.939242736529146249e-01
9.946473629734843280e-01
5.085658977734571762e-01
9.351580492606623718e-01
8.259483496429330662e-01
-8.414098174144913900e-01
-9.454997471856527724e-01
-9.854612854876803052e-01
-6.800533047664305553e-01
-9.744092631062576393e-01
-1.034182894967159150e-01
9.687448271503822372e-01
-6.708796758737012311e-02
-9.341325060912230027e-01
1.326159610996632821e-01
-7.090235856020172811e-01
-8.041348025910919350e-01
5.955029095492551244e-02
-8.260192924876156306e-01
1.971588878667260292e-01
-9.984006880243515569e-01
9.153955619877408578e-01
2.431164097640215183e-01
7.096415021023777525e-01
9.054759364592356308e-01
-5.273681319254515110e-01
-4.156374006869130722e-01
-3.910587083383815776e-01
6.484258599051037075e-01
-5.622663673306693699e-01
9.979862258783649409e-01
-4.840847687030466057e-02
5.432749007508193007e-01
-6.404835023142536887e-02
-8.862388391608981841e-01
-5.810445895033339303e-01
-5.752288486157554059e-01
-7.391671528213598075e-01
7.162577423997178450e-01
-8.583818574545710733e-01
-8.661562801296602832e-01
5.433175473372439113e-01
5.126982174659413527e-01
-9.992871307089417066e-01
-8.942528081324307987e-01
9.659243034168298880e-01
3.189472339860080496e-01
1.592835697628107172e-01
-7.696720361364276508e-01
-8.844037319511701689e-01
-9.032452766856982063e-01
-4.843288238592411421e-01
2.558546444821612753e-01
6.483158393018493282e-01
-9.054715093283556282e-01
-8.892230181319957794e-01
-7.086594844877118771e-01
-8.182683774700554302e-01
9.980952969615499715e-01
5.116361332620437130e-01
-9.999998564862107031e-01
-4.274778401128130900e-01
8.893859669284251979e-01
-3.176238293435473814e-02
-3.248171465920774992e-01
-3.583511106101557875e-01
-6.738007585106122743e-01
1.742385138037058356e-01
-9.167537656346993469e-01
-9.845183780564796816e-01
7.896945166127937732e-01
-9.852661659456916077e-01
-1.792310201380263243e-02
6.482551369626964322e-01
3.994476015546783443e-01
-5.469606987003617915e-01
-6.482144538243002074e-01
1.427225232998580728e-01
9.981422859741214682e-01
-7.111442418271859411e-01
4.838453485427220424e-01
-9.736173036970670047e-01
-9.974702160931050443e-01
9.381037208222220425e-01
7.433072004174016145e-01
-5.694030539035328520e-01
-5.421186593603538606e-01
4.934582520319625298e-01
-7.062747061492901102e-01
9.953654603088275543e-01
-9.840511941465234225e-01
2.746447879033143136e-01
-9.736310676199664282e-01
4.051752964841141003e-01
-4.860372394558574727e-01
4.703171033161732684e-01
-9.975717394737355637e-01
-9.836283683707670589e-01
7.669629738809911057e-01
9.998089247456379836e-01
-9.021628831580535968e-01
-5.692269052781366856e-01
-9.032127564099795558e-01
9.996761872108415048e-01
7.328699663468841718e-01
-9.131169247391708321e-01
3.831060868247568862e-01
9.096535061459858351e-01
-9.844568473264033726e-01
8.555155428726372024e-01
6.401689448789411596e-01
2.608550182695523745e-01
-2.239915492628162530e-01
-9.910754659040249548e-01
9.989857674008069122e-01
-4.664527252062596885e-01
-4.981376729709134366e-01
9.270468988665140353e-01
1.018808013378894040e-01
-4.878694132542337747e-01
-9.801469244776418455e-01
-3.139859310306420959e-01
-5.020853957988603566e-01
-8.567416902381599364e-01
-9.948434855348804451e-01
3.181911226003087956e-01
1.483063742934078444e-01
-9.981548435168676736e-01
9.458157127721662505e-01
-8.786614958729196401e-01
8.383179147082299165e-01
-3.693259296502894862e-01
8.046378005272735168e-01
7.589565999287208875e-01
9.394316777371881644e-01
-9.487297010583967127e-01
9.989274958806346749e-01
-2.336723768365763232e-01
2.782195568294797416e-01
-9.998821190836640893e-01
9.521362084308432339e-01
2.256139716873127032e-01
-5.461164390553769898e-01
-9.436301729935956395e-01
7.021065868213379746e-01
-5.692443808052182197e-01
5.090528074788975843e-01
4.135415147215322773e-01
-9.265625545959846887e-01
-9.484705325844879908e-01
-7.340336019350765517e-02
-8.899280228837621598e-01
6.175644141117706543e-01
5.917930569348786030e-01
-8.763154771622091443e-01
-9.399355324791565103e-01
-9.876178884492391452e-01
9.429047167180368838e-01
-4.397642618424719152e-01
9.492641571700989322e-01
-4.558045433983424766e-01
-1.677534902910969850e-01
4.560608397703006661e-02
6.719312221666644547e-01
6.587254277392192714e-01
-9.060962719717737812e-01
9.097518473494052849e-01
3.221702812927988713e-02
2.966011454421055293e-02
9.679839192678154625e-01
9.938161222709789300e-01
4.237354567437368602e-01
-6.075556105698747267e-01
-7.348979410800606793e-01
-4.260874478165118662e-01
8.158462405928030847e-01
-3.088912783976193177e-01
9.782001518432509313e-01
-7.057267950155264868e-01
5.416537751761588693e-01
-8.787514931022011311e-01
-5.279867086149772071e-01
9.963885754830904551e-01
-8.843979151185176191e-01
-1.632970072376436488e-01
-5.551110178989130395e-01
7.613812524520990888e-01
-9.479865816677107704e-01
1.024193866240484807e-01
4.128272017700406783e-03
1.867814158451966133e-01
-9.805134607810457315e-01
-6.992759476343010094e-01
9.884709322197241521e-01
-3.466235860066527730e-01
-9.614621114381616263e-01
-6.875636580867473535e-01
-1.892632260333265704e-01
-9.516107777072786433e-01
-1.514535465802207929e-02
1.799705225183715063e-01
-9.786761011332718585e-01
-9.791453093473080349e-01
-5.104510898124473561e-01
-7.036586260411641369e-01
9.831597583984886812e-01
6.907401975988525233e-01
3.332195512441514795e-01
8.939577594568696162e-01
3.999645942425835710e-01
-9.541281417766005468e-01
-1.021257339514295703e-01
-2.064337146492265518e-01
9.725362978995231167e-01
-3.884668137950251232e-01
5.290732929710062482e-01
7.177789453056707680e-01
-9.540018442925876085e-01
5.378972175713498949e-01
9.802328736342134086e-01
-9.875784466567195663e-01
-7.349462112217401977e-01
-9.984691758280354046e-01
-3.628898899435363812e-01
-8.334831323320836260e-02
-9.893691234917739719e-01
8.646264648100984163e-01
-9.793563678834390496e-01
7.272887573278518092e-01
-8.894122311191527963e-01
-7.300821224618845307e-01
3.916319499881447674e-01
-2.339014313787511970e-02
7.720852301195767486e-01
-6.538042942077305630e-01
2.214798436039989715e-01
-7.818241598949849935e-01
9.849368600068514334e-01
-1.489695037384805298e-01
-9.445908636718233220e-01
-8.825852547499829504e-01
6.826251823454930756e-01
3.545785833798187348e-01
-1.757661346547946535e-01
-9.591703991076035996e-01
-9.893428123953356135e-01
-2.503119116740396000e-01
8.355218686923818749e-01
-9.173251303455306482e-01
5.772791796498130124e-01
-7.107908364120910649e-01
-1.798635620297605875e-01
8.327356512858717918e-01
-4.341704518001693325e-01
9.968399525837916553e-01
-6.715720142318908348e-01
5.792894327009912026e-01
7.258073739511412548e-01
-9.612024966205301446e-01
-9.875614836443384892e-01
-6.974190299630977918e-01
-9.982851919174100530e-01
-3.163195758839098537e-01
8.789097035836193061e-01
3.721330986154032239e-01
-1.284455337925239082e-01
-9.215349145542430787e-01
4.344322742812939953e-01
-2.796743243232591714e-01
-1.598169137598225986e-01
4.430285877026560182e-01
-9.786605956278434659e-01
3.031949575190775459e-01
-1.062906440414633086e-01
-2.706305845544166866e-01
4.040054680193484737e-02
8.161230416200744298e-01
9.901030479893744296e-01
7.511824877233765907e-01
9.890120522397005676e-01
9.895201586131400218e-01
8.487098403711457184e-01
-2.274632614294410521e-02
8.881747120769750703e-01
-9.997101601375093516e-01
-8.899588270847527127e-01
-6.289441773034762928e-01
6.209286379172348491e-01
-1.311971050089988933e-01
7.700168805102214353e-01
-1.897453366666370100e-01
-1.639125931239102498e-03
-6.800212826462157523e-01
9.943018696056042313e-03
-3.616197847865517678e-01
-9.562747209802331394e-01
-9.393743420911147002e-01
2.648777387936644967e-01
2.681881431126164061e-01
-9.546579405762136705e-01
8.811156872367073012e-01
6.773331834786241457e-01
-8.240301201011550614e-01
9.594875641835349800e-01
7.745914835427393230e-01
-8.872796223136162341e-01
-6.387981143594761990e-02
6.449427937347801398e-01
-9.077883030527564845e-01
9.947649615465210537e-01
9.666410473779352142e-01
-7.151040491545500588e-01
-7.938083337922098304e-01
-8.142537237293236974e-01
9.930227120798175156e-01
1.671273575419858770e-01
-9.986444604441543360e-01
1.508289584428992303e-01
8.479555061323291731e-01
-7.817760286137100945e-01
2.891225825036625174e-01
-9.265788211665648699e-01
5.188521409182267341e-01
9.803110948442423922e-01
9.633509173109600088e-01
9.299928613255187271e-01
8.712648231210369243e-01
1.858720146450367205e-01
9.912576273832093277e-01
3.396473211757606303e-01
-5.214142991045067621e-01
-2.399774677475962625e-01
-8.517021006030143226e-01
1.757931795533075325e-01
9.999777944720356082e-01
1.151913950239356194e-01
3.457389540036517883e-01
5.154525466008035295e-01
-8.133720774221220307e-01
-9.953970198956613169e-01
5.746518646228893079e-01
-3.398877506957315719e-01
-6.449494855472306942e-02
-3.899265333492563101e-01
2.298358971345946244e-01
8.045710953312488201e-01
6.138355040594403178e-01
-4.846832994954838325e-01
5.076677366653259416e-01
-5.528400861297955160e-01
-4.740627409261781167e-01
1.229272808565333996e-01
-9.194103173260189665e-01
-9.987269434914612942e-01
-4.792273900727504476e-01
8.070162862545908755e-01
1.950124411762833854e-01
9.387025245167368581e-01
-3.621963035740506931e-01
-9.993830040682158966e-01
8.199876807140046298e-01
9.921382945761286765e-01
6.844593779873833217e-01
-9.990633764919768511e-01
6.176812521941581480e-01
9.710035407295012355e-01
6.752393927731317191e-01
-2.960965524061448528e-01
8.110124073808652190e-01
9.197016884484651156e-01
3.150399006871392737e-01
7.336196533164782707e-01
8.557123218596195402e-01
8.684862071564312114e-01
-3.634626952352166263e-01
9.580966927895263607e-01
-1.674345447932939213e-01
8.378189356133900478e-01
-4.236381758724667157e-01
8.936208967583174623e-01
-9.921891862978223786e-01
-2.736532497679848297e-01
-1.464775214098383294e-01
-1.900809166715770326e-01
-9.696916125321295432e-01
1.367594256841934697e-01
-5.219116365006492009e-01
-7.832320689645613232e-01
9.982735233698369903e-01
-8.449899866569505757e-01
9.858768217801336942e-01
-9.936052362763603263e-01
-9.996387280203260506e-01
-2.552381444749443062e-01
8.489081320216324000e-01
-5.956290242195800833e-01
1.686579409777932137e-01
-5.545576490851273667e-03
9.564943881876216691e-01
1.262569283402354692e-01
-9.999228350935300824e-01
1.861894100241204830e-01
1.855606645216565861e-02
7.115258427321290158e-02
-2.048684653581727966e-01
-1.293208992213945863e-01
-6.561818424664812577e-01
4.448096313725890538e-01
3.814815847851729669e-01
9.984747019387159028e-01
9.992415775651926069e-01
8.048606702584373274e-01
9.515733049693760048e-02
9.283736407258885714e-01
5.883995546677620730e-02
-9.518235521772840935e-01
-9.975924397030465629e-01
8.425928310846393376e-01
8.710943665334717201e-01
-9.792013133162957850e-01
-4.897200776915712206e-01
5.726941183323402962e-01
-2.806151847987782832e-01
5.149744967391108874e-01
-9.713119987202439853e-01
9.497516231934508557e-01
-4.839278581661562301e-02
-1.196134494564603246e-01
6.083767724022720591e-01
5.515588963338307060e-01
6.813823179337732405e-01
-5.590753382015807293e-01
6.707422097423025864e-01
-9.023422333601075485e-01
-4.304105792217277626e-01
-7.183713128056851138e-01
9.634118686137290721e-01
-6.727990568966288887e-01
5.563349676899994600e-01
-8.083535244360443572e-01
-2.370742909088731920e-01
-5.247261605198729750e-01
-2.195030612523892477e-01
2.508237085963699875e-01
4.691403554307191359e-01
-6.930687789314772251e-01
-3.753363237396470931e-01
-4.550998544014119851e-01
-2.643909749490088168e-01
6.755083624322919533e-01
9.505667323783060230e-01
9.670354509992994396e-01
-9.653532894083540761e-01
9.643052387196996422e-01
-1.434617168534464415e-01
8.121855039920171659e-01
4.807931761595621856e-01
-9.932214906948831912e-01
7.352760332692696021e-01
-6.747956995815268533e-01
6.971176011975459552e-01
4.777286233540142812e-01
1.859664657045981551e-01
-1.436752606024089829e-01
1.081884545764563200e-02
-6.333505000920862660e-01
8.285883667577293998e-01
3.254047140771417213e-01
9.537951364114825026e-01
-5.580902895200141600e-01
8.830449711183112615e-01
8.348307586682124359e-02
-9.073855491276984209e-01
9.999997532754258955e-01
9.963837623458349224e-01
4.710102668437283757e-01
-7.619106524225147670e-01
-5.235246590464561756e-01
8.521349392598773775e-01
-9.983267064847963779e-01
-5.441707391758165979e-01
1.116782918748952941e-01
-3.235200158492126943e-01
-9.756517264420494495e-01
-7.448840846224177303e-01
-9.685654710602454864e-01
-7.642087531522375743e-01
-5.824333656545526150e-01
9.643779518703815556e-01
-8.330904022906755468e-01
-9.317525240090868133e-01
-9.987574385011713796e-01
-5.928255711078059820e-01
6.323647802782983440e-01
3.224221688754216886e-01
-4.318336475289811238e-01
7.907218917015291781e-01
9.981738408313980404e-01
-8.272458790647656546e-01
5.248456581342295646e-01
-8.790211933781683085e-01
9.113604688258116759e-01
-1.632495277502916120e-01
-9.599955438629022009e-01
2.081863300141925943e-01
-8.298118480394712781e-01
8.989985849007332552e-01
-3.500412070885963733e-01
8.616606572409571396e-02
9.973932813724242230e-01
-9.437970981094254697e-01
-9.799715017918251281e-01
9.586718829569216282e-01
3.277089371753763580e-01
-8.943655484460967253e-01
-1.889858537678722195e-01
1.685813107810665568e-01
-9.289975071879802426e-01
-8.524979788501078071e-01
-4.482884547425222133e-01
1.327937067473295984e-01
7.919181380088290423e-01
2.587248476441336154e-01
5.070360844285328739e-01
8.889188349718976090e-01
2.723770566336419230e-01
-9.752286457924285168e-01
-7.896496354376403293e-01
4.382688744266601266e-01
9.805493480619690283e-01
8.740707160918239627e-01
9.237721975416637310e-01
7.785762930644567481e-01
9.528227399719523261e-01
9.977176695991667454e-01
6.408972513180150044e-01
8.096427535287518129e-01
6.510468198250658478e-01
9.637129426971490220e-01
-7.708165460719720308e-01
9.665117933889374457e-01
2.453237371844840253e-01
9.724759148490589311e-01
7.687783753862401648e-01
-6.778866353857152527e-01
-9.344893555304364385e-01
-8.440538702790599812e-01
-9.119863384782300741e-01
-9.377623865266694336e-01
8.442128114706480835e-01
-4.191002389480513179e-01
-5.835594557159107243e-01
-7.352467317511457434e-01
-9.547517879928620887e-01
7.595862797746936179e-01
-9.496347985418408522e-01
7.252777279495407070e-01
4.117663719689630408e-01
-7.149698896561497430e-02
-5.132169225197618090e-01
-6.992832870198312234e-01
5.865690980242068697e-01
8.196814406188820401e-01
7.827234943090546349e-01
-8.979729390805962774e-01
8.798575915220131494e-01
9.906303574649133470e-01
-3.186546565891353877e-01
9.897063517344287797e-01
-4.902413987767025305e-01
8.376449913899933208e-02
9.971813224736432169e-01
9.572805992735236025e-01
-8.845347109370701455e-01
9.952631513585827872e-01
-5.600548201909431034e-01
4.722045817525436506e-01
-9.961219769486506781e-01
2.659331528108438980e-01
-2.221088608226236272e-01
-7.382735566641691616e-01
6.304441295563620873e-01
-7.424195325150514391e-01
7.398468326246211701e-02
7.560551607703371868e-01
-6.589677264272636448e-01
-1.469965463682899043e-01
-7.329343275854822704e-01
-9.479258703538259168e-01
9.998538505170601054e-01
6.799951291234113127e-01
-9.383183571612484508e-01
4.830341604683021095e-01
7.122927720536428309e-01
5.310921236955317148e-01
9.777625808812077102e-01
7.672056794952371028e-01
9.900052361701381365e-01
-5.642680699038058467e-01
-4.625170253266595588e-01
7.676257268721529137e-01
-1.165403966506901590e-01
-1.738316944291403709e-01
-6.284911590634914003e-01
9.534652153314404632e-01
-1.297576755272995819e-01
1.825602447491531943e-01
-4.706131130944071067e-02
-6.885160782708956706e-01
-1.828886830253961537e-01
6.356026972576565015e-01
-3.248652402885891105e-02
7.246477002731296357e-01
-6.320290408051588704e-01
-6.404523780290368729e-01
-5.885408717530226097e-01
9.377478889752379754e-01
-9.317500619212779611e-01
-8.633356732238551823e-01
9.997535672256150363e-01
-9.191161004283336933e-01
1.682538074477446244e-01
9.746499597215818600e-01
7.896110008281596038e-01
7.382804191990962606e-01
9.999860107380178498e-01
7.242871650943950579e-01
9.913165673443651293e-01
3.287518221664056384e-01
-9.635183537463676284e-01
-6.465160624728163441e-01
-7.867119971387017685e-01
-9.642710595827284070e-01
-7.663849521907183382e-01
3.154860078685037816e-01
1.018292640123991816e-01
-8.464293304643751847e-01
6.604991588592054041e-01
3.127213262903110191e-01
-9.034238192009687030e-01
-9.721811426270782208e-01
9.981467227105454976e-01
8.676786109742541386e-01
2.722477133779788866e-02
-9.715737338389437427e-01
9.151715094765708880e-01
9.567366011389197844e-01
6.877463949626618778e-01
-9.612204795612074859e-01
-9.370042058336053303e-02
-3.615696014286329252e-01
9.742629642815868740e-01
-6.191289882585910842e-01
9.984428971257008900e-01
-9.434927370233124888e-01
-8.124714457995347860e-01
-3.847149755920418190e-01
5.741625320545744593e-01
3.744713640236526642e-01
-1.028503685356004227e-01
-9.748964712534547994e-01
9.927117477099426379e-01
-3.126020265240402329e-01
-3.634337947255162349e-01
7.038369550966945276e-01
-2.152444033815028579e-01
8.853513537454817117e-02
-9.169447120640611404e-01
9.973764990631052152e-01
-7.787247040436970913e-01
-3.859898217577012458e-01
2.717204057065502470e-02
-4.228398206408333637e-01
-9.294200854642040710e-01
2.698361250755239027e-01
9.220408559415628202e-01
-2.145602282416568529e-01
9.885663638488875193e-01
-9.639290242297899880e-01
-5.617238959088159955e-01
5.663691980762476375e-01
-2.592856158738637284e-01
-5.166806041929662419e-01
9.528572208284868950e-01
2.151566266041915476e-01
-4.402469633220856271e-01
1.724746749439779736e-01
9.621138820897605637e-01
-9.897394160808071772e-01
5.554687513755215966e-02
9.872089441354265915e-01
2.616809816728340454e-01
1.099996384119642651e-01
9.724778939014810941e-01
-3.682695884324164726e-01
-7.187312155905055677e-01
-3.359937058621872280e-02
4.367502755875610765e-01
-4.886580898190459599e-01
-9.132759630509527105e-01
3.584098460752732085e-01
-4.386227757164073981e-01
-4.639213191338527054e-01
-4.459620607176478235e-01
7.488544784529601595e-01
2.361993301783528176e-01
7.862200337878920697e-01
8.079992650221365369e-02
-5.846368966437012205e-01
6.380411882913931132e-01
7.245061156387218315e-02
-3.725921532416301418e-01
9.077425879135194720e-01
8.406419033762709825e-01
-4.566826166551092858e-01
-9.580657334408102521e-01
8.123475749719373251e-01
2.699822405940359160e-01
-7.274695368125607686e-01
2.365222251667717379e-01
6.678984298318910717e-01
-8.455476720028926030e-01
-2.476002082110058677e-01
6.558570447058239550e-01
4.185846612031761116e-01
9.567117537524211235e-01
-9.372899950737823005e-01
-3.008306927565509437e-01
4.525373351110231757e-01
-4.911511952986944429e-01
-9.868563644524823708e-01
5.548362293881339280e-01
6.331369538617106496e-01
-8.419594657364435353e-01
9.750331845182000912e-01
1.424878428078164838e-01
6.775915072052776100e-01
-9.931764430064007332e-01
-6.512233568383554161e-01
-1.717616362363721949e-02
7.694039623627181301e-01
6.175454550813214150e-01
3.857323408392195341e-01
-6.309242432103194798e-01
-1.677305087483497437e-01
8.190228219057713588e-01
-4.012116394575607203e-01
9.658254518770148511e-01
-2.375347549856116902e-01
2.476374468803159701e-01
3.438409946123303085e-01
-9.755547574300655889e-01
-8.670867014146267371e-01
-9.831271352109184347e-01
-5.864312342488743335e-01
8.800349571755665679e-01
-4.566668779071795248e-01
-3.417500334398381745e-01
4.328289929840445360e-01
9.834328854691463118e-01
-6.441901207982734245e-01
-9.176763781809954557e-01
-7.100083854350618395e-01
4.665786722329045011e-01
-9.191168293038126658e-01
-9.576761191276673690e-01
-6.305263713016155958e-01
-8.483472143355216821e-02
2.037232494576547426e-01
6.687768059097707329e-01
-6.372162861676846646e-01
-2.434259902148654675e-01
-9.660134479828260679e-01
-6.265791563279533571e-01
9.531460700905166616e-01
9.950751615318550458e-01
3.226058560655942209e-01
8.331470259497193442e-01
-3.618104507841300027e-02
-9.999887062096664003e-01
3.269328733782462804e-01
-3.967774455685645907e-01
-1.915633754927339172e-01
7.872588760350944792e-01
5.524240731305201102e-01
1.232445286785659733e-01
9.956758232492416427e-01
1.890247049807561863e-01
-9.258373292496641094e-01
-9.872021235866157429e-01
-6.323832696276080467e-01
9.387557973397385735e-01
-9.969130595326365363e-01
7.697248812075262459e-01
-8.740015351411634104e-01
1.159808508736403926e-01
-6.407461083982886052e-01
9.955699169529063086e-01
-5.191388038274534766e-01
-5.593804913478989810e-02
7.386823576188866758e-01
-5.313897526957751527e-01
9.563863645121807311e-01
-7.574630776556274814e-01
-7.503320646531280724e-01
1.116585437885261010e-02
-9.273952551031008351e-01
9.886908368968335692e-01
-1.343781558923627939e-01
5.257256084986886568e-01
-6.127669176556717057e-01
-4.579236525255003243e-01
8.917746734442010270e-01
3.058292102350290698e-01
6.390732440807745940e-01
-7.009992045745784273e-01
5.102091509271122760e-01
-8.512733327623085433e-01
-1.432624351525896567e-01
-7.295452276551358528e-01
-5.015313171716258012e-01
-8.513717528777703381e-01
-5.960252820738036750e-01
-3.331979897052744222e-01
-9.905649113217057655e-01
-7.168811825953598227e-01
-9.681168600475309471e-01
9.798351376733630547e-01
4.083509840056068207e-01
1.782665454789169462e-02
-9.963353477387405510e-01
4.427184855448393352e-01
-5.966981547075955739e-01
9.675749539645275288e-01
-2.900305519274823385e-01
-9.148663164094854583e-01
-9.102633108544267992e-01
9.816735757506966920e-01
-4.140398367446968542e-01
-8.222229588656068677e-02
-5.281192460286563417e-01
9.693463015847810782e-01
4.757477119471644200e-01
9.945138981321218763e-01
1.965995842493884205e-01
-8.401275495356559375e-01
-9.685885955904556255e-01
-7.782419726285432215e-01
7.605287065537448266e-01
-3.207039234372311975e-01
-7.295625213625827055e-01
-9.810631927811516162e-01
2.250532806586245937e-01
2.190266086407726687e-01
-1.576815154321361823e-01
-3.703851562259023456e-01
-3.922166777964954942e-01
-4.507994683003289094e-01
-7.107814568258505883e-01
2.084670045706147889e-01
-5.765847927756671820e-02
-2.056480889507110166e-01
-9.099203826399104855e-01
-2.305250295258615689e-01
7.621177271029372369e-01
-3.672707759701820951e-01
9.792489650687972169e-01
-9.000330610063072001e-01
-9.854828404735671565e-01
7.657085294934254938e-01
-9.902773737036956181e-01
3.344474773075301055e-01
-2.545445001731214685e-01
-8.405166257280372033e-01
8.096813813830306961e-01
8.863915115223892638e-01
5.787817229772539429e-01
-4.148852917067291646e-02
-5.335485950760161522e-01
6.726631841250999555e-01
8.365549145655962748e-01
-9.352495631955797251e-01
-7.687217945601769742e-01
9.999084904516236660e-01
-9.126954878707344010e-01
-2.576394568756739667e-01
-8.421972345281873995e-01
1.262549735716332333e-01
-7.429069429154722126e-01
2.532058134433142205e-01
7.205100626188999380e-01
5.765582928271403285e-01
6.882549415033214490e-01
-5.125926775609248587e-01
-9.122118353243754973e-02
-7.885624665149350010e-01
9.455622878190604874e-01
9.764449610098004939e-01
8.926146288993876965e-01
-1.357549682859162943e-01
7.005619960019501269e-01
1.029435682148345348e-02
9.998135372051311087e-01
1.227233597786352992e-01
-8.498735839851735419e-01
7.782335218217925066e-01
9.913937951076318145e-01
8.216385627363942401e-01
-2.701493787543429725e-01
7.928088687484428077e-01
-5.077170456042040536e-01
-8.226961346152842358e-01
9.829977060487311569e-01
3.136373395464271963e-01
9.687777458737459879e-01
9.863648737556809376e-01
4.635965109244322147e-02
-6.367256361553683686e-01
-6.672870167346385273e-01
1.826794164584361613e-01
7.992420957772622403e-01
9.654445867014028737e-01
9.093993944756167958e-01
3.991420419120186303e-01
-7.757808107666893660e-01
-1.836330545253594682e-01
-8.474920614380702100e-01
-2.170105711332902532e-01
-5.752764368496832148e-01
-2.843517514280827774e-01
2.527170593494845185e-01
1.291153466218971924e-01
-7.177713462855599413e-01
9.219175428417495377e-01
-2.027625312288616755e-01
-9.999712327728640382e-01
-5.298610698477819181e-01
-5.347921388689628186e-01
-2.555946077632137992e-01
-4.327712006850502613e-01
8.139802859809855962e-01
7.003706661891351271e-01
8.310056628446507165e-01
-6.250326000658853465e-01
-6.394862923564950119e-01
7.552815985666806453e-01
-6.948763313736581182e-01
9.990283030433448896e-01
2.973474416312497093e-01
-6.158429994834939691e-01
5.352868466367155520e-02
6.752513658315716372e-01
-6.229562595133355529e-01
8.155206736689271096e-01
-8.515915019565867272e-01
7.047588345520686692e-01
-2.164520533721839279e-01
8.114151025208894419e-01
3.256747225978184890e-01
9.421679089814840591e-01
-8.893931698711645684e-01
-9.499117258597342683e-01
-9.709084199069862864e-01
-7.470404060496528276e-01
-9.037150073286893681e-01
1.753665608315781443e-01
-7.295978198082856414e-01
5.033039171942812473e-01
-2.684504541803349187e-01
-7.754325960281914787e-01
9.960865961538499791e-01
1.478047986086486465e-01
6.140225953317320906e-01
8.989371539798824973e-01
-9.966076229540581366e-01
3.164960511445532587e-01
8.629989634903255658e-01
5.941451048610008057e-01
-8.956481970621378297e-01
7.249273458130999215e-01
-2.452327885257722662e-01
8.653506721516029954e-01
-2.020324641929147347e-01
-9.949515894017519901e-01
-9.820089734087980027e-01
-5.319084858519841363e-01
7.996163174927383155e-01
3.240724309165404216e-01
-2.156933488947408439e-01
-8.130174488494241736e-01
9.866316883427642681e-01
-4.951557837655537475e-01
-3.480277277351136456e-01
-9.816076428809318299e-01
-2.750826593227730932e-01
7.056867750841495646e-01
-9.719990021756336196e-01
8.548616635529634467e-01
3.689928247707503495e-01
-9.236475389700530281e-01
-7.818242677089235482e-01
-9.975757158648080880e-01
-1.085203300852536634e-01
-9.478703555834917527e-01
-7.087491965320882326e-01
9.925373709241113174e-01
-6.518156266789525422e-01
-9.767210788410319866e-01
9.999984595509272545e-01
-7.448290367328616046e-01
-9.922660633588711310e-01
5.486282287997822776e-02
5.086124029070173691e-01
-4.869643210240673370e-01
9.793773379198729145e-01
3.934062288407444430e-01
-9.290085648514991856e-01
2.224423406138402726e-01
1.950474347759963145e-01
-6.698024850375229322e-01
5.799503353356278562e-02
2.462566315650116522e-01
-9.071807619354917973e-01
-1.130687404371397559e-01
-5.455582432227876755e-01
5.369406551958677554e-01
1.248639151488070698e-01
3.349038105574495550e-01
-9.993901910218722096e-01
-9.627644605286457269e-01
5.879988274129730463e-01
-9.961884540150144352e-01
-9.600044470927294737e-01
-5.317921308400319624e-01
7.648170971219394598e-01
4.570216144501497157e-01
-9.682860437671969578e-01
4.547799425709851406e-01
9.422055839025291757e-01
9.761499397995975214e-01
-2.912626054044301083e-01
-7.051154036924793533e-02
-9.170443046721190594e-01
-9.176990576668539457e-02
-2.495044410887697905e-01
9.911289179387382520e-01
-7.917670759333158559e-01
-9.093086722981805758e-01
-5.088295196820150079e-02
9.464731852632980447e-01
-9.436426390579849555e-01
-3.752762486320079249e-01
8.244244870788280943e-01
-9.447860114335899784e-01
-3.052116857298463673e-02
-1.642909139916249317e-01
-4.865834307757906374e-01
5.902052791431267043e-01
-9.625729606442606778e-01
-3.730847362449608851e-02
8.849443337359703676e-01
8.010542523702284257e-01
7.451193994434911483e-01
1.190292567786735006e-01
6.121614302240871996e-01
9.188343175139893626e-01
-1.309112912031357330e-02
-5.979609510072732281e-02
-8.824372777278945978e-01
6.250284408309078055e-01
-1.707328372878656741e-01
7.445606260746824301e-01
6.997010631127839053e-01
8.658484121384399934e-01
-6.703526085976181381e-01
-9.900658743123901262e-01
-9.580325058824868956e-01
-2.945924889548002471e-03
-1.031338628836835636e-01
8.807116630167951543e-01
-9.966028553322711092e-01
-9.893785043666611934e-01
-6.688728962445541493e-01
4.307446886318392343e-01
2.452505735710465984e-01
1.548455640352623119e-01
-1.037002513849017427e-01
-6.053834663494138679e-01
5.961704114649384323e-01
1.926309911656899632e-01
-5.856371310627851434e-01
-5.058765708169717934e-01
1.220906325346131915e-01
-6.199189587416928937e-01
-9.975328474388491795e-01
5.609282771093994091e-01
8.788205436454101793e-01
9.996850383939140938e-01
4.255531377030608020e-01
-9.884535173954319687e-01
9.975729224812379670e-01
2.671036890277600495e-02
-1.099580499982671516e-01
-8.351048014686972554e-01
-3.972306422216636546e-01
1.545381185848616057e-01
-9.227890180125327690e-01
-7.637257560581774962e-01
-2.437559211322108121e-01
5.458630142485464409e-01
-9.394111142628446265e-01
-9.568029426225620471e-01
-3.641228313394315741e-01
-1.913434294262055246e-01
9.275424687860756023e-01
2.632786240784467657e-01
-4.932050989489097370e-01
-5.842056597495690617e-01
3.262422271027639598e-01
9.106530623781813882e-02
-4.399785127583223932e-01
-9.889860676661176297e-01
-8.721027957607764280e-01
7.504719369557047992e-01
-2.049661678879407534e-01
8.362993766886684943e-01
-1.923750130581762877e-02
-8.085766635788456114e-01
6.534563714389699518e-01
-9.818366835347629440e-01
-3.538364811170401913e-01
7.957386976216080932e-01
-9.902132946122310653e-01
-7.318530863007870479e-01
-5.172760639588009912e-01
9.300820526291482260e-01
-9.930966525635614994e-01
-9.896951207196287292e-01
6.257390320714918408e-01
-9.672521576049769587e-01
8.326464992969134782e-01
-2.252244170516526089e-01
-2.320132165734798135e-01
9.887246421235844629e-01
4.033373964735280370e-02
6.390018093646945285e-01
8.014600464639259902e-01
2.792357644653547522e-01
-3.177913906327597404e-01
8.836540521171888374e-01
-9.977262081449379538e-01
-3.414771661107313117e-01
9.999845141067921217e-01
6.950159706429436257e-01
-7.237727363379248269e-01
-9.866364776448458551e-01
6.744110514991614735e-01
-9.464003684214002121e-02
-6.899583272705304138e-01
9.071326644933530581e-01
-8.862485780629539844e-01
2.896525423031239277e-01
9.934995406362981951e-01
-3.036390027836906036e-01
6.095003089444880340e-01
-9.125321682006549695e-01
-7.576123180628541176e-01
5.399541460333756593e-01
-5.063427354040512807e-01
-8.351950680828355011e-01
-9.635765264643690875e-01
7.621995245029200561e-01
-5.424003194762059277e-01
9.994888168920846860e-01
3.322445946273045458e-01
8.356017059507914180e-01
9.382379060111759594e-01
-3.590976855351619701e-01
3.574273929330806787e-01
5.701765817396154956e-01
2.573272516328627413e-01
-5.969468357598127772e-01
-9.997615723313423297e-01
-6.739485907076089299e-01
8.188959183053126090e-01
-2.467195713581418481e-01
6.398379256175614760e-01
-7.252630085701817775e-01
3.279874699558837370e-01
-3.313975232885137956e-01
-9.996958360242881314e-01
-3.641391683757521647e-01
-9.971080950495868622e-01
-4.920702173542585989e-01
5.319781849192996015e-01
-7.925624961518051848e-01
9.462891499407344309e-01
9.536581438899898178e-01
4.951143042556950813e-01
-8.597236757317945344e-01
8.503003126679862245e-01
-5.171792349570908387e-01
8.512481502158317781e-01
-8.518686185533913546e-01
-9.698491007346993209e-01
-8.290224541008521797e-01
9.899785514182647406e-01
-9.305517625283105110e-01
-3.850781789630612351e-01
4.715329664001640664e-01
-2.833819565890615122e-01
-3.094942605202356811e-02
5.645031520609016251e-01
1.898075377426618748e-01
7.673138691019004698e-02
4.759735075957404749e-01
7.979907975862893244e-01
-9.326549023856012255e-01
5.306737517246002955e-01
5.592238809296367075e-01
-8.660900747886112194e-01
3.709873682633338388e-01
7.685196932881016574e-02
-4.519752205775180998e-01
9.189482008143976532e-01
-6.993613987374563967e-01
-7.189358224881746695e-01
6.355004135588837588e-01
9.809246771882889071e-01
-9.981830990625902844e-01
-2.597517319989073870e-01
8.521681398984231048e-01
8.343756237494467376e-01
5.520070448638736416e-01
6.870515718584772891e-02
-6.202867918558665483e-01
-5.644666350224619711e-02
8.801893902824121652e-01
-7.248790961757833884e-01
-8.512783509349794997e-01
1.154913864905496301e-01
9.974371297667459224e-01
2.784273775822763697e-01
2.061886513357741313e-01
-7.973097313825605603e-01
8.700897738742253695e-01
-3.669293371124879855e-01
-3.848477156762893925e-01
-5.961201220141768564e-01
-6.545230575978038257e-01
9.998525933049947634e-01
8.734301891103533055e-01
9.257818850150134615e-01
-6.981083131320147128e-01
6.653413012501303569e-01
-9.076650282717794171e-01
7.742361584337273950e-01
7.944513979710499108e-02
9.000908004969562226e-01
-8.516686768342374148e-01
-1.596418442242828473e-01
2.106828974324309600e-01
4.413495813908833165e-01
-5.435456697412801574e-01
6.951033779539360635e-01
3.988000894846181477e-01
-8.869575965665115191e-01
7.184957609973756654e-01
9.724901918894843789e-01
2.265347432563617064e-02
-9.669047411136078019e-01
-9.972202808505787885e-01
9.721148525490164172e-01
5.772906081104391962e-01
7.586991885447983419e-01
-9.914000977605346154e-01
3.456015985062034779e-01
2.742921937507139529e-01
5.090117113902521417e-01
-3.544134733226635969e-01
-5.832422075989660559e-01
8.261314910137635970e-01
4.376608454599190123e-02
-8.405611167395810046e-01
7.154628659659458823e-01
-9.889061475351818009e-01
-2.534166156160231123e-02
-9.454149800077846777e-01
2.846396068948008340e-01
6.676389642145001968e-01
3.765902338233461100e-01
-3.678620690147012956e-02
3.091830682757445992e-01
-1.207401818141191560e-02
9.668799019630756053e-01
5.139014202215337335e-01
8.707919136641707469e-01
-8.058938932269340549e-01
-9.809132613948664536e-01
-7.914181632867239857e-01
4.269893956360109599e-01
9.885839617907913324e-01
1.403598572293371372e-01
8.024089550779975877e-01
8.227521749721549149e-01
-8.623206314324660671e-01
9.999999450523522349e-01
9.557075951888491794e-01
-9.999609453716022944e-01
9.953790707499040602e-01
-1.935413135949727026e-01
3.676952772124171265e-01
-1.807228212378520216e-01
4.984398188237870730e-01
-7.564960835460460276e-01
-9.134300490238248527e-01
9.755465217724236249e-01
-6.561336701648096126e-01
-5.481233283723163652e-02
9.912548903483794360e-01
6.632613532604664242e-01
8.978126408328864771e-01
4.578100537090945554e-01
-4.944561360832421260e-01
-5.692895722744717446e-01
7.809436766806086005e-01
-9.281986346262505183e-01
1.356984398438183526e-01
-4.365447571394046600e-01
-7.813827240963975296e-01
-2.417373584342411355e-02
8.066013477059966741e-01
-3.127240005265493616e-01
8.633193924539687147e-01
7.299261095419876666e-01
-9.864398900540566340e-01
-1.502982966051380209e-01
-5.427428542373714526e-01
-9.843853659029692116e-01
-4.764892360215818301e-01
-5.928727219923628500e-01
3.833140243052510221e-01
6.012949667360100170e-01
8.279079770385455728e-01
7.243050876381319503e-01
-9.976338086951307138e-02
-3.089704261513526728e-01
-1.897141272238144494e-01
9.839498055322661862e-01
-6.879579658264854680e-02
9.974186620029136252e-01
2.409924582583988784e-02
8.248260024609479490e-01
-9.982876138050645887e-01
3.318383146414929374e-01
7.091405240596392323e-01
-9.886872911946023024e-01
9.960804346635372397e-01
-9.052232391516897847e-01
-8.959066472537993153e-01
1.727337639948637316e-01
5.252130158006627081e-01
3.468235660354471173e-01
8.038439877699753155e-02
-1.739533899304417930e-01
7.627323849207870987e-01
-9.561073770087695767e-01
-3.712524315442666811e-01
1.442584020490336738e-01
-9.998607202592699750e-01
5.650374757907798973e-01
-8.390642450125357366e-01
-5.531626762585949431e-01
-2.103000721864014266e-01
-6.576480174605022766e-01
5.036255262656841314e-01
5.842004575855194726e-03
-9.062249149591757869e-01
7.937914524672764482e-01
9.067772011711662250e-01
9.441537449439187935e-01
5.177397917522074122e-01
-2.783686456988982982e-01
-1.265535992408703403e-01
9.777290844580207585e-01
3.800385335318762769e-01
-7.641796254148260914e-01
9.988158895740913978e-01
9.880972810267858453e-01
5.058054780941938500e-01
4.740358387478266766e-01
9.358371165907125588e-01
-9.133282397231812233e-01
-8.745627053819748919e-01
-9.848719700266156396e-01
-6.003314419568325233e-01
-5.955939731838649775e-01
4.673000018475073070e-01
5.190063801728110882e-01
5.743949754417297937e-01
-9.707997337238236657e-01
-6.030220672001005422e-01
9.304588831647411240e-01
9.942118586915722478e-01
-6.500175310495203140e-01
2.936719229922702401e-01
8.309464418868099944e-01
3.364989063520332224e-01
9.886313535150529352e-01
-5.865922198944397703e-01
2.695730993004426534e-01
8.906292993617866971e-01
-9.921923344731489181e-01
4.000992950391719649e-01
9.998733794431277078e-01
-7.971424325849092440e-01
6.091351078824583931e-01
5.583369177932919758e-01
7.927271531636888025e-01
9.938735230557517175e-01
9.238697960062314252e-01
-9.888233588403726460e-01
3.006424083961259722e-02
-8.479444728104172935e-01
-7.568203824013648440e-01
-5.891468749821004991e-01
-6.351485089962627395e-01
-8.050537364848494581e-01
-2.365998877874580797e-01
-9.942663685969447274e-01
-2.326939272290763083e-01
2.475772638891234056e-01
9.355945304383355143e-01
8.593007825565639468e-01
-2.781784469390549686e-01
-1.211930394419294260e-01
-6.074466952803095898e-01
-3.906263425781867360e-01
-6.176363461077950534e-01
5.378243191376640420e-01
-9.741668756742022373e-01
-8.630046038892688065e-01
-4.556774028254695352e-01
8.111134361523670844e-01
-1.469393375919861820e-02
-2.761332824995269553e-01
-9.932566316331029599e-01
-6.003732888675972212e-01
-9.950932025187292362e-01
-5.413764997143587498e-01
-7.558327484297480137e-01
1.090747715250306032e-01
-9.903462663648663344e-01
-6.714566285874328244e-01
-9.991557612947260525e-01
-6.658491381753925964e-01
-9.841358350706886915e-01
1.846505956915988900e-01
-8.125574725816916422e-01
-9.385092683874147745e-01
-6.778265146865720681e-01
-9.483579497703932271e-01
-7.437843973699663769e-01
-4.150212589947877562e-01
-9.984544042234559935e-01
-4.066009961830352459e-01
9.194914674976745195e-01
-4.311274995117147513e-01
-5.744941687328180002e-01
-3.136585208536762370e-01
-7.624629838756804556e-01
9.995112031144860465e-01
-1.501569131602608076e-01
-9.944423617980953090e-01
-6.777486224781933410e-01
-9.658827226473912786e-01
-8.500272677966468349e-01
9.764859660678617548e-01
9.994154285752576694e-01
-6.683319471696802516e-01
9.992220856756147684e-01
7.288902914038697389e-01
3.313954779179871524e-02
4.103318117394242903e-01
9.887234905552769737e-01
-9.998240357653895849e-01
-9.941706427173022664e-01
6.417174981636054598e-01
9.737283937998177930e-01
-3.457638458404629911e-01
6.475379839746235877e-01
9.949108871163124812e-01
8.206581912077708374e-01
4.278050810706231499e-01
-7.427480047516278328e-01
7.629831574377654579e-02
-8.497118489048201273e-02
-8.039983576389330144e-01
3.951916224604540284e-02
8.884404348783307981e-01
-8.974579132916177260e-01
-3.932940417855009807e-01
7.978229920702057942e-01
-3.170762451840157814e-01
-9.909663130693148192e-01
-3.447967892134207180e-01
-6.475014172553265057e-01
-4.835880284749508040e-01
-6.912370668407246121e-01
-4.096367620373712881e-02
-8.032347640503727515e-01
-9.440226258194683862e-01
8.429645945331537549e-01
3.238974790074786170e-01
-4.400589926361770376e-01
9.985536177747762476e-01
-9.710202737371460557e-01
-7.593745247151633126e-01
-7.381661181102916469e-01
-9.854002949399932598e-01
-9.651294642489458564e-01
7.046804347643652600e-01
9.533424083083885670e-01
-9.210435069162554722e-01
-9.111046929659745164e-01
-3.420335772704161670e-01
7.781575780531433395e-01
9.999999630286612318e-01
7.796850421828650790e-02
-2.503195186969044417e-01
-9.986163162007655192e-01
5.475687538337220550e-01
9.953690024519799007e-01
-1.026296430989035065e-02
-9.959047019125718547e-01
-7.913351822871159680e-01
7.749278382738390425e-01
-9.660445574318288209e-01
2.064566085710000942e-01
5.580176877545166281e-02
7.479630305131168555e-01
-9.546631082429106741e-01
7.025269699800006373e-01
-8.308043161698335233e-01
2.405388912502304244e-02
-3.201062102335673343e-01
-4.946324434887022781e-01
-2.357596064375476475e-01
-3.833329568491947864e-02
-9.913852509448152217e-01
-3.134217425792163447e-01
-6.442225293029057998e-01
-8.739570447491752381e-01
8.578383422835312855e-01
7.961454748018584882e-01
-1.934049684377227296e-01
4.478258403743959337e-01
9.278353434592943039e-01
-9.883806065926977746e-01
7.259036125113134119e-01
9.999796954463272547e-01
8.741958186272507092e-01
-9.435445348027063917e-01
-7.308040512439659686e-01
9.036463244930770244e-02
9.913126397514726573e-01
-9.577708861708713606e-01
9.120611077727353022e-01
-1.458779714895089633e-02
6.783363032161741080e-01
-7.965653829377582484e-01
-2.110778268078475073e-01
9.741667781635957590e-01
3.455045489548069781e-01
-8.927033526377758932e-01
-3.462700696851940263e-01
-5.641294102258598286e-01
-3.365028937516514329e-01
2.013968548561076086e-02
9.467280425606269256e-01
-6.044619818187126903e-01
-7.860774372170632462e-01
-8.378814760053582278e-01
9.990694304472920173e-01
6.935273419887050261e-01
-3.261636728797491225e-01
5.735730759665853828e-02
2.349927967874407275e-01
-5.924013580141821445e-01
-6.113342092623202939e-01
9.832510829415966880e-01
-7.424891904252045594e-01
-9.956765716457529614e-01
3.906534629243005874e-01
-6.511257136370747212e-01
2.241135078079359855e-01
-6.313268213583570487e-01
5.454537230230331879e-01
-4.698836109997494570e-01
1.892578914318625294e-01
-4.950296933812060041e-01
-7.782966453056532341e-01
-8.027043034462423288e-01
-3.596753309445958058e-01
9.845771666004536904e-01
-9.698285132796753416e-01
1.946319171360988975e-01
9.948650819984260485e-01
9.823116671020236668e-01
-1.066034146181221304e-01
5.310392551118013893e-01
9.996380919978499202e-01
7.557609496091841628e-01
-9.801136336134193619e-03
9.783946681039817905e-01
5.240549183825590207e-01
3.615726866007681894e-01
-4.820345583697998593e-01
9.869642981874767740e-01
-5.927793651599920777e-01
-8.980289428404000240e-01
2.077795689016232739e-01
-9.844630786788804988e-01
9.877578484541505999e-01
9.580267535977471383e-01
-6.840942444682203138e-01
-8.681000948942997342e-01
-5.594051832076809561e-01
-9.028182130613653378e-01
-8.941473433899710388e-01
-8.571860721490597301e-01
5.297867885591144299e-01
-1.416040121284781010e-02
-7.337148970233265954e-01
2.023160648557889019e-01
-8.100610715210906365e-01
7.671414189694398811e-01
5.069775754446069760e-01
-8.998091508887015033e-01
-3.546801338754472788e-01
4.552134979656993208e-01
4.544964669500857202e-01
6.445702194712333855e-01
-4.137413011976114330e-01
3.470561341397921384e-01
9.350650353993742447e-01
-9.999508310745458539e-01
-3.022380788796777407e-01
-5.452843465460947003e-01
-2.047178928236131346e-01
-7.959305518175333605e-01
7.201979400726624680e-01
8.159420416169063106e-01
-1.223687751541858992e-01
-9.994126517510598662e-01
5.834548372900454360e-01
-1.839928546182336699e-01
-2.126802442762858181e-01
9.913703728720468789e-01
-8.919967851357928357e-01
1.693167465231818491e-01
-1.191197613452651544e-01
9.294803500070355495e-01
5.591849167686078204e-01
8.249688611170656882e-01
-7.156020379996919090e-01
-6.425925582502026723e-01
9.653791184908439016e-01
4.372068119787608231e-01
5.356448845887843424e-01
-6.026080802479315546e-01
-7.160573294314268589e-01
6.729536579669987972e-01
9.331194180197440735e-01
-6.988623220893358523e-01
-9.999440830213064402e-01
3.585427711366609982e-01
-8.963400566896266852e-01
6.499896579231601024e-01
-5.598684637042328216e-01
5.296127379263963634e-04
7.260068125271637030e-01
5.403537041150787701e-01
9.557069964348020585e-01
3.757728084584581740e-01
5.552455767809671983e-01
9.658612732102827003e-01
-8.285695803935450021e-01
9.077075491591635181e-01
-9.591267330387635015e-01
-8.449873351041680136e-01
9.233683480715788594e-01
-2.130973990898459014e-01
7.815312759454212665e-02
9.973360110672379042e-01
7.549544817603464075e-01
4.628833563730433420e-01
-9.091774706025391728e-01
-5.457351849764106033e-01
8.781085581497511949e-01
-9.965953048396498648e-01
-8.040421685504822724e-01
-7.636267945974823945e-01
9.993912540747074136e-01
9.253226351784228365e-01
-2.929307315463577921e-01
-7.189815424757455276e-01
-5.643233540390336644e-01
9.985495852044714571e-01
4.840447124184920624e-01
-5.872879769474178419e-02
-4.547889486475493737e-01
5.304248710430214779e-03
1.509059947095941767e-01
-2.752751132646033549e-01
-4.238227239578284400e-01
-5.419250030263129680e-01
-7.877965553661580023e-01
-7.391820300649134534e-01
-6.156997216914235072e-01
6.294692266449477547e-01
4.458303939718120112e-01
7.499512987845418088e-01
-9.829019883873366670e-01
9.007384701879428412e-01
9.902081473371457943e-01
6.445952602248493646e-01
-9.595179037480114914e-01
-8.998769201955797437e-01
4.667369768181526823e-01
9.744167687212047513e-01
5.233230650515280358e-01
-5.734970709607202233e-01
-6.674122771406223453e-01
-7.921772827157120833e-01
9.951732676108535625e-01
9.176341095617689403e-01
-2.846858639459264317e-01
-8.357834865685905834e-01
6.859816074235141059e-01
3.624298005566112812e-01
-2.790196550562175082e-01
6.809538413902430642e-01
9.104346333490493937e-01
3.289973305981364615e-01
7.321849401397509949e-01
5.173654520670117885e-01
3.654847380240942162e-02
-8.802821989329255858e-01
-3.124164193950078605e-01
-9.594586382157527238e-01
-7.992263400029541165e-01
-9.996472283725690300e-01
5.797592930790437249e-01
-9.996318942644092376e-01
6.136073145594242995e-01
5.122507934542116503e-01
9.495516104827409487e-01
-4.713601662447811091e-01
-9.834487876045910903e-01
3.376969804243504791e-01
-8.941152120179026719e-01
-7.550529425642584780e-01
-6.881459558995839387e-02
9.343253515516017904e-01
9.825202006301161362e-01
9.708923670263387429e-01
7.707305020208746749e-01
-5.228530209221588648e-02
6.300634985065970417e-01
-9.792097970791718842e-01
-5.689097465261925279e-01
-9.877251750287153742e-01
6.381422320690552930e-01
-4.634692048782974583e-01
-5.480820738314694518e-01
7.572209320117372355e-01
5.571760448136116317e-02
-2.583481826543756465e-01
-9.997904001170562216e-01
-9.748707057219009320e-01
5.743549644877398164e-01
1.695156627928872395e-01
-7.790055115222467297e-01
-2.879872009281488343e-01
-6.220980895307144376e-01
9.377254409365280985e-01
-6.498999853840357055e-01
-5.569242192731121976e-01
-9.128268006190896067e-01
-7.962548633786072916e-01
-9.770070431494332075e-01
9.706547771873200725e-01
5.682095219160786526e-01
9.949782918316428804e-01
-3.533742994046683572e-01
6.638142701710961768e-01
-8.250159062447950387e-01
-7.427078092773282680e-01
-7.024298523355998469e-01
6.325232748127314064e-01
7.847307098075915199e-01
8.342707957326731538e-01
8.202090228507677994e-01
5.339447138638986345e-02
6.902212345358131884e-01
-7.640571278196287563e-01
4.990551555851115324e-03
-6.291428834680414806e-01
9.299796712405286603e-02
6.448596965014656845e-01
-3.600486492725475385e-01
6.472507014742265863e-01
9.626226003895067551e-01
-1.734666939874661418e-01
6.094191605985035398e-01
2.232906072427812694e-01
-2.932745604756283875e-01
9.975273563674426081e-01
-9.507061114479496977e-01
3.214040319394436684e-01
-5.107136917406088217e-02
-5.357072887382315907e-01
8.919287289475352765e-01
2.236234986885397291e-01
-6.404833905563629415e-01
-5.043553227603607414e-02
8.372939326592462317e-01
9.954617471271451912e-01
-3.102696628065212958e-01
4.700131102690513485e-01
-8.078269318292753409e-01
9.683499381930499306e-01
2.582042104196450305e-01
2.561011388908054354e-01
-1.376882325163189258e-01
3.599598440500236668e-02
-9.453830977078823139e-01
9.512980107725297341e-01
8.492305906597673593e-01
5.471088489727905513e-01
-2.911239353060925961e-01
-8.518530145873194348e-01
-1.518330240462773539e-01
5.942184296853825209e-01
-8.097556704369317515e-01
-1.495461475634347615e-01
6.511976562486966325e-01
-6.008841585197941537e-01
-9.689769674773274222e-01
8.843608338893351739e-01
-8.016381176057526536e-01
3.325569040799833953e-01
-9.874772160667220078e-01
-9.658546467432969074e-01
3.944562876593998846e-01
7.327177272465698055e-01
9.306577113246768951e-01
3.700725872375384418e-01
6.692820399700709633e-01
9.841335125376886594e-01
4.538569723495582409e-01
-9.998535758422887332e-01
3.714257984705838234e-01
-2.704358095378120996e-01
-5.230403386094801821e-01
2.749179731868839349e-01
9.964764352121875390e-01
7.228764358378011456e-01
-5.971767415823322489e-01
9.770903389229491642e-01
-8.818077073633096008e-01
-8.830170830554355532e-02
9.361730052733976404e-01
3.534580832029089459e-01
-9.775745650902437633e-01
-9.951143062192370214e-01
9.991401012059165643e-01
-9.906364516688257460e-01
6.687059115951947685e-01
-7.316524607890139142e-01
-8.456515081115806298e-01
9.767473523838307026e-01
-8.141632020185007867e-02
2.112877662638061871e-01
9.914533492443615703e-01
4.186210358473583248e-01
-9.130608843359131477e-01
-9.137388932527970020e-01
8.660969953222243944e-01
8.651900563133637645e-01
-4.438961481398350228e-01
2.993368814317015625e-02
9.433236529106813206e-01
-1.052826602853133425e-01
1.299918065842058101e-01
9.663937867658327630e-01
3.595660520881209798e-01
9.886411761258478981e-01
9.294575810509934088e-01
-9.896699479342385697e-01
1.573668197020972603e-01
9.332320542375858174e-01
9.944610339608200844e-01
7.829817410555905965e-01
1.476042072016902351e-01
8.127602882532743989e-01
4.099574564478203897e-01
4.411421069987394028e-01
2.698592464772523597e-02
-7.209161974893303348e-01
-4.365900328050265622e-01
8.225443399557889057e-01
1.659574612644344749e-01
6.140559886333976092e-01
9.997548965876844607e-01
-9.876599950318660781e-01
9.709060000217288877e-01
9.996902752267935455e-01
5.273523952675178705e-01
-2.016206578496755331e-01
7.109905859692980945e-01
-1.187644395221137544e-01
-4.586170052238030537e-01
3.319936815896198934e-01
4.911704015241981081e-01
-8.266687257258502688e-03
9.814813691019361741e-01
3.548106465025666068e-01
9.964655655766886388e-01
-2.081729129377253296e-01
9.962117885927824767e-01
9.801711851687999744e-01
-5.233727535962159338e-01
-1.468331669377590243e-01
-8.725100003031641127e-02
-4.573650765956637221e-01
8.384624902297302951e-01
9.910828994418532378e-01
6.681084471460605467e-01
5.396818230942494743e-02
-9.593171562682960563e-01
5.173078597054945327e-01
-9.998233454679401611e-01
7.004747679875394928e-01
8.242097459293971085e-01
-6.899338977435418574e-01
-2.860759975906410069e-01
-9.390914749596984690e-01
7.159899621758551991e-01
8.829489052544575722e-01
4.988650782689021956e-01
3.176767458037036418e-01
5.734732798776087659e-01
9.806297770160643523e-01
7.897338783884699787e-01
-9.856158603770579507e-01
5.563252780722698076e-02
-3.987348781488485039e-01
-8.229355006505464365e-01
8.546144023524915312e-01
-9.983268482962714963e-01
-8.331102436374406839e-01
9.605217324348352959e-01
-1.494293134518831501e-01
9.039454997696425576e-01
4.583364873924400396e-01
-4.797627053633574667e-01
9.988595058011144889e-01
-3.721414810089654912e-01
1.375223479760037115e-01
5.095672386398960585e-01
-1.139529783165846855e-01
-4.299886752168408099e-01
6.774525485064494257e-01
-1.751398142097543575e-01
9.975318333824881867e-01
-6.609343517973449433e-01
9.886920711747314572e-01
-6.132150399831013399e-01
-1.258723762184527362e-01
9.973215445966356896e-01
-9.999984640364371069e-01
2.325679380562178100e-01
-3.903238066812764751e-01
3.667309187889467026e-01
-9.807584017081310002e-01
2.470483305134556495e-01
5.478491850203590641e-01
-7.696637094075359231e-01
-1.454865421297552031e-01
8.223703573528983179e-01
-5.777930292979646110e-01
-2.592180507838197090e-01
6.832355823970216735e-02
-6.329066457406937740e-01
7.517779914571789401e-01
7.806581860147995267e-01
7.634368516749633349e-01
2.851965375333937458e-01
-6.539066728952246388e-01
-6.618395996868502440e-01
-7.807112299131987454e-01
-9.451260890007103788e-01
2.365990754923705808e-01
3.879669243471714490e-01
-9.999510554424486664e-01
-9.787153746126534548e-01
-3.953263801405459410e-01
1.130809874410412391e-01
3.508261616743711953e-01
6.627791984813489190e-01
-9.739946989302206148e-01
6.990217496192560054e-01
-8.555371256574674232e-01
7.095242732516492401e-01
9.848971671353529134e-01
-8.654398270736979315e-01
-8.026401511932119703e-01
-1.523662650066751612e-01
1.601000133856559163e-02
9.818423455204443595e-01
-3.868192117429615773e-01
-5.693121506666349863e-01
-6.828619432547533563e-01
8.868740261240154465e-01
5.409878702695233299e-01
9.550447636792125383e-01
-9.937247667649021787e-01
-1.782059312442355326e-01
7.300555528621575085e-01
-9.576468584781507865e-01
4.485290470539156082e-01
-9.464627594572968539e-01
-4.890401326128697157e-01
-5.954108739293825225e-01
-9.944760133255611256e-01
5.852630078054167351e-01
9.935586247626394529e-01
-8.602654634109803133e-01
-3.811022868792772744e-01
-6.808482526151469205e-01
-7.738607897926598200e-01
-9.918767639725134533e-01
-5.607920344764268927e-01
-8.396844092316431141e-01
-9.422784022221865063e-01
4.041894937414404199e-01
7.734962026873146712e-01
8.921504408368282624e-01
-6.723990692921849588e-01
5.173891009546885966e-01
-9.153752965122687879e-01
-4.511257991605012729e-01
5.734957064064775123e-01
-7.861883418409337798e-01
9.999095551543815130e-01
-6.459045251880485283e-01
5.631812986600019943e-01
7.716212850970984860e-01
6.361601948822303010e-01
8.649369774479167550e-01
5.522534130960153886e-01
-4.470724464380564783e-02
2.867979988363675847e-01
9.997424830298493603e-01
9.988116618558493531e-01
-9.719411217765330235e-01
-9.474028815588921848e-01
8.553661094768636453e-01
7.483339627459305587e-01
-4.397762630284683671e-02
-9.786735531085828388e-01
4.773714407516727598e-01
9.941462077537914777e-01
6.621319720886162941e-01
5.668056524207835123e-01
-2.343202384702441354e-01
3.608296789765921830e-01
-4.756652612994790030e-01
-1.677673394216513958e-01
3.380528331064865943e-01
7.448884804810944615e-01
9.067900456963337019e-01
5.966987523277260674e-01
1.716112068819840297e-01
7.987166703736477968e-01
-3.862453502757249857e-01
-8.808338959503665411e-01
-9.822709690734705568e-01
-3.943812250242874073e-01
9.865111055147903762e-01
9.719875477536619179e-01
-3.613590332282217710e-01
-4.045264097349021010e-03
9.267879073976323934e-01
-9.184961571252314716e-01
9.154345434160696127e-02
-7.196914293270241236e-01
-1.542637019167952261e-01
9.119073379141255653e-02
2.395244723924737640e-01
-1.953984783370251999e-01
5.075042322576258508e-02
-9.436720598958228123e-01
-8.417293430883225624e-02
-3.249614397075090144e-01
-9.814756972698314152e-01
8.571350087339694168e-01
7.657984068198957495e-01
2.076024330052265165e-01
-3.636577418883329416e-01
7.670015006564037119e-01
-1.652360149733433370e-01
-8.386741067494971613e-01
8.389389848283648754e-03
-8.466388886961452309e-01
8.232946677219662446e-01
-9.521407772135962455e-01
-5.742485926781709660e-01
9.999280864484645370e-01
-6.937282352685759657e-01
-6.087283996004444475e-01
-6.980549143760675923e-01
8.413783532250830310e-01
-6.904596653881313051e-01
-8.530968892554198213e-01
-9.941701249892838099e-01
-4.806416755197511770e-01
-6.366770070510663349e-01
-9.356384451840110694e-01
9.576353107958923694e-01
-6.237887883670760747e-01
5.307853036100776412e-02
9.984239444727687207e-01
-9.856315383194383939e-01
3.533731710251470370e-01
-9.925250799514452327e-01
4.537776049590930838e-01
8.127089563320015753e-01
2.991518744174420652e-01
-9.992108583012573320e-01
2.382428389998088314e-01
7.421736385783624934e-01
-4.302897991129971400e-01
-5.672030228529809648e-01
8.225718741740531970e-01
9.016898335354299743e-01
-1.365106493293402334e-01
9.358590660542578377e-01
5.837747662842391883e-01
-7.041923183336068481e-01
1.784565484729633555e-01
-3.391148471077886084e-01
3.652707289810471769e-01
3.764630003509875644e-01
-9.942547161220526286e-01
-9.380489558608444689e-01
1.874683726573475318e-01
5.862295977568754424e-01
-1.276680479120411715e-01
4.819760692096640153e-01
8.666167243335168302e-02
5.372994081541002664e-01
-7.786351344692064025e-01
6.692201849530736713e-01
-8.844679315187116142e-01
-5.494770081712475607e-01
8.825247168331321612e-01
3.744164875793555836e-01
9.366233648120454447e-01
2.354250450620719304e-01
-4.114645788045044328e-01
-9.897326150720532345e-01
9.948559659846137881e-01
-4.087991377905991208e-01
-8.293795016393539221e-01
-4.787109793260368451e-01
9.993250776303919114e-01
8.232505786814031667e-01
-9.583086420286002216e-01
-1.564534578812181997e-01
9.442321574381848936e-01
-4.546556524279949385e-01
9.999931618353302687e-01
-9.332606067635256242e-01
-1.290045624610832234e-02
7.098141105932443962e-01
-1.123458852628048399e-01
9.498124433104960795e-01
8.327596967332031586e-01
8.005837386511361897e-01
-6.397378411846078583e-01
5.932611264913758564e-01
-3.978253578379531419e-01
-9.069067290341746856e-01
-9.087015014678113678e-01
-8.431249963188537366e-01
-6.827239222706669164e-01
-9.759469859166532979e-01
-9.446168971710986462e-01
7.891260847794827615e-01
5.712517790673247164e-01
8.817858590295030163e-01
4.044449535270968066e-01
-6.657175573740558017e-01
-6.056148236951454100e-01
-8.355534590004672912e-01
9.910136291638272921e-01
8.836702970992563744e-01
-1.623042440271343367e-01
-4.054685321515212881e-01
9.999814271524269937e-01
8.524375663368437550e-01
-9.833603642002899381e-01
-3.194176296921107938e-01
-9.497930601186793664e-01
-8.134217116524522506e-01
6.965522479946483214e-01
-8.797593200972710914e-01
4.543477761579350904e-01
-2.621120249640435107e-01
-2.413324901414929113e-01
-9.816875106493762049e-01
-8.846866868095097924e-01
5.146369031581887743e-01
-9.593558216501851810e-01
-2.786993711768847026e-01
4.358644390746158614e-01
8.461963459587139580e-01
3.150514943447777494e-01
-9.920551614223981352e-01
9.424225078831519609e-01
-8.963665862261394057e-01
-4.185564337831098602e-01
5.034815783615708140e-01
-9.438217856243295012e-01
-3.428092289118979397e-02
-8.028945890841303612e-01
-8.781712803470720363e-01
1.019022741917245331e-02
-7.145192314603292516e-01
9.768497245009548635e-01
-4.378466221922768242e-01
-6.958464192458968522e-01
-7.275799253824956174e-03
9.965687832091253417e-01
7.952312280169379077e-01
-9.867183367692671236e-01
-8.432806302439040946e-01
-6.759404525222211246e-01
8.355061406282460190e-01
4.738463376745062350e-01
9.600108396815241196e-01
1.095381906454837850e-01
-5.462756598041680345e-01
9.999948623086337696e-01
9.957656128003659068e-01
3.413543526183874799e-01
5.167238432815280946e-01
-8.295602157114523312e-02
-8.253429214999047359e-01
7.995716568848844075e-01
9.743437594622773590e-01
-4.001916988176610346e-01
-7.938177545040937533e-01
-6.668039177568727549e-01
8.911333090201041252e-01
7.880631957512457264e-01
9.777864509934846016e-01
-5.673382063134523312e-01
9.837998905421518892e-01
-5.911721179825101258e-01
6.772602424812738109e-01
-6.206917235907104535e-01
6.565519731979668761e-01
-9.838315957417337332e-01
-6.864278661868661313e-01
-4.264916922326428272e-01
-8.602016478234224550e-01
6.889195744637358620e-01
7.306394805657842051e-01
1.455671206048403735e-02
9.622289024789368872e-01
2.723948547572144774e-01
1.863651944642856495e-01
-2.803501010487473577e-01
2.058106425885090629e-01
3.488268064727981232e-01
-8.365445674367261164e-01
1.463753341073318337e-01
8.183515820929202489e-01
-7.622528873710257002e-01
-4.152312489528079964e-01
6.676123659031388824e-01
4.826450665638211679e-01
-9.867661962568338163e-01
-9.117256584864372737e-01
-1.437452995909130060e-01
6.295727629466835173e-01
9.798614399922196405e-01
-1.930444986471508417e-01
8.845059743379938277e-01
8.368539247882090804e-01
4.167693213967125776e-01
-3.974125551061416517e-02
9.998406606994735268e-01
-3.176734380358377519e-01
-4.795729616486530955e-01
8.211755392576430834e-01
7.035336610234528276e-01
5.163623038788383024e-01
7.825431390224441008e-01
-5.954724539851394827e-01
1.147752302786412965e-01
1.725318124597252090e-01
-5.159899967100793905e-01
-7.329021282640121315e-01
7.653264601952507462e-01
6.855891361049676336e-01
6.942149565441863013e-01
-9.944927248328658820e-01
4.598046466532897392e-01
-9.190081000237410036e-01
-3.891261541141043390e-01
9.427398735952591258e-01
1.278380254725282328e-01
-1.540335885618036027e-01
8.460550486654347946e-01
-4.083909748335295409e-01
4.101654456640557167e-01
-6.943089635218475941e-02
-4.992548593289745096e-01
9.649702605059393701e-01
-7.848771588905402163e-01
-3.488021722269233349e-01
9.839373993690895270e-01
3.570188991829342240e-01
2.510438796299446773e-01
-6.963518008479574473e-02
-8.121935735059028216e-01
8.272095463672204385e-01
-7.671594403533598117e-01
-1.659577256246123412e-04
7.191277342089303914e-01
-9.970450000420741921e-01
-9.768167832926140104e-01
8.297459656576089415e-01
-4.988362852878210352e-01
-4.496741044174933366e-01
-7.000852949602777153e-01
9.873284100570872690e-01
7.629877100239174093e-01
-7.519871312126185092e-01
-5.473388733730756295e-01
7.577397526834271924e-01
5.877240615660089817e-01
9.055590446287391515e-01
4.514622565006471966e-01
3.479524551987357994e-01
-1.378094400432887945e-01
-9.799491011757495151e-01
-1.442145472402289741e-01
-5.882831123527674233e-01
-7.237130587524687186e-01
-5.401891348632281709e-01
-8.048178258551241804e-01
-9.940285813901406087e-01
-9.712122273085399549e-01
6.481451147799904833e-01
-6.852493922559864670e-01
-8.471354742292528384e-01
-9.786999877138636839e-01
-6.567667699542353299e-01
-1.604453650957210764e-01
2.949973975613711108e-01
7.077166345808103554e-01
7.602709734818853260e-01
-2.888768255865147294e-01
9.406160415630328009e-01
-7.272969518312085713e-01
9.004928222387940107e-01
-6.008438940255457217e-01
4.033674280775544907e-01
-5.689887210911998006e-01
-8.541928146396945420e-01
5.266589335134244099e-01
9.050549556456222167e-01
1.895797132833459409e-01
-6.895782132521950381e-01
7.032190128876086854e-01
-3.466782992960307230e-01
-2.262099613030337519e-01
4.369243837107089634e-01
-9.995734257082613539e-01
-5.166338230371857465e-01
6.478738432831903094e-01
9.540200172442481197e-01
-7.949689184439266976e-01
7.051070264216354744e-01
-1.806120027657189542e-01
-1.319755202850171061e-01
-7.042461529719010738e-01
7.730112064418853679e-01
-5.938152902909703545e-01
-9.804386767125439217e-01
-6.209985391145268485e-01
7.963246666854586486e-01
9.737610384797382723e-01
-3.176527624268060679e-01
4.931255888375972729e-01
-8.264772580756968301e-01
1.803487359722837635e-01
-9.899154103399793181e-01
9.279038165530952842e-01
7.834160572558738211e-01
2.707371715492275510e-01
7.607379160874676582e-01
-1.119535851940666737e-01
1.389963705951471618e-01
-9.227280334475411738e-01
2.772520034051414450e-01
-7.217928051176581393e-03
-7.273793641404380228e-01
2.624855830768648701e-01
-9.971155930445484428e-01
8.592337227918293019e-01
-8.572866060864419158e-01
-9.462398024157766541e-01
-7.707337327132625371e-02
-7.215619420584676869e-01
8.675356009792755119e-01
-9.463841337608408510e-01
7.237635257798672450e-01
3.768016364323725775e-01
-9.891703334147958770e-01
-5.157979760365078992e-01
9.351993731303362978e-01
-3.178271691458620096e-01
9.850236261138093363e-01
8.199860306099830964e-01
-5.619229097566484921e-01
-7.931965085027505857e-01
-5.013141832393807062e-01
8.705019846950595719e-01
9.908586205000966540e-01
9.181392831121836240e-01
-4.319032249537286261e-01
1.489494003675728429e-01
3.056023721190982423e-01
3.940466189070632730e-01
9.997089468031302717e-01
-9.862717049340163911e-01
7.543911106094907115e-01
-5.915432118799351935e-01
6.029248949591474727e-01
-4.294831947623485302e-01
-1.926776071002684887e-01
-8.248852647983635766e-02
2.257593224505583251e-01
8.111450645027403761e-01
-6.441097966781619277e-01
-6.395570020363762209e-01
6.527778874199993142e-01
-9.803009204857521253e-01
3.039284704147757754e-01
7.886363561983992243e-01
9.997820308643323717e-01
5.742854295035224599e-01
-8.928983890076755969e-01
6.944228303489221599e-01
8.072532196946619054e-01
-9.228311461096874169e-01
-3.703887575253241859e-01
-5.482700809513492146e-01
-8.726121184066292225e-01
-9.526445769659237506e-01
-3.272160482269021453e-01
9.989126014357022632e-01
-8.772257844140215477e-01
-9.324915642001474492e-01
6.711988435694025146e-01
-1.514405570568027118e-02
-8.096666747131696651e-01
8.120002112469060229e-01
-8.692995829823649823e-01
1.967413830066080116e-01
-3.356665928463126169e-01
9.521421773142179079e-01
-1.549358104318827589e-01
-7.305073276308466923e-01
9.952207355517344034e-01
-9.639427939458642403e-01
6.701959762498291839e-01
6.639709549606879202e-01
9.799365920628491100e-01
4.374526988025663754e-01
6.969194079457324831e-01
-8.354217910046816131e-01
-2.252103314992054406e-01
5.185727424265625940e-01
4.389479975300561998e-01
7.050251530994844362e-01
-6.508358465686430172e-01
3.660027292738534110e-01
5.396684660140337320e-01
-1.257401483320293297e-03
-8.161364844295408982e-01
3.267230601517154831e-01
-9.360798243060409751e-01
3.806058731248184168e-01
-9.971094870754997341e-01
-9.263659377466245681e-01
-2.596828537604948806e-01
9.393565063401412285e-01
6.596669292455544786e-01
6.506573472481822495e-01
8.335693030381641222e-01
-1.087765962025824401e-01
6.925796211247267076e-01
5.531243786461690348e-01
3.114666582343908474e-01
1.284463477767260886e-01
4.397897530929147369e-01
-9.425591809666140630e-01
7.888101938054442597e-01
-9.902766622324906676e-01
6.700357627033745045e-01
-9.964199532805770865e-01
-8.787918393691748209e-01
9.967453293740730080e-01
-9.933705601108288041e-01
-7.738337230030293279e-01
-4.377960484047403455e-01
-2.535080521098248552e-01
-7.320086994378771639e-01
-1.595756307842112476e-02
-9.109339446548339048e-01
8.845355451154914839e-01
-5.282133335676487684e-01
-6.752325488397025177e-01
9.578757159925961329e-01
-5.842084625237637940e-01
-8.598326701596674670e-01
-5.361168639552325033e-01
8.318954109671462538e-01
-9.202295226619963131e-01
-8.576837391199725324e-01
7.098653058346616751e-01
-7.214672151371804842e-01
8.643488588490108038e-01
-2.662656922239754476e-01
2.983475143635072602e-01
-1.055702997911026342e-01
8.450048364806437284e-01
2.425053383096764104e-01
-2.653096190970495871e-01
-6.581848647191448354e-01
-9.943180797194183240e-01
6.212740516808334945e-01
-8.231871775578839534e-01
-2.315997955775645767e-01
-8.708663141358383708e-01
6.967642824474328256e-01
6.006807002992275990e-01
7.223871500718956895e-01
2.395322582391002098e-01
-9.988222173868451792e-01
4.612303528100146766e-01
-9.930340479787796992e-01
-2.714229615865698109e-01
-9.813652434243826939e-01
8.445974072211730466e-01
-8.998194145519338161e-01
-5.095951152682499652e-01
9.864764754314498951e-01
-4.471467308452709011e-02
-9.496718976117870525e-01
5.718963505180928442e-01
-5.558953828423155441e-01
5.375111208437756138e-01
-4.428949696513791862e-02
-1.886250987081830310e-01
-9.998717836732103903e-01
9.917640245627981077e-01
-8.125627076675884242e-01
7.371860539139730717e-01
7.547669032009469703e-01
2.690744347145601068e-01
-9.801740357088967182e-01
-8.697112528447361601e-01
4.469561726795139855e-01
-8.739145462258679498e-01
-9.895760737183507683e-01
-7.925603223842847544e-01
-9.914462708514776290e-01
9.627787856435375824e-01
-5.980236684250288537e-01
4.638114015209182095e-01
9.753667891863128103e-01
-9.567895734094945537e-01
-3.141440359205991406e-01
-9.878359345829722526e-01
3.929058027669196651e-01
4.977741143902790766e-01
2.789645027467547722e-01
-9.629327044423516835e-01
-9.935748999104194734e-01
-5.213398087807852299e-01
2.913209502616219762e-02
-9.911047464779747518e-01
4.832951258449501575e-01
-3.745463975780791849e-02
1.991273611448555747e-01
3.273504167216789162e-01
-1.113445590656067935e-01
2.992329819683565706e-01
5.111170253915942041e-01
-4.720261828674995885e-01
-8.462183557163998060e-01
3.370510827314098234e-01
-7.964623191587356654e-01
2.263104669707057537e-01
-6.254775817659991022e-02
-7.978208533562261007e-01
-9.320560987122971097e-01
4.898854134168276753e-01
2.145782353927498942e-01
9.779146356641335025e-01
-7.363580285215315380e-01
-9.195150428313361157e-01
9.260382808528760945e-01
-3.935868851416893799e-01
-9.987362764191777265e-01
-7.867016149853474083e-01
-9.619502191037929695e-01
-6.592052504551152436e-01
-9.972097458122543001e-01
9.018048459430907382e-01
-9.996671497105730220e-01
9.863513542532021949e-01
3.229204324594968645e-01
-6.591117071599942312e-01
9.580782446352934523e-01
-9.974855049837383358e-01
-1.613031430529889704e-02
-5.528765052642888866e-01
-3.269541557142008892e-01
8.946072332128589544e-01
9.997434050438223085e-01
7.058026515829000924e-02
-4.123123658544683989e-01
-1.346659578918235345e-01
1.769643586451219996e-01
-8.167575984794933630e-01
-8.398362878163143641e-01
9.781509527921991021e-01
-8.110469352233524720e-01
9.888075061840291280e-01
-3.139654952277010080e-01
-8.502623104088521400e-01
5.278371500934174732e-01
-9.913147167222881029e-01
8.142084889316254515e-01
1.055911158660064048e-01
-9.659620241692573606e-01
-1.753660176570460694e-01
8.742714478753175200e-01
-7.938094949367439090e-01
-4.613312488761472929e-01
-5.214167761939866863e-02
-8.995288920711304037e-01
9.936792934571823110e-01
8.675356642289646647e-01
2.444622117962071961e-01
-4.733685822861817272e-01
4.665020876647935633e-01
-8.696276523133841252e-01
-9.955562341551418837e-02
7.346635553862176371e-01
9.849407496279878327e-01
9.560747982824606694e-01
-4.651474145601840887e-02
-2.269672090443052848e-01
9.571308355297377668e-01
8.321837722278638827e-01
9.823754504563468881e-01
-5.142965047098965181e-01
9.144414938979426033e-01
-5.897130669901440997e-02
-9.985082314557433003e-01
-2.510079115646587367e-01
9.952911147227579969e-01
-7.437292448283578938e-01
-3.870930677026761524e-01
9.853644406747044115e-01
-9.821999907929636064e-01
-9.211934403962130924e-01
7.611548538598468250e-01
-3.415495223444539041e-01
-5.355213208688153204e-01
8.105442125222732663e-01
2.863500602088858704e-02
8.468673843262434220e-01
-7.037060783131713348e-01
-4.612840540607349160e-01
9.075652510374658810e-01
-4.241312094901584784e-01
8.981997989831992379e-01
4.057109351096589989e-01
-5.130961892226885146e-01
6.080818391922857558e-01
5.308448388214561664e-01
9.943324180824723024e-01
9.204017155822700191e-01
-8.619434733636144319e-01
-2.882399143541108377e-01
-5.455233503954156626e-01
7.766913886052013716e-01
4.189992770989734994e-01
7.214278121678252553e-01
8.451329601680136472e-01
-6.798578190593860260e-01
-9.711510223423032162e-01
9.945276603955173211e-01
5.381195959790888717e-01
9.632496968399998361e-01
9.633703898753146477e-01
-6.971008111689370734e-01
7.350103112356282109e-01
5.404360056424644121e-01
3.336541442092357812e-01
9.528053410029151404e-01
6.610863397892861038e-01
1.513537110022517840e-01
4.139660550407944783e-01
9.996628250492745060e-01
-9.736188676640679107e-01
-9.816841685566097819e-01
-9.928436682773327249e-01
4.042691441038159250e-01
-4.012902393271285950e-01
7.205973083720484951e-01
-6.557784720112803667e-01
-9.651579146699941214e-01
-8.312147687289855869e-01
9.678798162463584376e-01
6.893440358768492260e-01
-7.090910665923570999e-01
-6.887387658935273382e-01
-8.864619816701735378e-01
-4.140528503242317804e-01
5.139866917108997235e-01
-8.424916148762016110e-01
-9.432285406324151245e-01
2.161236047176812725e-01
1.215368714522785387e-01
8.139514863745076489e-01
6.941871496523779328e-01
-5.992611019465627908e-01
9.821620503094112831e-01
9.220757890910850074e-01
-9.988361863832793119e-01
8.278205600670811570e-01
9.997330117974655428e-01
2.899746024702414826e-01
8.840520123593156310e-01
7.937400914882730696e-01
-8.031554146545774597e-02
-1.376424794521666495e-01
9.961539820630542774e-01
9.273237487189062156e-01
4.245482589206083790e-01
-8.052675179934963845e-01
-9.106963124376158403e-01
-1.842733867586276442e-01
6.234789127833381128e-01
-7.539595112964478929e-01
1.110813826946456528e-01
-6.466842198195964508e-01
5.325020078876173679e-01
8.644207833080954639e-01
6.505835138063942313e-01
7.506465204146026693e-01
-9.989437223268706756e-01
-9.229038622256293678e-01
1.028427649480891382e-01
7.920523361145622721e-01
-7.665130571629166223e-01
-8.332324537460542579e-01
-6.431256027251257279e-02
-1.318562067388680537e-01
-8.344088517299990126e-01
-7.927145179236104733e-01
5.853522015472202300e-01
-9.993865102458788785e-01
-7.370785136254613956e-01
-9.781223442368258691e-01
-8.595476016858288881e-01
-9.900819794031283649e-01
-8.715573477632791999e-01
-4.798596345915490113e-01
8.765890399630023033e-01
2.928109938419447000e-01
6.784861054703655858e-01
9.094367526085640474e-01
-7.356137563301690108e-01
9.319968780374852102e-01
9.357673107848493155e-01
-9.788227285800507049e-01
1.887847253170294726e-01
6.606279544034910911e-01
9.475070279611842450e-01
3.325562833485345982e-01
5.806559152664483303e-01
-9.588458848093966980e-01
7.093863568678882014e-01
9.187703959370279172e-01
8.638623709513528759e-01
-7.283836471744111751e-01
-9.562632291104434801e-01
-7.932517077943145312e-01
2.403740185215869629e-01
-1.565972235733342766e-01
5.105459358268492620e-01
8.070181303900845204e-01
-9.919539364031054740e-01
9.983793479780044278e-01
-9.965145749075692283e-01
9.466340704865164879e-01
9.970390944940188405e-01
-8.732052251818134270e-01
3.313286541226874160e-01
4.155334441423191305e-01
9.284162969751305616e-02
7.791252406685186260e-01
9.252929723943623674e-01
-3.712243236959983372e-01
9.911144646233909228e-01
-8.960944362676879216e-01
9.966649230716347896e-01
8.266838462030596801e-01
5.018076196747266460e-01
-4.187800221207720053e-02
6.949198994753534864e-01
-9.958895713322720930e-03
9.974027444584740998e-01
-5.325880253233929995e-01
-2.095016972974928227e-01
-6.730204675629678501e-01
-1.340456382754180442e-01
9.980259841591986314e-01
6.360044834671071401e-01
3.543213914517576169e-01
5.154080217593371982e-01
-9.843645509224444035e-02
-7.538795836215856916e-01
3.539404637267624665e-01
2.494852021038559964e-02
-4.313826327121690896e-01
-9.410421331003320233e-01
-7.330300783019918498e-01
-3.018051100248796970e-01
-7.155212989062649243e-01
-9.081376104663575477e-01
-9.518955876673932393e-01
-5.112141835832981762e-01
9.736099154777165809e-01
9.704312027345463054e-01
9.746314990157760594e-01
6.904591692610392295e-01
-1.256375227256489036e-01
7.393754545191938421e-01
7.156010128301318884e-01
-9.942827771184362673e-01
-6.818054254640272260e-01
-6.769772488897486395e-01
-2.306632156360315378e-01
-8.540059243590516491e-01
9.665869743091437538e-01
-2.336072547212746653e-01
-9.958214419189853617e-01
-9.985513852344968244e-01
9.769480805468410134e-01
-3.177989781712706185e-01
-9.923292801507869187e-01
-5.342468903907586775e-01
9.926365934487667575e-01
-5.101719140747807968e-01
-4.528971296541279834e-01
2.369333888599071680e-01
-5.445979254977931783e-01
-2.215502650663193074e-01
-6.786365790981775670e-02
1.438810754440832118e-01
2.255854553854335504e-02
-4.394365751818705146e-01
-1.359564915097777604e-01
3.825018335789570623e-02
-1.582436797688955010e-01
-9.999976822608048765e-01
-9.864075997597079315e-01
-6.824161285149563105e-02
-4.059446425665182434e-01
8.852216627162120544e-01
9.553944590909552170e-01
5.806920331311281602e-01
7.376288411082263519e-01
-4.580059166957221040e-01
4.661997947672664733e-01
5.076040958005958448e-01
-8.471874186497939663e-01
9.693483755063628804e-01
-9.976423042508044681e-01
-9.975618700413936280e-01
-9.339616416446745450e-01
9.319604200010485062e-01
9.333343437788282904e-01
-6.925136536846299151e-01
1.049305664090458001e-02
6.960582809409608940e-01
8.671857013846188122e-01
-9.441654903020741951e-01
-9.209975557350112974e-01
6.320102496712023399e-01
3.211180651164217137e-01
-3.488035704125218572e-01
9.277965921609302447e-01
8.809595116148780658e-01
4.454209485401631197e-01
-4.305874888845138693e-01
9.832337598523797073e-01
-2.992544517684301297e-01
-5.924368474885249869e-01
-2.166720685624413945e-01
3.021580717045137532e-01
3.559977045705357002e-01
-7.246734217849761794e-01
6.307802187854435472e-01
-1.885768610317680449e-01
9.145062609933327646e-01
6.227570792030663327e-01
6.827251193043624988e-02
-5.277101470973329933e-01
-8.736511635859776082e-01
-8.448505211633146050e-01
4.904278038469994105e-01
-9.387034686289970065e-01
-9.828973821087567675e-01
2.500708697368402844e-01
7.166801052458517951e-01
9.737406905351085884e-01
-9.748802797911469975e-01
-1.572639065433258099e-01
9.442056033847490149e-01
-9.963182085806943089e-01
6.163798573099756872e-01
-3.861752955231152473e-01
6.208955914501832485e-01
9.254715754804118122e-01
2.611470896319506019e-01
-4.403512980878494520e-01
-9.246286512266107538e-01
-5.591239639057242750e-01
-9.634992995931541682e-01
-3.152129930759499099e-01
9.258018082477605937e-01
-4.235857519854633324e-01
5.623320217406918564e-01
-9.994520947035087088e-01
-7.863212166641015965e-01
7.318284569635552517e-01
4.312307200112783789e-01
9.733656510526077499e-01
-9.793778889333133453e-01
1.553484669867414569e-01
7.221286388140990553e-01
8.786793506067530624e-02
-8.787655553534680086e-01
-9.984407801409539429e-01
1.608710776410588461e-01
-1.269376350899126260e-01
-8.644835513700640517e-01
-8.612984839364649092e-01
-9.513610830900482984e-01
9.378729467313786650e-01
9.855062979120301492e-01
-5.476890539954510501e-02
9.051632107487208589e-01
-9.729020075487181396e-01
-6.972765609478401294e-02
9.999901323115292229e-01
8.306333316470777550e-01
-7.984729725236716646e-02
-9.882360964293424033e-01
7.552026603383232839e-01
5.397485785456300755e-01
9.850478677595292387e-01
-9.074385077843377667e-02
-8.616537451813164328e-01
9.579674963883819672e-01
-1.974661024309640744e-01
7.323294785275494823e-01
3.533697100415194581e-01
5.506859138067575765e-01
1.097643361600500744e-01
-9.150353102308214082e-01
-9.873287574267831657e-01
9.999537467725009288e-01
1.412574748014241710e-01
-9.092994376805241252e-01
7.687738646308638346e-01
8.301760844107427539e-01
-6.962270691842213644e-02
3.947221069283506356e-01
-5.259105461323022868e-02
2.214079872958381046e-01
-8.701711687818154406e-01
-3.625792409439446695e-01
-9.999886061857419239e-01
8.931043014041951666e-01
8.823989955883312364e-01
2.382212411978216760e-01
9.350528526292536391e-01
8.581904640496397230e-01
4.023020493905103412e-01
3.067444564573674204e-01
-4.916223951115454294e-01
9.838296601798803831e-01
2.020463633310261020e-01
-9.932278739715799665e-01
2.150214748362711814e-01
-9.988558404926720646e-01
2.051793342732838865e-01
-5.285929637842941009e-01
8.975818047089079155e-01
7.286636658664663591e-01
-3.069732226948304957e-02
-6.024042080212732575e-01
9.807510280954047088e-01
-9.277249432918039940e-01
2.969519273832250672e-01
-3.269449779402960887e-02
4.984719967092722248e-01
-9.921949355005300619e-01
-1.519193574610208652e-01
7.164578575004875161e-01
9.594034521956842365e-01
8.925790449650997660e-01
-7.262647386126461768e-01
6.071993059678647553e-01
-6.528758071039322819e-02
-9.556098883916901432e-01
-3.187961822374175136e-01
6.296824678408574627e-01
1.245625668640736178e-01
7.116797221742279245e-01
9.009707435416306476e-01
-9.981181489272579199e-01
9.651765002474210764e-01
9.709744467415044600e-01
7.533553599782272236e-01
1.208611313036698082e-01
-6.217686241369910771e-01
9.995878667358848446e-01
-4.204052999544629077e-01
-9.991155422197637304e-01
5.513075889443264099e-01
-9.744078221723465605e-01
-8.631499386495267157e-01
-7.089935059256124647e-03
-6.409834696193749126e-01
9.689188814937003125e-01
-9.917699066266151275e-01
8.626556202477695390e-01
1.330974113587934105e-01
9.981232943408160363e-01
9.147912253294702978e-02
-4.875312792778485060e-01
9.466674426071507442e-01
-7.301258813709035067e-01
-8.558290014416302105e-01
-9.661477343319438971e-01
9.188196335901386291e-01
7.423515283850750102e-01
-9.405566660344060193e-01
-9.490088102633782441e-01
3.192053573809406353e-01
8.160476640476861665e-02
-1.536457086857112020e-01
3.359602580225313218e-01
8.617327692277317874e-01
4.100026482482562740e-01
-7.456855561609682104e-02
2.268220715663573587e-03
-2.731416238092255755e-01
6.092948838195139105e-01
-9.710016823524453278e-01
6.623956415499419048e-01
-4.784479260947718249e-01
-7.079045618292431064e-01
9.885373626112404777e-01
-3.352970453792969430e-01
-9.062128619840088550e-01
-5.654812919625936685e-01
9.861838530656280577e-01
6.752467746973345175e-01
-7.256134106029126229e-01
-2.041731952558362984e-01
-6.238568239428946560e-01
-8.875843160431028389e-01
-2.856336529367666244e-01
6.378327660108181751e-01
9.992917445916865704e-01
-9.812462931735844718e-01
-6.491209604406611433e-01
9.507591155390697768e-01
9.424052676149913266e-01
-8.552928214768406034e-01
9.773254847093048037e-01
7.200447061440240493e-01
9.765784749437075307e-01
-6.322342958194202556e-01
9.762217920116880165e-01
7.973888077983704026e-01
2.625231110798696421e-01
-9.843256511936478992e-01
-9.444645567140906861e-01
8.214926459337783538e-01
7.663172631983015126e-01
8.627326946230857718e-01
-8.606959669754018494e-01
-1.308008826113250637e-02
4.576947009937423760e-02
9.508890137465153547e-01
9.973266390307802265e-01
-8.187524277360811453e-01
-9.712744305402857270e-01
-5.686581364299747587e-01
3.085660283825854555e-01
8.276956431666121494e-01
-1.101275292660216787e-01
-3.843099325561448176e-01
9.927040480223625618e-01
4.915826282083148868e-01
7.875482846224766131e-01
-7.015108738783514264e-01
-4.969158930259708340e-01
-4.077081650778244248e-01
2.315081724741284708e-01
-9.750764076795749302e-01
3.702704329573890951e-01
-8.185888526611870830e-01
-4.440910124724903874e-01
-2.865237572243576891e-01
-6.123106578635775232e-01
6.085293574789828880e-02
-9.990826501654658243e-01
5.770095075721008993e-01
-9.018333716458918348e-01
-9.681139899060585696e-01
9.323565443833241595e-01
-7.317815427736659162e-01
5.012591662574752416e-01
4.402597935044442190e-01
9.651315100931964208e-01
-4.316632618620105943e-01
3.688053371339956032e-01
-8.215636541022857120e-01
-3.116779705139218204e-01
-3.808128121836809044e-01
-9.557585189543352788e-01
-8.376800094466287927e-01
-9.802295284001806275e-01
9.606403693653561282e-01
-7.334258865675010730e-01
3.715668411684991401e-01
-3.663488334839311023e-01
-9.790440885186036946e-01
-6.372819975319343744e-01
-6.015064950211310713e-01
1.694014360693773258e-01
-2.634650394671695928e-01
6.712250274292388408e-01
6.310412109956007320e-01
-5.862915448520678030e-01
-7.811196417331703890e-01
-2.981249617978410926e-01
-7.407622891684553235e-01
5.947555930678484204e-01
-9.370981284911468201e-01
9.702582777606640896e-01
-8.231042623112068135e-01
-9.629175258416317051e-01
-9.978405413916127120e-01
9.674115585902891556e-01
7.750451668708285835e-01
9.518034948142669593e-01
-6.289017745772881307e-01
3.547489513736529210e-01
-9.867185860039142664e-01
1.420190788443274343e-01
9.999403605267224160e-01
7.212659533098361164e-01
-3.987260847484190296e-01
-9.851160063905787245e-01
-9.975223213383624943e-01
6.241358317396952238e-01
-9.343194437557074128e-01
-9.456121282323294297e-01
8.502945366611364131e-01
-9.290012079155457458e-01
6.436922911957252413e-01
8.436466093471679528e-01
-9.999311711366277722e-01
-9.833207929136471570e-01
1.679146549420700574e-01
-4.844518574977055292e-01
-9.605315566779109027e-01
-9.121510631733464880e-01
-3.430160395319553635e-01
8.016787283239613648e-01
-9.446386600989911120e-01
7.456071999482288826e-01
-2.352629064507435683e-02
5.899450475887941803e-01
2.520819758383850973e-01
-8.609284460272798034e-02
4.751979912954145679e-01
5.747238260224829531e-01
-6.661943985472903451e-01
-9.991328953730713724e-01
-9.770721272547180369e-01
1.564588725593023533e-01
9.678415319964218944e-02
-6.618311529438313245e-01
8.123009857185418126e-01
5.233952803091891370e-01
9.849969733848115139e-01
-7.072417283251232201e-01
7.808050511371668057e-01
4.980667938775396042e-01
-7.962811347434655129e-01
-2.033912549151864479e-01
7.743711848149289478e-01
2.265295837914029220e-01
-3.614631533507186023e-01
5.361905929383956604e-01
3.589919384485807385e-01
9.816413973336708398e-01
9.202160266794673360e-01
-8.829504612698594324e-01
8.484088085053412831e-01
-1.273660579969218554e-01
8.204298554971922730e-01
6.670753272518630261e-01
-1.512289345941942864e-01
9.999893787226963315e-01
5.471994070421161149e-01
8.357966010980203420e-01
-6.025384711823061901e-01
-3.827496928909024376e-02
-6.854667511987952988e-01
-9.394897896876851506e-01
5.163332645693932133e-01
5.449777215696335331e-01
-9.831276889979533307e-01
1.167295150172398821e-01
9.340451717925888353e-01
9.951277956239028555e-01
-4.747214469010496013e-02
6.995453714793786748e-01
-6.609817820650831788e-01
-8.343111113449491745e-01
6.197049635313728322e-01
-9.691190120456643076e-01
6.412365699108957262e-01
1.499494949990813064e-01
-1.801640028004221307e-03
-6.920774075676308090e-01
8.157846889042604799e-01
2.779910937155004591e-01
8.806911698527488674e-01
-9.919334264362219544e-01
-7.067616797384580485e-01
3.419595489909129649e-01
8.624870154837620539e-01
9.418947971394862895e-02
5.236557565436247286e-01
8.136475734498630485e-01
1.640346300998913598e-01
1.767509442978521528e-01
4.132758587676459983e-01
9.213994693751651477e-01
1.573697819464398018e-01
-7.994851864774302763e-01
5.114198038935123813e-01
-9.927482697198501960e-01
-3.078144868269507839e-01
9.999846738296218618e-01
8.642767618594293655e-01
5.459304874157473453e-01
9.842991152169739966e-01
7.614472091757018557e-01
-2.485121449046500397e-01
7.470456707773349692e-01
4.069581163833152493e-01
-2.190793584159994034e-01
6.742412367961927444e-01
9.566020181364662811e-01
8.234029302043386345e-01
1.935284686446022140e-01
-3.905413779083150572e-01
2.735097022881524675e-01
-6.892764944099731839e-01
5.906207563996669352e-01
8.128643894007605564e-01
-9.918724435911718817e-01
8.190184516465988107e-01
-7.855873283311969324e-01
7.104274855933065957e-01
6.618021386540237083e-01
9.863632371894718309e-01
8.325850781758893371e-01
7.731457419984318902e-01
-9.650251273263434904e-01
4.854384458767738719e-01
6.822084216557706693e-01
-9.987703225963870945e-01
5.843800385161312949e-01
1.833378946286960409e-01
-2.744327637139516995e-01
-2.611088297374292710e-01
-5.271909397833898225e-01
9.999053009064075015e-01
-8.517615839158961810e-01
6.192368886193636568e-01
1.504489847139253156e-01
-5.351733838272296762e-01
-9.995444739041442483e-01
-9.997714512539406240e-01
-5.216354516482890613e-01
-3.562809135628774437e-01
-8.411899209064493954e-01
-7.652368124706807051e-02
-3.781651135717161716e-01
5.592693684065405124e-01
-8.025589947788851486e-01
-9.844740197026005113e-01
-6.415950520944211366e-01
4.691785995434306633e-01
6.736937300083564173e-01
1.414385734005054081e-02
6.628430351175357282e-01
9.668629717751694441e-01
8.253297112139599268e-01
9.738500402333221118e-01
-6.838295033223547037e-01
8.143263013229701253e-01
-1.771213054807368736e-01
-7.077259344253010731e-01
7.441794597837512182e-01
8.174757195818918021e-01
8.735235443091500518e-02
9.941628490889807823e-01
9.389616989623963406e-01
9.998679119907064594e-01
1.795641332982718386e-01
-8.044198928487807931e-01
5.097187109420017181e-01
-9.465229500111711491e-01
8.922314971878730905e-01
8.139798925048472023e-02
-8.781860891032829963e-01
-9.941964920816371842e-01
4.504442566107719204e-01
-1.720427999315852774e-01
-8.840827862208554266e-02
9.884684262141106847e-01
9.800779730690076796e-01
5.986179332537475833e-02
-8.893519505184499518e-01
9.999891639290576784e-01
1.475061893931436940e-01
3.794627001014939829e-04
-4.345427677943682343e-01
9.364908171257777525e-01
-8.319941368858349007e-01
9.031043069883625263e-01
9.438960856595418614e-01
-5.345214804324402991e-01
-1.124127699099250755e-01
9.360112192259345543e-01
9.571284149480784320e-01
9.975693068561262145e-01
9.825952829317211590e-01
8.063648339283157052e-01
8.092807975946175736e-01
8.417472254384824604e-01
8.868207647228921742e-01
8.915449152928698329e-01
-9.904981929506548877e-01
-2.550806663492579118e-01
2.317784434744471211e-01
1.670727890973424945e-01
6.419376437239923128e-01
9.344156309331099752e-01
-9.843398922922653727e-01
-4.552820993537678995e-01
9.204148240632598066e-01
7.102297460631892267e-01
-5.165001084209584065e-02
3.572916027678408879e-01
2.182310401367240915e-01
9.507008444844357031e-01
-3.629403228626502664e-01
6.625883851054767959e-01
-5.505696267788114939e-01
9.103482992950997499e-01
9.363823940965818604e-01
7.332681661235458392e-01
-9.543502485183147366e-01
-3.381556563836852353e-02
-6.136852386733319120e-01
2.710471113762069062e-01
4.753062692198896655e-01
9.895184275407988839e-01
-8.380600777705521365e-01
1.034744999090323608e-01
-9.435912535068636808e-01
-6.146241912271686036e-01
-8.384070709630087048e-01
8.683334640347244449e-01
-9.377739720357605169e-01
-6.262766087945429438e-01
-3.735687273217188076e-01
5.978635745810241264e-01
-9.995342599862810928e-01
-9.238191787356189177e-01
4.770345028902990281e-01
-9.025373163354232231e-01
5.418716726939892814e-01
-4.557487644042798602e-01
9.133901992859575492e-01
2.805889689472718662e-01
-9.593444152317280871e-01
7.107990610438592594e-01
9.221438259611777211e-01
-9.712935265985093158e-01
-3.069930843115045715e-01
-2.613244468906237850e-01
-9.690512134739556194e-01
-8.708489391071450036e-01
-7.860223908638201973e-01
-1.238523907540773628e-01
7.802219640759138208e-01
-6.105609360841235400e-01
-8.567600987327544937e-02
9.970363838809220836e-01
-4.496609306979410525e-01
-7.193203506386434132e-01
-9.417139170427696326e-02
-8.545256011681849895e-01
-8.435811211020272093e-01
-7.051051535899121037e-01
8.030852398311006946e-01
-8.938954000088629170e-01
-3.723876066904960869e-01
-9.976646736091426826e-01
1.864811963696933264e-02
-8.236768020995913764e-01
-9.774695285280858847e-01
9.553356966893156166e-01
-9.897929130572075129e-01
-8.988150492345571563e-02
-9.926411332654614394e-01
9.771033270225228939e-01
-5.939316326206158791e-01
7.508365856719730891e-01
5.425075802059116103e-01
-9.584419647554362487e-02
-1.122021263581561151e-01
-9.943386171497868853e-01
-9.969771478291070688e-01
7.905209430016231220e-01
3.959189822020446337e-01
-9.904361990632289947e-01
2.941394773720651945e-01
-4.395139664189073314e-01
-9.482569128323398155e-01
8.253626556111605117e-01
5.623230649674573201e-01
6.995471011077754042e-01
-9.389548180502641506e-01
-9.076713328900239963e-01
6.028733277034247218e-01
7.900656177444954631e-01
-7.320873102523670628e-01
-3.899883896564310670e-01
-9.997359455276343398e-01
-9.373454434801954394e-01
9.481100452044677329e-01
8.855261178535867028e-01
7.665998628828440964e-01
7.482052999229452661e-01
-1.187545319485186074e-01
9.252623010341736176e-01
-9.907956758168963152e-01
-9.695482707259696076e-01
-6.324605539829580847e-01
3.735505568415892208e-01
9.879661225107465583e-01
7.568488369061006533e-03
4.994831102658090494e-01
8.849162977575234512e-01
-9.987253311236664599e-01
9.418971592937239734e-01
7.344944850159207395e-02
3.757702797424724572e-01
-1.120384646653414112e-01
-8.980566002767230716e-01
-2.460307556859772371e-01
1.676076931645989199e-01
-7.115142007970914895e-01
2.245282546123078815e-01
-4.064480438530626016e-01
8.823663809772783750e-01
9.991512712463193058e-01
-9.780355131791442780e-01
5.766964684779763983e-01
8.806569705145159133e-02
3.052941868971023043e-01
-3.589715084609521045e-01
-9.679704035516466520e-01
-7.401820026448998613e-01
-3.099396907633706483e-02
3.472511219954397405e-02
8.504005057346333274e-01
-4.697866262890796341e-01
-9.496926974073770511e-01
4.410729223741443605e-01
-4.679846252413057961e-01
-7.437870748006117916e-01
-3.710889311285903158e-01
9.508226592077616557e-01
-2.583011809700422878e-01
7.080948063556844474e-01
5.779470544283373812e-01
9.057371696237076497e-01
-3.624782914905302217e-02
9.314606812159276217e-02
-2.126541109449856526e-01
9.153597888420123008e-01
-1.713576812869313515e-01
7.471822385852459059e-01
-9.328441407383259998e-01
2.367764167950176246e-01
-9.962345260247433831e-01
2.402903628728964847e-01
9.889141392228436578e-01
9.161687371602730279e-01
-8.488560416823843768e-01
9.614319382764081601e-01
-9.836547532908173075e-01
-9.675370182715244960e-01
9.320853404543872900e-01
7.674990647360186991e-01
-8.637771417363364623e-01
1.257800999495330696e-01
8.710811701250096295e-01
-6.094214111181679439e-01
-3.124103208177531066e-01
5.771347127578173586e-01
5.082713469018972363e-01
-1.204090788763456515e-01
5.892070916559575267e-01
6.324521072288989965e-01
6.789166406478301941e-01
2.445323650336292676e-01
-7.241928681153398939e-01
3.280519426428717411e-01
3.443170187418732597e-01
9.985977855027768912e-01
3.953046561245643908e-01
-9.416688878784442718e-01
-9.847696694645167170e-01
3.354326222922628942e-01
1.875665964313614764e-01
4.374833516841650782e-01
5.332883810630685284e-01
2.872944820967486823e-01
-9.778275330439525348e-01
6.422511756751028145e-01
8.801244611009017005e-01
1.561273919313783433e-02
-1.030257053104243065e-01
2.801721479312206387e-01
-8.586044620203203692e-01
4.563121186802415186e-01
3.949874965270461225e-01
7.266439833801713322e-02
7.796078805193340511e-01
2.427822521408851686e-01
2.620996750969132871e-01
9.258251359855573792e-01
-3.800211525740591206e-02
8.972428868516153511e-01
4.449614339355094095e-01
8.918276866828499516e-01
-9.935063854781097659e-01
-6.934370054042982012e-01
-9.769745930285670399e-01
-7.302208411960156020e-01
-8.574054818258218802e-01
-8.457045826503901687e-01
-7.488536423674388987e-01
-5.033620671698469939e-01
5.937769826605314716e-01
9.729405825612037484e-01
-3.058788318185882982e-02
3.994113201348653552e-01
-6.950890031187971774e-01
3.454543445827021886e-01
-9.691074050463338585e-01
4.153406414251040735e-01
1.186892492293112333e-01
8.187690492814033716e-01
9.958076021593097460e-01
-6.588879216423002561e-01
7.093523835300840075e-01
-5.114334355819913913e-01
-9.854842895342200704e-01
-9.043889901472180748e-01
9.831981947466331695e-01
-6.639225026307657984e-01
8.127498441644128713e-01
-9.468497789539114251e-01
5.086971742815888931e-01
5.073634473961345925e-01
-3.613490876273260932e-01
-9.061374115009579455e-01
9.997917172533873353e-01
5.921662435731881446e-01
3.782888014674010702e-01
8.017330559263059486e-01
1.351446834863191393e-01
-9.206526436198358976e-01
-4.943012186404217023e-01
1.481589339798237981e-01
-6.384463087868197384e-01
5.957390653335412622e-01
-5.385378638196086643e-01
6.032782170109228792e-01
-5.898726928088319221e-01
5.063196122574374902e-01
8.168692858622271791e-01
9.910691763647447861e-01
9.992148230631084926e-01
9.406303853295868711e-01
-9.977898949873593715e-01
-6.413094686838989311e-01
1.458594780993471007e-01
-3.550415596514944205e-01
-6.893918602039172949e-01
9.326002975210266610e-02
-4.385048478640424796e-01
9.917547013656025090e-01
-3.086625742152080965e-01
-3.012757593574896808e-01
6.912768798031492246e-01
5.520502010418992800e-01
1.031064099105628434e-01
-8.630924432491305920e-01
-6.688157188290746458e-01
9.712898015920998773e-01
6.273157089399825637e-01
-5.427740569599261988e-01
1.686057646214381700e-01
2.042375555115953090e-01
-8.472283078506774867e-01
-2.812885820040706975e-01
1.571636772731404563e-01
-3.755555869069926445e-01
-3.100050366705114913e-01
9.929324633240458331e-01
3.678270493910799632e-01
-2.756632993872998316e-01
-9.880668642699151905e-01
-8.996542155133473440e-01
-9.962714997994271959e-01
9.977875163277363235e-01
-9.478167796037056947e-01
-9.947965598153400979e-01
-9.767239159601086573e-01
9.625237516411513372e-01
-9.972690257273487680e-01
-7.852114799986743554e-01
-7.189099165246470857e-01
-9.977564065595406761e-01
-9.841607069378323358e-02
-9.951600092498645855e-01
1.217269412829132501e-02
9.993203069389495763e-01
8.782403351507600542e-01
9.402045921611880130e-01
1.191271984244785392e-01
5.737097190687874271e-01
-9.524295640075415292e-01
9.520812674492618033e-01
4.139391550771476247e-01
1.814955911610510730e-01
-7.063275550452883245e-01
5.279296218020912423e-01
9.567408927304573707e-01
7.952601851576337477e-01
-9.882471545230089305e-01
6.030031425128856704e-01
-8.117741405370119956e-02
-9.991192549145364588e-01
-7.121224835769786043e-01
-5.426012344882048533e-01
-8.352067991760820931e-01
1.955756210099412473e-01
-8.105295279478476056e-01
-6.412448672326647170e-01
6.835448885141820474e-01
-9.025654894526159433e-01
-9.122974358497361047e-01
-4.580250618101494586e-01
1.219257208012386462e-01
9.484888593280687008e-01
7.632273703119846209e-01
-8.392317688790155161e-01
-4.878306001111002432e-01
-9.665312562946853925e-01
7.386973528750265805e-01
-5.084753653586508992e-01
4.926995929773964056e-01
9.970342299007126652e-01
-5.029606030502195013e-01
-3.008617479990938759e-01
-3.567959829173552033e-01
-5.890745462243939662e-02
9.824233492189645700e-01
8.776901985876223167e-01
4.957561189104857923e-06
-8.666693064608220753e-01
-1.725141009009125426e-01
4.108889866483685371e-01
4.789857109309690886e-01
2.728489757595733423e-01
8.059251426081931458e-01
7.478158367205219870e-01
-2.419516859190110614e-01
9.591563247126866365e-01
-9.529622407084692437e-01
-5.251282344644413458e-01
-8.179658823898492415e-01
-6.187110177350900742e-01
-5.985902837427769380e-02
9.560064718252284655e-01
-9.619660064148970458e-01
-8.120632083993506445e-01
-2.692002422458826885e-02
9.316578007538159900e-01
-5.212075004587706228e-01
5.629780095015541885e-01
-2.950519421977688128e-01
-7.805525728215773063e-02
8.966696666891065259e-01
-4.246979632788716597e-01
-9.610235460451413969e-01
5.436502175727260244e-01
5.594033611954590812e-01
8.376432554502896144e-01
5.053570864518465156e-01
-9.997904031728240826e-01
-9.831710728644356134e-01
-9.140349161951616397e-01
2.586245827629924388e-01
-9.699817817557442323e-01
-9.240538364376880143e-01
4.878421000407811431e-02
3.467086523166754697e-01
2.207754308863132398e-01
-9.995822841180447282e-01
1.121287050888206405e-01
9.889333917176188482e-01
2.516152222393217563e-01
-4.079396147464921518e-01
-4.131547894859658454e-01
3.879820735133361342e-01
-1.389996031387181474e-01
5.486081753411051753e-01
9.999760819100406151e-01
-7.729381399314588785e-01
-8.303734287268195180e-01
1.585975012066854484e-01
-9.079844084389826486e-01
2.677030707186011660e-01
9.984641999979054772e-01
2.558316468210610761e-01
-7.560782872220744855e-01
2.551781732330146713e-01
9.652105306406685847e-02
7.055253495717991319e-01
-8.680114685430894150e-01
-9.186407065330175481e-01
6.835278152286698994e-01
-9.820011833928936618e-01
9.806627111748296155e-01
9.372429223029092871e-01
8.578371761822149999e-01
6.834226306950499930e-02
2.764343772882949524e-01
7.265227968124995384e-01
7.050072929291226753e-01
8.740622431710434181e-01
-5.785515255502964305e-01
-2.995747616431553295e-01
-3.609855017426537582e-01
-2.281209940324856536e-02
-9.999999724284844849e-01
-6.367777677140609160e-01
-9.343057506308094506e-01
9.713161074159114561e-01
-9.374971367601958594e-01
-2.645601798626488407e-02
-9.659643173961304230e-01
9.639948322667399871e-01
-9.862298483468107113e-01
-5.740971790702011079e-02
-9.999878371442095792e-01
9.149688538470983623e-01
-7.823152871539659214e-01
-9.992610195151734320e-01
-9.999488914760319425e-01
6.585524362448909041e-01
-2.821095500894497121e-01
6.729599598375355374e-01
9.879880061489330068e-01
6.227919455969663787e-01
-7.740409887115483611e-01
9.269664599613371969e-01
5.484878698909045891e-01
-9.180949950773440449e-01
-2.079788881798471101e-01
-3.865969137638216591e-01
8.400735244080069775e-01
9.013746527616472992e-01
-8.992631594602407130e-01
-9.375189948479895063e-01
1.678798403921376581e-01
2.714418858940590429e-01
7.956322784207731091e-01
-7.298294809564326302e-01
6.929191961404264077e-01
6.207666685611268331e-01
-5.890482127139047286e-01
-2.147990594023861111e-01
-3.258531425027710315e-01
-8.529961929932423637e-01
-5.863092815602070074e-01
-8.378064195687884297e-01
-8.646192629414153341e-01
9.629030324325731360e-01
9.274906122169155331e-01
9.007340937020297256e-01
-9.969305653187289229e-01
9.131565831010634016e-01
8.152173717160028366e-01
9.975237319209060427e-01
9.817721523024772745e-01
-2.356020222107119838e-02
5.032081251407335420e-01
9.229612234653772340e-01
-6.178463364213065967e-01
9.947403582227333230e-01
2.259192728871613487e-01
-8.537289187767681531e-01
5.728283219023878603e-01
6.813734452230679750e-01
-7.499271776806375467e-01
7.451607275344469539e-01
-4.686036419325629865e-01
-6.078107455205642440e-01
8.146731125048446431e-01
6.581212979597943491e-01
7.971208008278702906e-01
9.973456351354116345e-01
4.044308955749020829e-01
-9.996494972857700168e-01
8.094587224926625968e-01
-6.939619980781815967e-01
4.811199382761746635e-01
-7.179900385145807085e-02
-9.148675233980075872e-01
-9.899986726096703382e-01
2.087974423259736922e-01
5.802978331679164992e-01
5.458177965455699443e-01
1.872332686015674152e-01
-4.552613839914284033e-01
8.811387763816508345e-01
-9.051828016251237674e-01
-8.993518426809516964e-01
-9.092111382215058157e-02
3.895054020898142122e-01
7.304164752885989875e-01
-9.477288981527818290e-01
-3.163187145674917766e-01
4.881553403818716941e-01
-7.271796130648777723e-01
5.757362566728566611e-01
3.839748564062096525e-01
5.875819553545530427e-01
6.943234179905746206e-01
-9.921300525166456552e-01
-9.809989524744653355e-01
3.222063480774183253e-01
-9.970502102917461196e-01
9.387744871072167818e-01
-9.993677059203945889e-01
9.729000575426323127e-01
9.560710907286531501e-01
3.091489675884198651e-01
-7.468828463042730403e-01
-7.861561913270530555e-01
5.024784692632645600e-01
3.239363579732478238e-01
9.426257658792852601e-01
6.879353074180842853e-01
-4.497149160984638683e-01
4.454399646439615584e-02
9.603055413429520959e-01
6.512239456196501353e-01
7.757100998303654293e-01
-1.154594861396035926e-01
-5.968125504605309439e-01
-9.198325100247116692e-01
-1.953586487877151112e-01
-9.942999510951364694e-01
-7.024158917986369488e-01
7.976120558093331425e-01
1.595381735737846363e-01
3.967856714265344253e-01
-2.291549127291069021e-01
-9.021414308572865970e-01
-4.097096160274839582e-01
8.243694127045940734e-01
9.349500103127119655e-01
-7.530258803776983534e-01
-8.245816572845504622e-01
-3.416031767575218314e-01
-8.531639395687813376e-01
-2.847299587893435333e-02
4.940506681366284569e-01
4.962889091868815106e-01
-2.694561584965025625e-01
-3.942133387364858410e-01
-3.635851696947738354e-01
9.946467036381541060e-01
4.073661033324820213e-01
9.347448857474596196e-01
-1.714252666898316846e-01
2.275030813951914865e-01
-9.959631355662225127e-01
-8.587084793138072270e-01
3.073618260790388357e-01
1.239693645142751488e-01
-5.986058812232297743e-01
9.758945941550739578e-01
1.777495241618488597e-01
-8.281521616642459338e-02
-7.735000072540231253e-01
9.589433921881027612e-01
9.890862614860794766e-01
5.056215746343679651e-01
-9.988932503783930494e-01
-3.699549813884353555e-01
4.030736553825744473e-01
6.820716778649740242e-01
-8.635877322796791100e-01
4.103714122748822746e-01
2.547512679768148547e-01
-7.337051822844741222e-01
-4.848766522851492566e-01
-9.837869609328847575e-01
-9.546267569060128411e-01
-9.882238465702082308e-01
-4.204810114196952942e-01
-9.412259996115982519e-01
-7.335991290087955086e-02
8.231404482784726584e-02
5.222429389248345322e-01
9.766450540128804869e-01
-6.677258309018266891e-01
-9.728421400527369478e-01
-1.125444101279712283e-01
-7.611218761924890552e-01
8.821837432093604381e-01
1.076220012122948849e-01
2.190341125742832629e-01
5.535650206476813162e-01
3.843867312725390284e-01
9.620423995330710243e-01
-6.507065107514725666e-01
7.206651685857331513e-01
-8.561493617914018861e-01
-9.465260026067526811e-01
5.569188617849331058e-01
-6.716243197556583944e-01
6.783842801739803363e-01
-8.486996139400324601e-01
8.322728547126074794e-01
9.938783185486361749e-01
-2.501094258382375313e-01
-9.453760541332024703e-01
-7.422916547806248655e-01
-9.971083510534777261e-01
-9.999302136346805980e-01
-7.043056455718522679e-01
3.976233415223563994e-01
-9.984623027408825457e-01
8.936036084961660464e-01
8.471607615819569670e-01
6.701242708973393913e-01
8.539495493083507638e-01
3.202881713537020225e-01
3.971061951881851154e-02
-7.702107705511265223e-01
5.779057174870627644e-01
8.184147533675294461e-01
-5.649483096374577906e-01
-3.005968051251673573e-02
-5.818119994630167602e-01
-9.507578557237815753e-01
5.449259180195539232e-01
-4.418527728905819463e-01
9.737137430395375048e-01
-5.464546824118486912e-01
-6.669759475307506236e-01
5.745754419028208798e-02
6.778238988376416030e-01
9.928239986072816547e-01
-4.302611513942582455e-01
3.928571500382900261e-01
8.596334633255350299e-01
-9.822576452737802333e-01
9.956191413445377725e-01
-2.063025694891078843e-01
-9.695531589258588046e-01
-8.718393604323881885e-01
-8.752279242621101574e-01
-9.353617396655391492e-01
9.544443165455950284e-01
5.464620380594686910e-01
-7.321887149655779137e-01
7.892621146016649547e-01
5.747774339086226814e-01
-9.545236557351752804e-01
-7.334573421463599363e-01
-9.663808302823306828e-01
4.819560976748900050e-01
1.548875614643134037e-02
9.043899392589114239e-01
-4.177327540698558273e-01
-2.225931998537381551e-01
3.531171679432999477e-01
-9.175161316806246248e-01
-8.598201460167516075e-01
8.017311642889567436e-01
6.231443667083288451e-01
9.784869114170076099e-01
9.860047095550428242e-01
8.418338659964837989e-01
3.090727736094440181e-01
4.674430756957779765e-01
9.891112477660692903e-01
9.981372790077225332e-01
-9.926027152756053962e-01
9.407681842936561623e-01
6.028410882877666827e-02
6.579621475641893591e-01
-4.292576692593456644e-01
-6.236469562284397972e-01
3.882402060007819622e-01
9.589071461756513148e-01
9.786618873430489307e-01
9.513471776903907884e-01
-7.012056504023717052e-01
9.336346806252698860e-01
1.299645950699985231e-01
9.976722135685790471e-01
9.283460815347243100e-01
5.801698416194268210e-02
-4.727743387044433532e-01
8.977171181904063380e-01
9.999849242343541444e-01
5.869737769817323647e-01
1.191400752818116276e-01
9.531830314596831943e-01
2.077913188446546197e-02
-8.718194994276136089e-01
-9.309920237031807932e-01
-9.226349523733378133e-01
9.984486719859296810e-01
6.838935071771325980e-01
-7.769745326831942744e-01
-6.675862333692919037e-01
9.840690754008352137e-01
-9.941208629405141606e-01
9.999739165013646902e-01
9.175678778832345728e-01
6.957637337980219217e-01
-8.656879276122996236e-01
-6.363006806419212458e-01
4.800056862748327546e-01
9.400094344471219276e-01
9.220898396269875397e-01
4.647311841678630068e-02
4.435960105824203192e-01
-4.571083128716824096e-01
-2.185529754890440657e-01
-4.308501342092315722e-01
-9.988682990729751410e-01
-9.997062013364423905e-01
-2.445130590560173345e-01
3.372152550045599551e-01
7.526070375945196345e-01
-4.362915441555944573e-01
6.012054340987283974e-01
-8.432367132129241494e-01
-1.627571729220359531e-01
3.344652569805759978e-01
8.318197517203554381e-02
-8.255036721400271782e-01
8.591513301495271593e-01
5.923817506679291550e-02
-8.490419164590489176e-01
2.071657751429516747e-01
4.400144681976635996e-01
7.477473057224299779e-01
9.677822257919396209e-01
5.856532875837907604e-01
-8.307654335241092536e-01
-8.793601342650170238e-01
-5.385943642823474153e-01
-8.309523564694909492e-02
2.179358645447687370e-01
-9.188588820461728313e-01
-9.997705960868973341e-01
-7.929895107477469285e-01
9.006606172896606255e-01
-6.492240493029904913e-01
4.131921899049649793e-01
-9.572868531563897276e-01
5.714943425857291759e-01
6.259797285231133435e-01
1.606413023510122606e-01
9.945228679000099881e-01
-4.008919730699635475e-01
-3.872890488317661251e-01
9.999835645164210085e-01
-9.665075548974263464e-01
7.047189113857862397e-01
-9.871677172279095247e-01
-9.068429024432337338e-01
-2.858382069574733411e-02
-8.011385688750811696e-01
-8.278224744440639826e-01
-9.996017095542849562e-01
-4.272128222145133436e-01
6.821691064724116904e-01
-8.096067065536746155e-01
-9.060619675716310439e-01
2.192431920471157869e-01
4.728844846554126624e-01
-9.978834089839397903e-01
-1.008113061007139960e-01
1.822149840587646563e-01
-8.920325349833692075e-01
1.053490386919533721e-02
1.250251667409380263e-01
4.996557585254633449e-01
9.581803001200031034e-01
-8.939286800374939279e-01
-6.227919825430734413e-01
-4.119121311709316724e-01
8.856247910615495655e-01
9.915939080205076195e-01
9.987523362015949813e-01
7.349365399791898956e-02
-9.739446856037281552e-01
1.888436704879826733e-01
7.819315812147570321e-01
-8.826431240869085926e-01
9.995413358635102385e-01
8.658058051822560275e-01
8.905397627072793032e-01
9.009977048911250730e-01
6.289376597215116105e-01
6.701399886798473648e-01
-8.691454374116143189e-01
-9.899466834865691123e-01
9.999392039550153433e-01
-5.831493835551732063e-01
-1.974584117558201568e-01
-1.283622732625307461e-01
7.802945529910726430e-01
6.281448638984313826e-01
9.641530820133545898e-01
4.171505939810171149e-01
2.436180582632230252e-01
5.653911962668215496e-01
-8.800199056619539828e-01
-9.904921320091064629e-01
-9.599520108825174702e-01
7.306962501644692631e-01
2.987285531313297812e-02
9.928526118695084612e-01
8.216212428784204214e-01
-1.436431593821294872e-01
5.194566527905587483e-01
8.899228899208635468e-01
-7.729101528649057196e-01
5.553147745392561507e-01
3.521401176172349601e-01
-5.337980062736942255e-01
-4.905601990898277864e-01
9.990956278014420100e-01
9.694737850808216040e-01
7.894838972325329829e-01
3.153625479705551293e-01
8.901929718148885451e-01
2.712315721129789359e-01
-6.834064013069079957e-01
-5.820893153820422272e-01
6.977055057692790885e-02
-3.950139372567264551e-01
2.928164030600778900e-01
9.984349521641376901e-01
-9.998215452401630898e-01
6.051736068235844535e-01
9.323337374460536342e-01
6.207964504513090453e-01
-6.730050034077301735e-01
-5.898761103121219485e-01
-9.992994868444916579e-01
9.993408391968550131e-01
7.895264471103796700e-01
4.025607280510009600e-01
8.652394441510737888e-01
1.101518060145328382e-01
3.343007390046447147e-02
6.552616461992817332e-01
9.229028636524835294e-01
9.863600261956223525e-01
9.187749393446980051e-01
-9.036534484628290231e-01
-9.887036013346679475e-01
5.452873149369592554e-01
2.252173607290476331e-01
-3.902801131549826219e-01
6.425727511785249702e-01
-6.533577542949984274e-01
4.298387627966554492e-02
-7.158582978801700802e-01
9.901171999187838857e-01
9.721054468642947866e-01
-7.115734125123227560e-01
-6.541195967394114463e-02
-4.879157320931598596e-01
-9.228239070122029597e-01
-9.376211072898620325e-01
-3.291146886791884024e-02
3.451751124445390229e-01
-5.057980683859557569e-01
-3.049648021215724536e-01
6.359359028089330845e-01
-9.294587233211377697e-01
4.235918586484450910e-02
-9.156035723938152904e-01
8.382069547642627683e-01
9.782638042141129642e-01
2.377765765244089224e-01
4.960984388447245985e-01
-2.148391895783924865e-01
7.478544434138822972e-01
9.272113603282279293e-01
-5.850538127569976377e-01
-8.374097711350066975e-01
-9.573757421632543840e-01
-8.628389367275405286e-01
6.568874135313996776e-01
-5.105446078155366774e-01
6.016880152592708475e-01
-9.372129853015573886e-01
-9.916620884300498817e-01
-3.029221515279429400e-01
9.815931588066187929e-01
6.831433807905493705e-01
8.667964830528940290e-02
-9.595857308542795616e-01
-2.447528218708198144e-01
-9.619498996530688739e-01
-9.681898476147352550e-01
-9.139266491628873501e-01
-4.683495268036966808e-01
1.651685272908336166e-02
7.421280381319815822e-01
-3.526851133519736670e-01
2.488172231150748703e-01
3.716473674311745468e-01
-9.426745213049595451e-01
-3.971367619948766858e-01
-9.809841212494595508e-01
8.755101730479977196e-01
5.705613454689941744e-01
7.783860312488022348e-01
-7.276913745273330125e-01
-5.020523121900395402e-01
-9.959365026141432375e-01
9.988353633829325506e-01
-2.933140155510237657e-01
-6.631688726147453306e-01
1.967259791370871980e-01
-8.673210478189958827e-01
9.579335762263067044e-01
-9.474968921967317215e-01
9.999867172601163423e-01
4.356912441674566372e-01
8.322802349764069074e-01
6.684170142625942557e-01
-6.962912020789355783e-01
9.706709023927766466e-01
4.281740676800882550e-02
2.884401592766347999e-01
-8.297535780088189927e-01
6.575532421491356860e-01
9.778992366183228979e-01
7.083094957130529057e-01
9.588463785294478736e-01
-9.877603963940888576e-01
-8.072388910450557509e-01
-7.510476513013267796e-01
6.671447021925595022e-01
5.869568022372687599e-01
9.181927019395863532e-02
-4.603292559404151829e-01
7.804695174168437867e-03
-5.454402297026391677e-01
-2.792568219751920822e-01
2.346411842040045936e-01
7.746363273401275507e-01
7.547426016775591329e-01
1.569940445160772913e-01
4.197906597402291662e-01
7.499723651501972732e-01
-8.475963848824480396e-02
-9.399001450723102336e-01
4.543495098718384750e-01
-9.902469263245157194e-01
-4.508399367690715809e-01
-9.999962163155334816e-01
5.938822994420590584e-01
2.851666586366939371e-01
-2.059145941816563005e-02
-9.863232577745748575e-01
-8.497033776238970271e-01
-6.079344215975961419e-01
-7.865148768498652077e-01
1.812829891479813271e-01
5.003745193566898619e-01
9.956079781024002040e-01
1.581482572006462917e-01
-9.581974597143901873e-01
-7.508733834605950674e-01
-5.888233054018400248e-01
4.643900957352893877e-01
-6.902238573013850242e-01
2.033146673595770393e-01
6.722948000411863578e-01
-8.350126311017136427e-01
7.695509381359222356e-01
-9.955539155330306311e-01
-8.051174942593531947e-01
-6.403169298320487979e-01
-2.915943615051813098e-01
-6.827179213928461499e-01
-5.997278172437728871e-01
1.440546413384037258e-02
3.363728721974457159e-01
-9.596087159408979161e-01
5.023078312881051888e-01
-1.372325976161276051e-01
-4.680877256785679896e-01
2.204389076961928151e-01
9.981867562507501512e-01
5.733339888371786763e-01
9.976434946388200720e-01
1.975491174645341852e-01
-4.171529921668032936e-01
-2.027905626837553654e-01
9.941664986865028641e-01
9.845148388199496114e-01
9.979640527253816895e-01
3.007988057047461181e-02
-8.288257095027139476e-01
2.230572939484084527e-01
-6.544172289329331926e-01
6.249310611236819080e-01
6.705084914458844247e-01
9.978761925663151011e-01
9.747908144572402511e-01
-9.342195960153899525e-01
3.593010386011314394e-01
4.264270682362837350e-01
-7.243247901109357567e-01
9.120922665492386949e-01
-1.271100005690910806e-01
4.627403024106083174e-01
4.054369375580233470e-01
9.077469797117045935e-01
-1.555541284557654114e-01
-9.935667074189400427e-01
-9.968861333293693727e-01
6.068902402198371737e-01
9.942339283774568326e-01
9.714051446624716313e-01
-5.071280308336161280e-01
-3.161431086639233667e-01
-7.604395010896816132e-01
7.325226459438403948e-02
-5.545663530438958988e-01
-9.257773477182799082e-01
-5.981115563283083691e-01
6.696452107342860671e-01
7.798069081152367854e-01
4.189509786193486990e-02
-9.998214820890590770e-01
-1.078219831935406381e-01
-8.765637854712897692e-01
8.238832019419797259e-01
-9.993218385568261031e-01
9.999938439100536369e-01
8.459727357801604120e-01
-4.001870883720405336e-01
-6.583403604755047045e-01
6.093670553043397664e-01
6.295796334859034005e-01
2.067449577832419227e-01
4.017776758412545252e-02
8.847642490022313844e-01
-5.822580529457783705e-01
-8.994844232055612121e-01
7.776625817248380423e-01
-5.070393495238313397e-01
3.203591325611401808e-01
-2.245056935775781859e-01
6.938780529616347392e-01
6.010155117473470199e-01
4.276005521913549545e-01
-5.889507873549754136e-01
-9.950925859726715839e-01
-1.362728997569289668e-01
-8.315309330330302728e-01
1.567101475382523534e-01
4.232692242980374275e-01
-7.263122833077324536e-01
4.687089344789193701e-01
9.999997041609661741e-01
9.957615803731377779e-01
-5.200507133965484030e-01
1.058119457269431074e-01
1.347943560741795832e-01
7.681513543833465851e-01
-6.921733037932901178e-01
4.636791048906070412e-01
5.700818818474754357e-01
-8.489061993331804556e-01
-9.425887617299204546e-01
8.775584724195097941e-01
-7.597273638000127116e-01
-9.980111427290265791e-01
-1.684780597538492741e-01
9.963330444761041571e-01
-9.969980539088392213e-01
8.039366346721736889e-01
5.187722931584191066e-01
3.072892227392085562e-01
8.440638918725887896e-01
-9.949334510304770340e-01
-4.086604506549079141e-01
-9.922009778000059343e-01
2.594071311798589186e-01
9.377648156517650602e-01
-6.784354425316151405e-01
2.542377194561953879e-01
7.724729002489370000e-01
-1.511820892466037361e-02
4.672349976641571589e-01
4.052677128539501350e-01
8.982794656711925452e-01
-2.935343663984976703e-01
8.732948474315891385e-01
-1.027474002151252397e-01
-7.006736668161591686e-01
9.970806362833490866e-01
-7.834494830335618776e-01
7.912418660385229785e-01
7.252383505773121186e-01
6.585875802828444758e-01
2.842296888564996848e-01
3.760076489554388113e-01
1.207506241686199557e-02
9.998212135858836058e-01
9.998446060995472839e-01
-5.898757013756582568e-01
6.270031726859456311e-01
-4.912150921322548935e-01
-9.175332500110792155e-01
-1.372958121843985413e-01
-9.834957994177975227e-01
8.040081747437033410e-01
-5.984692649525833463e-01
4.228476860855867048e-01
7.992648600406759840e-01
6.556863522192935001e-01
-9.484373153384015875e-01
1.978377238312558906e-01
-9.826360989044540251e-01
2.910900911174723049e-01
9.798106963155973625e-01
-9.478921626627861974e-01
4.002530803669419046e-01
1.732813146257431436e-01
-9.134464235646624353e-01
-5.694968903063095667e-01
-1.258226752171233698e-01
-8.980683872015975400e-01
-9.227605601152091275e-01
9.857748750576027508e-01
9.084117054657170343e-01
-9.174539765259472901e-01
-5.774998643468403081e-01
-3.923924714477711739e-01
9.549296260031575612e-01
8.745147178458586579e-01
7.435412312370015542e-01
-8.785042251289774118e-01
-9.789562590101957840e-01
4.200784741989681548e-01
-9.847868727315068904e-01
2.777199281171330858e-01
3.926690107847602418e-01
-4.716236818804175335e-01
-9.697021230691645899e-01
-1.689831907708648773e-01
9.963677648585482771e-01
-9.939840901853882471e-01
-9.869016857015407984e-01
-9.315425795109872897e-01
3.766150706166183637e-01
-9.025572442399255602e-01
5.228362329652201934e-01
5.470587247940446041e-01
-1.249283800533508848e-01
8.454371554027592106e-01
7.762985415933530975e-01
9.646694312629925383e-01
-4.141145764655526640e-01
-1.708232068421708105e-01
-9.799031197142712424e-01
-9.462146528269316237e-01
9.993349263638143798e-01
-8.831322427601170921e-02
4.244520560759180716e-01
-7.650589964308677215e-01
-9.991833149713750251e-01
-8.443202185670199700e-02
-7.218084250905533183e-01
6.260199355188663349e-03
2.065845510788905659e-01
-7.774414268036712317e-01
7.083896276704989559e-01
-4.564032708062067956e-01
1.232200969405149171e-01
9.001272206513659668e-01
-4.239328236026765340e-01
-9.502814750957401246e-01
-7.038120256381823481e-01
5.293535617884221889e-01
-4.573696036077359861e-01
8.800763165979205160e-01
-9.864391775534905316e-01
-9.251933579002354913e-01
6.283765385240576151e-01
2.954918518493948043e-01
-8.455466766689103686e-01
3.421655372082683666e-01
8.529219583334927968e-02
-9.992570241664394670e-01
-9.750780137588003216e-01
-2.347521591247920258e-01
-9.220376465490544016e-01
-8.675331189143115074e-01
3.883374596870563522e-01
-2.946114663076480622e-01
-9.522282028853692459e-01
9.690085506972665463e-01
-5.114611448844037511e-01
-8.763299210808566109e-01
-4.414919627776928701e-01
6.120845397995363646e-01
9.248947441320736207e-01
2.984573754527867218e-01
-1.496848971485962576e-01
5.153104899361017344e-01
2.843180539742024560e-01
-9.015362951273357961e-01
4.925109106931900849e-01
2.822362560377866258e-01
-7.829702143996083441e-01
8.624917528872915184e-01
9.665593718463485473e-01
-2.184827030918757088e-02
8.358546580924468561e-01
-9.928639704219917039e-01
8.490385831862942156e-01
8.683711477694496805e-01
6.794074797635772933e-01
9.785136525614597236e-01
-8.858346915504635710e-01
-9.880365094444588658e-01
9.933839032623199561e-01
8.328526574799020171e-03
-4.059499344930750930e-01
-2.910222838461431344e-02
3.320800316290482557e-01
9.578977574756396551e-01
-8.963058335189411086e-01
4.296948759814326335e-01
8.245806125653405427e-01
9.998234154711364008e-01
-5.470120170078743849e-01
-8.830875469999250882e-01
-5.597970782967325309e-01
-9.648657473729781442e-01
-9.998446956643571859e-01
7.308664753705180761e-01
9.121017789498855333e-01
1.509452258908195732e-01
9.095059159262168791e-01
-9.481341251420957184e-01
9.966896379015602880e-01
2.125119913340359490e-01
-9.999855857402685233e-01
-8.963026215018402576e-01
6.390833914339523192e-01
5.916992085221697284e-01
9.400599383093689587e-01
9.238120129028882799e-01
-9.825706984467389438e-01
-8.165352084931827292e-01
4.409813004240066836e-01
9.979023135765711094e-01
-7.186154542393100031e-02
-9.972814976748037852e-01
-1.701223376605452420e-01
-1.837803528123672231e-03
4.501459187312024657e-01
-4.150431809511948567e-01
8.871217948841356726e-01
1.860571845238943034e-01
9.999668137297332837e-01
5.252770222002965950e-01
8.104385598572010074e-02
9.322896702389563695e-01
-9.622165937300168892e-01
-6.010218906602782241e-01
9.030156301548937225e-01
-9.694376867386111929e-01
-1.492368412181634130e-01
8.740227331404674116e-01
-1.602818396167104698e-01
-9.717282853777857721e-01
-6.968490860424101374e-01
-9.999604286574830248e-01
8.582795850208989608e-01
9.399420509855515027e-01
1.781290286684229229e-01
9.911410548798460507e-01
-1.326694197421859622e-01
9.005234732718240265e-01
9.741417029817388551e-01
1.310019177908729460e-01
-1.811898409320576164e-01
6.542185954233576961e-01
5.420695035413323204e-01
5.681858787588021098e-01
7.363405428118316998e-01
-2.329214265176440257e-01
9.075720420196018434e-01
9.996453339994123555e-01
6.522883397481926693e-01
-8.522418847032571243e-01
-9.955620738557989791e-01
9.521332210251688410e-01
-7.665998993334446343e-01
5.163858571025883304e-01
-9.312690339379257054e-01
9.622793532311327835e-01
5.622571395853684928e-01
1.691571566175605057e-01
7.585165109716122123e-01
-6.650971570515432640e-01
-9.988199542502265160e-01
1.597949672083598949e-01
6.209208509188012259e-01
9.948234581624041395e-01
8.952759859467454007e-01
9.501866592793681843e-01
8.486757176049213314e-01
9.999593909854289642e-01
9.763060806399646019e-01
7.410277705025651862e-01
-1.934301490006762325e-01
1.549095422751336215e-01
7.023081431726548862e-01
-6.094947267156269888e-01
-4.474183697590929931e-01
9.536943469499882253e-01
8.349301911033710777e-01
-6.607417154124805014e-01
-9.956214467817156022e-01
6.560152150137411597e-01
3.260799108593991913e-01
9.982795258242274095e-01
-1.842870156337803600e-01
-6.770860576204574821e-01
1.402859767008449998e-01
5.100114391201833186e-01
2.160263147031437070e-01
-4.358028961605581175e-02
-2.797386465103917086e-01
6.167358943235834445e-01
8.134801491554420894e-01
5.994657977581212549e-01
-7.442097342893689849e-01
-7.011471725004231326e-01
-9.270254619450504219e-01
2.786850946892017733e-01
-5.083681694590885813e-01
9.969303794844243116e-01
8.681896895376436385e-01
7.192167560541846694e-01
-4.282985589272964022e-01
-9.053857189347571666e-01
-8.479457081336189139e-01
-3.877685219357840940e-01
8.566547527572291321e-01
-7.763399082540852758e-01
-8.725771964349096077e-01
-2.611729996192386216e-01
-7.160721585897013020e-01
-9.614646347398040360e-01
-7.434529775211047298e-01
-1.625319288220987146e-01
-3.402480949098418694e-02
-4.066335156808974505e-01
9.996198581697699481e-01
-9.393241680255320913e-01
-1.822062282085182283e-01
9.641112724626197394e-01
-9.356361457819571958e-01
2.768842241871427023e-01
7.012156858602772713e-01
4.089087612965382479e-01
9.924645192412065997e-01
1.771170085063799582e-01
-5.521627579372844208e-01
-2.962604497282713203e-02
9.536849882267554035e-01
-9.938457980040673601e-01
-9.023154972405339480e-01
7.039634662595561920e-01
-9.231883643329493738e-01
-2.025440422337861923e-01
9.877540603040345646e-01
-9.918244653102535890e-01
-9.036654321045249905e-01
5.693616608525541301e-01
-1.054060079737514644e-01
-5.809341411605989380e-01
8.262493078593750040e-01
5.964442359903810997e-01
-9.056556962473315542e-01
9.175959311166634880e-01
9.183335436126225382e-01
1.198373843706696390e-01
9.999996971767736165e-01
-9.847412215569113503e-01
-7.618481842812576676e-01
1.014639785320541193e-01
-3.238146033037451188e-01
-3.313729788448272484e-01
-9.983146647839388210e-01
-7.638993101579294454e-01
-9.598774359555709568e-01
2.481493716865942334e-01
-8.768492176381371683e-01
8.459182563699819690e-01
-8.221408317785878772e-01
6.998892623544573643e-01
-9.355149017979723647e-01
9.657562154836774049e-01
-9.865643977033344836e-01
7.482051622204946573e-02
4.253001406637760967e-02
9.890965044887166657e-01
9.770975160176502694e-01
4.872344223094381976e-01
-9.174717897670993105e-01
-1.462203290387621424e-01
-7.253254933366288792e-01
-9.264128244191121020e-01
8.961062559731175492e-01
6.135022394200052576e-01
8.326643315071776685e-01
1.010953334692840308e-02
-8.752972779769843115e-01
-9.866474576992073642e-01
4.944684672700789263e-01
9.542230963280590172e-01
-9.560651476306951668e-01
-8.452455948656060203e-01
-7.688859556493226055e-01
6.566138272542014764e-01
6.498341722688354416e-01
-7.511504008662066578e-01
-9.051228014850509762e-01
4.909973588843437597e-01
8.742950887148098760e-01
7.788458803878425263e-01
-5.517671202129694752e-01
-9.983295500870738026e-01
9.637768275662842443e-01
-9.958044331339233057e-01
-4.935704464761391241e-01
1.414308633361339440e-01
-9.806314477678119701e-01
-8.572817254004748699e-01
7.499805572273410270e-01
-9.999999996822509507e-01
-8.206221738266228360e-01
6.170589646277271356e-01
5.884776570788268213e-01
9.621333761046415578e-01
-4.258487623670550448e-01
-2.974739134358098669e-01
3.714174604635728238e-01
6.152284124563764944e-01
9.586821454742104898e-01
-7.376650290855812919e-02
-6.273011904051253307e-01
5.482051664441809358e-01
-8.469061556810777436e-01
5.524951601683170122e-01
-7.532323285208172292e-01
8.470398976421886772e-01
6.809184970984191176e-01
-4.742469600142354413e-01
-9.930925773615492114e-01
-5.244353969569083285e-01
-7.119345608740769160e-01
-5.186652981293449205e-01
-2.955786210373573253e-01
-5.584187857132315580e-01
-6.708970562996217080e-01
-9.998845029179440624e-01
-3.873066917605070825e-01
9.000020253964212680e-01
4.732167588030327665e-01
-7.824974423866716267e-01
3.915590493208859768e-01
2.877376880120860458e-01
9.962948640583029203e-01
9.984613415244745216e-01
-3.814314940949347088e-01
-3.848746474953786412e-01
-5.940528670272403611e-01
3.295002868384031003e-01
9.996685427584310890e-01
1.342911719725120023e-01
7.278950828029365772e-01
7.186335198961071313e-01
-2.166470017043880536e-01
-6.580293794816747255e-01
9.938448968536819361e-01
-9.084998560736854412e-01
8.401596331024217823e-02
5.521161443417734738e-01
-7.018463991632722943e-01
1.381050768217031155e-01
5.985449253216569288e-01
6.823308617150515287e-01
5.263650510120482934e-02
9.317539208798879535e-01
-9.226774067585937766e-01
2.273351702411270381e-01
-6.708896415401200963e-01
6.592891204088451307e-01
9.300646026069355754e-01
-9.217682052961119199e-01
-5.949859857936110608e-01
5.701418556083970302e-01
-7.544970877861182368e-01
-8.726203239221596020e-01
3.103294191751339581e-01
9.993086214574147252e-01
8.800871154394867002e-01
8.167283137770527945e-01
6.031755760544283557e-02
-6.930132062460576670e-01
4.345576910065351850e-01
-1.233762507127867669e-01
-9.971915173420911049e-01
-9.991369921911361640e-01
-8.267078616985947814e-01
9.979241754914706108e-01
7.016884563000485020e-01
-8.782782336212576757e-01
8.629035293013130881e-01
-9.868163342720391862e-01
-5.244503292165064723e-01
4.474237449045818937e-02
-7.553742237153397709e-02
-4.621092384041350920e-01
-7.544488598651888367e-01
9.974579858649524899e-01
7.124090983030565427e-01
-1.445700609191599706e-01
9.105386126952095260e-01
9.954326569331887198e-01
-9.781434511548390276e-01
-9.843019533983496383e-02
9.205251073498740277e-01
-9.188218503659469905e-01
-9.938964200794020432e-01
-5.911129201922326049e-01
7.671152487656550667e-01
6.853185447377792006e-01
8.157651021322165352e-01
-4.947179876998692993e-01
8.569407574769336566e-01
-7.212605606234763211e-01
-9.829962119691914024e-01
7.602196993295207150e-01
-9.994869257975241839e-01
9.508680949382598557e-01
-8.900879683198774650e-01
-9.941043684037715877e-01
7.428031207333494201e-01
-7.275656422814357205e-01
-9.991205369843823014e-01
-3.401103603090353533e-01
-7.399914919624949183e-01
2.272945260598855516e-02
9.715911783443618166e-01
-3.394889777738790970e-01
-5.443904301585602568e-01
-9.631333170914315733e-01
-7.083426202431277741e-01
1.030759005038709014e-01
5.260588945755704238e-01
-2.412141952444519510e-01
4.108999747593238272e-01
5.370117249941602777e-01
-9.403776161082962881e-01
4.543023989523967687e-01
8.826891769972365909e-01
-8.246787210990981221e-01
9.879727901513821742e-01
6.635263335040061383e-01
-9.847090281396756462e-01
-9.990678796664419492e-01
-5.760084022632817602e-01
-9.353472156440588714e-01
-9.657308267113616784e-01
9.808980348563997032e-01
4.901571677124615944e-01
-5.607669285859063768e-01
9.725912493647557167e-01
8.730663596103395152e-01
9.231433881831776489e-01
9.111007410707923082e-01
-1.881868984192583694e-01
-9.744233284219739888e-01
5.755151869137619114e-01
-2.866202422610978351e-01
7.581782577611403395e-01
-3.523350263063707577e-01
9.939229109954320629e-01
6.302012614661757217e-01
5.797079110366876176e-01
-4.056035773662842736e-01
-9.885205760091207994e-01
5.398115374834397961e-01
5.395139689978489805e-01
-6.254238088065332268e-02
-8.069559560214216720e-01
7.595709041735188016e-01
9.840804029168265243e-01
5.461993204689916670e-01
-6.010550912682284252e-01
-6.629085855011072059e-01
3.560631431126156099e-01
9.940740988811823664e-01
-7.963051520057417010e-01
-5.211109448696178703e-02
-8.602492112901091170e-01
-9.487303991711109052e-01
9.923632849735161132e-01
-6.384517058828603764e-01
-5.010647984940818089e-01
-7.135217125047410569e-02
3.845974995693695053e-01
9.999415478971597215e-01
-8.639267857106801562e-01
-4.435075560754465629e-01
2.704779766343589839e-02
9.947156804392907059e-01
-6.434745335762149798e-01
3.506818878698415576e-01
-8.302925296538014033e-01
-7.648514503248330376e-01
5.774052821038364591e-01
9.100355947393722333e-01
9.879264766799982223e-01
-8.969739292846287126e-01
6.128854370224405823e-01
-9.982038282235065063e-01
-9.060664203425555785e-01
2.914916325380995654e-01
-2.247763956361787108e-01
-9.554540527082823198e-01
3.146736843854526233e-01
-6.263214129673154718e-01
5.075235610705453038e-01
-2.733579771811519010e-01
-9.956198179775475054e-01
-4.548820347473087750e-02
9.426190992184012296e-02
9.996726515092947407e-01
9.566861211328693271e-01
-8.538649833325184790e-01
3.124846536099936678e-01
9.204457986764430499e-01
-3.505311059483033898e-01
-1.079124990259772293e-01
4.058473804291173187e-02
6.319650823513222465e-03
-5.342898013781236521e-01
-6.353438565800999527e-01
-9.306412032946997925e-01
5.501003509382247358e-01
-9.046476321499428153e-01
-3.402971234894748287e-01
3.095062510668286637e-01
8.700574395416093010e-01
8.871634129617010922e-01
8.414126277357230066e-01
-8.466316396179808246e-01
9.591761697601917103e-01
1.498583157351166852e-02
-9.912778172625880124e-01
-2.736762700133250070e-01
7.137413809057113756e-01
-7.569625147490715023e-01
-9.152535916524211501e-01
8.125237665301502377e-01
7.205169035797687194e-01
-9.671509578788255457e-01
9.885549160559964355e-01
-8.569062353270651133e-02
7.468320426448669114e-01
3.363299272440951060e-01
8.085690257681065196e-01
4.507537168311060438e-01
-9.843585916592871854e-01
8.113071397100287685e-01
8.415225699329962339e-01
2.636874495758249615e-01
-6.208515919403048144e-01
-9.743294956245890370e-01
3.347329727007880007e-01
9.146644753335667621e-01
5.741895069330186230e-01
-2.364014996669255297e-01
-9.937581558164527706e-01
9.554955900502776212e-01
-9.998886016536531196e-01
-9.904710452743048510e-01
5.501010092375022698e-01
2.650403069150873980e-01
9.901319468789999967e-02
-9.504882317093880095e-01
-8.005634804799062199e-01
-9.096301519357170573e-01
9.917077526384199260e-01
3.094920632630838164e-01
-5.711740696167120213e-01
-1.233066404549742773e-03
-8.951861190675370894e-01
6.795103105025891432e-01
2.934421484694814675e-01
5.946884384841949478e-01
3.619175173005814705e-01
-9.973030603374366532e-01
-9.832185904044539182e-01
9.909675856868240817e-01
-5.838630096554042748e-01
-9.303777798180982161e-01
9.985275645091976626e-01
-8.421368692750571538e-01
9.968682460253119881e-01
9.887300933769851419e-01
-9.555813256866908523e-01
-1.696925879561266837e-01
-7.326765856510185637e-01
6.886985626072256172e-01
9.935790685409786605e-01
-1.990365400760343573e-01
-7.157129001151588676e-01
8.277310696375332899e-01
-4.342624432484475105e-02
-9.331210345463737399e-01
9.426670263723403442e-01
-1.712401746755644327e-01
4.093416118788492652e-02
-7.635735388906177423e-01
7.724834402565758928e-01
-3.148053233119886829e-01
-5.529290277868595949e-01
-6.340862386735724998e-01
-8.884393396019134581e-01
-1.358747166628943570e-01
-6.292723618505281502e-01
-8.762798380017380317e-01
9.568138577828506630e-01
-6.620793834757155993e-01
-3.062780995293800657e-01
-9.972176726026169558e-01
8.810808138478043450e-01
-2.724854957612508621e-01
-6.745917683848539070e-01
8.048688302535746963e-01
5.901457309910671523e-01
9.683174633788138586e-01
-7.664708395803476737e-01
-8.736547869487962803e-01
9.904508304622023918e-01
8.951938606342753069e-01
1.133513357905645835e-01
3.560870444094391685e-01
-5.653639903808450606e-01
2.614085254474194375e-01
-8.519332255820184496e-01
3.965216641668238562e-02
4.243719767610740212e-01
6.525982421098367459e-01
6.338609635857844760e-01
2.278842453648461663e-01
9.788066136828792174e-02
-9.972320451029774713e-01
-1.584262195833405495e-01
-2.462422345824162861e-01
7.011730561880834545e-01
9.327504791581425758e-01
6.531035586497282996e-02
8.856661722988760088e-01
-7.406653946297715452e-01
-5.482986495672114158e-01
-6.353665700979281850e-01
-1.788596929604081842e-01
8.102204386128546432e-01
-6.999180074774981053e-01
-9.630656252344245161e-01
-9.956234132652177493e-01
9.864738646643003150e-01
-4.211328494445883974e-01
9.980311224918491098e-01
6.727594428309994212e-01
-2.866142517470408047e-01
9.977977618185567277e-01
-8.190271898176249010e-01
3.911975793413812186e-01
-9.314351230700123052e-01
-7.424253908907550992e-01
-6.372384995033804067e-01
2.584572988562733875e-01
-3.097770763579013598e-01
-4.016009884634448857e-01
3.922415154568550388e-01
7.939682215486029704e-02
8.913264517991977831e-01
-4.710376940945225077e-01
-4.252897039326630213e-01
-8.607017434149720758e-01
9.893368079862345787e-01
7.968994346850596933e-02
9.165453525663382894e-01
-7.154358344419284865e-01
-1.217924323523445207e-01
7.975140497180883692e-01
-2.681835917724121332e-01
5.074130286767183362e-01
4.376381964775122313e-01
-5.293010037256952183e-01
8.350994088712201391e-01
8.980017571148971589e-01
9.782490071524881925e-01
-7.989293679787621283e-01
9.206812684973061378e-01
6.254861496467749582e-01
-8.882278199709003896e-01
-7.377843851240912798e-01
-5.051453383959819687e-01
5.431837551632643507e-02
9.819400426414981453e-01
-8.121758574294806188e-01
9.503122521864654226e-01
-9.769244915727246514e-01
-1.860731234872052275e-01
6.647225969601716633e-01
9.312980706774052209e-01
-5.930301595671457759e-01
-9.879917058384463102e-01
-6.317368803284916234e-01
-9.999358711748987938e-01
9.342175870028046614e-01
9.698647185319895225e-01
-3.701840656616208758e-01
-9.855897156339862297e-01
-8.498173565534636875e-01
1.260165871315490141e-02
-9.998844164999688422e-01
1.989398070341013292e-01
2.541782489984404925e-01
5.314043607148601911e-01
9.989024297329882618e-01
9.895142591108617713e-01
-4.903828866904310080e-01
8.566804029240087104e-01
7.054860248556370506e-01
-1.401483196850351609e-01
9.985501696626155610e-01
-4.668743573652822665e-01
-6.692723915482235997e-01
8.483008153547177965e-01
6.762079919947919793e-01
-3.403448792578798732e-01
-9.941615467150330954e-01
-4.031523475108031440e-02
-1.822317390302420903e-01
-6.077140692392345445e-01
-5.540866945804537869e-01
8.371692450278743758e-01
-7.708280351979232004e-01
-6.043028395094748317e-01
2.544567625249384846e-01
6.122187419802249675e-01
-4.201975355430578873e-01
-9.905544456285112487e-01
-7.030248807797681021e-01
3.780477966177009930e-01
9.134496043540941690e-01
-7.802218798249781484e-01
9.965313752387371382e-01
8.556153744296114694e-02
9.910739400005099675e-01
9.705066712075454127e-01
6.170686486408925031e-01
-9.290439134549001166e-01
1.215819782952962530e-01
1.144645932062481469e-01
-1.466587048291638495e-01
-9.734010424951289320e-01
-5.369637487663715403e-01
1.113467613531189532e-01
-8.566684979531701272e-01
-7.975586353920768312e-01
4.141073023769500927e-01
-9.726974713870084610e-01
-1.815579997932537104e-01
3.152337650009216091e-02
-7.910149390174242567e-01
-9.995933567593345836e-01
-9.306676204678857589e-01
4.499218869523735620e-01
2.775428534876651088e-01
3.227973784543983760e-01
-8.403315290660139381e-01
1.186806558249952487e-01
6.670757965370083253e-01
-9.196449108773667724e-01
-7.251980420261749938e-01
9.749663182933476779e-01
-7.918064799731711068e-01
-1.320735465857884039e-01
-9.194177467319232244e-01
-6.847547881656098623e-01
-9.391091435535116050e-01
-7.901360431731833112e-01
7.356937063570974100e-01
-1.132953453997729426e-01
-5.391078677664506991e-01
9.136387423559639842e-01
2.621897928523336252e-01
8.675824619450891451e-01
-9.997498296782810767e-01
-9.854062956140194895e-01
7.230074858003989746e-01
-5.565123806798230044e-01
-3.989460766282326154e-01
-9.989446920152960097e-01
-9.247022304111035540e-01
8.128581953814322247e-01
-9.841089794920674372e-01
-8.460988641684120681e-01
-5.234482486320596317e-01
4.501421223364364677e-01
9.895127487927806165e-01
-4.601269421953363969e-01
8.247614230892419407e-02
-3.772834532988810774e-01
8.507837954030108563e-01
-9.971130927435678526e-01
-8.089293102564962812e-01
4.731034688492536944e-01
-6.450481592287586607e-02
7.860443742054750160e-01
-9.730933372487813315e-01
-9.706636721545569557e-01
9.969636502254612953e-01
-7.828831862761771454e-01
2.435193760119678807e-01
-1.743884483861103951e-01
-8.817629021400847922e-01
-6.422710237261118893e-01
-9.230928265405092814e-01
5.039261878617916635e-01
7.724897571456552647e-01
-3.004233965489251368e-01
8.844181630382725867e-01
-6.415386660204772662e-01
-9.871340548018550098e-01
6.814057722641170267e-01
8.273613963963019069e-01
6.668008792544263263e-01
4.564374041906676949e-01
-8.366771393558856129e-01
9.771210813567953180e-01
8.847454872169560058e-01
-2.291815790804637154e-01
-9.704801068167638878e-01
-6.787188199621284612e-01
-9.989204929664476929e-01
9.856832288401634612e-01
-4.489959257860491881e-01
3.672142488864645893e-01
-7.504234387861956623e-01
8.158116847485668011e-01
-6.400886560770976397e-01
8.240595474776973850e-01
8.325045240531876445e-01
9.285978414185181995e-01
-6.295457896649638840e-01
-5.516020676270397827e-01
9.999706172879212485e-01
8.044170478386645229e-01
1.723468283369347098e-01
-3.511921725771922631e-01
-5.071344162486967067e-01
-3.757323368267269648e-01
-2.089828529849360739e-01
-4.840506335470220467e-01
9.500787482120546246e-01
-9.437373494962505438e-01
5.869455783600207449e-02
-6.177423758779685414e-01
2.536381924458058768e-01
-9.995685332067476558e-01
-6.862454047885212516e-01
-1.535292635157062269e-01
-9.159150184800284311e-01
-9.892426782219756465e-01
9.979634927425735658e-01
-2.934872881614485896e-01
7.099754037827816777e-01
-9.724353547636145345e-01
8.953123128277383769e-01
-7.311265827621782343e-01
-8.236777603836006323e-01
-3.161775786353041018e-01
-9.596163580756411626e-01
-5.773609555240015734e-01
3.178088698074538199e-03
5.104235061906720050e-01
4.882511287838467995e-01
-9.780127954177388894e-01
-7.459755991454808388e-01
-7.978360135601499925e-01
9.626545515197565406e-01
3.952348094788952215e-01
-7.844730500903894788e-01
8.984081675836378400e-01
-9.284108763318864588e-01
-8.410511036264478602e-01
9.798344200150351790e-01
-9.878152721854547291e-01
6.907382307266558552e-01
-5.691101572519345897e-01
-9.935604027098254853e-01
1.057080948374230223e-01
9.706352100387910520e-01
2.815151373185713624e-01
-9.546746602747285815e-01
-9.627384644212010345e-01
4.135576949483563691e-01
-9.993656824552837881e-01
9.049698284060196940e-01
-8.211396095575792531e-01
5.053377016214732897e-01
-1.685609746951119980e-01
9.036794083793689980e-01
-9.761912191149147988e-01
-7.756313122146449857e-01
-8.033252643602571963e-01
-7.917187292131301346e-01
-9.332969287963169824e-01
-4.688285642635523637e-02
-9.009771881168457952e-01
9.629215461179477797e-01
-9.317313850348236670e-01
7.606010004131420477e-01
-6.064897044034779361e-01
-9.532853531442417871e-01
-9.120423255455916145e-01
-9.552994018725127212e-01
7.912651982690950270e-01
5.547904609635835316e-01
7.439927970220172604e-02
-8.464711937638587091e-01
-1.919480966463853466e-01
5.134164197169431842e-01
-4.236112747095381881e-01
-5.108659963516170022e-01
-6.762555243218975054e-01
-9.980692024655140049e-01
4.087251641095301369e-01
-3.336170194736334804e-01
-5.317732971491516691e-01
-3.547223797541369517e-01
7.243494738240565667e-01
-9.956301317983299315e-01
-9.903971123475351079e-02
-8.356600553216559923e-01
2.976500423072042656e-01
5.102675569801197186e-01
6.429500507885717031e-01
-2.080629545570404290e-02
9.988072468742790200e-01
1.634851003221104715e-01
6.399820223350411591e-03
-9.951837976623344462e-01
-4.544547191288853538e-01
2.222416072403367304e-01
9.965588542507283210e-01
-6.065550454615640241e-01
-8.946939627271156548e-01
-8.543136302175329266e-01
9.593615394295097465e-01
5.674393197809206590e-01
4.488070635013596821e-01
-9.252991914115955563e-01
9.736021465120185958e-01
-9.198210948980586332e-01
5.889223038131919941e-01
-5.619599819685366926e-01
4.546458380008229494e-02
8.922621118724189948e-01
-6.285553213057857302e-01
2.380913690342666422e-01
-8.346714764620504212e-01
7.963712001277964969e-01
9.864519158219577921e-01
4.727167176514469604e-01
-3.948787964762153213e-01
9.163921851605373314e-01
7.634052705528151517e-01
2.506749815407745552e-01
-5.342337784822102087e-01
5.105305915657768479e-01
8.259483280538958416e-01
9.613623624175721138e-01
6.222828681375477261e-02
-8.629704851750249484e-01
6.647745942183571621e-01
9.587991420625363581e-01
4.272312894078044571e-03
9.467210380234324374e-01
-9.870236713202585888e-01
-4.387068125954279862e-01
-1.545189405565146612e-01
-3.281746249171963448e-01
3.017845323746480291e-01
7.539821444799096328e-01
1.348150588120157201e-01
-9.906286683944620641e-01
9.661174542384131092e-01
-9.267174786880191251e-01
9.999573600596041167e-01
1.385073625516379248e-01
-4.758626828032380129e-01
6.056956334806467002e-01
3.084479614985172202e-01
2.707284987953157973e-01
-9.946462343866704359e-01
-9.975220694011787126e-01
2.584695968017369783e-01
1.495965450198140367e-01
9.959325539298746754e-01
9.999597859589344218e-01
-7.462279425566014091e-01
2.575881439921061111e-01
-7.617487147110675316e-01
6.599099326418946809e-01
-1.827856839858231774e-01
9.725500730913122505e-01
9.959314177888332065e-01
8.526640431059971936e-01
-9.951863289040865923e-02
9.999068358251214095e-01
7.749707784464489047e-01
9.467732377934289234e-01
3.797000042506671336e-01
1.493373890165197726e-01
7.924143817260633771e-01
-8.952271632980868254e-01
-5.076080776198487188e-01
-4.601826571411199995e-01
-9.030754478763863835e-01
-9.378823014600113916e-01
-9.920496860011104312e-01
4.828993137996271390e-01
-9.129669119339191008e-01
5.295493274422630181e-01
-3.742951995123638409e-01
-1.490156446810076696e-01
-3.824662975004567422e-01
-1.749724673165928279e-02
-1.369379539749678298e-01
-3.238900214278497836e-01
-7.920483776361844086e-01
5.036339920380635826e-01
-9.722396960199910509e-01
8.973067601517745739e-01
9.389456505327342661e-01
5.317062873263854739e-01
-1.682165215418423287e-01
8.314195839153948331e-01
6.847191020099349101e-01
-6.833044677412545287e-01
-3.674259811666281683e-01
-4.962091823126920098e-01
-8.654383901451868644e-01
9.263442842158423618e-01
9.855010920725750800e-01
9.869115042601270815e-01
-9.564245881449845443e-01
8.390240988312503978e-01
9.082302398563943946e-01
-6.508178481489720335e-01
3.920732030613970076e-02
5.774342947401724935e-01
9.744010287480222576e-01
-9.657722254774369075e-01
-9.666133662648734859e-01
-9.183832272386924789e-01
7.064830375328373657e-02
-4.098182164830979635e-01
5.470675322009934671e-01
9.793405147796949706e-01
-5.611808173255445897e-01
-3.587366438886322451e-01
-6.171639005607658379e-02
8.580284076400647164e-01
4.932571537203184753e-01
-4.824536560003225838e-01
8.988343064313953912e-01
7.003611438694954394e-01
9.394968107583472339e-01
8.933211111204711896e-01
-9.653355821333045039e-01
-1.841362053416686073e-01
-9.997118461730869488e-01
5.899073054924762992e-03
-8.163456671918662977e-01
4.863642249263320783e-01
4.344790581519273331e-01
7.836529070484016257e-01
1.374635639010937382e-01
-8.205075780485644454e-01
8.635238196328117732e-01
-2.953923698226367245e-01
-2.937126073494390477e-01
8.754299311152453633e-01
2.308618383750556460e-02
9.647563920968523776e-01
-7.160106147074664085e-01
-9.694585300128064631e-01
-8.166428940130943115e-01
9.995224980479697763e-01
9.871618088677386327e-01
-1.466952208749989495e-01
7.923156482948110479e-01
6.067372120309829642e-01
8.945757977789302595e-01
-9.689755724235875611e-01
9.954947449543993798e-01
-8.037108791938725183e-01
-8.882575033456244773e-01
2.517124101919668636e-02
-3.770116403757605150e-01
-6.062386274683775333e-01
1.639224977676186634e-01
6.146437712711668722e-01
9.908119602416124438e-01
5.167177300920833272e-01
7.252702342927419554e-01
9.991045526545835331e-01
-5.374261726933141636e-01
9.106743929234196733e-01
-9.254884101100141480e-01
9.976747350003797310e-01
4.675591590494951877e-01
-4.358956282804829496e-01
3.334761142161706271e-01
5.029736481635150858e-01
4.919155711967931888e-02
4.934339701858059812e-01
-4.942542530103860021e-01
-3.097603431879165092e-01
8.252219437583689921e-01
5.442595775568983552e-01
-2.064092312047182687e-01
9.937861441113922112e-01
-2.207348382259556596e-01
1.195696781549427934e-01
-9.763571224945870597e-01
-8.837820762324285484e-01
-9.954099133777259967e-01
9.466111011218192317e-01
8.398727471578433246e-01
-1.479752470702822287e-01
6.454586762899675589e-01
-9.078688405836823350e-01
1.824967787591214377e-02
-8.842663719047946236e-01
-9.300011285910761982e-01
-1.875805881970221412e-01
-7.487265231383295472e-01
-5.461537103098947910e-01
-9.454338093066447790e-01
-8.367867240583416466e-01
3.617590707701890396e-01
-5.706015731940458080e-01
-1.891452378199773576e-01
-7.964525741319852248e-01
8.278721252096734595e-01
4.879381224943062922e-01
-9.998879208596099799e-01
-9.333766006243622293e-01
6.130657489349814471e-01
9.995350275356905678e-01
-3.922919281746049536e-01
-1.479583977280718166e-01
9.779193769528796709e-01
5.493788896347508999e-01
-6.021381045545839417e-01
3.846484128761892274e-01
5.566934395802008995e-01
8.514951969577753133e-01
-8.769334267785262593e-01
4.017981850806096045e-01
-5.364347818001943130e-02
-7.013659268060988827e-01
8.497300653052329844e-01
1.557651729873732460e-01
-9.212755141073308840e-01
9.600372779138999224e-01
-9.409987881261878684e-01
9.299422874749189161e-01
-9.997974191955010248e-01
8.805108086692396974e-01
-8.641114963222047418e-01
6.809602864096774288e-01
-9.809279036802558416e-01
9.714100340993417904e-01
-5.837728412821304724e-01
8.666351937797696081e-01
9.450365718867130838e-01
-8.136752225081212986e-01
-6.755662144054448426e-01
-2.849453756525486756e-02
-9.862441834152533282e-01
7.929912539160318685e-01
6.079517456788413599e-01
4.984053357873574619e-01
-2.089969940728948761e-01
8.366972733310102939e-01
5.117364242265733942e-01
3.162473354520684565e-01
-9.987881766342526779e-01
-9.935362783626991989e-01
-9.999310380346663196e-01
9.846537015783969338e-01
-7.646886971694277779e-02
-7.376339927626592852e-01
-8.462026020482689148e-01
-2.620852332228184589e-01
-9.940836330786261277e-01
-8.467349673159045853e-01
6.242191897525237732e-01
-7.897021138288914388e-01
7.428369320033134660e-01
8.343664968468430532e-01
8.912685890910787556e-01
3.945869109533929886e-01
9.785719603916774867e-01
-9.968916171201251952e-01
-7.338959604094340561e-01
5.805980769636439609e-01
1.414185599358674661e-01
5.956967139752900042e-01
-9.944577307603307270e-01
9.924972241944807205e-01
6.768845450471339120e-01
-7.767355220551875883e-01
-8.503847760303320236e-01
-8.047734174719826106e-01
-6.773689271201431827e-01
-2.192969431765067201e-01
-4.921370236264268616e-01
1.043687987835383302e-01
-6.270305356065255520e-01
2.139840199647093655e-01
9.597347852818352010e-01
-7.564760124691322085e-01
3.441425645597419036e-01
3.783249532402609416e-01
-1.987483106525763932e-01
3.082747776572420384e-01
1.166600843364197920e-01
-6.092279676345178085e-01
-9.662640184965888279e-01
-9.305275448509360281e-01
2.017119951358405383e-01
9.668080733411610339e-01
-1.340417638744121342e-01
-9.570549897727758104e-01
-9.460824748660899841e-01
9.760589138994428815e-01
9.486144173351843678e-01
7.454830297300322206e-01
-1.723052968440182131e-01
1.174330869094820234e-02
3.762571044273788634e-01
1.974643191691213828e-01
5.875785912566279245e-01
-9.906959559639558766e-01
-2.846808482368369531e-02
-3.492926818447984472e-01
7.418838229349512536e-01
7.948356103194540445e-01
-2.997931418452914887e-01
9.989684259310656067e-01
-3.279831922799285593e-01
9.073635792730391225e-01
2.531448845699629246e-01
-9.489701601915954132e-01
2.237327763205209374e-01
6.243147991567168376e-01
-8.607843372991170749e-01
7.234969168570618558e-01
-8.285717534247786231e-01
-2.273015313337497512e-01
-5.646891250552688035e-01
-9.907775503424657293e-01
7.104194355339366052e-01
4.135209762151428881e-01
-5.213658296824571492e-01
3.022618407147479314e-01
-8.989863248445233435e-01
-9.987438534091153119e-01
5.870878717084956344e-01
6.403280236963101446e-01
7.504337579419229076e-01
-1.192445949293996915e-01
7.480886782345829156e-01
-9.658184399348849203e-01
-3.770754957970685051e-01
-5.647928172265725966e-01
2.289501634851048018e-01
9.985922028936334849e-01
9.590740231256809079e-01
-9.420362445343716251e-01
9.967554001537215491e-02
-1.626803686739272115e-01
9.926344277642710212e-01
-5.341351027266445506e-01
1.938051635713733956e-01
6.996331732635041600e-01
-9.985600579249221953e-01
2.093633265658881859e-01
-9.344263708531616031e-01
7.966182190402975039e-01
-9.739533576006595972e-01
-8.159796845248614705e-01
2.259505289115308624e-01
-9.988415887694124251e-01
-8.043143634589956514e-01
4.038176921567702693e-01
9.839338776303812040e-01
-1.168222366624939168e-01
-5.586018846925447923e-01
-8.353292816434810808e-01
-9.124935324502100875e-02
8.273544993253033608e-01
-8.480036448951611128e-01
-8.080704216992344868e-01
-8.961666888546010457e-01
8.931074768236729744e-01
1.358446980792220316e-01
4.791444019121551268e-01
7.286084396358332160e-01
-7.691394475259862862e-01
6.548183910028102517e-01
-7.455250199686903612e-01
5.818818295094083659e-01
-5.933186654770962187e-01
-1.020224332384926519e-01
-4.945027924364773231e-01
5.959298790482581154e-01
9.971420237143117093e-01
9.359272258477698836e-01
-6.075586035911000049e-02
3.167057659886908239e-01
4.326206806094545776e-01
-9.454949287954744763e-01
-8.386851038919819201e-01
1.693944794903319909e-02
-9.269382919114979580e-02
-8.678720436075028355e-02
6.042497617263701271e-01
-4.413891441294762533e-03
6.175920466857652835e-01
-1.479092710766221341e-01
9.209983284601255260e-01
8.477541654304517893e-01
-8.215069411226455509e-01
-5.627045644494210741e-01
-9.624608587307814656e-01
-9.579421404968553322e-01
-2.558792097745898539e-02
-6.869894079979931290e-01
-8.841405248272699025e-01
9.994542844082593414e-01
6.011141114710327749e-01
-8.986212937020497948e-01
6.060478427181504868e-01
-3.321560773716483173e-01
-8.113666778168200366e-01
8.078100030329280479e-01
3.106017738367709488e-02
-7.573140016449785294e-01
-7.286499524443372788e-01
1.110719742888873346e-01
4.785491294658087563e-02
-8.243894795587993762e-01
4.667206618981601940e-01
1.182242275242987584e-01
-3.716655591589426155e-01
-3.794221223062871351e-02
5.867661624214317584e-01
9.731233984434273232e-01
-8.848203139963015662e-01
-1.841032464562625259e-02
6.810274335075127139e-01
6.381782138467464449e-01
-8.776817727864472118e-01
-9.665339818210501033e-01
-4.163965886164957553e-01
7.804141906406508733e-01
-9.809358347882163320e-01
6.053027256049986482e-01
1.217992183023709762e-02
-9.932108909918966333e-01
6.978996637996159880e-01
1.717600217588408362e-01
3.021501664729738246e-01
6.814956590145109239e-01
5.908133067023962903e-01
3.105090125231989729e-03
-4.428663962329769666e-01
3.412200299506272239e-01
6.330388332898374548e-01
2.599574702204889842e-01
-9.262058683598928255e-01
4.673344854832268136e-01
9.730078919159973472e-01
-8.197094231324091318e-01
1.309166080309322189e-01
-7.270268906116017504e-01
8.799635478881625561e-01
1.806502991144122161e-01
9.465481171164867868e-01
-4.080459998460059245e-02
8.075310080974710258e-01
-8.212786042617616911e-01
5.540854008166976596e-01
-2.316991918011987728e-01
9.782416284399102491e-01
-3.535766208227265062e-01
-5.107892248317134065e-01
-5.097366399958329630e-01
-9.192006955281247782e-01
8.207981193413735888e-01
-4.145642665747790723e-01
6.841051638098655241e-01
8.287633003892425076e-01
-9.286854584242988375e-01
9.019669883325586168e-01
-9.447530730060672566e-01
-6.837248572097142096e-01
9.988348959289939932e-01
9.900593918084705791e-01
-4.262593000211599148e-01
-9.628104139389602745e-01
1.870460507831122332e-01
-4.155441160974593928e-01
-9.990030210817807399e-01
9.697713587392663426e-01
-7.558673020937106690e-01
-1.412120622628808275e-02
-9.963951910064683393e-01
-4.239882920427830160e-02
-9.997449959455863011e-01
1.167293538474152848e-01
-9.897949666941748825e-01
9.969471721110911844e-01
2.942014526343417202e-01
9.882171364789730239e-01
7.627981262098452175e-01
6.362540127224528552e-01
-7.648281469341615679e-01
5.571518992798758507e-01
-4.604682761139995972e-01
9.629621816945390655e-01
9.994554894764233755e-01
7.050949807196772723e-02
2.846303350489590156e-01
9.932282184264046299e-01
9.418607815662287663e-01
-7.304582892915560954e-01
-3.851754135099881848e-01
9.951604461519243383e-01
-2.482002003287632486e-01
-2.837530624881037244e-01
-6.982113688774975735e-01
-8.282353784974392230e-01
9.964013539802942798e-01
-1.198138044897118087e-01
-7.581641047874633221e-01
-1.461385212971258452e-01
-3.680093759143585608e-01
-9.998805947685869278e-01
-4.081501446766798713e-01
9.976530747485793382e-01
3.281037311541509099e-02
-8.581712201118126826e-01
9.352077093758301984e-01
2.611882837392107692e-01
7.794577277308157859e-01
-6.619580618092052449e-01
6.987509901754872521e-01
-7.767811172892540306e-01
-2.638430448852175370e-01
-5.123564284700271587e-01
9.630293753276008006e-01
9.635366110383053462e-01
2.520107026900388902e-01
-8.637591487907569920e-01
3.486529453354352270e-01
-9.502002712509055593e-01
-1.961846070857313773e-01
9.990896618749590674e-01
-1.937327549257343018e-01
1.939616050330377206e-01
9.846959859525157288e-01
8.706561828660561719e-01
1.903997435436647623e-01
7.947932112063366139e-01
-9.657824571231352628e-01
4.255135559784817834e-01
-7.499898848925909967e-01
-3.489288156234525151e-01
-5.068035136105847327e-01
3.276154581718320191e-01
1.265356216417227314e-02
-3.409491347390462002e-01
-6.237279119384592230e-01
9.660038292809890459e-01
2.516826537578801259e-01
6.956394595562664929e-01
8.734226155391708879e-01
-9.819627298243447378e-01
-7.631029630025294441e-01
2.494902434431098270e-01
-1.663313434770581356e-01
4.212970912482708052e-01
-9.387340243184887356e-01
3.953028021837994843e-01
-1.406509430824749440e-01
4.496611686848565603e-01
-9.782508787145377527e-01
3.199854699348808063e-01
7.146972956908905772e-01
-5.742611297895676703e-01
-5.079668500545592852e-02
6.149522750550828754e-01
5.078360564128817645e-01
9.806662155958590921e-01
-1.266571785157456775e-01
6.588764930830028066e-02
-2.447690249239009574e-01
7.423980272962472926e-02
-9.988844241178927996e-01
9.999450239108292893e-01
-9.276187968826181685e-01
4.741364577070513592e-02
-6.531353616010049552e-03
-3.675726354608534474e-01
-4.293518584091458035e-01
8.360416366195821958e-01
-4.007096596028090763e-01
-7.832552440305772246e-01
4.068389424096019447e-01
-6.137094999161795128e-01
-8.858368604049433603e-01
4.832396467976428078e-01
-3.970225004416044201e-01
-5.666850124587013982e-01
-6.011707868758922046e-01
3.324398055487565729e-01
9.418837380128139980e-01
-2.459090903109903137e-01
4.087689399119079359e-01
8.089320953550158677e-01
-5.705693070426712810e-01
9.858577654705427129e-01
-9.915320904523499124e-01
3.152813833038969338e-01
-4.390471575475956567e-01
-2.004294258292903252e-01
-6.644217572394019999e-01
8.609682867547382434e-01
-9.240865777774613932e-01
8.484664062292612829e-01
-7.219866557703545906e-01
-2.937851123418688815e-01
7.003237381098917913e-01
9.999013459041123930e-01
5.101226228351175562e-01
9.728883963724519468e-01
6.482508987960122759e-01
9.481087601201898529e-01
9.999412361058652721e-01
-9.985391188306479426e-01
-6.974782475498699785e-01
-7.294662196023852241e-01
3.072583515673204535e-01
-6.361601329549168016e-01
7.019026653375507463e-01
-6.982438543934007535e-01
-1.459651929052264707e-01
-1.959003269518797552e-01
2.275656070410823628e-01
-6.331645651575225076e-01
4.454773552550231885e-01
-4.826212926867241571e-01
5.501302361025021126e-01
7.520721039392082030e-01
3.843679798532161906e-01
6.734723164053481037e-01
9.080602671836101036e-01
-5.310755729392734048e-03
-6.570269423017439658e-01
9.658374436364445259e-01
8.439767209885806754e-01
-6.727688080505430657e-01
1.716317091199378586e-01
-8.405374530958616974e-01
-8.577403923569975053e-01
9.787657448838740226e-01
4.044534736671959729e-01
-7.481997418074041173e-01
-8.793501003253005877e-01
-9.693399321014960490e-01
9.591577664023792638e-01
9.530840417505939133e-01
9.572605406024222718e-01
5.054013443204078415e-01
-7.306495864522372097e-01
-4.109663250830475345e-02
-9.259732337363894006e-01
-9.716469362506788832e-01
7.264678649594535909e-01
-2.894071000237368740e-01
2.317091821563002363e-01
7.421109815839849189e-01
4.284206861477093259e-02
2.122439471328607663e-01
-9.922253884679901326e-01
-2.804733905567592389e-01
-2.959220266251892939e-01
-5.449206219550346564e-01
-8.782576314003269491e-02
9.944557917736376318e-01
-8.418121922930280610e-01
-5.947503120665620369e-01
-5.738286622966775052e-01
-9.882142277771270855e-01
3.488227692308331074e-01
2.987066201916177000e-01
-2.233628325140545601e-01
2.904775484040645894e-01
2.173732525920716308e-01
-8.291774333621586557e-01
-2.787344341696698091e-01
-7.745055418800163016e-01
9.994484611841538690e-01
5.079498696424177284e-01
9.845399293690654252e-01
6.151774923501402981e-01
-9.068710022294640405e-01
9.847868072474407208e-01
-1.932039804121474802e-01
7.688976358287770430e-02
-3.557039189936969104e-01
-2.785888768998831533e-01
2.329595824960152550e-01
-5.656934178008805603e-01
9.241078824530289948e-01
-1.379990931394018128e-01
5.212705533537872471e-01
-8.624286324879293364e-01
-6.048768719132115168e-02
3.716208840053067952e-01
5.802720357374693272e-01
-9.999201636818966232e-01
-9.864070874527539612e-01
8.974306913528004026e-01
-5.766703430021413723e-01
4.050957641231793249e-01
-7.301362166211765592e-01
-9.646826757414688203e-01
6.342957186156169547e-01
-6.504584072844240561e-01
3.711415780011592669e-01
7.051304453162487995e-01
1.825051774375216207e-01
-7.492320195551295248e-01
2.991642220580980616e-01
7.558135455437580141e-01
6.329580171745420314e-01
-7.346746776833407155e-01
-5.225490486140810242e-01
5.840923211469164489e-01
5.193680024366913450e-01
-3.283205521774329450e-01
-5.053183011354952514e-01
6.955663540900259845e-01
-9.231534949350124197e-01
-3.685656727277962785e-01
-9.505692339697218163e-01
-5.017871797777145870e-01
-6.268697402984100275e-01
-1.495573583935123352e-01
2.160601279594195900e-01
5.446186106979515607e-02
-9.970002623946485620e-01
4.010629542616096499e-01
-9.890645218181545184e-01
-6.584432022223312142e-01
-2.560344142144321267e-01
-6.684063586065142060e-01
9.953125362992589764e-01
-2.134512428361481640e-01
4.049554664708939211e-01
-7.250284644407909429e-01
-6.260633616221743525e-01
-8.286389677596261993e-02
-9.897591908685943185e-01
4.570826774687174465e-01
-9.473297528727360195e-01
9.473741446700020274e-01
9.962311706946128664e-01
-5.408966201784600747e-01
6.112630343735196981e-01
-2.422352127660645504e-01
9.910585951815875649e-01
-9.685980730975609632e-01
9.528394136738194131e-02
7.684757262678451051e-01
-7.861465789383590419e-01
9.448547658548039907e-01
4.184747141021918360e-01
-6.529290840740150648e-01
-7.202624852053348681e-01
-5.254384619837805248e-01
-3.762812208720337503e-01
-6.745117514081959698e-01
-2.074381033313025813e-01
-9.025064607770671987e-01
-4.511240759922859889e-01
9.761684387945150920e-01
-8.546036945464811074e-01
-3.477773600776423168e-01
-9.821272099396525235e-01
-9.880656707070458733e-01
-9.669288074857183002e-01
5.662484980896463904e-01
9.721983796695562452e-01
-9.783281664444553050e-01
-7.935826596086822393e-01
-8.515674734745076746e-01
-8.927563018993134314e-01
8.920456562366126940e-01
-8.965586229026601961e-01
-7.693519677102629295e-01
-9.692919671770900969e-01
6.638585959211275034e-01
-3.498583229021947072e-01
-7.556841496222945764e-01
9.969443578890498925e-01
9.927275405783494433e-01
1.300945514039620055e-01
3.962823643335571661e-02
8.963116437724259755e-02
8.241039657200959212e-01
-7.661511752563385791e-01
-3.442082309098799531e-01
-5.477027434779105919e-01
-1.060899250961832990e-01
-5.841124968166120368e-01
5.660279149203922833e-01
-9.994414105044836516e-01
-9.811707723846228024e-01
9.504198423959262509e-01
5.594498043418475453e-01
-4.028375939443755160e-01
-8.461814153302503749e-01
9.181157712529696147e-01
-9.890482331283139139e-01
9.857439614554934781e-01
9.997907643348387108e-01
-9.988845322872216270e-01
9.907001147543553765e-01
-6.348357164492377525e-01
5.302266124169356942e-01
-6.452286166536221890e-01
5.300733864034230525e-01
5.838293492239329252e-01
9.116166768921719621e-01
1.270142306041726343e-01
-2.868953875608034609e-01
9.463773074863207624e-02
-9.390359239261240054e-01
5.539728003709957216e-01
9.949235857509652892e-01
7.991085939802202720e-01
-8.547073060704902803e-01
-9.991997542434607471e-01
3.463574483843043228e-01
3.179755469525953337e-01
2.543754506530214732e-01
-9.391801028118116346e-01
9.934325260461848162e-01
-8.520868235120390155e-01
7.476036446430809335e-01
-3.107374451119695458e-01
-9.837918765020896572e-01
1.216797974929154369e-01
9.842179556694924392e-01
6.298519626592604670e-01
5.340556092595448723e-01
-8.601681917530362709e-01
-9.993498747514611980e-01
-8.587975412620701965e-01
-9.931236072729722197e-01
-6.455192220921341928e-01
-6.499760175475490787e-01
-8.284753208120612111e-01
-9.677153196382689559e-01
1.300068893969341943e-01
8.418639070611311226e-01
6.605791472831767930e-01
6.906397685508808282e-01
1.470161911370160834e-01
-8.860611916984082459e-01
3.169806601404415725e-01
4.979885983638832059e-01
-9.997752049561663412e-01
-8.773409912667941013e-01
3.015162635999292240e-01
9.073562270211467107e-01
9.984604850967156997e-01
8.631738424617012573e-01
-4.174356757256684203e-01
-9.789938773617795631e-01
-6.925788773084994299e-01
-4.917794348846347141e-01
3.229879191651328085e-01
-4.950039598495173387e-01
6.139421054226237295e-01
-8.907122734558646782e-01
1.688309738065643661e-01
-6.809954059452639763e-01
-9.942248265940317742e-01
2.057515208528048201e-01
6.724017599393034006e-01
2.300273281963702288e-01
2.939330062210780969e-01
4.804285349430669205e-01
7.498725465598796713e-01
7.037027369835702206e-01
6.292464198812007803e-01
7.019093790878960792e-01
9.936336070986105939e-01
7.654437555244858471e-01
7.194096901839482916e-01
-3.765274938701743679e-01
7.329987824023825871e-02
9.374061026417230755e-03
6.244441352664037437e-01
3.705858114432324379e-01
-5.528316326111371026e-01
9.945610648498384165e-01
-9.728186330998401798e-01
6.978397059072088959e-01
-2.779245108675438836e-01
-9.991083595886156576e-01
-9.328188600465125990e-01
-1.542078564663686147e-01
3.110661096848990059e-01
6.548682300459141015e-01
-6.979557747802859202e-01
8.863656148743179752e-01
-9.314341291803028833e-01
-9.982299999515541478e-01
8.860083871354552665e-01
-2.380658167796683156e-01
7.893679586017308264e-03
9.934445535539725425e-01
-8.828670357600161278e-01
9.879626347126598818e-01
3.463016713398123780e-01
-6.596237956176054240e-01
-7.868998067085763992e-01
-9.816954991726362101e-01
7.973119798008859727e-01
5.593365781475556631e-02
9.922197766324371004e-01
6.363603647858068202e-01
-8.340437605343100635e-01
1.436629917774930876e-01
-8.852276082835672799e-01
9.893319656822812114e-01
1.420106817764462959e-01
8.481956310866434201e-01
-7.048847309174824938e-01
3.550990650625150402e-01
-4.378452106362176743e-01
-8.972601881900954535e-01
9.938402282397696963e-01
5.831602113237376317e-01
9.633725654874309985e-01
-1.414750719900899345e-01
-4.603402757142509572e-01
6.892074460274586478e-01
-7.624284612340397338e-01
-6.580802311062041721e-01
-8.348291783630714669e-01
-9.993881511894737724e-01
-8.974622799470974854e-01
-9.924836451503965540e-01
-9.075458326618951466e-01
9.324020538049548890e-02
-7.036123616852459906e-01
6.463029586165680573e-01
4.025617168967122184e-01
1.993668589556707726e-01
3.790959189161808851e-01
-8.686534554009208708e-01
1.224597279185384718e-01
8.622372028796604360e-01
8.302885362898684840e-02
-1.826217627671170018e-01
6.039507853655441405e-01
6.676081893127018274e-01
-6.278365830079575272e-01
9.141899161859839973e-01
-9.731387839671508111e-01
1.305070837679902784e-01
-9.790109755460087992e-01
-1.148493772844130650e-01
-1.968036594029470843e-01
-9.990924863645721521e-01
-9.033361951012498503e-01
-7.799279414229683960e-01
-1.473862592988078521e-02
-8.273615222106771583e-01
-5.971820609870568397e-01
-4.057580417754655389e-03
5.951140107464244489e-01
-3.824954029649803022e-01
-5.718505854390741883e-01
8.236384881338189023e-01
-2.258075004733510471e-02
-5.451102901176917426e-01
8.074436681121491821e-01
9.345370733320452761e-01
1.491426923993398046e-01
2.939198251215179303e-01
3.369096517039944089e-02
5.463580243492844879e-01
3.550294061140029100e-01
6.310576371517266914e-01
-9.958891199019354046e-01
-7.640906426898844694e-01
1.123959196956698797e-01
-7.216342407320468499e-01
5.350985760505110322e-01
-6.956656765833265643e-01
7.140303853423178859e-01
-7.823063454339457268e-01
6.619360388391559713e-01
7.173560716185096719e-01
7.195849502611869619e-01
9.797302268499565869e-01
-9.898675408839422429e-01
6.487167793027645013e-01
-2.953162376722223703e-01
9.497583105528265568e-01
3.662979978567757477e-01
9.778678353565261050e-01
-2.405458320810768824e-01
-9.977477807970607238e-01
2.917068365672255137e-01
4.598031505597482971e-01
-3.717133344169976095e-01
2.810877761595713120e-01
-9.812799915682489660e-01
-7.330972472105089510e-01
-8.304720089368287095e-01
4.796110930240439774e-01
-1.100213788493556166e-01
7.224238455004150516e-01
7.622820031645788363e-01
-2.384545963772661537e-01
1.429987052569411388e-01
-3.962591289610469802e-01
-8.332579199975117534e-01
9.721878185179736453e-01
9.873515985350569402e-01
9.648875503482782223e-01
4.350281058214506835e-01
-9.339830224871745745e-01
-6.429092082471791203e-01
4.160786537364020155e-01
1.504953169333640151e-01
2.607743424127090259e-01
-7.571051242637162337e-01
5.366224362044671459e-01
-9.024754694821752743e-01
-1.403193911738958022e-01
-4.797753560771441661e-01
1.209888030613754106e-01
4.473492056957011909e-01
1.274342245829933884e-01
3.934742474771122933e-01
-3.327357262353212164e-01
9.736570062136193915e-01
-9.075691493206835547e-01
-4.340296477161669220e-01
9.868958131281468926e-01
5.612235640237180773e-02
-9.121276807569452805e-01
9.829567148625147910e-01
-5.937045773938243176e-01
8.260033715808480503e-02
7.034953924954302495e-01
-9.647343197070274989e-01
3.427479498186026818e-01
2.074506187360554144e-01
-9.947707790825929264e-01
-9.937394715664704670e-01
5.621489960930872165e-01
9.194742308534488151e-01
-9.054372218479191936e-01
-2.935586954139475235e-01
9.404384353081237657e-01
4.330102546397403551e-01
3.259802218695295392e-03
-7.233770091921652989e-01
-7.320736361484115884e-01
9.572290152572650035e-01
-2.353339064563117200e-01
8.121985792436207108e-01
9.469629222302600180e-01
9.906360023687409422e-01
4.576648143151771930e-01
-8.926313130267862217e-01
-9.994741097228339033e-01
-8.771754181797917216e-01
8.002355298461725219e-01
-2.243044533099258775e-01
-4.764051821357069838e-01
-6.371307733727784584e-01
8.030044070559909652e-01
-9.400730178322722619e-01
-3.969164681781648940e-01
-1.425145346398422885e-01
-9.727937461678523023e-01
-5.188554337751491996e-01
-9.345175572579811352e-01
-3.514440761092636478e-01
8.491340522765655763e-02
-9.998936968300932149e-01
8.493231538630866551e-01
8.732594282484472670e-01
-7.496377403560411379e-01
9.695034119458673105e-01
7.477604250051859136e-01
-4.805669949418325260e-01
4.345650644678876184e-01
1.315494005631813179e-01
-8.752658471774100724e-01
4.736657834647802212e-01
2.160604392219492020e-01
9.965651476427184186e-01
-3.673115504935504094e-01
8.371746095539145394e-01
-5.525386383910634303e-01
9.999469861991938657e-01
-7.021475371540085719e-01
9.991279460274731239e-01
9.466303532773100438e-01
5.281597663231765161e-01
-4.011943135166130547e-01
-1.370860120770372170e-01
9.998329846470914717e-01
9.926050005852172786e-01
-1.434998588043251699e-01
2.227947137840744496e-01
8.871890292053881133e-01
9.844172846114666864e-02
-9.472604662171120182e-01
-9.787478028023146592e-01
-7.436433522520145001e-01
4.303639947854075443e-01
8.241796725249502797e-01
-2.018878235058936266e-01
-9.969950374426903572e-01
8.098532141046880239e-01
7.198593626890575914e-01
1.484476616660069526e-01
-9.919143358978499414e-01
-7.725055005295494714e-01
-8.091395182518287266e-01
-2.356505522516501028e-01
-1.127280278178679901e-01
-5.623676346751435018e-01
1.232957464511042073e-01
-7.045428567397866715e-01
1.935649409039931768e-01
6.311110935002641753e-01
8.758020900248723040e-01
-9.146012685030929790e-01
-9.286929428695338551e-01
-5.396021089768070489e-01
-6.337232656269786712e-01
-5.726105160216332646e-02
-9.442566621855256193e-01
9.280376731682109526e-01
-6.876536315077932393e-01
8.336589155769890125e-01
3.445009119603147929e-01
3.549764643420415533e-01
-9.976167623875386026e-01
3.330187914414375339e-01
9.486622307883267879e-01
-7.757453045542535008e-01
-8.472259114800438917e-01
3.313385257104894399e-01
3.698221507863110324e-01
-5.923733363569183563e-01
4.967497736646666606e-01
5.882597204464036222e-01
7.481732415567596828e-01
6.660854704092982193e-01
-5.564674149036086953e-02
-7.481367289286781075e-01
-1.852750485374254630e-01
9.959192071078107888e-01
5.616085702334349117e-01
-4.108647294262703364e-01
-6.684562963953616377e-01
9.822745148708428298e-02
9.977909843740619955e-01
1.844859862496464609e-01
-2.816296949434330399e-01
-9.274343451099148483e-01
-2.981436772342785368e-01
3.729471738402905800e-01
8.251062679865558414e-01
-5.853944007203715910e-02
-4.576253350639767903e-01
-1.526855364922081182e-01
-7.302551694020116280e-01
-4.709027219841286360e-01
-6.195372595405213012e-01
-8.882224704053208741e-01
9.858993059456558905e-01
-5.320909971053506826e-01
9.055715678426530246e-01
-6.234358659281079573e-01
-1.439319203672845271e-01
-1.034454970610164219e-02
6.943518248372093637e-01
-1.629725618689093491e-01
6.781577805409105819e-01
5.971010573096679347e-02
2.587084337851487947e-01
-9.608924496816261263e-01
9.661388962015734494e-01
-3.909607724327683331e-01
3.457168492643015179e-01
7.725403456657102819e-01
6.487774892339798205e-01
-9.957939669974018582e-01
-7.288174148358830262e-01
9.945136736040959269e-01
-6.594583847761903428e-01
4.942401430478343127e-01
6.623476830384632530e-01
4.050292852164303348e-01
8.593021445660800062e-01
-6.023703902947945554e-01
8.931598745255949767e-01
8.682212897483180258e-01
9.042152949957318331e-01
9.378824774353388127e-01
-6.988802592533337465e-01
-9.999194201099466106e-01
5.962238511598401125e-01
1.928613403190500841e-01
3.782872160849326537e-03
7.594644679103145224e-01
9.998559857821712749e-01
9.705310701680474050e-01
-5.371218752633880045e-02
-2.994042088948613636e-02
-4.496837495948500241e-01
-7.247689069387440730e-01
6.159320285283959029e-01
2.029215518960804931e-01
6.930701650963018157e-01
-8.736244374217885245e-01
-7.265116808676003179e-02
-8.088000488092194074e-01
-9.999030666076067497e-01
-4.688781574088315418e-01
-4.780372348401752958e-01
9.921296148231926182e-01
9.804178360590594110e-01
9.345176323721607892e-01
-2.628565793909748982e-01
9.764629165737583882e-01
-6.391691600182257682e-01
6.674744619133590740e-02
-8.428155866040996091e-01
-9.289449375086857863e-01
-4.696950765854480125e-01
4.410485716765195074e-01
6.405329125207044338e-01
-9.795689575363035750e-01
-5.542215504512513213e-01
5.898876601536036102e-01
-9.916970038394640197e-01
2.543715207761053088e-01
-8.652905754179039954e-01
9.805023089815378956e-01
-2.698573813547159306e-01
6.378284672171848912e-01
-5.930569742316615933e-02
-9.233100452493930854e-01
-9.707037057608950414e-01
-7.505724487863745242e-01
-6.798977608486959090e-01
9.639193882544269121e-01
-8.501686609895105218e-02
6.539688756998583985e-01
9.808692714082254405e-01
-8.279840796341306763e-01
8.803657400949013168e-01
2.985144387171146385e-01
6.710535520046427560e-02
-8.549271292339701844e-01
-4.141991862126555013e-01
-5.528742081513525752e-01
-7.059111937440235574e-01
-6.779182067699441872e-01
8.715819464797307514e-01
-8.172671173521398602e-01
-7.831242134568431323e-01
8.455083388809834233e-01
5.622033210002760351e-01
9.899390152032625512e-01
6.747465649250824482e-01
9.703181820993430629e-01
9.856878183208324096e-01
9.989565839509523260e-01
4.804641062592970857e-01
3.777816086216921332e-01
6.438948828178407968e-01
-9.369546265163949395e-01
7.168702793328425305e-01
-4.701514838106812810e-01
-1.153372554457988419e-01
4.315310357830628996e-01
8.630595978171733407e-01
1.652469023573910623e-01
3.803497218604606767e-01
2.054199696921801821e-01
8.046125518113269592e-01
9.998749861013973561e-01
9.374486770577593608e-01
3.910536620448875067e-01
-6.998382649679635303e-01
-4.578945899428386174e-02
-8.625275488711678928e-01
9.379160337306813311e-01
-9.558099649234823580e-01
9.704228768515282821e-01
1.485713447078068350e-01
6.311104311681027257e-01
9.850082417661278900e-01
-9.472314595648008151e-01
3.603312954470508922e-01
-9.979725362732444482e-01
-6.586771540079682241e-01
-9.878620723621008848e-01
2.167415725819830108e-01
8.621266200994509576e-01
8.331299417801713014e-02
7.913182730258382369e-01
-9.991157982810607852e-01
7.739128793026581743e-01
3.621998190797488804e-02
6.752839717844938416e-01
-3.102076380418151702e-01
9.499499234185223573e-01
2.329562500993286045e-01
4.735676427374278102e-02
2.321920352508357044e-01
3.458718459481126550e-01
-9.570675483522053106e-01
-9.824341600990228462e-01
-3.814282371573942121e-01
6.708981123597727025e-01
8.529225928788551903e-01
2.554524482166093957e-01
-4.217909443954048765e-01
-9.995798239565599763e-01
8.504573328853984870e-01
3.212473665049996319e-01
6.060344817486417179e-01
-9.180374401178142962e-01
3.770482129950811223e-01
-3.751304734861870549e-01
4.023274172276448124e-01
-7.108177750047787180e-01
6.856570517831309663e-01
-8.339374289672573104e-01
9.983801427156647756e-01
-9.988084247538311367e-01
-9.760033184074055068e-01
6.634066621377644468e-01
7.921390443118244695e-01
7.535117004870837132e-01
9.066791363958969230e-01
9.816786673754332448e-02
4.217144839185740790e-01
4.788039663752257646e-01
-7.261657192169378439e-01
5.559401845616203097e-01
6.934964706042947569e-01
-3.532323709071545359e-01
-7.156248580344509724e-01
5.269390368407840253e-01
-8.477197200970310043e-01
3.807396781397129337e-01
4.863154116929827575e-01
-7.806582917353895867e-01
-9.599643542252880302e-01
-7.082470642006835071e-01
-9.993467094353811753e-01
9.928859231771162142e-01
-9.749137598686162809e-01
-3.982070018857777893e-01
3.668648397054286026e-01
2.430315423009443143e-01
-2.196775327129264765e-01
1.256720452308585645e-01
-8.508186920125790920e-01
4.089930795595344004e-01
-5.995625107351265637e-01
9.851574213825068371e-01
-4.854963876051424793e-02
-6.518155173954957027e-01
-8.447519193859718278e-01
-9.090498207113321127e-01
-7.601149997155176585e-01
-1.463466191718840181e-01
-9.077626501210337429e-01
9.999979664784411915e-01
9.042745570492003448e-01
-9.707959414201011716e-01
-6.451279161837024656e-01
-4.567636717093056520e-01
-9.935572830884624729e-01
-9.710562105754453333e-01
7.356172120049736529e-01
9.833426541352429107e-01
9.949827987504733517e-01
5.215687393769621316e-01
9.987841664469256919e-01
6.366561231535222687e-01
-9.489564218616246549e-01
-5.853239133678194150e-01
-3.282523748701268729e-01
-9.390685333032600113e-01
9.887593993986629748e-01
9.990985393747527921e-01
-2.251015300138348163e-01
4.074063289228651435e-02
-2.048091469473203863e-02
-9.726393875339686135e-01
-9.962818309607389677e-01
-3.309933376733228960e-02
5.048185542198765363e-01
-9.118367821087086655e-01
-8.998662959192395006e-01
-6.943327764562805537e-01
9.487957886610153269e-01
9.748739948232324481e-01
-2.614397011042585151e-01
-9.636339147383587989e-01
9.665989721640655397e-01
5.461959949998195230e-01
3.346827542289027707e-02
8.882639419129200187e-01
9.901714619117598648e-01
-9.436380066492285890e-01
-9.980264516149151000e-01
-3.352521729606218470e-02
-8.523675459018108524e-01
9.999402618662107667e-01
-5.518633189980755027e-01
-4.289819041665819399e-01
7.644979961387120548e-01
9.964049173264533099e-01
-8.838610530116991493e-01
9.978071363180259779e-01
-2.108753284334316247e-01
-9.886882769772601387e-01
8.915734019324894621e-01
9.870152305182481323e-01
6.847509532432605184e-01
7.337695960471918299e-01
7.053859290348775124e-01
-6.561347214232078340e-01
-9.478796410233736314e-01
9.940654936318528145e-01
-8.933034047047440085e-01
4.943048245841276667e-01
7.750346818248902148e-01
9.372558226514812185e-01
-9.772882537326258445e-01
-8.558605587270794457e-01
-6.953283985222222796e-01
-9.495391261184699117e-01
-9.878848502919799213e-01
-8.803736805097648332e-01
-8.059443228978169227e-01
9.986883354056181883e-01
-5.541949683890956546e-01
-2.483481002166569584e-02
8.246074882016175556e-01
8.226233584213919758e-02
1.343688568782613058e-01
-8.911158566148462690e-01
-9.988890266784826721e-01
9.711175889610775824e-01
4.451429890147027939e-03
7.577841910136743353e-01
-9.987904283039229503e-01
-8.858994288234807168e-01
9.992694191344986265e-01
5.041640224894134575e-02
-9.681937976732466478e-01
-8.752576776196452357e-01
-9.356493617503442994e-01
-9.088599678530728809e-01
-3.668047832421975629e-01
-8.128282553119091647e-01
1.700332622012166658e-02
3.437311853957068786e-02
-7.296515278044618524e-01
9.966745524282345503e-01
-4.842033480216117458e-01
1.593276266391793206e-01
9.511028144273936391e-01
5.143659845526025176e-01
6.712938816173255052e-01
7.493875015547237783e-01
-7.010270845297442710e-01
-5.431770697353811572e-01
-9.977668509167114674e-01
8.645283038647800788e-01
-6.829542296277136826e-01
8.596404255406130401e-01
8.058403113208709168e-02
3.705392301353326867e-01
5.121848693110041539e-01
4.751285212189925167e-01
-2.718217859211463083e-01
1.854239941878969566e-01
-9.413271094839058550e-01
-5.413555007799021324e-01
3.205333933901580168e-01
-9.554699853563963785e-01
4.732701451744905641e-01
6.740289875700629096e-01
-9.690666212256868750e-01
5.881612650098910766e-01
-8.098511132252561584e-01
-7.295773570672381414e-01
-6.817325363939515936e-01
9.107814158854065090e-01
9.302862870154782193e-01
-2.499938862135382134e-01
-2.636458202989470090e-01
-9.636057760525421623e-01
-1.207227651883725217e-01
-9.400919697630042426e-01
-9.921424543869806767e-01
9.997747556686145121e-01
-4.349255164390039563e-01
-9.917636949911537991e-01
-7.143357931587535070e-01
-9.853530622320185728e-01
7.334966696220371896e-01
2.352198879901192530e-01
-5.660976288657274536e-01
1.863493869625210408e-01
-6.777905937908954015e-02
-6.833258256247263240e-01
-9.265837489027269058e-02
-8.994935281654593551e-01
1.630493987246627030e-01
9.550256750019731067e-01
9.674995750643107240e-01
3.682600906536988555e-03
7.955826456668916302e-01
4.159282818259954495e-01
-9.204841838404658194e-01
-1.087542547291265177e-01
1.632455724642034589e-01
-9.827373866880315667e-01
8.288204992204989408e-02
-9.967933032749125566e-01
4.390331003761775708e-02
-9.838784435325322875e-01
-7.682839762364536140e-01
-6.371830041310521109e-01
9.446162149924361984e-01
7.894626752970009820e-01
-9.111599166075643463e-01
1.131314120902551790e-01
-9.388980682329387539e-01
-9.948692603892591579e-01
-6.053103155121307699e-01
-8.639068620020007305e-01
7.691157614436813228e-01
2.320696516378219221e-01
8.857641947688061901e-01
-9.902781863692073916e-01
4.404641587661439761e-01
-5.820104148122379195e-01
-3.078624685496802460e-01
9.861975206286277551e-01
-9.411487178727495975e-03
6.682145129409980955e-01
7.993037258012606339e-01
-4.485740457959023764e-01
-9.883726244127543081e-01
7.301785917029703921e-01
-2.953044682500203799e-01
1.099605710822550569e-01
-9.978655135879772597e-01
9.259279657417356368e-01
6.848029749491334472e-01
4.333257886777699963e-01
8.688443268785701612e-01
8.961852639874442472e-01
-7.224944775886117387e-01
9.859252100507814864e-01
4.826875397203500007e-01
1.955435129761005364e-01
4.219193208791894301e-01
-5.826328818128272413e-01
-8.060659532540950245e-01
9.758261530667442507e-01
-8.426045555809673626e-01
-7.461998434897996191e-01
-8.476686600055390874e-01
2.652161720221080099e-01
9.580650933173570083e-01
-1.158260847952698042e-01
-8.055713524139174186e-01
7.744566895105055027e-01
8.553777732375024145e-01
9.919707225386495963e-01
2.543261739021576706e-01
-6.806856591241258747e-02
-2.502734943513453825e-01
-8.919997128411886189e-01
5.771355668811304351e-01
8.885739756934230016e-01
-1.428019364552331472e-01
9.206489683047600625e-01
9.022679323472821977e-01
-7.393474954564813739e-01
-9.364900409193840369e-01
1.534173842770656659e-01
-9.608937759191550354e-01
-7.762292966884768060e-03
-7.168082845171801498e-01
-7.729175740392391081e-01
1.358112244331170226e-01
-9.731529250594288249e-02
5.856772899990911885e-01
-4.551106573930592814e-01
9.215311497028745302e-01
8.826346479663511602e-01
-9.686240069160538813e-01
4.674175144494142065e-01
-4.566356744685715618e-01
9.602835914185936517e-01
-3.732378497402955575e-01
9.923637933290148094e-01
-1.256800955604188696e-01
-6.820931848784401730e-01
9.999825437919735993e-01
-8.274860654902167767e-02
-2.770529524948609490e-01
-9.815058786760442189e-01
7.305827601488841250e-01
-6.789295642593543567e-01
5.423439378271484035e-01
-7.658203272852520671e-01
3.697788770423662275e-01
-9.214503990383827725e-01
8.181375871004361588e-01
9.879037846465269501e-01
-4.804526382493468084e-01
-8.386238793971585448e-01
9.998903611429397209e-01
-5.574170567625774675e-01
1.696725933735296343e-01
6.009752724367487531e-01
-1.729229018945979413e-01
5.994646805563913494e-01
-1.614603356481363883e-01
7.473454495111039320e-01
2.938704340492384048e-01
-9.348980792278075436e-01
-6.763341200697456923e-01
-1.453007710468078029e-01
-2.916232800125246327e-01
7.722849170665957441e-01
3.405641841996217417e-02
7.856087605247773498e-01
-6.103351511327115286e-01
9.549469647744023293e-01
5.031401455311219628e-01
6.083026278724944502e-01
9.452041341880010883e-01
2.736345793859401021e-01
2.518176629633508967e-03
5.445106319758609148e-01
-3.474877406849753436e-01
-3.631583433654307913e-01
9.531032773139219705e-01
-9.994269834201889857e-01
7.086802220324199819e-01
3.643400395353981192e-01
-8.045109794206103393e-01
-3.773482117006712877e-01
-6.831448955756671548e-01
5.959440654857041109e-01
-1.724714664276046083e-01
2.291674147765443148e-01
9.399015620562897189e-01
-9.537178514435608045e-01
-2.097106934175979043e-01
9.730489077609092430e-01
-8.744399807415645376e-02
-1.284318247404373468e-02
-9.998084286439923307e-01
6.893866678136163495e-01
7.879336964809984245e-01
-7.444693391405481364e-01
7.130558376138630416e-01
5.339016075762159641e-01
-4.525803953523546697e-01
-1.878752979110521193e-01
-9.980190414626987083e-01
4.824878112718369860e-01
-8.952063986622450509e-01
3.491805173665068485e-01
-8.581644514309196836e-01
9.257531736137916134e-01
8.698081601146013808e-01
-4.399715193655459045e-01
-8.024186445697677472e-01
7.735044205297558761e-02
-3.730865681184209470e-01
1.972696637751808479e-01
7.934351177533962574e-01
3.784428204637094173e-01
-5.854442059544681110e-01
8.179476478591731770e-01
-8.602549407387770630e-01
-6.487175323338905120e-01
5.348847591075496233e-01
8.693272384804232589e-01
4.786244021318232233e-01
7.732426146922843913e-01
1.186705478399323055e-01
9.966777927658021508e-01
-2.733772450942397181e-01
8.825614838181576882e-01
8.039167915293742306e-01
-7.385250673996112125e-01
6.165902226543665821e-01
5.740706561989183943e-01
7.830052707201941298e-02
-4.329854269571742353e-01
-8.778167337805868886e-01
8.917481595213863077e-01
-9.689121492597123630e-01
5.714144129334515210e-01
3.154674698093786755e-01
1.773707246943188320e-01
4.632338890472910142e-01
-9.888881902888536635e-01
3.884016580440453198e-02
-5.404895050167182052e-02
-9.373832011863317826e-01
9.258804815622503348e-01
-8.793936529151035186e-01
2.821418967115717213e-02
8.903988319012867692e-01
-9.640328930205226410e-01
9.986683805895393284e-01
9.879544696206186138e-01
-1.622331411125134751e-02
-7.249319191354965941e-01
9.993754015221485432e-01
-8.643191880171063879e-01
-9.996634632023539968e-01
-9.965518670211802599e-01
-9.910499396336276412e-01
-7.668281072604183901e-01
9.751360089503500195e-01
-2.456218910701692404e-01
9.933099056286059936e-01
1.611969006351195513e-02
-9.947615039096440182e-01
8.690917307809254977e-01
-1.289040811733883629e-01
-5.351106413568499365e-01
-9.445539328872086804e-01
5.229174677237147240e-02
1.179656836432270567e-01
8.680367857525063124e-01
-5.850866509355349132e-01
-9.687601094243200039e-01
-9.598090277722859387e-01
-3.584835281974486088e-01
8.424917019488447067e-01
-8.762765402418937200e-01
3.830594488274018383e-01
7.199673277524496484e-01
-1.770996697003823783e-01
6.349002242098846782e-01
-5.709872405399697426e-01
-4.150150426931328851e-01
8.189270594858782948e-01
5.727493779782348859e-01
-9.510221262307516632e-01
4.138531587645784549e-01
-8.329994582235450418e-01
-9.297079338382454594e-01
9.652219316618767531e-01
-2.440154301859762398e-01
1.856448030828701801e-01
-2.254323079356318482e-01
-8.365058810091791086e-01
3.958770281891918486e-01
1.182588311631065509e-01
-5.332295604078699514e-01
-5.314272512512708824e-01
-9.978496254750967021e-01
2.120914492260041195e-01
2.578267311086091529e-01
4.181603594996605722e-01
-7.690650272066582582e-01
-8.529264073310909300e-01
4.390408983934431797e-01
-2.800503655713066364e-01
8.314911302231242640e-02
7.682980605959995879e-01
-1.997870689027004265e-01
5.811711262589310811e-01
6.143393818596187828e-01
5.967578252133773908e-01
8.987029858063910748e-01
2.191335098266971038e-01
-7.634940529984528546e-01
9.798957158805687850e-01
-9.355362453335886721e-04
3.151196068947491047e-01
3.806684746945629416e-01
-8.907691483833884982e-01
4.080115872306729341e-01
-9.748406903160690140e-01
-2.515106743669413003e-01
2.455262993803206117e-01
1.898604182948001873e-01
-9.947102243426583223e-01
9.821760449841282492e-01
-9.223545949321414472e-01
9.782408067891886772e-01
7.796049991502433940e-01
2.345379103918149855e-01
-5.206633157382916099e-01
-1.078393978304546252e-01
4.061220875930761642e-01
-4.945071676320313969e-01
5.811977050752450413e-01
-9.695450015230974161e-01
-7.824482792334910286e-01
-7.248534577250435040e-01
6.195560875548512536e-01
6.643040873016921033e-01
-1.561003806013955553e-01
9.461965174745180507e-01
9.997005907964056082e-01
1.324924625035639736e-01
8.779944188884165612e-01
4.367169368581480526e-01
-8.471332087083032203e-01
-9.765524062691305351e-01
9.993393150669948044e-01
3.525836745824004748e-01
-9.600472342752343069e-01
-3.564968960074310633e-02
7.063352888170855159e-01
-9.487502757112686869e-01
6.240771188471953002e-01
9.680251552600726006e-01
-4.845760646788818682e-01
4.810390343277388681e-01
7.178087754953470512e-01
-1.128962642055562904e-01
9.999690408827504040e-01
3.025887019663193178e-01
9.809767059989505933e-01
7.878927098315018362e-01
9.333816228998148556e-01
-9.392667317019152140e-01
3.256629714277482490e-01
7.280732812155091271e-02
9.971170553039575557e-01
-3.766364976939173131e-02
-9.043695962208012640e-01
-7.010043909480447866e-01
9.751088082330494622e-01
-8.455678367233417925e-01
-9.850814892192766292e-01
9.964704108674969918e-01
-3.053217230594561515e-01
-8.284245677116535145e-01
-4.781583435526105541e-01
-5.745302973696206905e-01
8.178750387119252396e-01
-9.850796939211704517e-01
-9.615420850064827496e-01
2.152236733251348400e-01
-7.825581043303446727e-01
7.587444997890199216e-01
7.890868922577549682e-01
7.019497726083007150e-01
9.122867473284327344e-01
-6.901938924518947749e-01
-9.984051633634857259e-01
8.873849809653092668e-01
9.642726379404515935e-01
-9.084124558624653289e-01
-9.677262594957075637e-01
-5.864954980918257732e-01
8.981776823499288964e-01
4.748429706928597449e-01
-6.758414129040541951e-01
7.969537639000376927e-01
-1.066971359928075153e-01
-5.386908446718426946e-01
7.901039615276485018e-01
2.582933593704900971e-02
1.548575342614023909e-01
-3.262979998227134026e-01
-9.930448109569426363e-01
-8.457923539004779112e-01
9.994752000364328648e-01
9.331005904515009552e-01
-1.371416806181690873e-01
9.769585091686060485e-01
-9.686752160649503285e-01
9.556322534479095854e-01
7.734760148947087410e-01
8.747408442960262764e-01
-5.677172467320280580e-01
-9.605584462015526181e-01
9.958742816120040864e-01
7.437798345587146587e-01
8.842859830288022152e-03
9.351165080077343816e-01
2.654331858275442713e-01
-9.999913435345822998e-01
3.746257077821298354e-01
-2.792004552134212947e-01
-4.788064165722549781e-01
-2.214132474757437019e-01
9.999413577443103662e-01
1.821892940371486469e-01
-5.713202016632386027e-01
-3.743088256682139958e-01
5.116463418382236616e-01
9.372615660324213893e-01
9.989907668264609297e-01
-8.918816509380027568e-01
-8.968548012942973990e-01
2.447512430560450647e-01
8.882469922750946267e-01
-9.874135000805795981e-01
-5.690267047259196520e-01
7.826757841883845712e-01
6.949109662640025054e-01
-9.880039751317352126e-01
3.064735588985573189e-01
-4.479793567481273886e-01
-3.482068003790846078e-02
4.907359851685247909e-01
5.512014347821317384e-02
-8.152544343918690650e-01
9.722927639280987133e-01
6.299757188525476614e-01
-6.151565745930247242e-02
-2.718283160107361485e-01
7.798021436180615495e-01
8.849967311090659594e-01
8.414197182384468565e-01
-7.053624719999137538e-01
-7.351699785834515666e-01
-8.330749971975162094e-01
-3.023590028771595550e-01
9.752091758341572270e-01
2.207094273758927472e-01
9.843789657295123341e-01
-9.287018324019640225e-01
-6.374418618441463069e-01
-2.416209477838738851e-01
9.925401120786273568e-01
-9.782766540506995234e-01
9.965120552045670932e-01
-6.071524344439251930e-01
8.401824633641690188e-01
5.847138539205767316e-01
-9.973805973740279551e-01
-1.419268141700309183e-01
7.610748180459285805e-01
-2.943430218895412565e-01
9.153681938261319928e-01
-9.736644765801116819e-01
6.779180180971151604e-01
-9.323492579499285116e-01
8.380488189766051310e-02
8.554190473454083010e-01
4.310169758900984915e-02
-4.990664449010261405e-01
9.493198193943455099e-01
-9.366989432037183816e-01
-9.955097670371627627e-01
9.430185037826224193e-01
-7.589914476822173794e-01
-5.887324417822099587e-01
9.854107258172777328e-01
9.732888128497106939e-01
9.422442908757355795e-01
-4.143572143780883676e-01
7.728878561873884223e-01
9.171575750298230911e-01
4.940898819834951827e-01
6.967247496909392268e-01
5.850347294138229515e-01
-9.998551236106053564e-01
-5.545625636917629331e-01
-6.241518551644023582e-02
-5.636793122031391601e-02
-5.078598449351441335e-01
7.405481315437889567e-01
8.937501654972160869e-01
-1.073491860004231607e-01
-8.782455811130632783e-01
4.660645566579061927e-01
-6.203604512557363559e-01
-6.401102056819170383e-02
-1.206838199391593175e-01
4.662658902326249355e-01
7.012634631872679547e-01
-8.048664116325119355e-01
-9.248044547177268759e-01
8.834430555055441392e-01
-4.246446056972024707e-01
9.025340142957027911e-01
-8.776853941072703114e-01
8.028205004195294592e-01
-6.796311340143313950e-01
-9.799582183468739105e-01
5.009477068664136556e-01
-2.041537101856623904e-01
-2.447817492447239562e-01
1.010914630902392530e-01
-7.365972046582121013e-01
9.829957808743395864e-01
4.825164273726106345e-01
-9.204673272467971401e-01
-9.912201936095420551e-01
9.348885827801114434e-01
-7.453116527718789408e-01
-9.910430566763758220e-01
-3.276708608066347672e-02
-7.258743043054388666e-01
-3.589006699927904664e-02
-8.449864204195722817e-02
7.314435691731951961e-01
-7.537876073373902530e-01
3.732501243972188298e-01
7.074367226959074606e-02
-1.653003642845153262e-02
-9.780728859106299078e-01
-2.762222175293785886e-01
9.006366983309284091e-01
-6.167359872988123493e-02
-7.654244800804935744e-01
-9.972509147301293897e-01
-9.992072375295613096e-01
-3.907008867248836781e-01
-4.646499603001151835e-01
5.955977322315735289e-01
5.854070866671328144e-01
7.767567294603459072e-01
-9.438007395947574096e-01
-8.258708788680467761e-01
-9.184408125473353390e-01
9.929853945325646247e-01
9.173559965856498133e-01
5.855166944826319941e-01
5.146695934116002347e-01
-6.787253421819191557e-01
9.940758364062780572e-01
-8.754841490385461000e-01
-1.969424126523086349e-01
-5.681817904768788896e-01
9.958282068415741373e-01
-9.862348470801353129e-01
7.804945551135985538e-01
-9.348857487908218689e-01
3.090579634725061919e-01
7.397487372381870152e-01
9.995237848832893013e-01
8.992300622607646288e-01
-7.055657709813654144e-01
-9.997080641647441146e-01
2.342057048965358879e-01
9.519699998119449669e-01
7.139432346539764662e-01
7.829787081800583248e-01
-8.068602934525261894e-01
-5.328004887013856328e-01
5.371628858938668483e-01
-7.302120058167077543e-01
-5.083163299414429348e-01
-6.671789513804131655e-01
-8.997541621596278905e-01
-4.191420172938202793e-01
-4.405698195137211504e-01
9.196683958046831808e-01
-9.681322826997883491e-01
3.952989655783260559e-01
-2.990322675983919654e-01
-9.341803444569007908e-01
-1.666367071221376839e-01
9.550385193679231666e-01
-9.737991350766039833e-01
3.024338249312869542e-01
7.994952868222626741e-01
9.990726182986596760e-01
9.533246496100230560e-01
6.558245274506405709e-01
7.784330810428912173e-01
9.630183894713469916e-01
1.922292368040718069e-01
-1.891046267811859471e-01
6.841065476696606140e-01
8.934789242898487638e-01
-8.896476787852669599e-01
-7.325414261405769345e-01
9.793057967934852837e-01
-5.819140439601241249e-02
-6.652694910950410767e-01
7.011736807583514031e-01
-6.138675900235246452e-01
4.364928027633983576e-01
-2.525061431111050303e-01
9.198901811949165008e-01
3.861769197326982983e-01
9.506692594531306328e-01
-9.793800082532528872e-01
3.142415606173040166e-01
-3.611585296558510183e-02
9.272396674650676962e-01
8.794025208452311837e-01
8.153611849901161446e-02
9.862668375196392834e-01
-1.065873401580171367e-02
-6.749048168307992812e-01
-9.927061636572978021e-01
7.071991956036757232e-01
-7.018514099733533795e-01
8.317142635421548302e-01
6.509705156761058653e-01
9.738377178030310777e-01
-5.053936197531699870e-01
-8.845366340885069123e-01
-9.094411324694943177e-01
-4.244158661396579268e-01
-2.441706835766169481e-01
2.997000475906575478e-01
9.297338241386493563e-01
8.485623424192427489e-02
8.579680441153582082e-01
-4.596972814973005472e-01
-8.897199749042932204e-01
-8.330642695621151006e-01
-5.179861351435182115e-01
7.913738968811418265e-03
9.442662272335287099e-01
2.072881565540318077e-02
-7.153098557714399064e-01
-4.321217409543876009e-01
8.064524157849933816e-01
2.473434352147021176e-01
-9.992708309654083632e-01
-9.907759516209778683e-01
9.665719609779092059e-01
8.503882900775593390e-01
-9.307591644443424794e-01
-9.286678447858519592e-01
3.492535992995891014e-01
3.749012183381315033e-01
9.999979272940033859e-01
3.454688683479658073e-01
-9.673358005712913155e-01
2.183759178494706632e-01
4.050156428093488747e-01
-7.992175654838233889e-01
9.906755642975181297e-01
6.581555983353232220e-01
-9.630377052813096084e-01
-2.944041321587170454e-02
9.999443992986487562e-01
-6.870315364820402948e-01
5.799401961194874389e-01
3.458265845254225868e-01
-2.621920642033177540e-01
4.839215905237583826e-01
-5.216195154128996370e-01
-5.137400985609603676e-01
-3.066728278366570581e-02
7.132726554627144555e-01
7.837271550021225330e-01
-5.962876153481118102e-01
7.887270203298377691e-01
5.285509095468762242e-01
6.875953380192928455e-01
9.971310369142570851e-01
9.701324611719084126e-03
-9.018089915704147197e-01
5.411637456502370602e-01
5.817051441268130674e-01
8.744967200763832382e-01
7.314326604459924219e-01
-4.804467132943395641e-02
-9.999970008101350949e-01
-3.413538082553532194e-01
4.744191570325447249e-01
9.998615743516674481e-01
5.364058340895761640e-02
9.992721863929815429e-01
7.373419135359667864e-01
-9.497376991721325767e-01
9.761701000047270371e-01
6.554285122148056919e-01
7.691768152949017556e-02
-5.737332277177269457e-01
1.143988295580980891e-01
2.823000983931243588e-02
-4.659104670488562472e-01
-9.756062954720415847e-01
-8.321266881958497841e-01
6.079895080286352727e-01
9.670623211861569812e-01
-6.400689984523401099e-01
1.549764564328862670e-01
-5.639803348414308415e-01
-9.980901105226629433e-01
-9.768642741910369409e-01
-9.814266667745406014e-01
9.586575775103760577e-01
2.462921472418004021e-01
9.989402487762207850e-01
-9.116874197197032403e-01
9.624605159663834897e-01
-6.682565269045465106e-01
9.920259186329870582e-01
2.363921560870272942e-01
-9.899846940730050449e-01
-9.373934308256907100e-01
9.690049087082484025e-01
-8.720402019320799836e-01
-6.487712058697566730e-01
-8.817655407975371062e-01
-9.710828806575337868e-01
9.690873249270548495e-02
-9.900744374108090273e-01
-4.224746238276285148e-01
8.702390396232521086e-01
-2.975919779778590790e-01
-8.519913075107926614e-01
-9.994363843279484572e-01
6.484704382007551171e-01
-5.998032371190946677e-01
8.775461944304900896e-01
5.442000907931578979e-01
-3.711891394639199593e-01
4.865126179792770844e-01
5.611859436442122595e-01
9.746806734182196230e-01
9.360609485511963701e-01
9.632823520264427453e-01
-7.654143741315776461e-01
-5.600059174742021417e-01
9.721522758891345539e-01
9.981637263394858017e-01
-7.959150562760679559e-01
8.446359115185801958e-01
9.583192334646254418e-01
-7.138348958219088436e-01
7.975202725850052410e-01
-1.199637707748269222e-01
-1.661562976554908644e-01
-9.990127991734607527e-01
4.999124728203232504e-01
9.195521583431145451e-01
9.444398664607078775e-01
8.787572472533525803e-01
-1.412839075850942372e-01
3.225152809398803555e-01
-8.155127960238853779e-01
-3.697708255375216635e-01
-8.815539859281271706e-01
7.554751263309579246e-01
5.598961019970156300e-02
-7.222059976985417684e-01
2.428598695420906561e-01
9.227018654222731708e-01
8.083936099624023930e-01
9.958883617727021242e-01
-5.577938540460521955e-01
-1.786878989112699045e-01
-6.788807590127408087e-01
-3.348597563721473214e-01
-9.212030026324263821e-01
-9.892849904673174377e-01
-8.280591019432774758e-01
3.781499826097810962e-02
8.517681861010056865e-01
-7.518795669508034907e-01
-2.729399735819235118e-01
-8.439270652893089419e-01
7.416939889967197885e-01
1.003018585984498945e-01
-9.984467270215308110e-01
3.683810467439100345e-01
9.991626711242269643e-01
-7.068676232227294465e-01
-6.358021970630093334e-01
9.415345495789495534e-01
-9.909369910759249223e-01
-9.295791904195871425e-01
9.950323143462775910e-01
-9.804645758751119322e-01
-1.298915656972868815e-01
9.596030062656084603e-01
-5.093958396156290647e-01
-9.889167887457435135e-01
-9.794900798928873886e-01
1.547217189934167736e-01
9.979726279426514024e-01
-8.113638093372760318e-01
-9.898281908728812084e-01
-8.435610228351573259e-01
-4.877911723345624284e-01
9.977242393408466414e-01
6.461094941278539006e-01
-9.029016927789982327e-01
-6.675276466705759582e-01
-8.823670760143713654e-01
-2.625816414861174564e-01
-3.261954633876332776e-01
-9.940522226931939320e-01
7.195599464440818327e-01
8.314439426264751409e-01
6.417326573582622373e-01
6.870292300995785029e-01
8.759506445239921835e-01
7.405074428081135363e-01
-3.219502216186629906e-01
-9.212596165423035943e-01
-9.647153531901108137e-01
4.258649504615995007e-01
9.999792968145136962e-01
-4.325539847166083307e-01
-2.321055044241975285e-01
9.104313625825403156e-01
-7.282435660779997821e-01
9.921830119272008197e-01
7.874484697869608141e-01
-5.904607627618608801e-01
1.773314095475547400e-02
-4.407617516417365877e-01
-3.327074022963416033e-01
-4.269208683888001815e-02
9.997044511531606448e-01
-9.564203707630316575e-01
3.159095270858002791e-01
-8.947318898421907640e-01
8.578732520724845489e-01
6.418475030480319532e-01
-9.071305696712032018e-01
-7.118419735475026711e-01
7.731806095763208431e-01
-4.952760633347786379e-01
-3.739660795346076982e-01
1.315836731421492767e-01
5.272133395978370052e-01
-4.558840831580071029e-01
9.382535118038504152e-01
9.992269334999873687e-01
-3.601291949224857958e-01
9.352570421840429304e-01
-8.243151646876578642e-01
-9.983024133403864964e-01
7.413233024179173292e-01
-2.119171630999498457e-01
9.496768000031015067e-01
-9.242845078153081317e-01
2.822529522146990377e-01
6.017626459655692761e-01
-4.825577172663887415e-01
7.270593261862869083e-02
-4.591025836120506964e-01
-7.916585172376641166e-01
-9.697621172104634590e-01
7.028079236351145731e-01
-9.897089909685375941e-01
2.783173036292662661e-01
-5.095447252546915218e-01
9.111531719808160235e-01
-9.150039290376349443e-01
6.567302530425314089e-01
-9.876811261922097129e-01
-9.615103794265211778e-01
-8.252706247832962694e-01
9.048614916479317261e-01
